id,sha256,filename,image_url,file_size_bytes,image_width,image_height,latitude,longitude,captured_at,compliance_score,verdict,passed_checks,failed_checks,issues,recommendation,depth_cm,depth_pass,ruler_visible,bedding_visible,duct_bundle_visible,unobstructed,status,ai_override,reviewed_at,created_at,analyzed_at,cluster_id,fcp_id,trench_id,project_id,waypoint_index,original_filename
005b8ded-ff23-4e65-900c-1782463fb547,651661153eb4f881a59cb486a7b4d34d5c9e843dee27d6dad05aac7bc7e461dd,651661153eb4f881a59cb486a7b4d34d5c9e843dee27d6dad05aac7bc7e461dd.jpeg,https://vcvxfhzpakyfzfhmkfpv.supabase.co/storage/v1/object/public/photos/651661153eb4f881a59cb486a7b4d34d5c9e843dee27d6dad05aac7bc7e461dd.jpeg,303735,899,1599,46.5534713041816,14.2917463928461,2024-09-25 11:28:48+00,95,compliant,"[""DEPTH_OK"",""RULER_OK"",""DUCT_OK"",""UNOBSTRUCTED_OK"",""LENGTH_OK""]",,"[""gps_from_overlay"",""address:7 Dahlienweg, Maria Rain, Klagenfurt-Land, Kärnten, Austria"",""overlay:25.09.2024 11:28:48.3 | 46.55348713N 14.29169908E +379m | 7 Dahlienweg | Maria Rain | Klagenfurt-Land | Kärnten"",""unknown_trench:SDIRouteSection_121772750337_1729575143"",""original_gps:46.553487,14.291699"",""snapped:4.0m""]",Continue providing clear documentation with depth references.,70,true,true,false,true,true,compliant,,,2026-05-16 23:03:32.916262+00,2026-05-16 23:03:32.73+00,,5453a8ca-d0ed-4292-a8b3-2ac3e87f7749,,850747f2-be54-4acf-902c-d095d5a7c525,0,1_WhatsApp Image 2024-09-25 at 20_46_23 (1).jpeg
007006d4-afb7-4bdd-89c6-2273fee22794,d5aef94aaff2d903e781f52fe7bfa53e17375cfc88337eaf9cddc0089cdac917,19e57386c1cc0054def8ad1a3846fd3995623a46b969aec1c98f479c2e57d3cd.jpeg,https://vcvxfhzpakyfzfhmkfpv.supabase.co/storage/v1/object/public/photos/19e57386c1cc0054def8ad1a3846fd3995623a46b969aec1c98f479c2e57d3cd.jpeg,650355,1536,2048,46.5614413511748,14.2874533751388,2024-09-05 14:16:49+00,100,compliant,"[""DEPTH_OK"",""RULER_OK"",""BEDDING_OK"",""DUCT_OK"",""PIPE_ENDS_OK"",""UNOBSTRUCTED_OK"",""LENGTH_OK""]","[""WARNING_TAPE_MISSING""]","[""far_from_waypoint:2m"",""gps_from_overlay"",""address:2 Toppelsdorferstraße, Maria Rain, Klagenfurt-Land, Kärnten"",""overlay:5 сент. 2024 г. 14:16:49 | 46.5614464N 14.28742592E ±4,74m | 2 Toppelsdorferstraße | Maria Rain | Klagenfurt-Land | Kärnten"",""unknown_trench:SDIRouteSection_78533220865_0"",""original_gps:46.561446,14.287426"",""snapped:2.2m"",""WARNING_TAPE_MISSING""]",Continue to document the trench with clear depth measurements and visible ducts.,68,true,true,true,true,true,flagged,,,2026-05-16 20:49:12.308189+00,2026-05-16 20:49:12.259+00,,3ae34aad-bd16-4191-9793-310202def4f0,,850747f2-be54-4acf-902c-d095d5a7c525,2,1_WhatsApp Image 2024-09-05 at 17_27_41.jpeg
015c8260-a17d-49ce-9205-5a29eceacbae,51ac6696e1e0e27d8a8995d229e6202068f7640ca61555d8fc83ac3caa76da8d,0a299ff08599acdf0b0b7cb2801d2f75628900b6b810821a9f2198e300a602cd.jpeg,https://vcvxfhzpakyfzfhmkfpv.supabase.co/storage/v1/object/public/photos/0a299ff08599acdf0b0b7cb2801d2f75628900b6b810821a9f2198e300a602cd.jpeg,304128,960,1280,46.5589829,14.2790746,2024-09-04 12:46:29+00,,,,,"[""off_site"",""off_site:402m"",""gps_from_address"",""address:Ehrensdorf, Klagenfurt-Land, Kärnten, Austria"",""overlay:4 сент. 2024 г. 12:46:29 | Ehrensdorf | Klagenfurt-Land | Kärnten""]",,,,,,,,flagged,,,2026-05-16 20:47:01.731319+00,,,,,850747f2-be54-4acf-902c-d095d5a7c525,,1_WhatsApp Image 2024-09-04 at 18_10_42 (1).jpeg
01f86cf6-f346-439a-927e-2b2b8be4269e,58f1e445ceb589c643af4e62dc4ee96af1b1bccd09e8c86e035eb5ecb20b3eed,8aa590c27eddcbb7477f0a9103a6fe6e16fc788eaf2360bedba71b754cb9336c.jpeg,https://vcvxfhzpakyfzfhmkfpv.supabase.co/storage/v1/object/public/photos/8aa590c27eddcbb7477f0a9103a6fe6e16fc788eaf2360bedba71b754cb9336c.jpeg,339290,1200,1600,46.5614000906549,14.2871611565351,2024-09-06 14:03:09+00,100,compliant,"[""DEPTH_OK"",""RULER_OK"",""BEDDING_OK"",""DUCT_OK"",""UNOBSTRUCTED_OK"",""LENGTH_OK""]","[""WARNING_TAPE_MISSING""]","[""far_from_waypoint:3m"",""gps_from_overlay"",""address:Toppelsdorferstraße 2, 9161 Maria Rain, Austria"",""overlay:06.09.2024 14:03:09 | 46.56141936N 14.28713971E | Toppelsdorferstraße 2, 9161 Maria Rain, Австрия"",""unknown_trench:SDIRouteSection_165801547521_1729505187"",""original_gps:46.561419,14.287140"",""snapped:2.7m"",""WARNING_TAPE_MISSING""]",Ensure warning tape is visible in the next photo.,85,true,true,true,true,true,flagged,,,2026-05-16 20:50:11.646626+00,2026-05-16 20:50:11.614+00,,3ae34aad-bd16-4191-9793-310202def4f0,,850747f2-be54-4acf-902c-d095d5a7c525,0,1_WhatsApp Image 2024-09-06 at 16_53_16.jpeg
043b1ebd-f9d3-42c3-a7ec-70d24294a40a,38cacff4ab37a97048da2af8e45fde6fab01b568b4d6095292a70271d57aff72,2d5c332b86abfedd00ad0abf09228017d944b72ec48fe2b5b266372f452d7262.jpeg,https://vcvxfhzpakyfzfhmkfpv.supabase.co/storage/v1/object/public/photos/2d5c332b86abfedd00ad0abf09228017d944b72ec48fe2b5b266372f452d7262.jpeg,682077,1080,1920,46.5572286395715,14.2955127172172,2024-05-09 11:32:00+00,,,,,"[""off_site"",""far_from_waypoint:5m"",""gps_from_overlay"",""address:Holunderweg, Maria Rain, 9161, Carinthia, Austria"",""overlay:Maria Rain, Carinthia, Austria | Holunderweg, Maria Rain, 9161, Carinthia, | Austria | Lat 46.557268, Long 14.295543 | 09/05/2024 11:32 AM GMT+02:00 | Note : Captured by GPS Map Camera"",""unknown_trench:SDIRouteSection_143698749697_1729582803"",""original_gps:46.557268,14.295543"",""snapped:5.0m""]",,,,,,,,flagged,,,2026-05-16 20:50:00.118913+00,,,,,850747f2-be54-4acf-902c-d095d5a7c525,0,1_WhatsApp Image 2024-09-05 at 20_18_12.jpeg
045dd31a-dbe8-49b9-8e81-1e5db598e4ed,e1e4d2c2de7d35a5e996ca6c6314e0944a3150c8398ea5b9752caf72cf572599,cd0ed1bce6cf8d9393a77fb7846b7a7f0ac02d6bde0586979f0e4d49727dbaaf.jpeg,https://vcvxfhzpakyfzfhmkfpv.supabase.co/storage/v1/object/public/photos/cd0ed1bce6cf8d9393a77fb7846b7a7f0ac02d6bde0586979f0e4d49727dbaaf.jpeg,553781,1536,2048,46.5663016297167,14.287139422856,2024-08-28 12:48:57+00,60,needs_review,"[""BEDDING_OK"",""DUCT_OK"",""PIPE_ENDS_OK"",""UNOBSTRUCTED_OK"",""LENGTH_OK""]","[""SIDE_VIEW_MISSING"",""DEPTH_UNREADABLE"",""WARNING_TAPE_MISSING""]","[""far_from_waypoint:4m"",""gps_from_address"",""address:13 Elsterweg, Maria Rain, Klagenfurt-Land, Kärnten, Austria"",""overlay:28 авг. 2024 г. 12:48:57 | 13 Elsterweg | Maria Rain | Klagenfurt-Land | Kärnten"",""unknown_trench:SDIRouteSection_134047194113_1729238852"",""original_gps:46.566323,14.287090"",""snapped:4.5m"",""SIDE_VIEW_MISSING"",""DEPTH_UNREADABLE"",""WARNING_TAPE_MISSING""]",Provide a side view of the trench with a depth measurement ruler.,,false,false,true,true,true,flagged,,,2026-05-16 20:31:48.97464+00,2026-05-16 20:31:48.915+00,,6687f8b7-b408-46a7-98a3-64bf8edc4386,,850747f2-be54-4acf-902c-d095d5a7c525,6,1_WhatsApp Image 2024-08-28 at 18_11_21 (1).jpeg
05597a26-aaa0-4ef1-b0a3-4c1afcfdfd18,d81a55ab1f3a317058a24d30150f3b924ff96e3dc7e7b73eea1a4cbe7faa07e9,f8b2ec66f1c294bbdac8150157cc958d5d75faf71fbb88225403097854151d47.jpg,https://vcvxfhzpakyfzfhmkfpv.supabase.co/storage/v1/object/public/photos/f8b2ec66f1c294bbdac8150157cc958d5d75faf71fbb88225403097854151d47.jpg,480049,1080,1920,46.5646835183088,14.292372437194,2024-08-12 15:28:55+00,60,needs_review,"[""DUCT_OK"",""UNOBSTRUCTED_OK"",""LENGTH_OK""]","[""RULER_MISSING"",""WARNING_TAPE_MISSING"",""BEDDING_MISSING""]","[""far_from_waypoint:1m"",""gps_from_overlay"",""address:34 Toppelsdorferstraße, Maria Rain, Klagenfurt-Land, Kärnten, Austria"",""overlay:12.08.2024 15:28:55.7 | 46.56467199N 14.29236404E ±3,79m | 34 Toppelsdorferstraße | Maria Rain | Klagenfurt-Land | Kärnten"",""unknown_trench:SDIRouteSection_106710522625_1703071110"",""original_gps:46.564672,14.292364"",""snapped:1.4m"",""RULER_MISSING"",""WARNING_TAPE_MISSING"",""BEDDING_MISSING""]",Include a depth reference and warning tape in the next photo.,,false,false,false,true,true,flagged,,,2026-05-16 20:17:33.590206+00,2026-05-16 20:17:33.571+00,,4d8d5e0f-9b48-4182-9958-7550ad167946,,850747f2-be54-4acf-902c-d095d5a7c525,0,1_IMG-20240812-WA0033.jpg
05d3b226-5aa6-4866-ae9b-36de25642e16,65c1cc3bc17460fc9af93e526aa0864ec42dac94ad3a5591a5e1d77ade6b630a,618d35bd4f97c07678ee56952cc75597532e2f48a57671c917c6a17583d7cdf8.jpeg,https://vcvxfhzpakyfzfhmkfpv.supabase.co/storage/v1/object/public/photos/618d35bd4f97c07678ee56952cc75597532e2f48a57671c917c6a17583d7cdf8.jpeg,682866,1536,2048,46.5627697560809,14.2897176370025,2024-08-29 14:23:52+00,60,needs_review,"[""DUCT_OK"",""UNOBSTRUCTED_OK"",""LENGTH_OK""]","[""DEPTH_UNREADABLE"",""WARNING_TAPE_MISSING"",""BEDDING_MISSING""]","[""far_from_waypoint:2m"",""gps_from_overlay"",""address:J. Lutschounigstraße 2, 9161 Maria Rain, Austria"",""overlay:29.08.2024 14:23.52 | 46.56277332N 14.28969731E | J. Lutschounigstraße 2, 9161 Maria Rain, Австрия"",""unknown_trench:SDIRouteSection_128499131393_1729492272"",""original_gps:46.562773,14.289697"",""snapped:1.6m"",""DEPTH_UNREADABLE"",""WARNING_TAPE_MISSING"",""BEDDING_MISSING""]",Include a depth reference and ensure warning tape/bedding are visible in the next photo.,,false,false,false,true,true,flagged,,,2026-05-16 20:32:32.826088+00,2026-05-16 20:32:32.787+00,,3ae34aad-bd16-4191-9793-310202def4f0,,850747f2-be54-4acf-902c-d095d5a7c525,0,1_WhatsApp Image 2024-08-29 at 18_22_25.jpeg
061113af-f6e1-4d21-9d50-daa47b2132fa,fa854b83a37738d46a085d70db04b7b1e2b7bc594cdb425415ba8b166a7e5595,8e6f64fbd46d89e59364fa5b16fd6e4160bc108787e04a9b0136913581309166.jpeg,https://vcvxfhzpakyfzfhmkfpv.supabase.co/storage/v1/object/public/photos/8e6f64fbd46d89e59364fa5b16fd6e4160bc108787e04a9b0136913581309166.jpeg,343217,1080,1440,46.5580660347482,14.2898664755728,2024-09-04 18:25:43+00,100,compliant,"[""DEPTH_OK"",""RULER_OK"",""DUCT_OK"",""UNOBSTRUCTED_OK"",""LENGTH_OK""]","[""WARNING_TAPE_MISSING"",""BEDDING_MISSING""]","[""far_from_waypoint:3m"",""gps_from_overlay"",""address:9 Schulweg, Maria Rain, Klagenfurt-Land 9161, Austria"",""overlay:04.09.2024 18:25:43 | 46°33'29,09118\""N 14°17'23,37486\""E | 9 Schulweg | Maria Rain, Klagenfurt-Land 9161 | Австрия"",""unknown_trench:SDIRouteSection_107208238849_1708076607"",""original_gps:46.558081,14.289826"",""snapped:3.5m"",""WARNING_TAPE_MISSING"",""BEDDING_MISSING""]",Ensure warning tape is visible and bedding material is used if required by specifications.,65,true,true,false,true,true,flagged,,,2026-05-16 22:19:24.850415+00,2026-05-16 22:19:24.698+00,,b45e1be7-dd78-4e30-be7c-de24fae75117,,850747f2-be54-4acf-902c-d095d5a7c525,1,1_WhatsApp Image 2024-09-04 at 22_33_36 (4).jpeg
06415e4a-0779-4040-8aa6-21ddaa96d277,4779e7bbc1bd8fda5e6f6ea4b8b1fc42374e7e9b74c490d004ee275f8db02949,8e72184d1c46a8e2a4ef518cc7d014a0399bc179bc880e2db2dd08b9a1deb89c.jpeg,https://vcvxfhzpakyfzfhmkfpv.supabase.co/storage/v1/object/public/photos/8e72184d1c46a8e2a4ef518cc7d014a0399bc179bc880e2db2dd08b9a1deb89c.jpeg,315617,960,1280,46.5570735973035,14.2911066859228,2024-09-03 13:51:43+00,20,non_compliant,"[""DEPTH_OK"",""RULER_OK"",""UNOBSTRUCTED_OK"",""LENGTH_OK""]","[""NO_CABLES_VISIBLE""]","[""far_from_waypoint:1m"",""gps_from_address"",""address:5 Birkenweg, Maria Rain, Klagenfurt-Land, Kärnten"",""overlay:3 сент. 2024 г. 13:51:43 | 5 Birkenweg | Maria Rain | Klagenfurt-Land | Kärnten"",""unknown_trench:SDIRouteSection_108783610369_1702994229"",""original_gps:46.557076,14.291089"",""snapped:1.4m"",""NO_CABLES_VISIBLE""]",Photo shows trench but no cables; reshoot to show cables/ducts inside the trench.,60,true,true,false,false,true,flagged,,,2026-05-16 22:18:32.486094+00,2026-05-16 22:18:32.358+00,,d51622c0-9035-40dd-a54b-1d9e263f9ca3,,850747f2-be54-4acf-902c-d095d5a7c525,5,1_WhatsApp Image 2024-09-03 at 19_12_45 (2).jpeg
06d19264-6399-4824-b204-6abfff0aac9f,dae6256bcfaf78e3f7c160f36bca8fbb188890e49e8ba1cc60118a8759fe1be8,8bec76d7195a4f0a520f6819c33cde0557ec7d7888e06bf3cc11508d953a4696.jpeg,https://vcvxfhzpakyfzfhmkfpv.supabase.co/storage/v1/object/public/photos/8bec76d7195a4f0a520f6819c33cde0557ec7d7888e06bf3cc11508d953a4696.jpeg,585976,1536,2048,46.5561164751134,14.292554911226,2024-09-11 13:27:52+00,95,compliant,"[""DEPTH_OK"",""RULER_OK"",""DUCT_OK"",""UNOBSTRUCTED_OK"",""LENGTH_OK""]","[""WARNING_TAPE_MISSING"",""BEDDING_MISSING""]","[""far_from_waypoint:4m"",""gps_from_overlay"",""address:Kirschnerstraße 14, 9161 Maria Rain, Austria"",""overlay:11.09.2024 13:27:52 | 46.55611596N 14.29260814E | Kirschnerstraße 14, 9161 Maria Rain, Австрия"",""unknown_trench:SDIRouteSection_128501166081_1729577882"",""original_gps:46.556116,14.292608"",""snapped:4.1m"",""WARNING_TAPE_MISSING"",""BEDDING_MISSING""]",Ensure warning tape and bedding material are visible in the next photo.,60,true,true,false,true,true,flagged,,,2026-05-16 22:21:32.095571+00,2026-05-16 22:21:31.97+00,,d51622c0-9035-40dd-a54b-1d9e263f9ca3,,850747f2-be54-4acf-902c-d095d5a7c525,0,1_WhatsApp Image 2024-09-11 at 18_44_14.jpeg
087687c3-35ad-418e-b1a4-3f8624d9d30e,daab9745b6d166dc24475f4b8c75b156a24a59a827fe2fab17b332619eddec38,541ff9b642eabe1a12de42cde0d506b2c7a50ab1dbf833bed70dc77f95587271.jpeg,https://vcvxfhzpakyfzfhmkfpv.supabase.co/storage/v1/object/public/photos/541ff9b642eabe1a12de42cde0d506b2c7a50ab1dbf833bed70dc77f95587271.jpeg,461862,1080,1440,46.6367224222222,14.2916759111111,2024-09-25 13:33:22+00,,,,,"[""off_site"",""off_site:7838m"",""gps_from_overlay"",""address:7 Dahlienweg, Maria Rain, Klagenfurt-Land 9161, Austria"",""overlay:25.09.2024 13:33:22 | 46°38'12,20072\""N 14°17'30,03328\""E | 7 Dahlienweg | Maria Rain, Klagenfurt-Land 9161 | Австрия""]",,,,,,,,flagged,,,2026-05-16 22:34:54.031716+00,,,,,850747f2-be54-4acf-902c-d095d5a7c525,,1_WhatsApp Image 2024-09-25 at 20_58_22 (3).jpeg
08d7865a-0306-418b-ad1c-573015e66c0d,bb5408fda8553ac3c88a481e38ea9f69baedd465e83b5f869c1726a1b6e6b79a,817414db076d5feb04a0ab405f3cbaea0fdfb6813f5f31a3b46fd20b27ba34d8.jpeg,https://vcvxfhzpakyfzfhmkfpv.supabase.co/storage/v1/object/public/photos/817414db076d5feb04a0ab405f3cbaea0fdfb6813f5f31a3b46fd20b27ba34d8.jpeg,387051,1200,1600,46.5556153711784,14.2928211204708,2024-09-16 13:20:28+00,65,needs_review,"[""UNOBSTRUCTED_OK"",""LENGTH_OK""]","[""RULER_MISSING"",""DEPTH_UNREADABLE"",""BEDDING_MISSING""]","[""far_from_waypoint:1m"",""gps_from_overlay"",""address:Kirschnerstraße 18, 9161 Maria Rain, Austria"",""overlay:16.09.2024 13:20:28 | 46.55562187N 14.29280512E | Kirschnerstraße 18, 9161 Maria Rain, Австрия"",""unknown_trench:SDIRouteSection_129814224385_1729578542"",""original_gps:46.555622,14.292805"",""snapped:1.4m"",""RULER_MISSING"",""DEPTH_UNREADABLE"",""BEDDING_MISSING""]",Include a depth measurement ruler in the next photo.,,false,false,false,false,true,flagged,,,2026-05-16 22:24:41.345522+00,2026-05-16 22:24:41.222+00,,d51622c0-9035-40dd-a54b-1d9e263f9ca3,,850747f2-be54-4acf-902c-d095d5a7c525,1,1_WhatsApp Image 2024-09-16 at 17_04_03 (1).jpeg
0dbab2cf-f897-43ec-96aa-b9417e62d375,0007ef3bb5d5bc270872b662832cc93b1f735631c8aa530a22839b94e252c0b9,3ece041e1fb1d970a27f0c127418d5fe81d662b9a4e8a8f2aae5be9f6c3a3ce5.jpeg,https://vcvxfhzpakyfzfhmkfpv.supabase.co/storage/v1/object/public/photos/3ece041e1fb1d970a27f0c127418d5fe81d662b9a4e8a8f2aae5be9f6c3a3ce5.jpeg,337202,1080,1440,46.558146204198,14.2898058146238,2024-09-04 18:29:28+00,60,needs_review,"[""DUCT_OK"",""PIPE_ENDS_OK"",""UNOBSTRUCTED_OK"",""LENGTH_OK""]","[""RULER_MISSING"",""DEPTH_UNREADABLE"",""WARNING_TAPE_MISSING"",""BEDDING_MISSING""]","[""far_from_waypoint:5m"",""gps_from_overlay"",""address:2 Göltschacher Straße, Maria Rain, Klagenfurt-Land 9161, Austria"",""overlay:04.09.2024 18:29:28 | 46°33'29,46942\""N 14°17'23,36641\""E | 2 Göltschacher Straße | Maria Rain, Klagenfurt-Land 9161 | Австрия"",""unknown_trench:SDIRouteSection_157050207489_1729588296"",""original_gps:46.558186,14.289824"",""snapped:4.6m"",""RULER_MISSING"",""DEPTH_UNREADABLE"",""WARNING_TAPE_MISSING"",""BEDDING_MISSING""]",Include a depth reference and show all installed cables clearly in the next photo.,,false,false,false,true,true,flagged,,,2026-05-16 22:19:00.319828+00,2026-05-16 22:19:00.204+00,,b45e1be7-dd78-4e30-be7c-de24fae75117,,850747f2-be54-4acf-902c-d095d5a7c525,1,1_WhatsApp Image 2024-09-04 at 22_33_36 (1).jpeg
0e49d928-60df-45ba-87e0-20a16cd589e1,b52c0d8a7274caf29898562c139f3591456dcdb4e94a1ffeb650232292521a6f,30e3b93c000e32673a678ce755446f82716900980f6a1626354bdaefdec44b81.jpeg,https://vcvxfhzpakyfzfhmkfpv.supabase.co/storage/v1/object/public/photos/30e3b93c000e32673a678ce755446f82716900980f6a1626354bdaefdec44b81.jpeg,929092,1536,2048,46.5564368241576,14.2947927117348,2024-09-10 14:11:11+00,60,needs_review,"[""DUCT_OK"",""UNOBSTRUCTED_OK""]","[""DEPTH_UNREADABLE"",""RULER_MISSING"",""WARNING_TAPE_MISSING"",""BEDDING_MISSING""]","[""far_from_waypoint:2m"",""gps_from_address"",""address:9 Nelkenweg, Maria Rain, Klagenfurt-Land, Kärnten, Austria"",""overlay:10 сент. 2024 г. 14:11:11 | 9 Nelkenweg | Maria Rain | Klagenfurt-Land | Kärnten"",""unknown_trench:SDIRouteSection_106110109185_1702991043"",""original_gps:46.556446,14.294770"",""snapped:2.0m"",""DEPTH_UNREADABLE"",""RULER_MISSING"",""WARNING_TAPE_MISSING"",""BEDDING_MISSING""]",Include a depth reference and show warning tape in the next photo.,,false,false,false,true,true,flagged,,,2026-05-16 22:19:56.768898+00,2026-05-16 22:19:56.641+00,,d51622c0-9035-40dd-a54b-1d9e263f9ca3,,850747f2-be54-4acf-902c-d095d5a7c525,4,1_WhatsApp Image 2024-09-10 at 19_48_49 (1).jpeg
0f13f2c5-7c48-4e52-8421-51932726bf3b,d509b5bd71d36c465e8a794ec033b946bc6bd60755d42af1e61770ca1ab9c9ab,85e748688e0300bd2eda6a5dbc516de84d2fee1d92d4e761bd4b1f53a58b5ad5.jpg,https://vcvxfhzpakyfzfhmkfpv.supabase.co/storage/v1/object/public/photos/85e748688e0300bd2eda6a5dbc516de84d2fee1d92d4e761bd4b1f53a58b5ad5.jpg,936305,1536,2048,46.5708724,14.2900821,2024-08-14 12:43:02+00,,,,,"[""off_site"",""off_site:556m"",""gps_from_address"",""address:50 Angersbichl, Klagenfurt-Land, Kärnten, Austria"",""overlay:14 авг. 2024 г. 12:43:02 | 50 Angersbichl | Klagenfurt-Land | Kärnten""]",,,,,,,,flagged,,,2026-05-16 20:18:01.633607+00,,,,,850747f2-be54-4acf-902c-d095d5a7c525,,1_IMG-20240814-WA0046.jpg
1067572a-6f2d-474e-b435-0ae038994275,3a04c2daaa225a0cf791150a165de233b1e89d1f9b862d7dbb2b10002d1a3bf7,9208fb45f0b3ea589a32815bf89ad1d5b2fc732c5a060a143beabddb76af3dcc.jpeg,https://vcvxfhzpakyfzfhmkfpv.supabase.co/storage/v1/object/public/photos/9208fb45f0b3ea589a32815bf89ad1d5b2fc732c5a060a143beabddb76af3dcc.jpeg,347671,1200,1600,46.5557482846353,14.2927427496761,2024-09-13 14:21:43+00,60,needs_review,"[""DUCT_OK"",""PIPE_ENDS_OK"",""UNOBSTRUCTED_OK"",""LENGTH_OK""]","[""DEPTH_UNREADABLE"",""RULER_MISSING"",""WARNING_TAPE_MISSING"",""BEDDING_MISSING""]","[""far_from_waypoint:2m"",""gps_from_overlay"",""address:Kirschnerstraße 18, 9161 Maria Rain, Austria"",""overlay:13.09.2024 14:21:43 | 46.55575281N 14.29272114E | Kirschnerstraße 18, 9161 Maria Rain, Австрия"",""unknown_trench:SDIRouteSection_129074070529_1729578267"",""original_gps:46.555753,14.292721"",""snapped:1.7m"",""DEPTH_UNREADABLE"",""RULER_MISSING"",""WARNING_TAPE_MISSING"",""BEDDING_MISSING""]",Include a depth reference and warning tape in the next photo.,,false,false,false,true,true,flagged,,,2026-05-16 22:23:07.224057+00,2026-05-16 22:23:07.094+00,,d51622c0-9035-40dd-a54b-1d9e263f9ca3,,850747f2-be54-4acf-902c-d095d5a7c525,1,1_WhatsApp Image 2024-09-13 at 17_38_11 (1).jpeg
113e365f-157a-4ce4-955c-83e9475f5a63,c04d24f4f51f7ca0a757138d46d0efda71d80d7eef46ac4cce6ee52f5fd13d68,3f4eb3b0d1537c60fe9a529bce23265ee7052036d3c22f7e3de355afde2efd76.jpg,https://vcvxfhzpakyfzfhmkfpv.supabase.co/storage/v1/object/public/photos/3f4eb3b0d1537c60fe9a529bce23265ee7052036d3c22f7e3de355afde2efd76.jpg,494290,1080,1920,46.5655071053274,14.2907363381801,2024-08-09 15:23:56+00,20,non_compliant,"[""UNOBSTRUCTED_OK"",""LENGTH_OK""]","[""NO_CABLES_VISIBLE""]","[""far_from_waypoint:7m"",""gps_from_overlay"",""address:3 Drosselstraße, Maria Rain, Klagenfurt-Land, Kärnten"",""overlay:09.08.2024 15:23:56 6 | 46.5655717N 14.29073809E ±3,79m | 3 Drosselstraße | Maria Rain | Klagenfurt-Land | Kärnten"",""unknown_trench:SDIRouteSection_108181797889_1650888582"",""original_gps:46.565572,14.290738"",""snapped:7.2m"",""NO_CABLES_VISIBLE""]",Ensure actual cables or ducts are visible in the trench in the next photo.,,false,false,false,false,true,flagged,,,2026-05-16 20:17:20.376449+00,2026-05-16 20:17:20.348+00,,6687f8b7-b408-46a7-98a3-64bf8edc4386,,850747f2-be54-4acf-902c-d095d5a7c525,1,1_IMG-20240809-WA0038.jpg
126b2151-bb35-4ac1-a9ef-c8db8350ed26,1121e501151979b992c63b8494c70eb5bf61d9a2edb609da3973d8dbc111e4b6,cf7741b1fe107b35149bb01babe66dfce725ec020c8a2c3fc32bffc8bea8d97d.jpeg,https://vcvxfhzpakyfzfhmkfpv.supabase.co/storage/v1/object/public/photos/cf7741b1fe107b35149bb01babe66dfce725ec020c8a2c3fc32bffc8bea8d97d.jpeg,323355,1080,1440,46.5580660347482,14.2898664755728,2024-09-04 18:26:05+00,100,compliant,"[""DEPTH_OK"",""RULER_OK"",""DUCT_OK"",""UNOBSTRUCTED_OK"",""LENGTH_OK""]","[""WARNING_TAPE_MISSING"",""BEDDING_MISSING""]","[""far_from_waypoint:3m"",""gps_from_overlay"",""address:9 Schulweg, Maria Rain, Klagenfurt-Land 9161, Austria"",""overlay:04.09.2024 18:26:05 | 46°33'29,11487\""N 14°17'23,48138\""E | 9 Schulweg | Maria Rain, Klagenfurt-Land 9161 | Австрия"",""unknown_trench:SDIRouteSection_107208238849_1708076607"",""original_gps:46.558087,14.289856"",""snapped:2.5m"",""WARNING_TAPE_MISSING"",""BEDDING_MISSING""]",Ensure warning tape and sand bedding are visible in future documentation photos.,70,true,true,false,true,true,flagged,,,2026-05-16 20:48:26.787578+00,2026-05-16 20:48:26.756+00,,b45e1be7-dd78-4e30-be7c-de24fae75117,,850747f2-be54-4acf-902c-d095d5a7c525,1,1_WhatsApp Image 2024-09-04 at 22_33_36 (3).jpeg
15693d70-d78f-4e9e-8c7a-1f902bc3dde4,0a84f49a5a087e1dc81942e649bba57f2aed3338fe89bc4081e6b3ff7738277d,94cc866ff8bd4e07aff2ccfdd9349e7dd4f13542842f1dc0a2d6b236717a8811.jpeg,https://vcvxfhzpakyfzfhmkfpv.supabase.co/storage/v1/object/public/photos/94cc866ff8bd4e07aff2ccfdd9349e7dd4f13542842f1dc0a2d6b236717a8811.jpeg,363748,960,1280,46.5570735973035,14.2911066859228,2024-09-03 13:47:47+00,65,needs_review,"[""RULER_OK"",""DUCT_OK"",""UNOBSTRUCTED_OK"",""LENGTH_OK""]","[""WARNING_TAPE_MISSING"",""BEDDING_MISSING"",""DEPTH_UNREADABLE""]","[""far_from_waypoint:1m"",""gps_from_address"",""address:5 Birkenweg, Maria Rain, Klagenfurt-Land, Kärnten"",""overlay:3 сент. 2024 г. 13:47:47 | 5 Birkenweg | Maria Rain | Klagenfurt-Land | Kärnten"",""unknown_trench:SDIRouteSection_108783610369_1702994229"",""original_gps:46.557076,14.291089"",""snapped:1.4m"",""WARNING_TAPE_MISSING"",""BEDDING_MISSING"",""DEPTH_UNREADABLE""]",Ensure the depth ruler is clearly positioned and readable in the next photo.,,false,true,false,true,true,flagged,,,2026-05-16 20:44:34.050557+00,2026-05-16 20:44:33.906+00,,d51622c0-9035-40dd-a54b-1d9e263f9ca3,,850747f2-be54-4acf-902c-d095d5a7c525,5,1_WhatsApp Image 2024-09-03 at 19_12_45.jpeg
15d0dd85-4715-493f-b7f5-7461562d7aad,44eeb217165e3da7754e68f37965d81daae54e4dedad2c76f30c6aa28d9ef62a,fd0972d4751af1aba03f2a20b73f4a54726daf570aa14e6b6535f3a7d71cb59e.jpeg,https://vcvxfhzpakyfzfhmkfpv.supabase.co/storage/v1/object/public/photos/fd0972d4751af1aba03f2a20b73f4a54726daf570aa14e6b6535f3a7d71cb59e.jpeg,475825,1500,2000,46.5642357941624,14.2935018899315,2024-09-19 10:54:00+00,96,compliant,"[""DEPTH_OK"",""RULER_OK"",""UNOBSTRUCTED_OK"",""LENGTH_OK""]","[""WARNING_TAPE_MISSING"",""BEDDING_MISSING""]","[""far_from_waypoint:4m"",""gps_from_overlay"",""address:4 Josef-Petritsch-Straße, Maria Rain, Klagenfurt-Land, Kärnten, Austria"",""overlay:19.09.2024 10:54 | 46°33'51,348\""N 14°17'36,726\""E | 4 Josef-Petritsch-Straße | Maria Rain | Klagenfurt-Land | Kärnten"",""unknown_trench:SDIRouteSection_158087322113_1729501070"",""original_gps:46.564263,14.293535"",""snapped:4.0m"",""WARNING_TAPE_MISSING"",""BEDDING_MISSING""]",Ensure warning tape and bedding are clearly visible in the next photo.,65,true,true,false,false,true,flagged,,,2026-05-16 22:27:41.451837+00,2026-05-16 22:27:41.316+00,,4d8d5e0f-9b48-4182-9958-7550ad167946,,850747f2-be54-4acf-902c-d095d5a7c525,2,1_WhatsApp Image 2024-09-19 at 11_43_11.jpeg
160daf8c-dc06-4080-aec5-e37391ca3d61,0efc43b87fb09c04a87c33db931141ad6243ab93e936cf8757b47583730c69ca,0efc43b87fb09c04a87c33db931141ad6243ab93e936cf8757b47583730c69ca.jpeg,https://vcvxfhzpakyfzfhmkfpv.supabase.co/storage/v1/object/public/photos/0efc43b87fb09c04a87c33db931141ad6243ab93e936cf8757b47583730c69ca.jpeg,818830,1536,2048,46.5577337102961,14.2980351763057,2024-09-20 11:59:56+00,60,needs_review,"[""DUCT_OK"",""UNOBSTRUCTED_OK"",""LENGTH_OK""]","[""RULER_MISSING"",""DEPTH_UNREADABLE"",""WARNING_TAPE_MISSING"",""BEDDING_MISSING""]","[""gps_from_address"",""address:2 Rautenweg, Maria Rain, Klagenfurt-Land, Kärnten, Austria"",""overlay:20 сент. 2024 г. 11:59:56 | 2 Rautenweg | Maria Rain | Klagenfurt-Land | Kärnten"",""unknown_trench:SDIRouteSection_145805128449_1729583469"",""original_gps:46.557737,14.298026"",""snapped:0.8m"",""RULER_MISSING"",""DEPTH_UNREADABLE"",""WARNING_TAPE_MISSING"",""BEDDING_MISSING""]",Include a depth reference and show warning tape in the next photo.,,false,false,false,true,true,needs_review,,,2026-05-16 23:00:52.776891+00,2026-05-16 23:00:52.61+00,,38d66506-7083-4c41-adae-9c9a8be34abf,,850747f2-be54-4acf-902c-d095d5a7c525,3,1_WhatsApp Image 2024-09-20 at 19_36_22 (1).jpeg
163dca39-4fc1-41f7-81a9-7e6bdd976c14,284e03995160db75a982e6af7818b7c8010cabbcb5b459a89a284904e88f9130,4bf3b48f44b57e61f007380ba5fe82bbc2d524a9c37896fb26b5bea8c74fed94.jpeg,https://vcvxfhzpakyfzfhmkfpv.supabase.co/storage/v1/object/public/photos/4bf3b48f44b57e61f007380ba5fe82bbc2d524a9c37896fb26b5bea8c74fed94.jpeg,279593,1200,1600,46.5564543458932,14.2950488626957,2024-09-11 15:50:15+00,60,needs_review,"[""DUCT_OK"",""UNOBSTRUCTED_OK"",""LENGTH_OK""]","[""RULER_MISSING"",""WARNING_TAPE_MISSING"",""BEDDING_MISSING""]","[""far_from_waypoint:1m"",""gps_from_address"",""address:5 Nelkenweg, Maria Rain, Klagenfurt-Land, Kärnten"",""overlay:11 сент. 2024 г. 15:50:15 | 5 Nelkenweg | Maria Rain | Klagenfurt-Land | Kärnten"",""unknown_trench:SDIRouteSection_149700587009_1729585151"",""original_gps:46.556448,14.295040"",""snapped:1.0m"",""RULER_MISSING"",""WARNING_TAPE_MISSING"",""BEDDING_MISSING""]",Include a depth reference and warning tape in the next photo.,,false,false,false,true,true,flagged,,,2026-05-16 22:21:36.328507+00,2026-05-16 22:21:36.216+00,,d51622c0-9035-40dd-a54b-1d9e263f9ca3,,850747f2-be54-4acf-902c-d095d5a7c525,3,1_WhatsApp Image 2024-09-11 at 20_09_44 (2).jpeg
16a503f3-1b27-4bca-8dc2-a04e5ab868ca,c9abce3adc32e6c598a0402459a0b9e666e72f0a50dd764f3b92ca53b8c748af,7756ff4c124fd1f0a68194a0a5ceed965736e14d951f4a8e980e90e68eeafdaa.jpg,https://vcvxfhzpakyfzfhmkfpv.supabase.co/storage/v1/object/public/photos/7756ff4c124fd1f0a68194a0a5ceed965736e14d951f4a8e980e90e68eeafdaa.jpg,293436,720,1280,46.5615189309125,14.2885236394986,2024-09-10 09:49:35+00,65,needs_review,"[""RULER_OK"",""DUCT_OK"",""PIPE_ENDS_OK"",""UNOBSTRUCTED_OK""]","[""DEPTH_UNREADABLE"",""WARNING_TAPE_MISSING"",""BEDDING_MISSING""]","[""far_from_waypoint:3m"",""gps_from_address"",""address:Toppelsdorferstraße 8, 9161 Maria Rain, Austria"",""overlay:10.09.2024, 09:49:35 | Toppelsdorferstraße 8 | 9161 Мария Райн | Австрия"",""unknown_trench:SDIRouteSection_113169330177_1650890547"",""original_gps:46.561501,14.288558"",""snapped:3.3m"",""DEPTH_UNREADABLE"",""WARNING_TAPE_MISSING"",""BEDDING_MISSING""]",Reshoot with the depth ruler clearly positioned inside the trench to show the cable depth.,,false,true,false,true,true,flagged,,,2026-05-16 20:26:48.512864+00,2026-05-16 20:26:48.482+00,,3ae34aad-bd16-4191-9793-310202def4f0,,850747f2-be54-4acf-902c-d095d5a7c525,4,1_IMG-20240911-WA0095.jpg
16f1d110-1be5-429a-9757-4313895182a2,918638f3c84123f2147436277c8bfa58893c2d21ce28f3608f1dbdb7e3cff623,647ee7021e082304fe16779d6bd964c7e912943bdb5f9a069176d03a295f0082.jpeg,https://vcvxfhzpakyfzfhmkfpv.supabase.co/storage/v1/object/public/photos/647ee7021e082304fe16779d6bd964c7e912943bdb5f9a069176d03a295f0082.jpeg,2426249,3840,5120,46.5633017412683,14.2927333619446,2024-08-26 10:06:56+00,,,,,"[""off_site"",""far_from_waypoint:3m"",""gps_from_overlay"",""address:3 Meisenweg, Maria Rain, Klagenfurt-Land, Kärnten, Austria"",""overlay:26.08.2024 10:06:56 | 46,5633N 14,2927E | 3 Meisenweg | Maria Rain | Klagenfurt-Land | Kärnten | Высота:625.1m | Скорость:0.0km/h"",""unknown_trench:SDIRouteSection_160626060801_1729502744"",""original_gps:46.563300,14.292700"",""snapped:2.6m""]",,,,,,,,flagged,,,2026-05-16 20:30:39.646249+00,,,,,850747f2-be54-4acf-902c-d095d5a7c525,0,1_WhatsApp Image 2024-08-26 at 18_42_27 (1).jpeg
17730893-dad5-4dd3-9110-9d8d0663d207,373c783866e4bb9246a7cfeafc5cc435cecee6345bc337c7ccac10fc2aaec6eb,506046c2d83a89cc4d17cb1a17bd5047510484bf631df7ffea17357c9f8c2400.jpeg,https://vcvxfhzpakyfzfhmkfpv.supabase.co/storage/v1/object/public/photos/506046c2d83a89cc4d17cb1a17bd5047510484bf631df7ffea17357c9f8c2400.jpeg,377438,1536,2048,46.6623623,14.6400991,2024-09-04 10:17:42+00,,,,,"[""off_site"",""off_site:28570m"",""gps_from_address"",""address:Wulfeniaweg 3"",""overlay:04.09.2024 10:17:42 | 3 Wulfeniaweg | Wulfeniaweg 3""]",,,,,,,,flagged,,,2026-05-16 20:44:46.508315+00,,,,,850747f2-be54-4acf-902c-d095d5a7c525,,1_WhatsApp Image 2024-09-04 at 10_18_01.jpeg
18950d6b-8af1-4aa5-ae08-2b151ffe917f,2868a612a1df21ea643a8b90e97d46c74f3648d99ca194391387270964c4878d,20a8401b7238d802adc8fb2b9a2cad2a3e25fcfa59d49fdca1643e5361f3e207.jpeg,https://vcvxfhzpakyfzfhmkfpv.supabase.co/storage/v1/object/public/photos/20a8401b7238d802adc8fb2b9a2cad2a3e25fcfa59d49fdca1643e5361f3e207.jpeg,385097,1200,1600,46.5556153711784,14.2928211204708,2024-09-16 10:43:53+00,60,needs_review,"[""DUCT_OK"",""UNOBSTRUCTED_OK"",""LENGTH_OK""]","[""RULER_MISSING"",""DEPTH_UNREADABLE"",""WARNING_TAPE_MISSING"",""BEDDING_MISSING""]","[""far_from_waypoint:3m"",""gps_from_overlay"",""address:Kirschnerstraße 18, 9161 Maria Rain, Austria"",""overlay:16.09.2024 10:43:53 | 46.55563678N 14.29285087E | Kirschnerstraße 18, 9161 Maria Rain, Австрия"",""unknown_trench:SDIRouteSection_129814224385_1729578542"",""original_gps:46.555637,14.292851"",""snapped:3.3m"",""RULER_MISSING"",""DEPTH_UNREADABLE"",""WARNING_TAPE_MISSING"",""BEDDING_MISSING""]",Include a depth measurement reference in the next photo and ensure warning tape/bedding are visible if present.,,false,false,false,true,true,flagged,,,2026-05-16 22:25:44.534432+00,2026-05-16 22:25:44.408+00,,d51622c0-9035-40dd-a54b-1d9e263f9ca3,,850747f2-be54-4acf-902c-d095d5a7c525,1,1_WhatsApp Image 2024-09-16 at 17_04_12 (1).jpeg
18c4bad7-bd57-4376-8ec2-2fa595ab2c2a,7f1eea14fc7f0505c7e08f20fa5f8fe9be58e0032058f9fdb1c09d248ab0ec4c,32e5061b82f8e4569553c12dbec9f4dadda71689ab80bd50f77e550118ccd5a7.jpeg,https://vcvxfhzpakyfzfhmkfpv.supabase.co/storage/v1/object/public/photos/32e5061b82f8e4569553c12dbec9f4dadda71689ab80bd50f77e550118ccd5a7.jpeg,345721,960,1280,46.5567556651058,14.291661736557,2024-09-04 12:00:58+00,65,needs_review,"[""RULER_OK"",""DUCT_OK"",""UNOBSTRUCTED_OK"",""LENGTH_OK""]","[""DEPTH_UNREADABLE"",""WARNING_TAPE_MISSING"",""BEDDING_MISSING""]","[""far_from_waypoint:2m"",""gps_from_address"",""address:9 Birkenweg, Maria Rain, Klagenfurt-Land, Kärnten"",""overlay:4 сент. 2024 г. 12:00:58 | 9 Birkenweg | Maria Rain | Klagenfurt-Land | Kärnten"",""unknown_trench:SDIRouteSection_109479107585_1702994431"",""original_gps:46.556763,14.291690"",""snapped:2.3m"",""DEPTH_UNREADABLE"",""WARNING_TAPE_MISSING"",""BEDDING_MISSING""]",Provide a clear depth measurement with a readable ruler and ensure warning tape and bedding are visible.,,false,true,false,true,true,flagged,,,2026-05-16 20:47:18.061432+00,2026-05-16 20:47:18.043+00,,d51622c0-9035-40dd-a54b-1d9e263f9ca3,,850747f2-be54-4acf-902c-d095d5a7c525,2,1_WhatsApp Image 2024-09-04 at 18_10_42 (2).jpeg
1a16bb7d-f20c-44c4-a8d6-2c7d80662f5f,3846f88630705c65d44b0e6fc7410e89b438d83881f7642904aec00586c6fa17,bf45413ab935b310bb5a117f08e7c59d1ff6eeab50237254c59d2ecf3c09adda.jpg,https://vcvxfhzpakyfzfhmkfpv.supabase.co/storage/v1/object/public/photos/bf45413ab935b310bb5a117f08e7c59d1ff6eeab50237254c59d2ecf3c09adda.jpg,642075,1536,2048,46.5633731445526,14.2877827584947,2024-08-22 12:05:52+00,60,needs_review,"[""BEDDING_OK"",""DUCT_OK"",""PIPE_ENDS_OK"",""UNOBSTRUCTED_OK"",""LENGTH_OK""]","[""WARNING_TAPE_MISSING"",""SIDE_VIEW_MISSING"",""DEPTH_UNREADABLE""]","[""far_from_waypoint:4m"",""gps_from_address"",""address:7 Dohlenweg, Maria Rain, Klagenfurt-Land, Kärnten"",""overlay:22 авг. 2024 г. 12:05:52 | 7 Dohlenweg | Maria Rain | Klagenfurt-Land | Kärnten"",""unknown_trench:SDIRouteSection_57283164417_1703139463"",""original_gps:46.563383,14.287730"",""snapped:4.2m"",""WARNING_TAPE_MISSING"",""SIDE_VIEW_MISSING"",""DEPTH_UNREADABLE""]",Reshoot from a side angle with a depth ruler visible for better documentation.,,false,false,true,true,true,flagged,,,2026-05-16 20:18:32.298832+00,2026-05-16 20:18:32.281+00,,6687f8b7-b408-46a7-98a3-64bf8edc4386,,850747f2-be54-4acf-902c-d095d5a7c525,2,1_IMG-20240822-WA0010.jpg
1b0e2864-081e-4e73-8b25-d3ac2d7d938c,6ca45b407cc4c345a07ddd2672accc50826ac68f089a9e35c915edd993d2103d,96a576db3708c7a6191eaeb645ac1873e42441a99a6e3785cededf7c5388ff3d.jpeg,https://vcvxfhzpakyfzfhmkfpv.supabase.co/storage/v1/object/public/photos/96a576db3708c7a6191eaeb645ac1873e42441a99a6e3785cededf7c5388ff3d.jpeg,364821,1200,1600,46.5550516093107,14.2931184265763,2024-09-17 13:41:36+00,65,needs_review,"[""DUCT_OK"",""UNOBSTRUCTED_OK"",""LENGTH_OK""]","[""DEPTH_UNREADABLE"",""RULER_MISSING""]","[""far_from_waypoint:3m"",""gps_from_overlay"",""address:Kirschnerstraße 24, 9161 Maria Rain, Austria"",""overlay:17.09.2024 13:41:36 | 46.55504178N 14.29315726E | Kirschnerstraße 24, 9161 Maria Rain, Австрия"",""unknown_trench:SDIRouteSection_123065922817_1729575713"",""original_gps:46.555042,14.293157"",""snapped:3.2m"",""DEPTH_UNREADABLE"",""RULER_MISSING""]",Include a depth reference in the next photo for accurate measurement.,,false,false,false,true,true,flagged,,,2026-05-16 22:26:04.689029+00,2026-05-16 22:26:04.555+00,,5453a8ca-d0ed-4292-a8b3-2ac3e87f7749,,850747f2-be54-4acf-902c-d095d5a7c525,0,1_WhatsApp Image 2024-09-17 at 17_13_42 (2).jpeg
1c87628f-fc6a-44a1-a4af-040b68f18c79,68ec97fa52d78744bdaac7e7b0b2327b4b6f0b43f96eee05a572397a7509213f,39c20b92bc36a9184abee777edaa149e57e3a4487a3d2eb9fd1c1a287197adc9.jpg,https://vcvxfhzpakyfzfhmkfpv.supabase.co/storage/v1/object/public/photos/39c20b92bc36a9184abee777edaa149e57e3a4487a3d2eb9fd1c1a287197adc9.jpg,399012,1200,1600,46.5648418751488,14.2890219768169,2024-08-13 12:58:18+00,20,non_compliant,"[""RULER_OK"",""UNOBSTRUCTED_OK"",""LENGTH_OK""]","[""NO_CABLES_VISIBLE""]","[""far_from_waypoint:8m"",""gps_from_address"",""address:4 Fasanstraße, Maria Rain, Klagenfurt-Land, Kärnten"",""overlay:13 авг 2024 г. 12:58:18 | 4 Fasanstraße | Maria Rain | Klagenfurt-Land | Kärnten"",""unknown_trench:SDIRouteSection_150691288321_1729244624"",""original_gps:46.564779,14.289063"",""snapped:7.7m"",""NO_CABLES_VISIBLE""]",Ensure actual cables or ducts are visible in the trench for documentation.,55,false,true,false,false,true,flagged,,,2026-05-16 20:17:47.277164+00,2026-05-16 20:17:47.228+00,,6687f8b7-b408-46a7-98a3-64bf8edc4386,,850747f2-be54-4acf-902c-d095d5a7c525,3,1_IMG-20240813-WA0031.jpg
1dd051ca-88c8-4758-bd08-12ea1cd51ac1,e8e2db232827b4e1e3dc92e9219a8ed0d4e4ddd60dd965ed48a9b3a836b0c576,2360fbd94198c956168703b1d135ae7da541abb8a01c36a3277b5fcbb0f24729.jpeg,https://vcvxfhzpakyfzfhmkfpv.supabase.co/storage/v1/object/public/photos/2360fbd94198c956168703b1d135ae7da541abb8a01c36a3277b5fcbb0f24729.jpeg,585647,1500,2000,46.5639260435239,14.2938935849816,2024-09-19 08:39:00+00,100,compliant,"[""DEPTH_OK"",""RULER_OK"",""DUCT_OK"",""UNOBSTRUCTED_OK"",""LENGTH_OK""]","[""TRENCH_UNSHORED""]","[""far_from_waypoint:1m"",""gps_from_overlay"",""address:7 Josef-Petritsch-Straße, Maria Rain, Klagenfurt-Land, Kärnten"",""overlay:19.09.2024 08:39 | 46°33'50,118\""N 14°17'38,028\""E | 7 Josef-Petritsch-Straße | Maria Rain | Klagenfurt-Land | Kärnten"",""unknown_trench:SDIRouteSection_74681606913_1734419908"",""original_gps:46.563922,14.293897"",""snapped:0.5m"",""TRENCH_UNSHORED""]",Continue documenting with clear depth references and visible cables/ducts.,115,true,true,false,true,true,flagged,,,2026-05-16 22:28:31.937358+00,2026-05-16 22:28:31.812+00,,4d8d5e0f-9b48-4182-9958-7550ad167946,,850747f2-be54-4acf-902c-d095d5a7c525,0,1_WhatsApp Image 2024-09-19 at 11_43_14 (2).jpeg
1e1200b1-116d-4ec8-aea8-67dcee7a9950,dea181c92051685c157407fdbe86f2ea2c12c0ab04b14a875375b57b0c28f364,dea181c92051685c157407fdbe86f2ea2c12c0ab04b14a875375b57b0c28f364.jpeg,https://vcvxfhzpakyfzfhmkfpv.supabase.co/storage/v1/object/public/photos/dea181c92051685c157407fdbe86f2ea2c12c0ab04b14a875375b57b0c28f364.jpeg,395091,1440,1080,46.5536697022379,14.2917965166271,2024-09-25 11:22:30+00,90,compliant,"[""DEPTH_OK"",""RULER_OK"",""BEDDING_OK"",""DUCT_OK"",""UNOBSTRUCTED_OK"",""LENGTH_OK""]","[""WARNING_TAPE_MISSING""]","[""gps_from_overlay"",""address:9 Dahlienweg, Maria Rain, Klagenfurt-Land 9161, Austria"",""overlay:25.09.2024 11:22:30 | 46°33'13,12661\""N 14°17'30,51524\""E | 9 Dahlienweg | Maria Rain, Klagenfurt-Land 9161 | Австрия"",""unknown_trench:SDIRouteSection_122215076353_1729575313"",""original_gps:46.553646,14.291810"",""snapped:2.8m"",""WARNING_TAPE_MISSING""]",Ensure warning tape is visible in future documentation photos.,65,true,true,true,true,true,compliant,,,2026-05-16 23:04:16.149969+00,2026-05-16 23:04:15.984+00,,5453a8ca-d0ed-4292-a8b3-2ac3e87f7749,,850747f2-be54-4acf-902c-d095d5a7c525,1,1_WhatsApp Image 2024-09-25 at 20_58_21 (1).jpeg
1e8750fd-0ba8-4f6c-a215-aa8afc966e19,ede762acca49b2f917cfab00129fa1698c2754f4649695cb59cdf2f2b392c379,b7d355bd4be22aeb56799422cba9b67a7f344cb4fb32c891dcaf51fd56613e6e.jpeg,https://vcvxfhzpakyfzfhmkfpv.supabase.co/storage/v1/object/public/photos/b7d355bd4be22aeb56799422cba9b67a7f344cb4fb32c891dcaf51fd56613e6e.jpeg,712708,1536,2048,46.5638945780933,14.2887014150845,2024-08-26 15:16:37+00,100,compliant,"[""DEPTH_OK"",""RULER_OK"",""DUCT_OK"",""UNOBSTRUCTED_OK"",""LENGTH_OK""]","[""WARNING_TAPE_MISSING"",""BEDDING_MISSING""]","[""far_from_waypoint:5m"",""gps_from_address"",""address:5 Kleiberweg, Maria Rain, Klagenfurt-Land, Kärnten"",""overlay:26 авг. 2024 г. 15:16:37 | 5 Kleiberweg | Maria Rain | Klagenfurt-Land | Kärnten"",""unknown_trench:SDIRouteSection_56886474241_0"",""original_gps:46.563858,14.288662"",""snapped:5.0m"",""WARNING_TAPE_MISSING"",""BEDDING_MISSING""]",Ensure warning tape and bedding are present in the next photo.,70,true,true,false,true,true,flagged,,,2026-05-16 20:30:00.13852+00,2026-05-16 20:30:00.102+00,,6687f8b7-b408-46a7-98a3-64bf8edc4386,,850747f2-be54-4acf-902c-d095d5a7c525,2,1_WhatsApp Image 2024-08-26 at 18_18_38 (1).jpeg
1f4dec60-52ac-45a8-a207-d369ab2fccd7,d3ebb31513b4976169f2c2bd214224cd225b6419eaa06f92a231f55e40b12b13,85c2ad8250e0320248a780995487e34d6c4a579c5bb1d86d9429c72d44f4a1f5.jpeg,https://vcvxfhzpakyfzfhmkfpv.supabase.co/storage/v1/object/public/photos/85c2ad8250e0320248a780995487e34d6c4a579c5bb1d86d9429c72d44f4a1f5.jpeg,616675,1536,2048,46.5546038118696,14.2926052026451,2024-09-18 13:27:15+00,65,needs_review,"[""RULER_OK"",""DUCT_OK"",""UNOBSTRUCTED_OK"",""LENGTH_OK""]","[""DEPTH_UNREADABLE"",""WARNING_TAPE_MISSING"",""BEDDING_MISSING""]","[""far_from_waypoint:1m"",""gps_from_overlay"",""overlay:18.09.2024 13:27:15 | 46.5546008N 14.29259869E"",""unknown_trench:SDIRouteSection_124737833985_1729576408"",""original_gps:46.554601,14.292599"",""snapped:0.6m"",""DEPTH_UNREADABLE"",""WARNING_TAPE_MISSING"",""BEDDING_MISSING""]",Ensure depth measurement is clearly readable in the next photo and add warning tape if required.,,false,true,false,true,true,flagged,,,2026-05-16 22:27:28.238544+00,2026-05-16 22:27:28.097+00,,5453a8ca-d0ed-4292-a8b3-2ac3e87f7749,,850747f2-be54-4acf-902c-d095d5a7c525,1,1_WhatsApp Image 2024-09-18 at 18_18_10.jpeg
1f913638-a36c-484a-b07f-1dc3ed54f7a5,6560e332c01588956094ea93044bfbfdc954c19882bbe43af70b29fc4b9e8145,a8226a7c628f8e432d4297e9a06b3ba19d9f171cced7645c8e0e9de4018ee1f2.jpeg,https://vcvxfhzpakyfzfhmkfpv.supabase.co/storage/v1/object/public/photos/a8226a7c628f8e432d4297e9a06b3ba19d9f171cced7645c8e0e9de4018ee1f2.jpeg,290645,1200,1600,53.6059386,9.9718301,2024-09-04 13:33:24+00,,,,,"[""off_site"",""off_site:840753m"",""gps_from_address"",""address:Holunderweg 1"",""overlay:04.09.2024 13:33:24 | 1 Holunderweg | Holunderweg 1""]",,,,,,,,flagged,,,2026-05-16 22:18:34.711503+00,,,,,850747f2-be54-4acf-902c-d095d5a7c525,,1_WhatsApp Image 2024-09-04 at 13_50_21 (1).jpeg
1fbe4d4b-7538-4fc3-86e1-04405239d5bd,233587952316eebf14ef79e5164a229302597e1317ccc595b9b4e785c9b3e400,233587952316eebf14ef79e5164a229302597e1317ccc595b9b4e785c9b3e400.jpeg,https://vcvxfhzpakyfzfhmkfpv.supabase.co/storage/v1/object/public/photos/233587952316eebf14ef79e5164a229302597e1317ccc595b9b4e785c9b3e400.jpeg,407100,1200,1600,46.5545794881031,14.2929770238698,2024-09-19 11:52:17+00,60,needs_review,"[""DUCT_OK"",""UNOBSTRUCTED_OK"",""LENGTH_OK""]","[""DEPTH_UNREADABLE"",""WARNING_TAPE_MISSING"",""BEDDING_MISSING""]","[""gps_from_overlay"",""address:Kirschnerstraße 13, 9161 Maria Rain, Austria"",""overlay:19.09.2024 11:52:17 | 46.55455681N 14.2929579E | Kirschnerstraße 13, 9161 Maria Rain, Австрия"",""unknown_trench:SDIRouteSection_124859511809_1729576474"",""original_gps:46.554557,14.292958"",""snapped:2.9m"",""DEPTH_UNREADABLE"",""WARNING_TAPE_MISSING"",""BEDDING_MISSING""]",Include a depth ruler in the trench to document depth.,,false,false,false,true,true,needs_review,,,2026-05-16 23:00:02.034779+00,2026-05-16 23:00:01.847+00,,5453a8ca-d0ed-4292-a8b3-2ac3e87f7749,,850747f2-be54-4acf-902c-d095d5a7c525,0,1_WhatsApp Image 2024-09-19 at 17_22_59.jpeg
21fee5d4-5bc2-49a8-aaac-6e5378be5c6c,dccb205fd84ae04a87a4258650431a85c0273b8b0dfee20dab718a8d8bff1d3b,dccb205fd84ae04a87a4258650431a85c0273b8b0dfee20dab718a8d8bff1d3b.jpeg,https://vcvxfhzpakyfzfhmkfpv.supabase.co/storage/v1/object/public/photos/dccb205fd84ae04a87a4258650431a85c0273b8b0dfee20dab718a8d8bff1d3b.jpeg,656128,1536,2048,46.5577337102961,14.2980351763057,2024-09-20 11:47:44+00,60,needs_review,"[""UNOBSTRUCTED_OK"",""LENGTH_OK""]","[""DEPTH_UNREADABLE"",""RULER_MISSING"",""WARNING_TAPE_MISSING"",""BEDDING_MISSING""]","[""gps_from_address"",""address:2 Rautenweg, Maria Rain, Klagenfurt-Land, Kärnten"",""overlay:20 сент. 2024 г. 11:47:44 | 2 Rautenweg | Maria Rain | Klagenfurt-Land | Kärnten"",""unknown_trench:SDIRouteSection_145805128449_1729583469"",""original_gps:46.557737,14.298026"",""snapped:0.8m"",""DEPTH_UNREADABLE"",""RULER_MISSING"",""WARNING_TAPE_MISSING"",""BEDDING_MISSING""]",Include a depth ruler for measurement and ensure proper bedding and warning tape are visible.,,false,false,false,false,true,needs_review,,,2026-05-16 23:01:29.123949+00,2026-05-16 23:01:28.908+00,,38d66506-7083-4c41-adae-9c9a8be34abf,,850747f2-be54-4acf-902c-d095d5a7c525,3,1_WhatsApp Image 2024-09-20 at 19_36_24 (2).jpeg
22593a05-bc59-463b-87c4-25b7de6f4cb3,2ad0f4566cb0aa7492e6be02f4f984416a0adc50cf4a290d3346cbbc2ad4b14e,2ad0f4566cb0aa7492e6be02f4f984416a0adc50cf4a290d3346cbbc2ad4b14e.jpeg,https://vcvxfhzpakyfzfhmkfpv.supabase.co/storage/v1/object/public/photos/2ad0f4566cb0aa7492e6be02f4f984416a0adc50cf4a290d3346cbbc2ad4b14e.jpeg,771831,1536,2048,46.5578362786915,14.2984323317668,2024-09-20 14:51:27+00,60,needs_review,"[""DUCT_OK"",""UNOBSTRUCTED_OK"",""LENGTH_OK""]","[""RULER_MISSING"",""DEPTH_UNREADABLE"",""BEDDING_MISSING"",""WARNING_TAPE_MISSING""]","[""gps_from_address"",""address:7 Rautenweg, Maria Rain, Klagenfurt-Land, Kärnten"",""overlay:20 сент. 2024 г. 14:51:27 | 7 Rautenweg | Maria Rain | Klagenfurt-Land | Kärnten"",""unknown_trench:SDIRouteSection_109706515713_1702994820"",""original_gps:46.557837,14.298433"",""snapped:0.1m"",""RULER_MISSING"",""DEPTH_UNREADABLE"",""BEDDING_MISSING"",""WARNING_TAPE_MISSING""]",Include a depth ruler in the next photo to show the trench depth.,,false,false,false,true,true,needs_review,,,2026-05-16 23:00:26.803535+00,2026-05-16 23:00:26.543+00,,38d66506-7083-4c41-adae-9c9a8be34abf,,850747f2-be54-4acf-902c-d095d5a7c525,4,1_WhatsApp Image 2024-09-20 at 19_36_12.jpeg
2344b5dd-0c7d-47a3-8386-e383aa7f5bd4,5446be58cc5961b73436967be0191d78c983abd944bee263993054702f8decb4,5446be58cc5961b73436967be0191d78c983abd944bee263993054702f8decb4.jpeg,https://vcvxfhzpakyfzfhmkfpv.supabase.co/storage/v1/object/public/photos/5446be58cc5961b73436967be0191d78c983abd944bee263993054702f8decb4.jpeg,587704,1536,2048,46.5577337102961,14.2980351763057,2024-09-20 11:48:01+00,60,needs_review,"[""DUCT_OK"",""UNOBSTRUCTED_OK""]","[""WARNING_TAPE_MISSING"",""BEDDING_MISSING"",""DEPTH_UNREADABLE""]","[""gps_from_address"",""address:2 Rautenweg, Maria Rain, Klagenfurt-Land, Kärnten, Austria"",""overlay:20 сент. 2024 г. 11:48:01 | 2 Rautenweg | Maria Rain | Klagenfurt-Land | Kärnten"",""unknown_trench:SDIRouteSection_145805128449_1729583469"",""original_gps:46.557737,14.298026"",""snapped:0.8m"",""WARNING_TAPE_MISSING"",""BEDDING_MISSING"",""DEPTH_UNREADABLE""]",Add a depth ruler to the trench and ensure warning tape and bedding are visible in the next photo.,,false,false,false,true,true,needs_review,,,2026-05-16 23:01:21.701886+00,2026-05-16 23:01:21.52+00,,38d66506-7083-4c41-adae-9c9a8be34abf,,850747f2-be54-4acf-902c-d095d5a7c525,3,1_WhatsApp Image 2024-09-20 at 19_36_24 (1).jpeg
298170fc-af99-4895-90e9-fa5d17a7251a,938543a5084f4434012ab57717221396280640bd662b4d4d894a9c6d8995d4a5,cdf2e41c4a964076752bead3984acf109ab0bf0eafc98bda465867a710fc6c91.jpeg,https://vcvxfhzpakyfzfhmkfpv.supabase.co/storage/v1/object/public/photos/cdf2e41c4a964076752bead3984acf109ab0bf0eafc98bda465867a710fc6c91.jpeg,519993,1536,2048,46.5546038118696,14.2926052026451,2024-09-18 13:29:05+00,60,needs_review,"[""DUCT_OK"",""UNOBSTRUCTED_OK"",""LENGTH_OK""]","[""WARNING_TAPE_MISSING"",""BEDDING_MISSING"",""DEPTH_UNREADABLE""]","[""far_from_waypoint:2m"",""gps_from_overlay"",""address:Dahlienweg 14, 9161 Maria Rain, Austria"",""overlay:18.09.2024 13:29:05 | 46.55459384N 14.29259033E | Dahlienweg 14, 9161 Maria Rain, Австрия"",""unknown_trench:SDIRouteSection_124737833985_1729576408"",""original_gps:46.554594,14.292590"",""snapped:1.6m"",""WARNING_TAPE_MISSING"",""BEDDING_MISSING"",""DEPTH_UNREADABLE""]",Include a depth measurement reference and warning tape in the next photo.,,false,false,false,true,true,flagged,,,2026-05-16 22:26:53.520327+00,2026-05-16 22:26:53.383+00,,5453a8ca-d0ed-4292-a8b3-2ac3e87f7749,,850747f2-be54-4acf-902c-d095d5a7c525,1,1_WhatsApp Image 2024-09-18 at 18_18_07.jpeg
2cee099d-589d-4c9e-894b-e49184a2bbbb,393acd84cb78b2f64dbb4ef201bffd933c0b8741bb96f5722d89988ca13a0162,ae9de9f524e4ff962439a1420c2a3f8ec8da5271d86fe1b9e16243a1e61a1814.jpeg,https://vcvxfhzpakyfzfhmkfpv.supabase.co/storage/v1/object/public/photos/ae9de9f524e4ff962439a1420c2a3f8ec8da5271d86fe1b9e16243a1e61a1814.jpeg,572642,1080,1920,46.5565467265385,14.2937351135387,2024-09-14 11:24:00+00,60,needs_review,"[""DUCT_OK"",""UNOBSTRUCTED_OK"",""LENGTH_OK""]","[""DEPTH_UNREADABLE"",""WARNING_TAPE_MISSING"",""BEDDING_MISSING""]","[""far_from_waypoint:2m"",""gps_from_overlay"",""address:Mohnweg, Maria Rain, 9161, Carinthia, Austria"",""overlay:Maria Rain, Carinthia, Austria | Mohnweg, Maria Rain, 9161, Carinthia, | Austria | Lat 46.556533, Long 14.293720 | 09/14/2024 11:24 AM GMT+02:00 | Note : Captured by GPS Map Camera"",""unknown_trench:SDIRouteSection_151360034561_1729585765"",""original_gps:46.556533,14.293720"",""snapped:1.9m"",""DEPTH_UNREADABLE"",""WARNING_TAPE_MISSING"",""BEDDING_MISSING""]",Add a depth reference ruler to the trench for the next photo.,,false,false,false,true,true,flagged,,,2026-05-16 22:23:35.879199+00,2026-05-16 22:23:35.757+00,,d51622c0-9035-40dd-a54b-1d9e263f9ca3,,850747f2-be54-4acf-902c-d095d5a7c525,1,1_WhatsApp Image 2024-09-14 at 14_10_31 (2).jpeg
2d72f4d1-3beb-43ab-9d10-c09b297e7ae8,43bcf98a798098599a75d9d8d485a7cf5788b6fe4b78f03cbbcf7361a77c81a4,5dad800c79d6110dbcacc2fc9a78462b9036765a88ae627114f229f19afdb9c2.jpeg,https://vcvxfhzpakyfzfhmkfpv.supabase.co/storage/v1/object/public/photos/5dad800c79d6110dbcacc2fc9a78462b9036765a88ae627114f229f19afdb9c2.jpeg,638317,1536,2048,46.5557551544643,14.2928882697578,2024-09-14 12:18:07+00,60,needs_review,"[""DUCT_OK"",""UNOBSTRUCTED_OK"",""LENGTH_OK""]","[""DEPTH_UNREADABLE"",""WARNING_TAPE_MISSING"",""BEDDING_MISSING""]","[""far_from_waypoint:3m"",""gps_from_overlay"",""address:Kirschnerstraße 18, 9161 Maria Rain, Austria"",""overlay:14.09.2024 12:18:07 | 46.55573307N 14.29286051E | Kirschnerstraße 18, 9161 Maria Rain, Австрия"",""unknown_trench:SDIRouteSection_128693134849_1729578040"",""original_gps:46.555733,14.292861"",""snapped:3.2m"",""DEPTH_UNREADABLE"",""WARNING_TAPE_MISSING"",""BEDDING_MISSING""]",Include a depth measurement ruler and ensure warning tape and bedding are visible in the next photo.,,false,false,false,true,true,flagged,,,2026-05-16 22:24:07.760428+00,2026-05-16 22:24:07.497+00,,d51622c0-9035-40dd-a54b-1d9e263f9ca3,,850747f2-be54-4acf-902c-d095d5a7c525,1,1_WhatsApp Image 2024-09-14 at 14_56_29 (2).jpeg
31104bfa-4912-4766-98ae-0904c9a77756,65bea1f897450cded38ae43d972072b19b6836d2049bd55c97032a7cbeaba4e9,f8735c177e322af62088eaa394c35d7970e149be9ade4931e0251d09cf4279e6.jpeg,https://vcvxfhzpakyfzfhmkfpv.supabase.co/storage/v1/object/public/photos/f8735c177e322af62088eaa394c35d7970e149be9ade4931e0251d09cf4279e6.jpeg,870763,1536,2048,46.5644860826306,14.2926214635124,2024-08-24 11:38:52+00,65,needs_review,"[""DUCT_OK"",""UNOBSTRUCTED_OK"",""LENGTH_OK""]","[""DEPTH_UNREADABLE"",""BEDDING_MISSING""]","[""far_from_waypoint:2m"",""gps_from_address"",""address:Toppelsdorferstraße 34, 9161 Maria Rain, Austria"",""overlay:24.08.24. 11:38:52 | Toppelsdorferstraße 34 | 9161 Maria Rain | Österreich"",""unknown_trench:SDIRouteSection_107340512257_0"",""original_gps:46.564467,14.292614"",""snapped:2.2m"",""DEPTH_UNREADABLE"",""BEDDING_MISSING""]",Include a depth measurement ruler in the next photo and ensure bedding is visible.,,false,false,false,true,true,flagged,,,2026-05-16 20:31:21.425053+00,2026-05-16 20:31:20.969+00,,4d8d5e0f-9b48-4182-9958-7550ad167946,,850747f2-be54-4acf-902c-d095d5a7c525,3,1_WhatsApp Image 2024-08-27 at 20_43_56.jpeg
312dbae4-7ecc-4276-a101-d5e894f2ee17,88f9206a71f404b74e7fb61198edf8089767e42784b2173214008ce9d76d259a,4cd8ea9e226a845030507b9bb514c6fab5b9ef4535ec298b7e2c369b02be717e.jpeg,https://vcvxfhzpakyfzfhmkfpv.supabase.co/storage/v1/object/public/photos/4cd8ea9e226a845030507b9bb514c6fab5b9ef4535ec298b7e2c369b02be717e.jpeg,290594,1200,1600,46.5618577863925,14.288592752618,2024-09-04 14:15:40+00,25,non_compliant,"[""UNOBSTRUCTED_OK"",""LENGTH_OK""]","[""NO_CABLES_VISIBLE""]","[""far_from_waypoint:8m"",""gps_from_overlay"",""address:Toppelsdorferstraße 10, 9161 Maria Rain, Austria"",""overlay:04.09.2024 14:15:40 | 46.56178781N 14.28857304E | Toppelsdorferstraße 10, 9161 Maria Rain, Австрия"",""unknown_trench:SDIRouteSection_78865403137_0"",""original_gps:46.561788,14.288573"",""snapped:7.9m"",""NO_CABLES_VISIBLE""]",Photo shows warning tape but no actual cables or ducts; reshoot when cables/ducts are visible.,,false,false,false,false,true,flagged,,,2026-05-16 20:45:14.154355+00,2026-05-16 20:45:14.141+00,,3ae34aad-bd16-4191-9793-310202def4f0,,850747f2-be54-4acf-902c-d095d5a7c525,1,1_WhatsApp Image 2024-09-04 at 17_09_29.jpeg
32ba45dc-aa4e-4dd5-9997-1d297120f13f,681cfd9b693d42abf23c4662c5ab1bbd4f6bba977a360d4adf0cc411ab98c323,d2dc4a6d826bb41cb4fb785388e8391d1262381813cb656822b8320d0cae1489.jpeg,https://vcvxfhzpakyfzfhmkfpv.supabase.co/storage/v1/object/public/photos/d2dc4a6d826bb41cb4fb785388e8391d1262381813cb656822b8320d0cae1489.jpeg,531102,1080,1920,46.5564953836201,14.2937381006777,2024-09-14 11:25:00+00,65,needs_review,"[""DUCT_OK"",""UNOBSTRUCTED_OK"",""LENGTH_OK""]","[""DEPTH_UNREADABLE"",""BEDDING_MISSING"",""RULER_NOT_AGAINST_WALL""]","[""far_from_waypoint:2m"",""gps_from_overlay"",""address:Holunderweg, Maria Rain, 9161, Carinthia, Austria"",""overlay:Maria Rain,Carinthia,Austria | Holunderweg, Maria Rain, 9161, Carinthia, Austria | Lat 46.556487, Long 14.293756 | 09/14/2024 11:25 AM GMT+02:00 | Note : Captured by GPS Map Camera"",""unknown_trench:SDIRouteSection_151708714497_1729585950"",""original_gps:46.556487,14.293756"",""snapped:1.7m"",""DEPTH_UNREADABLE"",""BEDDING_MISSING"",""RULER_NOT_AGAINST_WALL""]",Place a depth reference against the trench wall and ensure bedding is visible.,,false,false,false,true,true,flagged,,,2026-05-16 22:23:13.28051+00,2026-05-16 22:23:13.162+00,,d51622c0-9035-40dd-a54b-1d9e263f9ca3,,850747f2-be54-4acf-902c-d095d5a7c525,0,1_WhatsApp Image 2024-09-14 at 14_10_31 (3).jpeg
345f2f12-b93f-4953-b024-ba7443ba5bdf,132b4d7c423ee27a3e525ef2cd364cdff47ad79f51399d1af4c76b02aae194cc,78402723d1fabd9bfe985b6725867937fb8ac8743e94f71777bffec398ee43a8.jpeg,https://vcvxfhzpakyfzfhmkfpv.supabase.co/storage/v1/object/public/photos/78402723d1fabd9bfe985b6725867937fb8ac8743e94f71777bffec398ee43a8.jpeg,333385,1200,1600,46.6333333,14.2,2024-09-04 10:14:42+00,,,,,"[""off_site"",""off_site:9994m"",""gps_from_address"",""address:Klagenfurt-Land, Kärnten"",""overlay:4 сент. 2024 г. 10:14:42 | Klagenfurt-Land | Kärnten""]",,,,,,,,flagged,,,2026-05-16 20:46:24.569145+00,,,,,850747f2-be54-4acf-902c-d095d5a7c525,,1_WhatsApp Image 2024-09-04 at 17_11_24 (3).jpeg
36122e67-9147-45db-9817-ff864e8b90be,0a07c187b806fd61b53c32af4de5ad167624f0d54bb10c40973f21af39c608d1,a3e9355bf5465065d1221c261e95a71545087d64af6c3feffdf38b6368b20ba9.jpeg,https://vcvxfhzpakyfzfhmkfpv.supabase.co/storage/v1/object/public/photos/a3e9355bf5465065d1221c261e95a71545087d64af6c3feffdf38b6368b20ba9.jpeg,688260,1536,2048,46.5610879006516,14.2869386630502,2024-08-28 13:15:38+00,20,non_compliant,"[""RULER_OK"",""UNOBSTRUCTED_OK"",""LENGTH_OK""]","[""NO_CABLES_VISIBLE"",""WARNING_TAPE_MISSING"",""BEDDING_MISSING"",""DEPTH_TOO_SHALLOW""]","[""far_from_waypoint:1m"",""gps_from_address"",""address:4 Bahnhofstraße, Maria Rain, Klagenfurt-Land, Kärnten, Austria"",""overlay:28 авг. 2024 г. 13:15:38 | 4 Bahnhofstraße | Maria Rain | Klagenfurt-Land | Kärnten"",""unknown_trench:SDIRouteSection_91531337985_0"",""original_gps:46.561076,14.286946"",""snapped:1.4m"",""NO_CABLES_VISIBLE"",""WARNING_TAPE_MISSING"",""BEDDING_MISSING"",""DEPTH_TOO_SHALLOW""]","Reshoot to clearly show cables, ducts, or pipes inside the trench.",50,false,true,false,false,true,flagged,,,2026-05-16 20:31:37.114113+00,2026-05-16 20:31:37.072+00,,b45e1be7-dd78-4e30-be7c-de24fae75117,,850747f2-be54-4acf-902c-d095d5a7c525,3,1_WhatsApp Image 2024-08-28 at 18_11_19.jpeg
3685a126-675b-47d9-974f-06aebb5d96aa,c533c643d42d9db3a4d7ba1d833164a689ec6cda079cada948ec64eaf89f4798,c533c643d42d9db3a4d7ba1d833164a689ec6cda079cada948ec64eaf89f4798.jpeg,https://vcvxfhzpakyfzfhmkfpv.supabase.co/storage/v1/object/public/photos/c533c643d42d9db3a4d7ba1d833164a689ec6cda079cada948ec64eaf89f4798.jpeg,133527,720,720,46.5528396767249,14.2918751389285,2024-09-25 14:34:26+00,60,needs_review,"[""DUCT_OK"",""PIPE_ENDS_OK"",""LENGTH_OK""]","[""WARNING_TAPE_MISSING"",""BEDDING_MISSING"",""DEPTH_UNREADABLE"",""BARRIER_OBSTRUCTION""]","[""far_from_waypoint:6m"",""gps_from_address"",""address:Dahlienweg 3, 9161 Maria-Rain, Austria"",""overlay:25.09.2024, 14:34:26 | Dahlienweg 3 | 9161 Мария-Райн | Австрия"",""unknown_trench:SDIRouteSection_54331245569_1702968963"",""original_gps:46.552795,14.291908"",""snapped:5.6m"",""WARNING_TAPE_MISSING"",""BEDDING_MISSING"",""DEPTH_UNREADABLE"",""BARRIER_OBSTRUCTION""]",Include a depth reference and ensure the trench and cables are unobstructed in the next photo.,,false,false,false,true,false,flagged,,,2026-05-16 23:03:21.080919+00,2026-05-16 23:03:20.898+00,,5453a8ca-d0ed-4292-a8b3-2ac3e87f7749,,850747f2-be54-4acf-902c-d095d5a7c525,3,1_WhatsApp Image 2024-09-25 at 19_39_23 (1).jpeg
37074197-3c27-479d-bc27-75158b5180c8,d67ab29c8723d9342c87d6fb778843b9d1fb58d503926b171022e4e1c704c934,d67ab29c8723d9342c87d6fb778843b9d1fb58d503926b171022e4e1c704c934.jpeg,https://vcvxfhzpakyfzfhmkfpv.supabase.co/storage/v1/object/public/photos/d67ab29c8723d9342c87d6fb778843b9d1fb58d503926b171022e4e1c704c934.jpeg,505545,1536,2048,46.5575996739096,14.298394330021,2024-09-23 16:59:39+00,60,needs_review,"[""DUCT_OK"",""PIPE_ENDS_OK"",""UNOBSTRUCTED_OK"",""LENGTH_OK""]","[""RULER_MISSING"",""DEPTH_UNREADABLE"",""WARNING_TAPE_MISSING"",""BEDDING_MISSING""]","[""gps_from_address"",""address:9 Rautenweg, Maria Rain, Klagenfurt-Land, Kärnten"",""overlay:23 сент. 2024 г. 16:59:39 | 9 Rautenweg | Maria Rain | Klagenfurt-Land | Kärnten"",""unknown_trench:SDIRouteSection_109703903489_1702994795"",""original_gps:46.557597,14.298408"",""snapped:1.1m"",""RULER_MISSING"",""DEPTH_UNREADABLE"",""WARNING_TAPE_MISSING"",""BEDDING_MISSING""]",Include a clear depth reference in the next photo and ensure warning tape/bedding are visible if present.,,false,false,false,true,true,needs_review,,,2026-05-16 23:01:49.487175+00,2026-05-16 23:01:49.305+00,,38d66506-7083-4c41-adae-9c9a8be34abf,,850747f2-be54-4acf-902c-d095d5a7c525,2,1_WhatsApp Image 2024-09-23 at 19_21_35 (1).jpeg
37cf3dd4-ce12-42c2-bc7a-0db1466ef418,714fc6948750f43b00d98f9e2d40133210764c8e5b8dbb9c5e270b1a4b03be91,d03edb308971af2cd80973d31be98099dce95da5933d1f90f7ba43ad14c8fc40.jpeg,https://vcvxfhzpakyfzfhmkfpv.supabase.co/storage/v1/object/public/photos/d03edb308971af2cd80973d31be98099dce95da5933d1f90f7ba43ad14c8fc40.jpeg,554608,1536,2048,46.5564543458932,14.2950488626957,2024-09-10 14:03:54+00,60,needs_review,"[""DUCT_OK"",""UNOBSTRUCTED_OK"",""LENGTH_OK""]","[""DEPTH_UNREADABLE"",""RULER_MISSING"",""WARNING_TAPE_MISSING"",""BEDDING_MISSING""]","[""far_from_waypoint:1m"",""gps_from_address"",""address:5 Nelkenweg, Maria Rain, Klagenfurt-Land, Kärnten, Austria"",""overlay:10 сент. 2024 г. 14:03:54 | 5 Nelkenweg | Maria Rain | Klagenfurt-Land | Kärnten"",""unknown_trench:SDIRouteSection_149700587009_1729585151"",""original_gps:46.556448,14.295040"",""snapped:1.0m"",""DEPTH_UNREADABLE"",""RULER_MISSING"",""WARNING_TAPE_MISSING"",""BEDDING_MISSING""]",Include a depth reference and ensure it is readable in the next photo.,,false,false,false,true,true,flagged,,,2026-05-16 22:20:21.56123+00,2026-05-16 22:20:21.319+00,,d51622c0-9035-40dd-a54b-1d9e263f9ca3,,850747f2-be54-4acf-902c-d095d5a7c525,3,1_WhatsApp Image 2024-09-10 at 19_48_50 (3).jpeg
3b217532-7993-4592-85fc-dbd217b0b860,3ef77999af3b196ffabb729d5186f344e85971112ca991856d8bf4e3e90cd2b4,4262b5bb6c1028759b0fff97988266b3c1c2099ab692cf8b994758eb3b3907f3.jpeg,https://vcvxfhzpakyfzfhmkfpv.supabase.co/storage/v1/object/public/photos/4262b5bb6c1028759b0fff97988266b3c1c2099ab692cf8b994758eb3b3907f3.jpeg,299536,1080,1440,46.558065860277,14.2898663319647,2024-09-04 18:26:10+00,60,needs_review,"[""DUCT_OK"",""UNOBSTRUCTED_OK"",""LENGTH_OK""]","[""DEPTH_UNREADABLE"",""WARNING_TAPE_MISSING"",""BEDDING_MISSING""]","[""far_from_waypoint:2m"",""gps_from_overlay"",""address:9 Schulweg, Maria Rain, Klagenfurt-Land 9161, Austria"",""overlay:04.09.2024 18:26:10 | 46°33'29,0601\""N 14°17'23,45603\""E | 9 Schulweg | Maria Rain, Klagenfurt-Land 9161 | Австрия"",""unknown_trench:SDIRouteSection_111928735745_1702996611"",""original_gps:46.558072,14.289849"",""snapped:1.5m"",""DEPTH_UNREADABLE"",""WARNING_TAPE_MISSING"",""BEDDING_MISSING""]",Include a depth reference and warning tape in the next photo.,,false,false,false,true,true,flagged,,,2026-05-16 20:48:12.075409+00,2026-05-16 20:48:12.044+00,,b45e1be7-dd78-4e30-be7c-de24fae75117,,850747f2-be54-4acf-902c-d095d5a7c525,0,1_WhatsApp Image 2024-09-04 at 22_33_36 (2).jpeg
3d1e4abf-bfb3-4118-a0a4-c1888b7aa768,bf40021634a3ecc86c5cd01f93f044542eeb880fae15069fc6d3bc1146065299,6736d74851d4bb1971ccfbf1e3962deb24ca0aeba7cd4bb92ba02713d63c0b56.jpeg,https://vcvxfhzpakyfzfhmkfpv.supabase.co/storage/v1/object/public/photos/6736d74851d4bb1971ccfbf1e3962deb24ca0aeba7cd4bb92ba02713d63c0b56.jpeg,771361,1536,2048,46.5635371,14.2894136,2024-08-26 13:07:36+00,,,,,"[""off_site:16m"",""gps_from_address"",""address:15 Meisenweg, Maria Rain, Klagenfurt-Land, Kärnten, Austria"",""overlay:26 авг. 2024 г. 13:07:36 | 15 Meisenweg | Maria Rain | Klagenfurt-Land | Kärnten""]",,,,,,,,flagged,,,2026-05-16 20:30:18.821958+00,,,6687f8b7-b408-46a7-98a3-64bf8edc4386,,850747f2-be54-4acf-902c-d095d5a7c525,,1_WhatsApp Image 2024-08-26 at 18_18_40.jpeg
3d9513ee-de7a-4ead-bdec-fb92f13e565a,95b3dad615fc4c96a1310e4422e906ef12cf0213549d51a1541cd3e43d9412ae,4521ad6edd7040a7f70c345b1968c2a6ebd3fe3be14dfbaa92245762ae952863.jpeg,https://vcvxfhzpakyfzfhmkfpv.supabase.co/storage/v1/object/public/photos/4521ad6edd7040a7f70c345b1968c2a6ebd3fe3be14dfbaa92245762ae952863.jpeg,317202,1080,1440,46.5580856869084,14.2899739556015,2024-09-04 18:25:34+00,100,compliant,"[""DEPTH_OK"",""RULER_OK"",""DUCT_OK"",""UNOBSTRUCTED_OK"",""LENGTH_OK""]",,"[""far_from_waypoint:4m"",""gps_from_overlay"",""address:2 Göltschacher Straße, Maria Rain, Klagenfurt-Land 9161, Austria"",""overlay:04.09.2024 18:25:34 | 46°33'28,98481\""N 14°17'23,82115\""E | 2 Göltschacher Straße | Maria Rain, Klagenfurt-Land 9161 | Австрия"",""unknown_trench:SDIRouteSection_107170580481_1708076563"",""original_gps:46.558051,14.289950"",""snapped:4.2m""]",Photo is excellent; continue documenting at this standard.,125,true,true,false,true,true,flagged,,,2026-05-16 20:48:40.31004+00,2026-05-16 20:48:40.283+00,,b45e1be7-dd78-4e30-be7c-de24fae75117,,850747f2-be54-4acf-902c-d095d5a7c525,0,1_WhatsApp Image 2024-09-04 at 22_33_37 (1).jpeg
3dad1da5-b035-4b8e-8d0c-e991f635b4be,cfa80936383b8ac0c153f7f73bf102f27635edb2bbca99e69a0e4a2c8b328c66,222d7f57deed011b89939062e786a9807220acf9d0b18fc50b1ad8edd0884d7e.jpeg,https://vcvxfhzpakyfzfhmkfpv.supabase.co/storage/v1/object/public/photos/222d7f57deed011b89939062e786a9807220acf9d0b18fc50b1ad8edd0884d7e.jpeg,397691,1200,1600,46.5615142019451,14.2878669127822,2024-09-05 13:16:38+00,60,needs_review,"[""DUCT_OK"",""UNOBSTRUCTED_OK"",""LENGTH_OK""]","[""RULER_MISSING"",""DEPTH_UNREADABLE"",""WARNING_TAPE_MISSING"",""BEDDING_MISSING""]","[""far_from_waypoint:3m"",""gps_from_overlay"",""address:Toppelsdorferstraße 8, 9161 Maria Rain, Austria"",""overlay:05.09.2024 13:16:38 | 46.56153856N 14.28786228E | Toppelsdorferstraße 8, 9161 Maria Rain, Австрия"",""unknown_trench:SDIRouteSection_165941177857_1729505319"",""original_gps:46.561539,14.287862"",""snapped:2.7m"",""RULER_MISSING"",""DEPTH_UNREADABLE"",""WARNING_TAPE_MISSING"",""BEDDING_MISSING""]",Include a depth reference and ensure warning tape and bedding are visible in the next photo.,,false,false,false,true,true,flagged,,,2026-05-16 20:49:53.107244+00,2026-05-16 20:49:53.073+00,,3ae34aad-bd16-4191-9793-310202def4f0,,850747f2-be54-4acf-902c-d095d5a7c525,3,1_WhatsApp Image 2024-09-05 at 17_27_48 (2).jpeg
3f5b0a2b-63fa-4f3d-96f4-af22eec7bf60,d2b8c438f3d349b337a3d304caf67ef477a04dd010fac279576bf4c0f9e3a65b,8cc9164603d6b8cd025cb0940908534cad8dc5880c4629c97d0d4d6a70d3ac6b.jpg,https://vcvxfhzpakyfzfhmkfpv.supabase.co/storage/v1/object/public/photos/8cc9164603d6b8cd025cb0940908534cad8dc5880c4629c97d0d4d6a70d3ac6b.jpg,242703,720,1280,46.5618175757062,14.288893193011,2024-09-09 17:00:58+00,70,needs_review,"[""DEPTH_OK"",""RULER_OK"",""DUCT_OK"",""UNOBSTRUCTED_OK""]","[""SIDE_VIEW_MISSING""]","[""far_from_waypoint:1m"",""gps_from_address"",""address:Toppelsdorferstraße 12, 9161 Maria-Rain, Austria"",""overlay:09.09.2024, 17:00:58 | Toppelsdorferstraße 12 | 9161 Мария-Райн | Австрия"",""unknown_trench:SDIRouteSection_78865403137_0"",""original_gps:46.561824,14.288896"",""snapped:0.7m"",""SIDE_VIEW_MISSING""]",Reshoot from a side/oblique angle to show the trench wall profile more clearly.,65,true,true,false,true,true,flagged,,,2026-05-16 20:26:17.900236+00,2026-05-16 20:26:17.884+00,,3ae34aad-bd16-4191-9793-310202def4f0,,850747f2-be54-4acf-902c-d095d5a7c525,6,1_IMG-20240911-WA0035.jpg
4008074d-2d03-47de-8e97-e5390fe1ff49,bce57e91891b2b7400e9d113be86f12001c066298cf2a5413aa2199a592f2dfc,bce57e91891b2b7400e9d113be86f12001c066298cf2a5413aa2199a592f2dfc.jpeg,https://vcvxfhzpakyfzfhmkfpv.supabase.co/storage/v1/object/public/photos/bce57e91891b2b7400e9d113be86f12001c066298cf2a5413aa2199a592f2dfc.jpeg,330188,899,1599,46.5530767414313,14.2918366443559,2024-09-24 13:47:43+00,100,compliant,"[""DEPTH_OK"",""RULER_OK"",""DUCT_OK"",""UNOBSTRUCTED_OK"",""LENGTH_OK""]","[""WARNING_TAPE_MISSING"",""BEDDING_MISSING""]","[""gps_from_overlay"",""address:4 Dahlienweg, Maria Rain, Klagenfurt-Land, Kärnten, Austria"",""overlay:24.09.2024 13:47:43.5 | 46.55307003N 14.29180144E ±3,79m | 4 Dahlienweg | Maria Rain | Klagenfurt-Land | Kärnten"",""unknown_trench:SDIRouteSection_120926540801_1729574872"",""original_gps:46.553070,14.291801"",""snapped:2.8m"",""WARNING_TAPE_MISSING"",""BEDDING_MISSING""]",Ensure warning tape and sand bedding are visible in the next photo.,65,true,true,false,true,true,compliant,,,2026-05-16 23:02:46.210373+00,2026-05-16 23:02:46.015+00,,5453a8ca-d0ed-4292-a8b3-2ac3e87f7749,,850747f2-be54-4acf-902c-d095d5a7c525,1,1_WhatsApp Image 2024-09-24 at 19_51_40 (2).jpeg
4141b42f-5029-4537-a90e-d998b5a15727,30ed29bace610006222015b733cafaf9f55b630ed973a16a58cb9bb36f9fabb0,fea21be533398eb6929ef73846140a0a76ecbc5f33b2f8a448a779f7fcd3d490.jpeg,https://vcvxfhzpakyfzfhmkfpv.supabase.co/storage/v1/object/public/photos/fea21be533398eb6929ef73846140a0a76ecbc5f33b2f8a448a779f7fcd3d490.jpeg,497460,1500,2000,46.5639527013505,14.293863236579,2024-09-19 08:53:00+00,95,compliant,"[""RULER_OK"",""DUCT_OK"",""UNOBSTRUCTED_OK"",""LENGTH_OK""]","[""WARNING_TAPE_MISSING"",""BEDDING_MISSING"",""DEPTH_TOO_SHALLOW""]","[""far_from_waypoint:2m"",""gps_from_overlay"",""address:7 Josef-Petritsch-Straße, Maria Rain, Klagenfurt-Land, Kärnten, Austria"",""overlay:19.09.2024 08:53 | 46°33'50,226\""N 14°17'37,98\""E | 7 Josef-Petritsch-Straße | Maria Rain | Klagenfurt-Land | Kärnten"",""unknown_trench:SDIRouteSection_157689456129_1729500895"",""original_gps:46.563952,14.293883"",""snapped:1.5m"",""WARNING_TAPE_MISSING"",""BEDDING_MISSING"",""DEPTH_TOO_SHALLOW""]","Ensure warning tape and bedding are visible, and meet minimum depth requirements.",25,false,true,false,true,true,flagged,,,2026-05-16 22:28:14.410229+00,2026-05-16 22:28:14.285+00,,4d8d5e0f-9b48-4182-9958-7550ad167946,,850747f2-be54-4acf-902c-d095d5a7c525,1,1_WhatsApp Image 2024-09-19 at 11_43_13 (2).jpeg
4559542f-6096-43f2-811c-a24dec0f70da,719476c8d1bee90e51a6dd88b773f1a302cc5baabaf16dbba4a3f86353745877,539532a91c6f24777aa23899638c89a5a0f63b2e8920bbb760a73d202a6bbe3b.jpeg,https://vcvxfhzpakyfzfhmkfpv.supabase.co/storage/v1/object/public/photos/539532a91c6f24777aa23899638c89a5a0f63b2e8920bbb760a73d202a6bbe3b.jpeg,495009,1200,1600,53.6059386,9.9718301,2024-09-04 13:36:18+00,,,,,"[""off_site"",""off_site:840753m"",""gps_from_address"",""address:Holunderweg 1"",""overlay:04.09.2024 13:36:18 | 1 Holunderweg | Holunderweg 1""]",,,,,,,,flagged,,,2026-05-16 20:44:48.477782+00,,,,,850747f2-be54-4acf-902c-d095d5a7c525,,1_WhatsApp Image 2024-09-04 at 13_50_19 (1).jpeg
46700420-9d6b-413e-ac38-f27beeaae7e6,318453dde8a6bf73dde9b7360a05a1ef614079d522c040d72b7f12aee3343843,7774e0352effd71d8d95975578d727cc506abf7735d41e776cb3be186f1dc50e.jpg,https://vcvxfhzpakyfzfhmkfpv.supabase.co/storage/v1/object/public/photos/7774e0352effd71d8d95975578d727cc506abf7735d41e776cb3be186f1dc50e.jpg,655156,1536,2048,46.5644344467585,14.2878585309072,2024-08-16 14:05:12+00,60,needs_review,"[""DUCT_OK"",""UNOBSTRUCTED_OK"",""LENGTH_OK""]","[""RULER_MISSING"",""DEPTH_UNREADABLE"",""WARNING_TAPE_MISSING"",""BEDDING_MISSING""]","[""far_from_waypoint:6m"",""gps_from_address"",""address:8 Kleiberweg, Maria Rain, Klagenfurt-Land, Kärnten"",""overlay:16 авг. 2024 г. 14:05:12 | 8 Kleiberweg | Maria Rain | Klagenfurt-Land | Kärnten"",""unknown_trench:SDIRouteSection_57385613825_0"",""original_gps:46.564485,14.287873"",""snapped:5.7m"",""RULER_MISSING"",""DEPTH_UNREADABLE"",""WARNING_TAPE_MISSING"",""BEDDING_MISSING""]",Include a depth reference and warning tape in the next photo.,,false,false,false,true,true,flagged,,,2026-05-16 20:18:30.467967+00,2026-05-16 20:18:30.439+00,,6687f8b7-b408-46a7-98a3-64bf8edc4386,,850747f2-be54-4acf-902c-d095d5a7c525,3,1_IMG-20240816-WA0045.jpg
468e4ca2-24d2-4398-9d6f-97f1606947c9,ddb2a4fe91877901e58c650fb97fab724c2f03b3dc5cf86e16fb04efa9fe70c7,8a938eb5e36cb0acd8ba11fdbe4ff678c2dcec83d8339463cfc2bcac81842378.jpeg,https://vcvxfhzpakyfzfhmkfpv.supabase.co/storage/v1/object/public/photos/8a938eb5e36cb0acd8ba11fdbe4ff678c2dcec83d8339463cfc2bcac81842378.jpeg,331166,960,1280,46.5570735973035,14.2911066859228,2024-09-04 11:55:36+00,100,compliant,"[""DEPTH_OK"",""RULER_OK"",""DUCT_OK"",""UNOBSTRUCTED_OK"",""LENGTH_OK""]","[""WARNING_TAPE_MISSING"",""BEDDING_MISSING""]","[""far_from_waypoint:1m"",""gps_from_address"",""address:5 Birkenweg, Maria Rain, Klagenfurt-Land, Kärnten"",""overlay:4 сент. 2024 г. 11:55:36 | 5 Birkenweg | Maria Rain | Klagenfurt-Land | Kärnten"",""unknown_trench:SDIRouteSection_108783610369_1702994229"",""original_gps:46.557076,14.291089"",""snapped:1.4m"",""WARNING_TAPE_MISSING"",""BEDDING_MISSING""]",Continue to provide clear documentation with all required elements.,75,true,true,false,true,true,flagged,,,2026-05-16 20:47:33.438156+00,2026-05-16 20:47:33.389+00,,d51622c0-9035-40dd-a54b-1d9e263f9ca3,,850747f2-be54-4acf-902c-d095d5a7c525,5,1_WhatsApp Image 2024-09-04 at 18_10_43.jpeg
46a3c1bb-e726-423b-8b0a-3de84b3b9cb3,fda53427209e0bd089763ae36f628d325c0f8d801814771f927241076176f1cb,af48d6b4a87731a9abadbb778a01d88ae8a07e5a3902052391b0c61b9801887a.jpeg,https://vcvxfhzpakyfzfhmkfpv.supabase.co/storage/v1/object/public/photos/af48d6b4a87731a9abadbb778a01d88ae8a07e5a3902052391b0c61b9801887a.jpeg,669256,1500,2000,46.5642357941624,14.2935018899315,2024-09-19 10:54:00+00,90,compliant,"[""RULER_OK"",""DUCT_OK"",""PIPE_ENDS_OK"",""UNOBSTRUCTED_OK"",""LENGTH_OK""]","[""BEDDING_MISSING"",""DEPTH_TOO_SHALLOW""]","[""far_from_waypoint:2m"",""gps_from_overlay"",""address:4 Josef-Petritsch-Straße, Maria Rain, Klagenfurt-Land, Kärnten"",""overlay:19.09.2024 10:54 | 46°33'51,318\""N 14°17'36,642\""E | 4 Josef-Petritsch-Straße | Maria Rain | Klagenfurt-Land | Kärnten"",""unknown_trench:SDIRouteSection_158087322113_1729501070"",""original_gps:46.564255,14.293512"",""snapped:2.3m"",""BEDDING_MISSING"",""DEPTH_TOO_SHALLOW""]",Ensure sufficient depth (at least 60cm) and add bedding material in future sections.,55,false,true,false,true,true,flagged,,,2026-05-16 22:28:01.18364+00,2026-05-16 22:28:01.06+00,,4d8d5e0f-9b48-4182-9958-7550ad167946,,850747f2-be54-4acf-902c-d095d5a7c525,2,1_WhatsApp Image 2024-09-19 at 11_43_12.jpeg
46db715e-62e6-409f-8737-2228a33573d1,4d6f7406aa2876dc489f83bea97e7ebd94933e7061050f317acae08d9dd4381b,4d6f7406aa2876dc489f83bea97e7ebd94933e7061050f317acae08d9dd4381b.jpeg,https://vcvxfhzpakyfzfhmkfpv.supabase.co/storage/v1/object/public/photos/4d6f7406aa2876dc489f83bea97e7ebd94933e7061050f317acae08d9dd4381b.jpeg,388662,1200,1600,46.5545257682767,14.2930693924427,2024-09-19 11:40:47+00,65,needs_review,"[""DUCT_OK"",""PIPE_ENDS_OK"",""UNOBSTRUCTED_OK"",""LENGTH_OK""]","[""DEPTH_UNREADABLE"",""BEDDING_MISSING""]","[""gps_from_overlay"",""address:Dahlienweg 14, 9161 Maria Rain, Austria"",""overlay:19.09.2024 11:40:47 | 46.55454369N 14.29306081E | Dahlienweg 14, 9161 Maria Rain, Австрия"",""unknown_trench:SDIRouteSection_123227063297_1729575810"",""original_gps:46.554544,14.293061"",""snapped:2.1m"",""DEPTH_UNREADABLE"",""BEDDING_MISSING""]",Include a visible depth reference in the next photo.,,false,false,false,true,true,needs_review,,,2026-05-16 23:00:10.344177+00,2026-05-16 23:00:10.157+00,,5453a8ca-d0ed-4292-a8b3-2ac3e87f7749,,850747f2-be54-4acf-902c-d095d5a7c525,1,1_WhatsApp Image 2024-09-19 at 17_23_00.jpeg
4700a259-9aef-4a0a-b7e0-2651fe1f100c,ed7cea6911da9fddd0d662e1d2827c46b6b278cdf70c997d74964790487bd8a5,c7f8c4112daf7b855036d3153b85ae7255ce4893ed9af9b2789537b5e671c767.jpeg,https://vcvxfhzpakyfzfhmkfpv.supabase.co/storage/v1/object/public/photos/c7f8c4112daf7b855036d3153b85ae7255ce4893ed9af9b2789537b5e671c767.jpeg,373394,960,1280,46.5584139780222,14.2963490635269,2024-09-10 15:13:28+00,25,non_compliant,"[""DEPTH_OK"",""RULER_OK"",""UNOBSTRUCTED_OK"",""LENGTH_OK""]","[""NO_CABLES_VISIBLE""]","[""far_from_waypoint:3m"",""gps_from_address"",""address:2 Rosenweg, Maria Rain, Klagenfurt-Land, Kärnten"",""overlay:10 сент. 2024 г. 15:13:28 | 2 Rosenweg | Maria Rain | Klagenfurt-Land | Kärnten"",""unknown_trench:SDIRouteSection_110293330945_1702995496"",""original_gps:46.558387,14.296328"",""snapped:3.4m"",""NO_CABLES_VISIBLE""]",Reshoot the photo when cables or ducts have been laid in the trench.,65,true,true,false,false,true,flagged,,,2026-05-16 22:20:51.426201+00,2026-05-16 22:20:51.313+00,,38d66506-7083-4c41-adae-9c9a8be34abf,,850747f2-be54-4acf-902c-d095d5a7c525,2,1_WhatsApp Image 2024-09-10 at 20_52_50.jpeg
47816ad3-565b-463c-bcd1-fc447d2032ba,dece47a3a5700f0b7ceea23c89242ae8ea79994db3f092377b9ed71d4884d9aa,dece47a3a5700f0b7ceea23c89242ae8ea79994db3f092377b9ed71d4884d9aa.jpeg,https://vcvxfhzpakyfzfhmkfpv.supabase.co/storage/v1/object/public/photos/dece47a3a5700f0b7ceea23c89242ae8ea79994db3f092377b9ed71d4884d9aa.jpeg,145875,720,720,46.5615054417007,14.2868406326718,2024-09-19 16:22:11+00,60,needs_review,"[""DUCT_OK"",""UNOBSTRUCTED_OK"",""LENGTH_OK""]","[""WARNING_TAPE_MISSING"",""BEDDING_MISSING"",""DEPTH_UNREADABLE""]","[""far_from_waypoint:7m"",""gps_from_address"",""address:Bahnhofstraße 2, 9161 Maria-Rain, Austria"",""overlay:19.09.2024, 16:22:11 | Bahnhofstraße 2 | 9161 Мария-Райн | Австрия"",""unknown_trench:SDIRouteSection_92056099073_0"",""original_gps:46.561536,14.286753"",""snapped:7.5m"",""WARNING_TAPE_MISSING"",""BEDDING_MISSING"",""DEPTH_UNREADABLE""]",Include a depth measurement ruler in the next photo and ensure warning tape is visible if applicable.,,false,false,false,true,true,flagged,,,2026-05-16 23:00:17.011553+00,2026-05-16 23:00:16.828+00,,3ae34aad-bd16-4191-9793-310202def4f0,,850747f2-be54-4acf-902c-d095d5a7c525,4,1_WhatsApp Image 2024-09-19 at 19_22_40 (1).jpeg
478856c1-1b59-43e3-8cee-065f856d2861,8a8ad652e00570f979aebdceeba138a45037f50bf26d23dcfdaec0388c24216a,d52c067ed928f633f70afe58f0eb7bd9a1b67573f66d6247a47dc468387c047f.jpeg,https://vcvxfhzpakyfzfhmkfpv.supabase.co/storage/v1/object/public/photos/d52c067ed928f633f70afe58f0eb7bd9a1b67573f66d6247a47dc468387c047f.jpeg,754343,1536,2048,46.5547559792611,14.2928224615753,2024-09-18 13:33:52+00,100,compliant,"[""DEPTH_OK"",""RULER_OK"",""DUCT_OK"",""UNOBSTRUCTED_OK"",""LENGTH_OK""]","[""WARNING_TAPE_MISSING"",""BEDDING_MISSING""]","[""far_from_waypoint:11m"",""gps_from_overlay"",""address:Kirschnerstraße 24, 9161 Maria Rain, Austria"",""overlay:18.09.2024 13:33:52 | 46.55482017N 14.29292858E | Kirschnerstraße 24 | 9161 Maria Rain | Австрия"",""unknown_trench:SDIRouteSection_123480400641_1729576008"",""original_gps:46.554820,14.292929"",""snapped:10.8m"",""WARNING_TAPE_MISSING"",""BEDDING_MISSING""]",Ensure warning tape and sand bedding are visible in future photos.,140,true,true,false,true,true,flagged,,,2026-05-16 22:26:42.143361+00,2026-05-16 22:26:42.005+00,,5453a8ca-d0ed-4292-a8b3-2ac3e87f7749,,850747f2-be54-4acf-902c-d095d5a7c525,0,1_WhatsApp Image 2024-09-18 at 18_18_04.jpeg
484d422c-902a-46e4-a060-617cd3fee440,95b8c00a2973c365f213677177c0c37fde5ffa208c5e6f69f657c94a46c26e1a,ea3694772f8377e39addd95144b363e6cef7133df2c4218153773b1c389a4188.jpeg,https://vcvxfhzpakyfzfhmkfpv.supabase.co/storage/v1/object/public/photos/ea3694772f8377e39addd95144b363e6cef7133df2c4218153773b1c389a4188.jpeg,706947,1536,2048,46.5614413511748,14.2874533751388,2024-09-05 14:17:22+00,60,needs_review,"[""DUCT_OK"",""UNOBSTRUCTED_OK"",""LENGTH_OK""]","[""RULER_MISSING"",""DEPTH_UNREADABLE"",""WARNING_TAPE_MISSING"",""BEDDING_MISSING""]","[""far_from_waypoint:3m"",""gps_from_overlay"",""address:2 Toppelsdorferstraße, Maria Rain, Klagenfurt-Land, Kärnten"",""overlay:5 сент 2024 г. 14:17:22 | 46.56145883N 14.28743057E ±4,86m | 2 Toppelsdorferstraße | Maria Rain | Klagenfurt-Land | Kärnten"",""unknown_trench:SDIRouteSection_78533220865_0"",""original_gps:46.561459,14.287431"",""snapped:2.6m"",""RULER_MISSING"",""DEPTH_UNREADABLE"",""WARNING_TAPE_MISSING"",""BEDDING_MISSING""]",Include a depth measurement reference in the next photo.,,false,false,false,true,true,flagged,,,2026-05-16 20:48:53.608114+00,2026-05-16 20:48:53.566+00,,3ae34aad-bd16-4191-9793-310202def4f0,,850747f2-be54-4acf-902c-d095d5a7c525,2,1_WhatsApp Image 2024-09-05 at 17_27_40.jpeg
48ce01cb-1f4d-423f-83b0-ed331df21b42,45909c09291e551e93d3f024d8f859c2181aee85caff9ea653f0e6127d26cf48,d21f018e6ac2616275b16eee03a8119a907db5deb870e85f8661a86128eb7825.jpeg,https://vcvxfhzpakyfzfhmkfpv.supabase.co/storage/v1/object/public/photos/d21f018e6ac2616275b16eee03a8119a907db5deb870e85f8661a86128eb7825.jpeg,330895,1080,1440,46.5581223546492,14.2898612526229,2024-09-04 18:56:56+00,60,needs_review,"[""DUCT_OK"",""PIPE_ENDS_OK"",""UNOBSTRUCTED_OK"",""LENGTH_OK""]","[""RULER_MISSING"",""WARNING_TAPE_MISSING"",""BEDDING_MISSING""]","[""far_from_waypoint:2m"",""gps_from_overlay"",""address:9 Schulweg, Maria Rain, Klagenfurt-Land 9161, Austria"",""overlay:04.09.2024 18:56:56 | 46°33'29,30965\""N 14°17'23,54444\""E | 9 Schulweg | Maria Rain, Klagenfurt-Land 9161 | Австрия"",""unknown_trench:SDIRouteSection_157044624385_1729588295"",""original_gps:46.558142,14.289873"",""snapped:2.3m"",""RULER_MISSING"",""WARNING_TAPE_MISSING"",""BEDDING_MISSING""]",Include a depth reference leaning against the trench wall in the next photo.,,false,false,false,true,true,flagged,,,2026-05-16 22:19:00.44206+00,2026-05-16 22:19:00.333+00,,b45e1be7-dd78-4e30-be7c-de24fae75117,,850747f2-be54-4acf-902c-d095d5a7c525,1,1_WhatsApp Image 2024-09-04 at 22_33_35.jpeg
48eba536-0f6e-48c1-a45b-3ba8f7a8c723,ca60003192de37212a1c697c6099f4404aeec556c6ffaeae0050c6c164e6d6ac,b6c51bd04b57b5169c159362d262650c82711af3c00da9ce955cc8a2f2d6c1cf.jpeg,https://vcvxfhzpakyfzfhmkfpv.supabase.co/storage/v1/object/public/photos/b6c51bd04b57b5169c159362d262650c82711af3c00da9ce955cc8a2f2d6c1cf.jpeg,360217,1200,1600,46.5615189309125,14.2885236394986,2024-09-04 10:42:39+00,65,needs_review,"[""DUCT_OK"",""UNOBSTRUCTED_OK"",""LENGTH_OK""]","[""DEPTH_UNREADABLE"",""RULER_MISSING"",""BEDDING_MISSING""]","[""far_from_waypoint:3m"",""gps_from_address"",""address:8 Toppelsdorferstraße, Maria Rain, Klagenfurt-Land, Kärnten, Austria"",""overlay:4 сент. 2024 г. 10:42:39 | 8 Toppelsdorferstraße | Maria Rain | Klagenfurt-Land | Kärnten"",""unknown_trench:SDIRouteSection_113169330177_1650890547"",""original_gps:46.561501,14.288558"",""snapped:3.3m"",""DEPTH_UNREADABLE"",""RULER_MISSING"",""BEDDING_MISSING""]",Include a depth reference in the next photo and ensure proper bedding is visible.,,false,false,false,true,true,flagged,,,2026-05-16 20:46:37.140437+00,2026-05-16 20:46:37.096+00,,3ae34aad-bd16-4191-9793-310202def4f0,,850747f2-be54-4acf-902c-d095d5a7c525,4,1_WhatsApp Image 2024-09-04 at 17_11_24.jpeg
4a7558a7-2bd8-4ba0-a6cc-ca1adfae83b6,f4390148ad1840f322494781e2442196e8125e2862efd048d2881d7b0ced8d7e,d8600fe599e90d37b1cf51710bccb0c897865eb41ab090420d7ec13d61e9c03d.jpg,https://vcvxfhzpakyfzfhmkfpv.supabase.co/storage/v1/object/public/photos/d8600fe599e90d37b1cf51710bccb0c897865eb41ab090420d7ec13d61e9c03d.jpg,445706,1080,1920,46.5646652500594,14.2923690844327,2024-08-12 15:28:04+00,65,needs_review,"[""DUCT_OK"",""UNOBSTRUCTED_OK"",""LENGTH_OK""]","[""RULER_MISSING"",""DEPTH_UNREADABLE"",""BEDDING_MISSING""]","[""far_from_waypoint:1m"",""gps_from_overlay"",""address:34 Toppelsdorferstraße, Maria Rain, Klagenfurt-Land, Kärnten"",""overlay:12.08.2024 15:28:04.0 | 46.5646667N 14.29236106E ±3,79m | 34 Toppelsdorferstraße | Maria Rain | Klagenfurt-Land | Kärnten"",""unknown_trench:SDIRouteSection_156226610945_1729500269"",""original_gps:46.564667,14.292361"",""snapped:0.6m"",""RULER_MISSING"",""DEPTH_UNREADABLE"",""BEDDING_MISSING""]",Include a depth measurement device in the trench for the next photo.,,false,false,false,true,true,flagged,,,2026-05-16 20:17:31.917025+00,2026-05-16 20:17:31.872+00,,4d8d5e0f-9b48-4182-9958-7550ad167946,,850747f2-be54-4acf-902c-d095d5a7c525,2,1_IMG-20240812-WA0034.jpg
4ad19867-e348-45d7-9a7c-4e3b1c149e07,0973661faa77f83910d45788a0db599ae9acf8c760d3be06fc944074e47c2e0b,70eba5152cb12501b68cec66985e7b17dac35e0caaa6a0f067590296790e2596.jpeg,https://vcvxfhzpakyfzfhmkfpv.supabase.co/storage/v1/object/public/photos/70eba5152cb12501b68cec66985e7b17dac35e0caaa6a0f067590296790e2596.jpeg,395326,1536,2048,46.5580384821553,14.2904025973209,2024-09-10 14:00:16+00,60,needs_review,"[""DUCT_OK"",""PIPE_ENDS_OK"",""UNOBSTRUCTED_OK"",""LENGTH_OK""]","[""WARNING_TAPE_MISSING"",""BEDDING_MISSING"",""RULER_MISSING"",""DEPTH_UNREADABLE""]","[""far_from_waypoint:1m"",""gps_from_address"",""address:7 Schulweg, Maria Rain, Klagenfurt-Land, Kärnten"",""overlay:10 сент. 2024 г. 14:00:16 | 7 Schulweg | Maria Rain | Klagenfurt-Land | Kärnten"",""unknown_trench:SDIRouteSection_111951591169_0"",""original_gps:46.558046,14.290404"",""snapped:0.8m"",""WARNING_TAPE_MISSING"",""BEDDING_MISSING"",""RULER_MISSING"",""DEPTH_UNREADABLE""]",Include a depth measurement tool in the next photo.,,false,false,false,true,true,flagged,,,2026-05-16 22:20:35.998921+00,2026-05-16 22:20:35.859+00,,b45e1be7-dd78-4e30-be7c-de24fae75117,,850747f2-be54-4acf-902c-d095d5a7c525,7,1_WhatsApp Image 2024-09-10 at 19_48_51 (1).jpeg
4ae25bfd-4e3c-4764-8caf-aba9a59c19fc,203dc4b0a2bf2f50f8ad461536ac72cd24a379cff79b76222702413014f278a6,4b629c726370bddeb5bb36a15ec5f8894540a7f400c0a547e17835238da1c24e.jpeg,https://vcvxfhzpakyfzfhmkfpv.supabase.co/storage/v1/object/public/photos/4b629c726370bddeb5bb36a15ec5f8894540a7f400c0a547e17835238da1c24e.jpeg,608893,1080,1920,46.5565084384523,14.2937008431181,2024-09-14 11:25:00+00,98,compliant,"[""DEPTH_OK"",""RULER_OK"",""DUCT_OK"",""PIPE_ENDS_OK"",""UNOBSTRUCTED_OK"",""LENGTH_OK""]","[""WARNING_TAPE_MISSING"",""BEDDING_MISSING""]","[""far_from_waypoint:1m"",""gps_from_overlay"",""address:Kirchenstraße, Maria Rain, 9161, Carinthia, Austria"",""overlay:Maria Rain, Carinthia, Austria | Kirchenstraße, Maria Rain, 9161, Carinthia, | Austria | Lat 46.556513, Long 14.293693 | 09/14/2024 11:25 AM GMT+02:00 | Note : Captured by GPS Map Camera"",""unknown_trench:SDIRouteSection_151360034561_1729585765"",""original_gps:46.556513,14.293693"",""snapped:0.8m"",""WARNING_TAPE_MISSING"",""BEDDING_MISSING""]",Ensure warning tape and sand bedding are included in future photos.,65,true,true,false,true,true,flagged,,,2026-05-16 22:23:42.024282+00,2026-05-16 22:23:41.902+00,,d51622c0-9035-40dd-a54b-1d9e263f9ca3,,850747f2-be54-4acf-902c-d095d5a7c525,0,1_WhatsApp Image 2024-09-14 at 14_10_33.jpeg
4bdc938f-4112-4f97-88b4-36f5bd8dd0a7,a3f6c064c8fe4e7706652db8e7e2b776f21eda8010bf169983da92030c2693c4,772475683871338ee83c9ff1bf9a586fc5af36bf4aab3ff0cfd57c72b4def5f2.jpeg,https://vcvxfhzpakyfzfhmkfpv.supabase.co/storage/v1/object/public/photos/772475683871338ee83c9ff1bf9a586fc5af36bf4aab3ff0cfd57c72b4def5f2.jpeg,388495,1200,1600,46.5557482846353,14.2927427496761,2024-09-13 14:21:56+00,65,needs_review,"[""BEDDING_OK"",""DUCT_OK"",""UNOBSTRUCTED_OK"",""LENGTH_OK""]","[""RULER_MISSING"",""WARNING_TAPE_MISSING""]","[""far_from_waypoint:2m"",""gps_from_overlay"",""address:Kirschnerstraße 18, 9161 Maria Rain, Austria"",""overlay:13.09.2024 14:21:56 | 46.55575272N 14.29272151E | Kirschnerstraße 18, 9161 Maria Rain, Австрия"",""unknown_trench:SDIRouteSection_129074070529_1729578267"",""original_gps:46.555753,14.292722"",""snapped:1.7m"",""RULER_MISSING"",""WARNING_TAPE_MISSING""]",Include a depth reference in the next photo to show the trench depth.,,false,false,true,true,true,flagged,,,2026-05-16 22:23:23.052107+00,2026-05-16 22:23:22.943+00,,d51622c0-9035-40dd-a54b-1d9e263f9ca3,,850747f2-be54-4acf-902c-d095d5a7c525,1,1_WhatsApp Image 2024-09-13 at 17_38_11.jpeg
4cc0def3-bc0a-4637-9dae-1cafc33cc29b,b2c308dabdeb99fdd9b0cc4567f1bba23f673de7056fefe831625f31f863edaa,a6e4b49afffe22c5c569b311628eb312380c0d9e635e9908f10f09d4036b295d.jpeg,https://vcvxfhzpakyfzfhmkfpv.supabase.co/storage/v1/object/public/photos/a6e4b49afffe22c5c569b311628eb312380c0d9e635e9908f10f09d4036b295d.jpeg,308142,1200,1600,46.5616146490047,14.2884102981453,2024-09-04 14:20:33+00,20,non_compliant,"[""UNOBSTRUCTED_OK"",""LENGTH_OK""]","[""NO_CABLES_VISIBLE"",""RULER_MISSING""]","[""far_from_waypoint:5m"",""gps_from_overlay"",""address:Toppelsdorferstraße 8, 9161 Maria Rain, Austria"",""overlay:04.09.2024 14:20:33 | 46.56166105N 14.28840678E | Toppelsdorferstraße 8, 9161 Maria Rain, Австрия"",""unknown_trench:SDIRouteSection_108395452161_1650888583"",""original_gps:46.561661,14.288407"",""snapped:5.2m"",""NO_CABLES_VISIBLE"",""RULER_MISSING""]",Photo does not show cables/ducts inside the trench; reshoot to include them and a depth ruler.,,false,false,false,false,true,flagged,,,2026-05-16 20:44:59.515403+00,2026-05-16 20:44:59.499+00,,3ae34aad-bd16-4191-9793-310202def4f0,,850747f2-be54-4acf-902c-d095d5a7c525,1,1_WhatsApp Image 2024-09-04 at 17_09_28.jpeg
4dac0a09-cbb1-4ed6-98a5-90890c808185,62df63d39a7636f997c9489c246b1bf3092643299ba57213226f10d6cd2db2b9,8ef370461d8739d0012a0ef8d04ec8904dff9506a80d87175795cfb477b4f02e.jpeg,https://vcvxfhzpakyfzfhmkfpv.supabase.co/storage/v1/object/public/photos/8ef370461d8739d0012a0ef8d04ec8904dff9506a80d87175795cfb477b4f02e.jpeg,335251,1200,1600,46.5618175757062,14.288893193011,2024-09-10 10:29:20+00,98,compliant,"[""DEPTH_OK"",""RULER_OK"",""DUCT_OK"",""UNOBSTRUCTED_OK"",""LENGTH_OK""]","[""WARNING_TAPE_MISSING"",""BEDDING_MISSING""]","[""far_from_waypoint:1m"",""gps_from_address"",""address:Toppelsdorferstraße 12"",""overlay:10.09.2024 10:29:20 | 12 Toppelsdorferstraße | Toppelsdorferstraße 12"",""unknown_trench:SDIRouteSection_78865403137_0"",""original_gps:46.561824,14.288896"",""snapped:0.7m"",""WARNING_TAPE_MISSING"",""BEDDING_MISSING""]",Ensure warning tape and bedding are visible in future documentation photos.,65,true,true,false,true,true,flagged,,,2026-05-16 22:19:42.92205+00,2026-05-16 22:19:42.806+00,,3ae34aad-bd16-4191-9793-310202def4f0,,850747f2-be54-4acf-902c-d095d5a7c525,6,1_WhatsApp Image 2024-09-10 at 16_34_56.jpeg
4dc37ebf-920b-4ff4-82ab-cb261f468013,3db3913a8ae0264b06af7352f5bf86d6f5bb7a016ddb6e4dc0edc558abb38b7b,8df05ee183b8b92b7f1f6c5e0d709fafe01bfa46f773401d9c9b6d7e40283c73.jpeg,https://vcvxfhzpakyfzfhmkfpv.supabase.co/storage/v1/object/public/photos/8df05ee183b8b92b7f1f6c5e0d709fafe01bfa46f773401d9c9b6d7e40283c73.jpeg,646663,1536,2048,46.5627697560809,14.2897176370025,2024-08-29 14:25:17+00,100,compliant,"[""DEPTH_OK"",""RULER_OK"",""DUCT_OK"",""UNOBSTRUCTED_OK"",""LENGTH_OK""]","[""WARNING_TAPE_MISSING"",""BEDDING_MISSING""]","[""far_from_waypoint:2m"",""gps_from_overlay"",""address:J. Lutschounigstraße 2, 9161 Maria Rain, Austria"",""overlay:29.08.2024 14:25:17 | 46.56277901N 14.2896981E | J. Lutschounigstraße 2, 9161 Maria Rain, Австрия"",""unknown_trench:SDIRouteSection_128499131393_1729492272"",""original_gps:46.562779,14.289698"",""snapped:1.8m"",""WARNING_TAPE_MISSING"",""BEDDING_MISSING""]",Ensure warning tape and sand bedding are visible in future photos.,65,true,true,false,true,true,flagged,,,2026-05-16 20:32:20.674178+00,2026-05-16 20:32:20.494+00,,3ae34aad-bd16-4191-9793-310202def4f0,,850747f2-be54-4acf-902c-d095d5a7c525,0,1_WhatsApp Image 2024-08-29 at 18_22_23.jpeg
4dc467f4-568d-46df-b15c-c5fed850b7a3,9d0589e4d39691cb089b722d74951a9ec34853d5842336ce8af6d0bcefef0323,04a51b666dbcf8412ab0104e993b062c11860ebb73777381019dd3d98f26d519.jpeg,https://vcvxfhzpakyfzfhmkfpv.supabase.co/storage/v1/object/public/photos/04a51b666dbcf8412ab0104e993b062c11860ebb73777381019dd3d98f26d519.jpeg,428413,1536,2048,46.5557515504415,14.2928104861905,2024-09-14 12:08:24+00,100,compliant,"[""DEPTH_OK"",""RULER_OK"",""DUCT_OK"",""UNOBSTRUCTED_OK"",""LENGTH_OK""]","[""WARNING_TAPE_MISSING"",""BEDDING_MISSING""]","[""far_from_waypoint:1m"",""gps_from_overlay"",""address:Kirschnerstraße 18, 9161 Maria Rain, Austria"",""overlay:14.09.2024 12:08:24 | 46.55574927N 14.29280177E | Kirschnerstraße 18, 9161 Maria Rain, Австрия"",""unknown_trench:SDIRouteSection_105847894529_1702990331"",""original_gps:46.555749,14.292802"",""snapped:0.7m"",""WARNING_TAPE_MISSING"",""BEDDING_MISSING""]",Maintain clear visibility of trench features for documentation.,85,true,true,false,true,true,flagged,,,2026-05-16 22:24:08.202889+00,2026-05-16 22:24:08.083+00,,d51622c0-9035-40dd-a54b-1d9e263f9ca3,,850747f2-be54-4acf-902c-d095d5a7c525,1,1_WhatsApp Image 2024-09-14 at 14_56_34 (1).jpeg
50a54677-04f2-428d-8b20-18ff7ce11989,294debc4a00de99e3ba73df66fff0ac7daa87278d4d7de28e3a70c74705ea26a,364c158d973f9a36f8d340ec085d2c153f2c36869c484af23a8943022d9a4fe4.jpeg,https://vcvxfhzpakyfzfhmkfpv.supabase.co/storage/v1/object/public/photos/364c158d973f9a36f8d340ec085d2c153f2c36869c484af23a8943022d9a4fe4.jpeg,794369,1536,2048,46.5564368241576,14.2947927117348,2024-09-10 14:10:36+00,60,needs_review,"[""DUCT_OK"",""UNOBSTRUCTED_OK"",""LENGTH_OK""]","[""RULER_MISSING"",""DEPTH_UNREADABLE"",""WARNING_TAPE_MISSING"",""BEDDING_MISSING""]","[""far_from_waypoint:2m"",""gps_from_address"",""address:9 Nelkenweg, Maria Rain, Klagenfurt-Land, Kärnten, Austria"",""overlay:10 сент. 2024 г. 14:10:36 | 9 Nelkenweg | Maria Rain | Klagenfurt-Land | Kärnten"",""unknown_trench:SDIRouteSection_106110109185_1702991043"",""original_gps:46.556446,14.294770"",""snapped:2.0m"",""RULER_MISSING"",""DEPTH_UNREADABLE"",""WARNING_TAPE_MISSING"",""BEDDING_MISSING""]",Include a depth ruler in the next photo.,,false,false,false,true,true,flagged,,,2026-05-16 22:20:24.298448+00,2026-05-16 22:20:24.188+00,,d51622c0-9035-40dd-a54b-1d9e263f9ca3,,850747f2-be54-4acf-902c-d095d5a7c525,4,1_WhatsApp Image 2024-09-10 at 19_48_50.jpeg
52168e28-1ce7-419f-89f3-52ac2765fc3b,896b23bc4b7b45b12ced997ab9e474ac659efb48e7a26592da728a80f25d27d5,0d21ea62f577068ccd5186bbc79252b90435134a196a3e3f641766d6fd2c97e2.jpeg,https://vcvxfhzpakyfzfhmkfpv.supabase.co/storage/v1/object/public/photos/0d21ea62f577068ccd5186bbc79252b90435134a196a3e3f641766d6fd2c97e2.jpeg,365263,1200,1600,46.5551333667803,14.292930966102,2024-09-16 10:57:27+00,98,compliant,"[""DEPTH_OK"",""RULER_OK"",""DUCT_OK"",""UNOBSTRUCTED_OK"",""LENGTH_OK""]","[""WARNING_TAPE_MISSING"",""BEDDING_MISSING""]","[""far_from_waypoint:5m"",""gps_from_overlay"",""address:Kirschnerstraße 22, 9161 Maria Rain, Austria"",""overlay:16.09.2024 10:57:27 | 46.5550916N 14.29290365E | Kirschnerstraße 22, 9161 Maria Rain, Австрия"",""unknown_trench:SDIRouteSection_105487200769_1702990084"",""original_gps:46.555092,14.292904"",""snapped:5.1m"",""WARNING_TAPE_MISSING"",""BEDDING_MISSING""]",Ensure warning tape and sand bedding are visible in future documentation photos.,85,true,true,false,true,true,flagged,,,2026-05-16 22:25:30.176456+00,2026-05-16 22:25:30.038+00,,5453a8ca-d0ed-4292-a8b3-2ac3e87f7749,,850747f2-be54-4acf-902c-d095d5a7c525,3,1_WhatsApp Image 2024-09-16 at 17_04_10.jpeg
54c3df59-23d0-4edd-95e5-67fd084ebef2,f26061f4bd03982f9a2c933df1d972620a556702a665b93492e3ef06c148b9e7,be00bab38385820b094a80c4413f3a74f1271c32c2725e46a86ae5a89ffe85a3.jpeg,https://vcvxfhzpakyfzfhmkfpv.supabase.co/storage/v1/object/public/photos/be00bab38385820b094a80c4413f3a74f1271c32c2725e46a86ae5a89ffe85a3.jpeg,612888,1536,2048,46.5557515504415,14.2928104861905,2024-09-14 12:08:42+00,95,compliant,"[""DEPTH_OK"",""RULER_OK"",""DUCT_OK"",""UNOBSTRUCTED_OK""]","[""WARNING_TAPE_MISSING"",""BEDDING_MISSING""]","[""far_from_waypoint:1m"",""gps_from_overlay"",""address:Kirschnerstraße 18, 9161 Maria Rain, Austria"",""overlay:14.09.2024 12:08:42 | 46.55574607N 14.29280724E | Kirschnerstraße 18, 9161 Maria Rain, Австрия"",""unknown_trench:SDIRouteSection_105847894529_1702990331"",""original_gps:46.555746,14.292807"",""snapped:0.7m"",""WARNING_TAPE_MISSING"",""BEDDING_MISSING""]",Good photo quality and clear measurements; continue to document progress this way.,85,true,true,false,true,true,flagged,,,2026-05-16 22:24:25.273475+00,2026-05-16 22:24:25.142+00,,d51622c0-9035-40dd-a54b-1d9e263f9ca3,,850747f2-be54-4acf-902c-d095d5a7c525,1,1_WhatsApp Image 2024-09-14 at 14_56_34.jpeg
5516773a-49b8-4149-8f58-ef2938d7ba57,ab01d63a16b060642be69bf4a2554006eec8aea7c2756f61faadada613fd4612,d6a73393a0f9a6072066f0c7c0498fc0a3a9237b8590f022ff2d30a427156230.jpeg,https://vcvxfhzpakyfzfhmkfpv.supabase.co/storage/v1/object/public/photos/d6a73393a0f9a6072066f0c7c0498fc0a3a9237b8590f022ff2d30a427156230.jpeg,319646,1200,1600,46.5582880615725,14.289178675177,2024-09-04 10:10:28+00,60,needs_review,"[""DUCT_OK"",""PIPE_ENDS_OK"",""UNOBSTRUCTED_OK""]","[""WARNING_TAPE_MISSING"",""BEDDING_MISSING"",""DEPTH_UNREADABLE"",""NO_RULER""]","[""far_from_waypoint:5m"",""gps_from_address"",""address:8 Schulweg, Maria Rain, Klagenfurt-Land, Kärnten"",""overlay:4 сент. 2024 г. 10:10:28 | 8 Schulweg | Maria Rain | Klagenfurt-Land | Kärnten"",""unknown_trench:SDIRouteSection_104515833089_1734339755"",""original_gps:46.558249,14.289149"",""snapped:4.9m"",""WARNING_TAPE_MISSING"",""BEDDING_MISSING"",""DEPTH_UNREADABLE"",""NO_RULER""]",Include a depth reference for the next photo.,,false,false,false,true,true,flagged,,,2026-05-16 20:47:15.01077+00,2026-05-16 20:47:14.976+00,,b45e1be7-dd78-4e30-be7c-de24fae75117,,850747f2-be54-4acf-902c-d095d5a7c525,3,1_WhatsApp Image 2024-09-04 at 17_11_25.jpeg
553dccd1-558e-42c9-afeb-c2a2de4f9d65,35feb23ac9632a14deee54babd8e39237a19596d69612260fc3beb018b7d0e0d,c08632c8d2c50bd1b102ed8147ac4888eb0df41928c0af78065bbaf383ae4be2.jpg,https://vcvxfhzpakyfzfhmkfpv.supabase.co/storage/v1/object/public/photos/c08632c8d2c50bd1b102ed8147ac4888eb0df41928c0af78065bbaf383ae4be2.jpg,2262846,3000,4000,46.5656085637055,14.2875628592446,2024-07-31 16:02:00+00,65,needs_review,"[""DUCT_OK"",""UNOBSTRUCTED_OK"",""LENGTH_OK""]","[""DEPTH_UNREADABLE"",""BEDDING_MISSING"",""PIPE_ENDS_NOT_VISIBLE""]","[""far_from_waypoint:1m"",""gps_from_overlay"",""address:9 Elsterweg, Maria Rain, Klagenfurt-Land, Kärnten"",""overlay:31.07.2024 16:02 | 46°33'56,226\""N 14°17'15,222\""E | 9 Elsterweg | Maria Rain | Klagenfurt-Land | Kärnten"",""unknown_trench:SDIRouteSection_146084339457_1729242812"",""original_gps:46.565618,14.287562"",""snapped:1.1m"",""DEPTH_UNREADABLE"",""BEDDING_MISSING"",""PIPE_ENDS_NOT_VISIBLE""]",Include a depth ruler and show sand bedding in the next photo.,,false,false,false,true,true,flagged,,,2026-05-16 20:17:04.468032+00,2026-05-16 20:17:04.448+00,,6687f8b7-b408-46a7-98a3-64bf8edc4386,,850747f2-be54-4acf-902c-d095d5a7c525,0,1_IMG-20240731-WA0029.jpg
556ae492-7dbf-44bb-a65b-1bedaf09c51e,0a84f49a5a087e1dc81942e649bba57f2aed3338fe89bc4081e6b3ff7738277d,bd2566e7cbbc4cb2b4e32f2a9a6e9d6b1d20103bcce4edd5de08b34fafb4c624.jpeg,https://vcvxfhzpakyfzfhmkfpv.supabase.co/storage/v1/object/public/photos/bd2566e7cbbc4cb2b4e32f2a9a6e9d6b1d20103bcce4edd5de08b34fafb4c624.jpeg,363748,960,1280,46.5570735973035,14.2911066859228,2024-09-03 13:47:47+00,65,needs_review,"[""RULER_OK"",""DUCT_OK"",""UNOBSTRUCTED_OK"",""LENGTH_OK""]","[""DEPTH_UNREADABLE"",""WARNING_TAPE_MISSING"",""BEDDING_MISSING""]","[""far_from_waypoint:1m"",""gps_from_address"",""address:5 Birkenweg, Maria Rain, Klagenfurt-Land, Kärnten, Austria"",""overlay:3 сент. 2024 г. 13:47:47 | 5 Birkenweg | Maria Rain | Klagenfurt-Land | Kärnten"",""unknown_trench:SDIRouteSection_108783610369_1702994229"",""original_gps:46.557076,14.291089"",""snapped:1.4m"",""DEPTH_UNREADABLE"",""WARNING_TAPE_MISSING"",""BEDDING_MISSING""]",Ensure depth ruler is legible and warning tape/bedding are visible in the next photo.,,false,true,false,true,true,flagged,,,2026-05-16 22:18:46.271494+00,2026-05-16 22:18:46.158+00,,d51622c0-9035-40dd-a54b-1d9e263f9ca3,,850747f2-be54-4acf-902c-d095d5a7c525,5,1_WhatsApp Image 2024-09-03 at 19_12_45.jpeg
55c93258-9d96-4efb-822e-e756d36fcfa3,c00ec4957fd6a4a915f7b1f2ea91efdb93d5417d8df4a84f068bc178485e073c,d43cb27b70856dcfbc415688b2a723ce9bc4e13552d20ffba1ff66b0e5238941.jpg,https://vcvxfhzpakyfzfhmkfpv.supabase.co/storage/v1/object/public/photos/d43cb27b70856dcfbc415688b2a723ce9bc4e13552d20ffba1ff66b0e5238941.jpg,724422,1536,2048,46.5708724,14.2900821,2024-08-14 12:42:49+00,,,,,"[""off_site"",""off_site:556m"",""gps_from_address"",""address:50 Angersbichl, Klagenfurt-Land, Kärnten"",""overlay:14 авг. 2024 г. 12:42:49 | 50 Angersbichl | Klagenfurt-Land | Kärnten""]",,,,,,,,flagged,,,2026-05-16 20:18:00.835906+00,,,,,850747f2-be54-4acf-902c-d095d5a7c525,,1_IMG-20240814-WA0045.jpg
56071f01-8501-4355-a1d9-5e66a9d0d4b3,736e53f76bab4a2e600e8535eb8a1579675146678967d0e250007f154f999d6e,736e53f76bab4a2e600e8535eb8a1579675146678967d0e250007f154f999d6e.jpeg,https://vcvxfhzpakyfzfhmkfpv.supabase.co/storage/v1/object/public/photos/736e53f76bab4a2e600e8535eb8a1579675146678967d0e250007f154f999d6e.jpeg,730772,1536,2048,46.5577337102961,14.2980351763057,2024-09-20 12:10:49+00,60,needs_review,"[""DUCT_OK"",""PIPE_ENDS_OK"",""UNOBSTRUCTED_OK"",""LENGTH_OK""]","[""NO_DEPTH_REFERENCE"",""WARNING_TAPE_MISSING"",""BEDDING_MISSING""]","[""gps_from_address"",""address:2 Rautenweg, Maria Rain, Klagenfurt-Land, Kärnten, Austria"",""overlay:20 сент. 2024 г. 12:10:49 | 2 Rautenweg | Maria Rain | Klagenfurt-Land | Kärnten"",""unknown_trench:SDIRouteSection_145805128449_1729583469"",""original_gps:46.557737,14.298026"",""snapped:0.8m"",""NO_DEPTH_REFERENCE"",""WARNING_TAPE_MISSING"",""BEDDING_MISSING""]",Include a depth reference and warning tape in the next photo.,,false,false,false,true,true,needs_review,,,2026-05-16 23:00:52.001068+00,2026-05-16 23:00:51.833+00,,38d66506-7083-4c41-adae-9c9a8be34abf,,850747f2-be54-4acf-902c-d095d5a7c525,3,1_WhatsApp Image 2024-09-20 at 19_36_22.jpeg
566ed4a7-2ecb-4ab7-b4fe-4050105703e5,ca43e063c32b9ce0cf42194fffe3de7cb864b9370fe6a2747684c9f3044a3506,dd1a473e1d003dee99f9cf0d220253bb76af12ae00274a0d7d2f2c75ae7fafa0.jpeg,https://vcvxfhzpakyfzfhmkfpv.supabase.co/storage/v1/object/public/photos/dd1a473e1d003dee99f9cf0d220253bb76af12ae00274a0d7d2f2c75ae7fafa0.jpeg,327376,1200,1600,46.5549651317025,14.2929538203639,2024-09-16 10:57:21+00,65,needs_review,"[""RULER_OK"",""DUCT_OK"",""UNOBSTRUCTED_OK"",""LENGTH_OK""]","[""DEPTH_UNREADABLE"",""WARNING_TAPE_MISSING"",""BEDDING_MISSING""]","[""far_from_waypoint:8m"",""gps_from_overlay"",""address:Kirschnerstraße 22, 9161 Maria Rain, Austria"",""overlay:16.09.2024 10:57:21 | 46.555026N 14.29291057E | Kirschnerstraße 22, 9161 Maria Rain Австрия"",""unknown_trench:SDIRouteSection_123162663169_1729575769"",""original_gps:46.555026,14.292911"",""snapped:7.5m"",""DEPTH_UNREADABLE"",""WARNING_TAPE_MISSING"",""BEDDING_MISSING""]",Include a clear depth measurement in the next photo and ensure warning tape and bedding are visible.,,false,true,false,true,true,flagged,,,2026-05-16 22:25:30.180404+00,2026-05-16 22:25:30.055+00,,5453a8ca-d0ed-4292-a8b3-2ac3e87f7749,,850747f2-be54-4acf-902c-d095d5a7c525,3,1_WhatsApp Image 2024-09-16 at 17_04_10 (1).jpeg
5740be48-1b46-4d16-b00b-b6e4d0b2d1f9,cf651687d913a73430fb31403aa7d48b9a36eeaa5262132de9d0fa4c84029296,cf651687d913a73430fb31403aa7d48b9a36eeaa5262132de9d0fa4c84029296.jpeg,https://vcvxfhzpakyfzfhmkfpv.supabase.co/storage/v1/object/public/photos/cf651687d913a73430fb31403aa7d48b9a36eeaa5262132de9d0fa4c84029296.jpeg,752805,1536,2048,46.5578362786915,14.2984323317668,2024-09-20 14:51:16+00,60,needs_review,"[""DUCT_OK"",""UNOBSTRUCTED_OK"",""LENGTH_OK""]","[""DEPTH_UNREADABLE"",""WARNING_TAPE_MISSING"",""BEDDING_MISSING""]","[""gps_from_address"",""address:7 Rautenweg, Maria Rain, Klagenfurt-Land, Kärnten"",""overlay:20 сент. 2024 г. 14:51:16 | 7 Rautenweg | Maria Rain | Klagenfurt-Land | Kärnten"",""unknown_trench:SDIRouteSection_109706515713_1702994820"",""original_gps:46.557837,14.298433"",""snapped:0.1m"",""DEPTH_UNREADABLE"",""WARNING_TAPE_MISSING"",""BEDDING_MISSING""]",Include a depth reference and warning tape in the next photo.,,false,false,false,true,true,needs_review,,,2026-05-16 23:00:39.69147+00,2026-05-16 23:00:39.325+00,,38d66506-7083-4c41-adae-9c9a8be34abf,,850747f2-be54-4acf-902c-d095d5a7c525,4,1_WhatsApp Image 2024-09-20 at 19_36_14.jpeg
58909195-f15b-4005-a75d-c1ac3ab80501,4a5fc61c73bcc74ad3fd66295dc903336d477aeffbd32f95dc36e4b2c37e2a9d,604e03d6ea5aeb709ce18a264c88fc12086953188da1039a0dbb51373088f74f.jpeg,https://vcvxfhzpakyfzfhmkfpv.supabase.co/storage/v1/object/public/photos/604e03d6ea5aeb709ce18a264c88fc12086953188da1039a0dbb51373088f74f.jpeg,265997,1080,1440,46.558065860277,14.2898663319647,2024-09-04 18:25:36+00,98,compliant,"[""DEPTH_OK"",""RULER_OK"",""BEDDING_OK"",""DUCT_OK"",""UNOBSTRUCTED_OK"",""LENGTH_OK""]","[""WARNING_TAPE_MISSING""]","[""far_from_waypoint:3m"",""gps_from_overlay"",""address:9 Schulweg, Maria Rain, Klagenfurt-Land 9161, Austria"",""overlay:04.09.2024 18:25:36 | 46°33'29,07534\""N 14°17'23,41318\""E | 9 Schulweg | Maria Rain, Klagenfurt-Land 9161 | Австрия"",""unknown_trench:SDIRouteSection_111928735745_1702996611"",""original_gps:46.558076,14.289837"",""snapped:2.5m"",""WARNING_TAPE_MISSING""]",Ensure warning tape is clearly visible in future documentation photos.,75,true,true,true,true,true,flagged,,,2026-05-16 22:19:38.428839+00,2026-05-16 22:19:38.307+00,,b45e1be7-dd78-4e30-be7c-de24fae75117,,850747f2-be54-4acf-902c-d095d5a7c525,0,1_WhatsApp Image 2024-09-04 at 22_33_37.jpeg
59800fee-a70c-405c-ac1a-3a4740d7803d,b328f729cec7f26e17ec9eb412232caf02d395170a80d9ec1025aa4ce3f4c592,ffb0c411c03015f3f8e5af7df888e53966010bb8c8d30238560fd3f95794275d.jpeg,https://vcvxfhzpakyfzfhmkfpv.supabase.co/storage/v1/object/public/photos/ffb0c411c03015f3f8e5af7df888e53966010bb8c8d30238560fd3f95794275d.jpeg,287062,1200,1600,46.5556153711784,14.2928211204708,2024-09-16 10:44:02+00,65,needs_review,"[""BEDDING_OK"",""DUCT_OK"",""UNOBSTRUCTED_OK"",""LENGTH_OK""]","[""RULER_MISSING"",""WARNING_TAPE_MISSING""]","[""far_from_waypoint:2m"",""gps_from_overlay"",""address:Kirschnerstraße 18, 9161 Maria Rain, Austria"",""overlay:16.09.2024 10:44:02 | 46.55562372N 14.2928474E | Kirschnerstraße 18, 9161 Maria Rain, Австрия"",""unknown_trench:SDIRouteSection_129814224385_1729578542"",""original_gps:46.555624,14.292847"",""snapped:2.2m"",""RULER_MISSING"",""WARNING_TAPE_MISSING""]",Include a depth measurement ruler in the next photo to show trench depth.,,false,false,true,true,true,flagged,,,2026-05-16 22:25:40.325605+00,2026-05-16 22:25:40.174+00,,d51622c0-9035-40dd-a54b-1d9e263f9ca3,,850747f2-be54-4acf-902c-d095d5a7c525,1,1_WhatsApp Image 2024-09-16 at 17_04_12.jpeg
5a684bc9-3802-48e5-a3e8-ec6ea5811759,031a27a61d7f634687e6f45be8a107a47bf2d4ddfac7160f8f890fa468e284d5,630cffcce30eac1fd4d4f309094f828a34f2d96a8d7e98ea92a23d20e3f934f8.jpeg,https://vcvxfhzpakyfzfhmkfpv.supabase.co/storage/v1/object/public/photos/630cffcce30eac1fd4d4f309094f828a34f2d96a8d7e98ea92a23d20e3f934f8.jpeg,838823,1536,2048,46.5828306,14.2828032,2024-08-26 12:49:27+00,,,,,"[""off_site"",""off_site:1868m"",""gps_from_address"",""address:76 Bundesstraße, Lambichl, Klagenfurt-Land, Kärnten, Austria"",""overlay:26 авг. 2024 г. 12:49:27 | 76 Bundesstraße | Lambichl | Klagenfurt-Land | Kärnten""]",,,,,,,,flagged,,,2026-05-16 20:30:17.678169+00,,,,,850747f2-be54-4acf-902c-d095d5a7c525,,1_WhatsApp Image 2024-08-26 at 18_18_40 (2).jpeg
5b5957c5-751a-4d32-a8d1-8cb2c212d16b,0b3d0f58a8811b66d4dc07b138e524c5ad20f62e0ab7c7950c22c698aaa8813f,f281c3d44f2b0339b399b5c1d7fc55c1dd214ce5a9a7e241b7cb36cb46ab0b5d.jpeg,https://vcvxfhzpakyfzfhmkfpv.supabase.co/storage/v1/object/public/photos/f281c3d44f2b0339b399b5c1d7fc55c1dd214ce5a9a7e241b7cb36cb46ab0b5d.jpeg,154751,1200,1600,46.5616200140179,14.2882526479661,2024-09-04 12:54:54+00,20,non_compliant,"[""UNOBSTRUCTED_OK""]","[""NO_CABLES_VISIBLE""]","[""far_from_waypoint:3m"",""gps_from_overlay"",""address:Toppelsdorferstraße 8, 9161 Maria Rain, Austria"",""overlay:04.09.2024 12:54:54 | 46.56158887N 14.28824899E | Toppelsdorferstraße 8, 9161 Maria Rain, Австрия"",""unknown_trench:SDIRouteSection_165943194625_1729505322"",""original_gps:46.561589,14.288249"",""snapped:3.5m"",""NO_CABLES_VISIBLE""]",Reshoot when cables/ducts are laid in the trench.,,false,false,false,false,true,flagged,,,2026-05-16 20:46:05.39006+00,2026-05-16 20:46:05.347+00,,3ae34aad-bd16-4191-9793-310202def4f0,,850747f2-be54-4acf-902c-d095d5a7c525,0,1_WhatsApp Image 2024-09-04 at 17_09_33.jpeg
5b864271-801e-40be-8f6d-51d2f43ddd9d,7744b23ad984ec4fd80cc8269b0e382143889bc662f0c03e43ebcf823f24c854,bf7ffc670c9a24f9dce7abefc0d992d769feb019bf08d9a8b682da0cff28a99d.jpeg,https://vcvxfhzpakyfzfhmkfpv.supabase.co/storage/v1/object/public/photos/bf7ffc670c9a24f9dce7abefc0d992d769feb019bf08d9a8b682da0cff28a99d.jpeg,597819,1536,2048,46.5623422320691,14.2899563702709,2024-08-27 15:08:13+00,60,needs_review,"[""DUCT_OK"",""PIPE_ENDS_OK"",""UNOBSTRUCTED_OK"",""LENGTH_OK""]","[""RULER_MISSING"",""DEPTH_UNREADABLE"",""WARNING_TAPE_MISSING"",""BEDDING_MISSING""]","[""far_from_waypoint:1m"",""gps_from_address"",""address:8 Meisenweg, Maria Rain, Klagenfurt-Land, Kärnten"",""overlay:27 авг. 2024 г. 15:08:13 | 8 Meisenweg | Maria Rain | Klagenfurt-Land | Kärnten"",""unknown_trench:SDIRouteSection_162785380353_1729503821"",""original_gps:46.562343,14.289947"",""snapped:0.7m"",""RULER_MISSING"",""DEPTH_UNREADABLE"",""WARNING_TAPE_MISSING"",""BEDDING_MISSING""]",Include a depth reference and warning tape in the next photo.,,false,false,false,true,true,flagged,,,2026-05-16 20:30:54.701212+00,2026-05-16 20:30:54.68+00,,3ae34aad-bd16-4191-9793-310202def4f0,,850747f2-be54-4acf-902c-d095d5a7c525,3,1_WhatsApp Image 2024-08-27 at 18_01_34.jpeg
5c3a39e0-ae7e-417c-ba3e-a0e2a0553148,27834832416f755a22315430c608d833c441ae7c03f0f1531da1df5088a91956,8a75328064b3bae37ce0c8987c43e61917fd3ffbb1e6254a4d0cd88acc3257e6.jpeg,https://vcvxfhzpakyfzfhmkfpv.supabase.co/storage/v1/object/public/photos/8a75328064b3bae37ce0c8987c43e61917fd3ffbb1e6254a4d0cd88acc3257e6.jpeg,301928,1200,1600,46.5589306,14.3026687,2024-09-16 12:49:19+00,,,,,"[""off_site"",""off_site:346m"",""gps_from_overlay"",""address:Kirschnerstraße 14, 9161 Maria Rain, Austria"",""overlay:16.09.2024 12:49:19 | 46.5589306N 14.3026687E | Kirschnerstraße 14, 9161 Maria Rain, Австрия""]",,,,,,,,flagged,,,2026-05-16 22:24:40.311852+00,,,,,850747f2-be54-4acf-902c-d095d5a7c525,,1_WhatsApp Image 2024-09-16 at 17_04_06.jpeg
5cc85ca7-83ed-4b34-a922-4d0d03eca38a,238e6e946ad4c7efa10ab76fb36a79b2913dbb53bc8344846bbfe21bf5e151e7,0ddb96d03ee4174157086a11908c95eb03b6731e598e5705b16bb4849c6a4e62.jpeg,https://vcvxfhzpakyfzfhmkfpv.supabase.co/storage/v1/object/public/photos/0ddb96d03ee4174157086a11908c95eb03b6731e598e5705b16bb4849c6a4e62.jpeg,403451,1200,1600,46.5560862153452,14.2925357166678,2024-09-16 11:38:18+00,60,needs_review,"[""DUCT_OK"",""UNOBSTRUCTED_OK"",""LENGTH_OK""]","[""RULER_MISSING"",""DEPTH_UNREADABLE"",""WARNING_TAPE_MISSING"",""BEDDING_MISSING""]","[""far_from_waypoint:6m"",""gps_from_overlay"",""overlay:16.09.2024 11:38:18 | 46.55608751N 14.29246138E"",""unknown_trench:SDIRouteSection_128598987521_1729577955"",""original_gps:46.556088,14.292461"",""snapped:5.7m"",""RULER_MISSING"",""DEPTH_UNREADABLE"",""WARNING_TAPE_MISSING"",""BEDDING_MISSING""]",Include a clear depth reference in the next photo and ensure warning tape is visible.,,false,false,false,true,true,flagged,,,2026-05-16 22:25:06.358908+00,2026-05-16 22:25:06.225+00,,d51622c0-9035-40dd-a54b-1d9e263f9ca3,,850747f2-be54-4acf-902c-d095d5a7c525,0,1_WhatsApp Image 2024-09-16 at 17_04_08 (2).jpeg
5f442f96-3a0f-4b85-b0b4-fddfe50ddcbf,b24f8eb5ccd503776acb5641590a1273fd473fc68226d3c60c97e9e6a2590746,56317228d8e5952ca7ff34b1c8a3477b9e394b1930b3a19b6611c887729c9eeb.jpeg,https://vcvxfhzpakyfzfhmkfpv.supabase.co/storage/v1/object/public/photos/56317228d8e5952ca7ff34b1c8a3477b9e394b1930b3a19b6611c887729c9eeb.jpeg,344882,1200,1600,46.5616804907757,14.2883394323053,2024-09-04 13:47:44+00,60,needs_review,"[""DUCT_OK"",""UNOBSTRUCTED_OK"",""LENGTH_OK""]","[""DEPTH_UNREADABLE"",""WARNING_TAPE_MISSING"",""BEDDING_MISSING""]","[""far_from_waypoint:1m"",""gps_from_overlay"",""address:Toppelsdorferstraße 8, 9161 Maria Rain, Austria"",""overlay:04.09.2024 13:47:44 | 46.56168467N 14.28834782E | Toppelsdorferstraße 8, 9161 Maria Rain, Австрия"",""unknown_trench:SDIRouteSection_165951291905_1729505345"",""original_gps:46.561685,14.288348"",""snapped:0.8m"",""DEPTH_UNREADABLE"",""WARNING_TAPE_MISSING"",""BEDDING_MISSING""]",Include a depth reference and ensure warning tape/bedding are visible in the next photo.,,false,false,false,true,true,flagged,,,2026-05-16 20:45:12.097642+00,2026-05-16 20:45:12.017+00,,3ae34aad-bd16-4191-9793-310202def4f0,,850747f2-be54-4acf-902c-d095d5a7c525,1,1_WhatsApp Image 2024-09-04 at 17_09_30 (1).jpeg
5fcd112e-2198-4111-bde3-d7fae7070164,b8cb404806768308f521c3ec34166eb70d5603eb5d71cdbb1cb0bcfabded18e7,7d52a426b5b9fa37bcdb92451d72f01d889b1726cd0bece6aa82671a47fe5a06.jpeg,https://vcvxfhzpakyfzfhmkfpv.supabase.co/storage/v1/object/public/photos/7d52a426b5b9fa37bcdb92451d72f01d889b1726cd0bece6aa82671a47fe5a06.jpeg,421769,1200,1600,46.5582880615725,14.289178675177,2024-09-04 10:24:05+00,65,needs_review,"[""UNOBSTRUCTED_OK"",""LENGTH_OK""]","[""DEPTH_UNREADABLE"",""BEDDING_MISSING"",""DUCTS_NOT_CLEARLY_VISIBLE""]","[""far_from_waypoint:5m"",""gps_from_address"",""address:8 Schulweg, Maria Rain, Klagenfurt-Land, Kärnten"",""overlay:4 сент. 2024 г. 10:24:05 | 8 Schulweg | Maria Rain | Klagenfurt-Land | Kärnten"",""unknown_trench:SDIRouteSection_104515833089_1734339755"",""original_gps:46.558249,14.289149"",""snapped:4.9m"",""DEPTH_UNREADABLE"",""BEDDING_MISSING"",""DUCTS_NOT_CLEARLY_VISIBLE""]",Add a depth ruler and ensure ducts are clearly visible in the next photo.,,false,false,false,false,true,flagged,,,2026-05-16 20:46:37.152469+00,2026-05-16 20:46:37.097+00,,b45e1be7-dd78-4e30-be7c-de24fae75117,,850747f2-be54-4acf-902c-d095d5a7c525,3,1_WhatsApp Image 2024-09-04 at 17_11_24 (1).jpeg
6114f537-c100-4ead-b060-df5ff66ac46c,e581b183b6efd621d4b1804e6d41f38d0527fe0ed171c39da1ed15a0e936d0c5,1bfe527b92a06d26e75e93d1319adf6afc5cf326facea97c974549553aecbce5.jpeg,https://vcvxfhzpakyfzfhmkfpv.supabase.co/storage/v1/object/public/photos/1bfe527b92a06d26e75e93d1319adf6afc5cf326facea97c974549553aecbce5.jpeg,733234,1536,2048,46.5623422320691,14.2899563702709,2024-08-27 15:08:35+00,65,needs_review,"[""DUCT_OK"",""UNOBSTRUCTED_OK"",""LENGTH_OK""]","[""RULER_MISSING"",""BEDDING_MISSING""]","[""far_from_waypoint:1m"",""gps_from_address"",""address:8 Meisenweg, Maria Rain, Klagenfurt-Land, Kärnten, Austria"",""overlay:27 авг. 2024 г. 15:08:35 | 8 Meisenweg | Maria Rain | Klagenfurt-Land | Kärnten"",""unknown_trench:SDIRouteSection_162785380353_1729503821"",""original_gps:46.562343,14.289947"",""snapped:0.7m"",""RULER_MISSING"",""BEDDING_MISSING""]",Include a depth measurement ruler in the next photo and ensure bedding is visible.,,false,false,false,true,true,flagged,,,2026-05-16 20:30:52.861387+00,2026-05-16 20:30:52.825+00,,3ae34aad-bd16-4191-9793-310202def4f0,,850747f2-be54-4acf-902c-d095d5a7c525,3,1_WhatsApp Image 2024-08-27 at 18_01_33.jpeg
619394b0-fbfb-4c73-bc2b-74530fa2d344,a5f48d5f06b5eaa74d4900655f85321d96e2cd55bf110111a42b1f227a4be033,19e3797911ebf3e07754a484501fb10837869d93d750483e7f3d91e3e6338fed.jpeg,https://vcvxfhzpakyfzfhmkfpv.supabase.co/storage/v1/object/public/photos/19e3797911ebf3e07754a484501fb10837869d93d750483e7f3d91e3e6338fed.jpeg,435249,1200,1600,46.5533351572747,14.291672213003,2024-09-25 13:59:12+00,20,non_compliant,"[""UNOBSTRUCTED_OK"",""LENGTH_OK""]","[""NO_CABLES_VISIBLE"",""DEPTH_UNREADABLE"",""WARNING_TAPE_MISSING"",""BEDDING_MISSING""]","[""gps_from_overlay"",""address:7 Dahlienweg, Maria Rain, Klagenfurt-Land, Kärnten, Austria"",""overlay:25 сент. 2024 г. 13:59:12 | 46.55332721N 14.29163576E ±3,79m | 7 Dahlienweg | Maria Rain | Klagenfurt-Land | Kärnten"",""unknown_trench:SDIRouteSection_120307647489_1729574733"",""original_gps:46.553327,14.291636"",""snapped:2.9m"",""NO_CABLES_VISIBLE"",""DEPTH_UNREADABLE"",""WARNING_TAPE_MISSING"",""BEDDING_MISSING""]",Reshoot when cables/ducts are laid and include a depth reference.,,false,false,false,false,true,flagged,,,2026-05-16 22:33:42.301158+00,2026-05-16 22:33:42.155+00,,5453a8ca-d0ed-4292-a8b3-2ac3e87f7749,,850747f2-be54-4acf-902c-d095d5a7c525,1,1_WhatsApp Image 2024-09-25 at 20_46_21.jpeg
6205346f-a811-4ec0-9bbd-27bb0b0a9b96,d7691175437ec14edb8653db3ebee80da479df4185a2c69ebbfb82b5b4d001d6,f3ad5a1200585459fbd7de5277a1e2dae83f84e9002c8eca9f66951c2703227f.jpeg,https://vcvxfhzpakyfzfhmkfpv.supabase.co/storage/v1/object/public/photos/f3ad5a1200585459fbd7de5277a1e2dae83f84e9002c8eca9f66951c2703227f.jpeg,610643,1536,2048,46.5557551544643,14.2928882697578,2024-09-14 12:19:28+00,95,compliant,"[""DEPTH_OK"",""RULER_OK"",""DUCT_OK"",""UNOBSTRUCTED_OK"",""LENGTH_OK""]","[""WARNING_TAPE_MISSING"",""BEDDING_MISSING""]","[""far_from_waypoint:3m"",""gps_from_overlay"",""address:Kirschnerstraße 18, 9161 Maria Rain, Austria"",""overlay:14.09.2024 12:19:28 | 46.55573153N 14.29286136E | Kirschnerstraße 18, 9161 Maria Rain, Австрия"",""unknown_trench:SDIRouteSection_128693134849_1729578040"",""original_gps:46.555732,14.292861"",""snapped:3.3m"",""WARNING_TAPE_MISSING"",""BEDDING_MISSING""]","Ensure sand bedding is visible if used, and warning tape is included in future photos.",85,true,true,false,true,true,flagged,,,2026-05-16 22:23:54.586983+00,2026-05-16 22:23:54.47+00,,d51622c0-9035-40dd-a54b-1d9e263f9ca3,,850747f2-be54-4acf-902c-d095d5a7c525,1,1_WhatsApp Image 2024-09-14 at 14_56_28 (1).jpeg
67d5ad7f-e2d7-4848-97c0-e9870f436bf7,973d39817bdc8fb32512e08e7a3dee69ad6e676d17a989d9fa7b76dd8f5c894d,973d39817bdc8fb32512e08e7a3dee69ad6e676d17a989d9fa7b76dd8f5c894d.jpeg,https://vcvxfhzpakyfzfhmkfpv.supabase.co/storage/v1/object/public/photos/973d39817bdc8fb32512e08e7a3dee69ad6e676d17a989d9fa7b76dd8f5c894d.jpeg,134550,720,720,46.5535027344236,14.2926150014841,2024-09-24 11:48:13+00,65,needs_review,"[""DUCT_OK"",""PIPE_ENDS_OK"",""UNOBSTRUCTED_OK"",""LENGTH_OK""]","[""DEPTH_UNREADABLE"",""BEDDING_MISSING""]","[""gps_from_address"",""address:Dahlienweg 2, 9161 Maria Rain, Austria"",""overlay:24.09.2024, 11:48:13 | Dahlienweg 2 | 9161 Мария-Райн | Австрия"",""unknown_trench:SDIRouteSection_146708825345_0"",""original_gps:46.553516,14.292623"",""snapped:1.6m"",""DEPTH_UNREADABLE"",""BEDDING_MISSING""]",Include a depth reference and ensure proper bedding in the next photo.,,false,false,false,true,true,needs_review,,,2026-05-16 23:02:34.691512+00,2026-05-16 23:02:34.495+00,,5453a8ca-d0ed-4292-a8b3-2ac3e87f7749,,850747f2-be54-4acf-902c-d095d5a7c525,5,1_WhatsApp Image 2024-09-24 at 18_59_47 (1).jpeg
6837e5b8-d730-4552-8dbb-2ba234f25da8,5ebad05bbee9561e1486f52edabdd203912076154fd5a858cda066263783aa59,11c596ffbca43e539fb4ad805f229862a57a47e17ec648ca4a5f42f26a24cb8b.jpeg,https://vcvxfhzpakyfzfhmkfpv.supabase.co/storage/v1/object/public/photos/11c596ffbca43e539fb4ad805f229862a57a47e17ec648ca4a5f42f26a24cb8b.jpeg,656958,1536,2048,46.5638945780933,14.2887014150845,2024-08-26 12:22:22+00,70,needs_review,"[""RULER_OK"",""BEDDING_OK"",""DUCT_OK"",""UNOBSTRUCTED_OK"",""LENGTH_OK""]","[""DEPTH_UNREADABLE""]","[""far_from_waypoint:5m"",""gps_from_address"",""address:5 Kleiberweg, Maria Rain, Klagenfurt-Land, Kärnten, Austria"",""overlay:26 авг. 2024 г. 12:22:22 | 5 Kleiberweg | Maria Rain | Klagenfurt-Land | Kärnten"",""unknown_trench:SDIRouteSection_56886474241_0"",""original_gps:46.563858,14.288662"",""snapped:5.0m"",""DEPTH_UNREADABLE""]","Include a clear, readable depth measurement in the next photo.",,false,true,true,true,true,flagged,,,2026-05-16 20:30:41.699951+00,2026-05-16 20:30:41.667+00,,6687f8b7-b408-46a7-98a3-64bf8edc4386,,850747f2-be54-4acf-902c-d095d5a7c525,2,1_WhatsApp Image 2024-08-26 at 18_18_42.jpeg
692758bc-5777-420f-af5c-7889df1ea665,a2829c1790ad4b410d12d009d4bcec30f71bbb7161461aac4382f28e7174342c,a2829c1790ad4b410d12d009d4bcec30f71bbb7161461aac4382f28e7174342c.jpeg,https://vcvxfhzpakyfzfhmkfpv.supabase.co/storage/v1/object/public/photos/a2829c1790ad4b410d12d009d4bcec30f71bbb7161461aac4382f28e7174342c.jpeg,418632,1080,1440,46.5536697022379,14.2917965166271,2024-09-25 11:21:44+00,95,compliant,"[""DEPTH_OK"",""RULER_OK"",""DUCT_OK"",""PIPE_ENDS_OK"",""UNOBSTRUCTED_OK"",""LENGTH_OK""]","[""BEDDING_MISSING""]","[""gps_from_overlay"",""address:9 Dahlienweg, Maria Rain, Klagenfurt-Land 9161, Austria"",""overlay:25.09.2024 11:21:44 | 46°33'13,154\""N 14°17'30,50444\""E | 9 Dahlienweg | Maria Rain, Klagenfurt-Land 9161 | Австрия"",""unknown_trench:SDIRouteSection_122215076353_1729575313"",""original_gps:46.553654,14.291807"",""snapped:1.9m"",""BEDDING_MISSING""]",Ensure sand bedding is applied around the ducts.,85,true,true,false,true,true,compliant,,,2026-05-16 23:04:12.312955+00,2026-05-16 23:04:12.121+00,,5453a8ca-d0ed-4292-a8b3-2ac3e87f7749,,850747f2-be54-4acf-902c-d095d5a7c525,1,1_WhatsApp Image 2024-09-25 at 20_58_20 (2).jpeg
6aa98cad-ea84-4ed5-9fcd-21d6580f31f9,3a7eb1c6756542667f7f01da6bf484f505f0bf2fedbf5a1514f5ef31f82ab6e6,55e302a7088a0017c1dbc58cd628efea53700d7410485fe83d5a7b6c8aac6572.jpeg,https://vcvxfhzpakyfzfhmkfpv.supabase.co/storage/v1/object/public/photos/55e302a7088a0017c1dbc58cd628efea53700d7410485fe83d5a7b6c8aac6572.jpeg,735751,1536,2048,46.5638945780933,14.2887014150845,2024-08-26 15:27:38+00,25,non_compliant,"[""RULER_OK"",""UNOBSTRUCTED_OK"",""LENGTH_OK""]","[""NO_CABLES_VISIBLE""]","[""far_from_waypoint:5m"",""gps_from_address"",""address:5 Kleiberweg, Maria Rain, Klagenfurt-Land, Kärnten"",""overlay:26 авг. 2024 г. 15:27:38 | 5 Kleiberweg | Maria Rain | Klagenfurt-Land | Kärnten"",""unknown_trench:SDIRouteSection_56886474241_0"",""original_gps:46.563858,14.288662"",""snapped:5.0m"",""NO_CABLES_VISIBLE""]",Ensure cables or ducts are visible in the trench for documentation.,,false,true,false,false,true,flagged,,,2026-05-16 20:29:43.952348+00,2026-05-16 20:29:43.919+00,,6687f8b7-b408-46a7-98a3-64bf8edc4386,,850747f2-be54-4acf-902c-d095d5a7c525,2,1_WhatsApp Image 2024-08-26 at 18_18_37.jpeg
6aac570c-f05e-4cb0-b823-52e43f0285a9,67d022b3a2b65a09cf59b47978b1e028346c9bf47ee25c7f28c4a6b43d20be48,dff1fd9bc426f4a92d12cfd714a36f0c470d76667e76afe95162c9c7294d6256.jpeg,https://vcvxfhzpakyfzfhmkfpv.supabase.co/storage/v1/object/public/photos/dff1fd9bc426f4a92d12cfd714a36f0c470d76667e76afe95162c9c7294d6256.jpeg,286691,1200,1600,46.5618711727851,14.2885322682559,2024-09-04 13:43:01+00,60,needs_review,"[""DUCT_OK"",""UNOBSTRUCTED_OK"",""LENGTH_OK""]","[""DEPTH_UNREADABLE"",""RULER_MISSING"",""WARNING_TAPE_MISSING"",""BEDDING_MISSING""]","[""far_from_waypoint:3m"",""gps_from_overlay"",""address:Toppelsdorferstraße 12, 9161 Maria Rain, Austria"",""overlay:04.09.2024 13:43:01 | 46.56185009N 14.28851367E | Toppelsdorferstraße 12, 9161 Maria Rain, Австрия"",""unknown_trench:SDIRouteSection_78865403137_0"",""original_gps:46.561850,14.288514"",""snapped:2.7m"",""DEPTH_UNREADABLE"",""RULER_MISSING"",""WARNING_TAPE_MISSING"",""BEDDING_MISSING""]",Include a depth reference (ruler or tape) in the trench for the next photo.,,false,false,false,true,true,flagged,,,2026-05-16 20:45:40.01164+00,2026-05-16 20:45:39.948+00,,3ae34aad-bd16-4191-9793-310202def4f0,,850747f2-be54-4acf-902c-d095d5a7c525,0,1_WhatsApp Image 2024-09-04 at 17_09_31 (2).jpeg
6ace9be5-a626-4389-b13a-ebb43fb10e58,487c23b58cbd39d8ec4e5ca15f29785162c9288301a4a77399714c676adb3c01,a44af026d22009a5bd4f5d6a36bc5b48d7deb36b58cb869983172b1309fe6f41.jpeg,https://vcvxfhzpakyfzfhmkfpv.supabase.co/storage/v1/object/public/photos/a44af026d22009a5bd4f5d6a36bc5b48d7deb36b58cb869983172b1309fe6f41.jpeg,701915,1536,2048,46.5828306,14.2828032,2024-08-26 12:49:23+00,,,,,"[""off_site"",""off_site:1868m"",""gps_from_address"",""address:76 Bundesstraße, Lambichl, Klagenfurt-Land, Kärnten"",""overlay:26 авг. 2024 г. 12:49:23 | 76 Bundesstraße | Lambichl | Klagenfurt-Land | Kärnten""]",,,,,,,,flagged,,,2026-05-16 20:30:18.747224+00,,,,,850747f2-be54-4acf-902c-d095d5a7c525,,1_WhatsApp Image 2024-08-26 at 18_18_41.jpeg
6c4d69e0-ad04-454a-9c7f-3002aec8fb57,00e837b54bd0d73195f131e4b1cb6de994f2a3d495915418cf09837b492a3973,330ea6258ada0bba3ca1d7dd28e46a00c6b149010d1343b29f7afe7900612e25.jpeg,https://vcvxfhzpakyfzfhmkfpv.supabase.co/storage/v1/object/public/photos/330ea6258ada0bba3ca1d7dd28e46a00c6b149010d1343b29f7afe7900612e25.jpeg,256274,1200,1600,46.5557482846353,14.2927427496761,2024-09-13 14:21:06+00,55,needs_review,"[""DUCT_OK"",""UNOBSTRUCTED_OK"",""LENGTH_OK""]","[""SIDE_VIEW_MISSING"",""DEPTH_UNREADABLE"",""RULER_MISSING"",""WARNING_TAPE_MISSING"",""BEDDING_MISSING""]","[""far_from_waypoint:2m"",""gps_from_overlay"",""address:Kirscherstraße 22, 9161 Maria Rain, Austria"",""overlay:13.09.2024 14:21:06 | 46.55575123N 14.29271212E | Kirscherstraße 22, 9161 Maria Rain, Австрия"",""unknown_trench:SDIRouteSection_129074070529_1729578267"",""original_gps:46.555751,14.292712"",""snapped:2.4m"",""SIDE_VIEW_MISSING"",""DEPTH_UNREADABLE"",""RULER_MISSING"",""WARNING_TAPE_MISSING"",""BEDDING_MISSING""]","Reshoot with a clear side view of the trench, showing cables, and include a depth ruler.",,false,false,false,true,true,flagged,,,2026-05-16 22:23:18.085476+00,2026-05-16 22:23:17.971+00,,d51622c0-9035-40dd-a54b-1d9e263f9ca3,,850747f2-be54-4acf-902c-d095d5a7c525,1,1_WhatsApp Image 2024-09-13 at 17_38_11 (3).jpeg
6d05d531-2ea9-45f3-97be-2f1279847d0a,86baeaaafa99f165f1daa0c03b89690d7f6625a682607cb31fe780e0f63b96ac,81c2bc36dac49815dccf96434c24dd29f2ab1c05d81961e5bbc977ed15f8b41d.jpg,https://vcvxfhzpakyfzfhmkfpv.supabase.co/storage/v1/object/public/photos/81c2bc36dac49815dccf96434c24dd29f2ab1c05d81961e5bbc977ed15f8b41d.jpg,314459,1200,1600,46.5646267668352,14.2895943343784,2024-08-13 11:32:26+00,100,compliant,"[""DEPTH_OK"",""RULER_OK"",""DUCT_OK"",""UNOBSTRUCTED_OK"",""LENGTH_OK""]","[""WARNING_TAPE_MISSING"",""BEDDING_MISSING""]","[""far_from_waypoint:3m"",""gps_from_address"",""address:10 Fasanstraße, Maria Rain, Klagenfurt-Land, Kärnten"",""overlay:13 авг. 2024 г. 11:32:26 | 10 Fasanstraße | Maria Rain | Klagenfurt-Land | Kärnten"",""unknown_trench:SDIRouteSection_114300475137_1703077970"",""original_gps:46.564636,14.289627"",""snapped:2.7m"",""WARNING_TAPE_MISSING"",""BEDDING_MISSING""]",Ensure warning tape and sand bedding are visible in future documentation photos.,65,true,true,false,true,true,flagged,,,2026-05-16 20:18:00.469816+00,2026-05-16 20:18:00.442+00,,6687f8b7-b408-46a7-98a3-64bf8edc4386,,850747f2-be54-4acf-902c-d095d5a7c525,5,1_IMG-20240813-WA0036.jpg
6f8d4944-c705-473f-b973-7ebe77e5ee6e,69970f1bd725bca90291f7ab6b8ab590af5849f62c8d3d82baa285cfd5b80dec,445340859676d9d3e3dc045324f03544acaeeb402b6d672f2c9d64cc49b6ba6a.jpeg,https://vcvxfhzpakyfzfhmkfpv.supabase.co/storage/v1/object/public/photos/445340859676d9d3e3dc045324f03544acaeeb402b6d672f2c9d64cc49b6ba6a.jpeg,731379,1536,2048,46.5633207063021,14.2889706409801,2024-08-26 11:41:53+00,100,compliant,"[""DEPTH_OK"",""RULER_OK"",""BEDDING_OK"",""DUCT_OK"",""UNOBSTRUCTED_OK"",""LENGTH_OK""]",,"[""far_from_waypoint:4m"",""gps_from_address"",""address:1 Kleiberweg, Maria Rain, Klagenfurt-Land, Kärnten, Austria"",""overlay:26 авг. 2024 г. 11:41:53 | 1 Kleiberweg | Maria Rain | Klagenfurt-Land | Kärnten"",""unknown_trench:SDIRouteSection_115450851585_0"",""original_gps:46.563288,14.288981"",""snapped:3.7m""]",Documentation is excellent; continue with this level of detail.,60,true,true,true,true,true,flagged,,,2026-05-16 20:30:36.292292+00,2026-05-16 20:30:36.242+00,,6687f8b7-b408-46a7-98a3-64bf8edc4386,,850747f2-be54-4acf-902c-d095d5a7c525,2,1_WhatsApp Image 2024-08-26 at 18_18_42 (1).jpeg
70f88a25-e284-437b-8b7b-ec96cd7cb934,c093c5fc8bb3811f1d19077a8cc34dc6e067f282cec8ffb34b3e3d0124b5f3cb,6078e4a85ff4e0e9d7fb3190b7cca49d9935f81a098654ad38d746b2bb5691cb.jpeg,https://vcvxfhzpakyfzfhmkfpv.supabase.co/storage/v1/object/public/photos/6078e4a85ff4e0e9d7fb3190b7cca49d9935f81a098654ad38d746b2bb5691cb.jpeg,612745,1536,2048,46.5560944575313,14.2925645504147,2024-09-11 13:28:06+00,60,needs_review,"[""DUCT_OK"",""UNOBSTRUCTED_OK"",""LENGTH_OK""]","[""WARNING_TAPE_MISSING"",""BEDDING_MISSING"",""RULER_MISSING"",""DEPTH_UNREADABLE""]","[""far_from_waypoint:2m"",""gps_from_overlay"",""address:Kirschnerstraße 14, 9161 Maria Rain, Austria"",""overlay:11.09.2024 13:28:06 | 46.55609877N 14.29259533E | Kirschnerstraße 14, 9161 Maria Rain, Австрия"",""unknown_trench:SDIRouteSection_128575110145_1729577939"",""original_gps:46.556099,14.292595"",""snapped:2.4m"",""WARNING_TAPE_MISSING"",""BEDDING_MISSING"",""RULER_MISSING"",""DEPTH_UNREADABLE""]",Include a depth reference and ensure warning tape is visible in the next photo.,,false,false,false,true,true,flagged,,,2026-05-16 22:21:20.011221+00,2026-05-16 22:21:19.887+00,,d51622c0-9035-40dd-a54b-1d9e263f9ca3,,850747f2-be54-4acf-902c-d095d5a7c525,0,1_WhatsApp Image 2024-09-11 at 18_44_12.jpeg
7146c5ed-4365-4fe5-a986-67114162ed90,7cd4860d62b35e4c9ac666931e18ebddcd97c4618a7f2c0329f885c0277fe0c5,7cd4860d62b35e4c9ac666931e18ebddcd97c4618a7f2c0329f885c0277fe0c5.jpeg,https://vcvxfhzpakyfzfhmkfpv.supabase.co/storage/v1/object/public/photos/7cd4860d62b35e4c9ac666931e18ebddcd97c4618a7f2c0329f885c0277fe0c5.jpeg,361071,1200,1600,46.5544676678039,14.2930529639125,2024-09-19 11:52:47+00,60,needs_review,"[""DUCT_OK"",""UNOBSTRUCTED_OK"",""LENGTH_OK""]","[""WARNING_TAPE_MISSING"",""BEDDING_MISSING"",""DEPTH_UNREADABLE""]","[""gps_from_overlay"",""address:Dahlienweg 14, 9161 Maria Rain, Austria"",""overlay:19.09.2024 11:52:47 | 46.55446887N 14.29306652E | Dahlienweg 14, 9161 Maria Rain, Австрия"",""unknown_trench:SDIRouteSection_125070449153_1729576570"",""original_gps:46.554469,14.293067"",""snapped:1.0m"",""WARNING_TAPE_MISSING"",""BEDDING_MISSING"",""DEPTH_UNREADABLE""]",Position a depth ruler clearly against the trench wall in the next photo.,,false,false,false,true,true,needs_review,,,2026-05-16 22:59:56.448966+00,2026-05-16 22:59:56.263+00,,5453a8ca-d0ed-4292-a8b3-2ac3e87f7749,,850747f2-be54-4acf-902c-d095d5a7c525,0,1_WhatsApp Image 2024-09-19 at 17_22_58 (2).jpeg
7167b9d5-205a-41ca-9bbb-6ea0ad95f9b0,a9f4f6cc04d13d7dc8c0b90b6e599fd5f218c0a007c95d7b6b3286ac5655d574,19edf4136c27f9d4e04bafac3fa444a0d0bff0577f4220fd737ba5376d185df4.jpeg,https://vcvxfhzpakyfzfhmkfpv.supabase.co/storage/v1/object/public/photos/19edf4136c27f9d4e04bafac3fa444a0d0bff0577f4220fd737ba5376d185df4.jpeg,515404,1536,2048,46.5564543458932,14.2950488626957,2024-09-10 14:04:20+00,60,needs_review,"[""DUCT_OK"",""PIPE_ENDS_OK"",""UNOBSTRUCTED_OK"",""LENGTH_OK""]","[""DEPTH_UNREADABLE"",""WARNING_TAPE_MISSING"",""BEDDING_MISSING""]","[""far_from_waypoint:1m"",""gps_from_address"",""address:5 Nelkenweg, Maria Rain, Klagenfurt-Land, Kärnten"",""overlay:10 сент. 2024 г. 14:04:20 | 5 Nelkenweg | Maria Rain | Klagenfurt-Land | Kärnten"",""unknown_trench:SDIRouteSection_149700587009_1729585151"",""original_gps:46.556448,14.295040"",""snapped:1.0m"",""DEPTH_UNREADABLE"",""WARNING_TAPE_MISSING"",""BEDDING_MISSING""]",Include a depth ruler and ensure warning tape and bedding are visible in the next photo.,,false,false,false,true,true,flagged,,,2026-05-16 22:20:09.281818+00,2026-05-16 22:20:09.142+00,,d51622c0-9035-40dd-a54b-1d9e263f9ca3,,850747f2-be54-4acf-902c-d095d5a7c525,3,1_WhatsApp Image 2024-09-10 at 19_48_50 (2).jpeg
74661bcd-0b85-4ed7-bfa9-a4f8bb7b7f06,e434a80cad7c95535e17dac3fa2227192d953cc8268c1c0bca63778c2f69f683,e434a80cad7c95535e17dac3fa2227192d953cc8268c1c0bca63778c2f69f683.jpeg,https://vcvxfhzpakyfzfhmkfpv.supabase.co/storage/v1/object/public/photos/e434a80cad7c95535e17dac3fa2227192d953cc8268c1c0bca63778c2f69f683.jpeg,405994,1440,1080,46.5536697022379,14.2917965166271,2024-09-25 11:04:57+00,92,compliant,"[""DEPTH_OK"",""RULER_OK"",""DUCT_OK"",""UNOBSTRUCTED_OK"",""LENGTH_OK""]","[""WARNING_TAPE_MISSING"",""BEDDING_MISSING""]","[""gps_from_overlay"",""address:11 Dahlienweg, Maria Rain, Klagenfurt-Land 9161, Austria"",""overlay:25.09.2024 11:04:57 | 46°33'13,30513\""N 14°17'30,48349\""E | 11 Dahlienweg | Maria Rain, Klagenfurt-Land 9161 | Австрия"",""unknown_trench:SDIRouteSection_122215076353_1729575313"",""original_gps:46.553696,14.291801"",""snapped:2.9m"",""WARNING_TAPE_MISSING"",""BEDDING_MISSING""]",Ensure warning tape and bedding material are visible in the next photo.,115,true,true,false,true,true,compliant,,,2026-05-16 23:04:03.133258+00,2026-05-16 23:04:02.951+00,,5453a8ca-d0ed-4292-a8b3-2ac3e87f7749,,850747f2-be54-4acf-902c-d095d5a7c525,1,1_WhatsApp Image 2024-09-25 at 20_58_20 (1).jpeg
7730c8e0-7217-4f48-8533-3f4afd95406f,4a5fc61c73bcc74ad3fd66295dc903336d477aeffbd32f95dc36e4b2c37e2a9d,e93e6b3e0043b02701f602783336769a8a11ed9fd3257ec4b70b588bb7b564fe.jpeg,https://vcvxfhzpakyfzfhmkfpv.supabase.co/storage/v1/object/public/photos/e93e6b3e0043b02701f602783336769a8a11ed9fd3257ec4b70b588bb7b564fe.jpeg,265997,1080,1440,46.558065860277,14.2898663319647,2024-09-04 18:25:36+00,70,needs_review,"[""RULER_OK"",""BEDDING_OK"",""DUCT_OK"",""UNOBSTRUCTED_OK"",""LENGTH_OK""]","[""WARNING_TAPE_MISSING"",""DEPTH_UNREADABLE""]","[""far_from_waypoint:3m"",""gps_from_overlay"",""address:9 Schulweg, Maria Rain, Klagenfurt-Land 9161, Austria"",""overlay:04.09.2024 18:25:36 | 46°33'29,07534\""N 14°17'23,41318\""E | 9 Schulweg | Maria Rain, Klagenfurt-Land 9161 | Австрия"",""unknown_trench:SDIRouteSection_111928735745_1702996611"",""original_gps:46.558076,14.289837"",""snapped:2.5m"",""WARNING_TAPE_MISSING"",""DEPTH_UNREADABLE""]",Ensure the depth reference is clearly readable in the next photo.,,false,true,true,true,true,flagged,,,2026-05-16 20:49:02.880088+00,2026-05-16 20:49:02.831+00,,b45e1be7-dd78-4e30-be7c-de24fae75117,,850747f2-be54-4acf-902c-d095d5a7c525,0,1_WhatsApp Image 2024-09-04 at 22_33_37.jpeg
79bdf869-1466-4ff5-9f6b-ace1a3ceebaa,9e552f5d7619f4d3c9901e7e72cfb6a29bf59e95b7a65b0ca9319d1f50e57aba,490af64e7215e16700945e9b47422dbd1fea9fd11fd68eba5ce42b0b4e05dfe0.jpeg,https://vcvxfhzpakyfzfhmkfpv.supabase.co/storage/v1/object/public/photos/490af64e7215e16700945e9b47422dbd1fea9fd11fd68eba5ce42b0b4e05dfe0.jpeg,307395,899,1599,46.5529822790814,14.2920701741216,2024-09-24 15:31:40+00,95,compliant,"[""RULER_OK"",""DUCT_OK"",""UNOBSTRUCTED_OK"",""LENGTH_OK""]","[""DEPTH_TOO_SHALLOW"",""BEDDING_MISSING""]","[""far_from_waypoint:7m"",""gps_from_overlay"",""address:3 Dahlienweg, Maria Rain, Klagenfurt-Land, Kärnten"",""overlay:24.09.2024 15:31:40.0 | 46.55303801N 14.29210842E | Kaiserhütte A | +3,79m | 3 Dahlienweg | Maria Rain | Klagenfurt-Land | Kärnten"",""unknown_trench:SDIRouteSection_121220144897_1729574934"",""original_gps:46.553038,14.292108"",""snapped:6.9m"",""DEPTH_TOO_SHALLOW"",""BEDDING_MISSING""]",Ensure adequate depth of 60cm or more for ducts and add sand bedding.,55,false,true,false,true,true,flagged,,,2026-05-16 22:33:25.812144+00,2026-05-16 22:33:25.675+00,,5453a8ca-d0ed-4292-a8b3-2ac3e87f7749,,850747f2-be54-4acf-902c-d095d5a7c525,1,1_WhatsApp Image 2024-09-24 at 19_51_40.jpeg
7a7cc863-0ff3-458e-8f57-9e972672ab23,fa854b83a37738d46a085d70db04b7b1e2b7bc594cdb425415ba8b166a7e5595,32ba1c2d3564afc3e28107295502ff96d17b263784044f4b751b8baba37b1dcf.jpeg,https://vcvxfhzpakyfzfhmkfpv.supabase.co/storage/v1/object/public/photos/32ba1c2d3564afc3e28107295502ff96d17b263784044f4b751b8baba37b1dcf.jpeg,343217,1080,1440,46.5580660347482,14.2898664755728,2024-09-04 18:25:43+00,100,compliant,"[""DEPTH_OK"",""RULER_OK"",""DUCT_OK"",""UNOBSTRUCTED_OK"",""LENGTH_OK""]","[""WARNING_TAPE_MISSING"",""BEDDING_MISSING""]","[""far_from_waypoint:3m"",""gps_from_overlay"",""address:9 Schulweg, Maria Rain, Klagenfurt-Land 9161, Austria"",""overlay:04.09.2024 18:25:43 | 46°33'29,09118\""N 14°17'23,37486\""E | 9 Schulweg | Maria Rain, Klagenfurt-Land 9161 | Австрия"",""unknown_trench:SDIRouteSection_107208238849_1708076607"",""original_gps:46.558081,14.289826"",""snapped:3.5m"",""WARNING_TAPE_MISSING"",""BEDDING_MISSING""]",Ensure warning tape and sand bedding are visible in future photos.,65,true,true,false,true,true,flagged,,,2026-05-16 20:48:24.299097+00,2026-05-16 20:48:24.12+00,,b45e1be7-dd78-4e30-be7c-de24fae75117,,850747f2-be54-4acf-902c-d095d5a7c525,1,1_WhatsApp Image 2024-09-04 at 22_33_36 (4).jpeg
7b40a1ca-93e9-44f7-90d4-9df9fe005c22,5d1ecf1eda30ca73cd0e5de96a6ce048fef531e1891c11eb7535e73075886532,5d1ecf1eda30ca73cd0e5de96a6ce048fef531e1891c11eb7535e73075886532.jpeg,https://vcvxfhzpakyfzfhmkfpv.supabase.co/storage/v1/object/public/photos/5d1ecf1eda30ca73cd0e5de96a6ce048fef531e1891c11eb7535e73075886532.jpeg,392024,1440,1080,46.5536697022379,14.2917965166271,2024-09-25 11:23:03+00,95,compliant,"[""RULER_OK"",""BEDDING_OK"",""DUCT_OK"",""UNOBSTRUCTED_OK""]","[""DEPTH_TOO_SHALLOW""]","[""gps_from_overlay"",""address:9 Dahlienweg, Maria Rain, Klagenfurt-Land 9161, Austria"",""overlay:25.09.2024 11:23:03 | 46°33'13,12589\""N 14°17'30,50894\""E | 9 Dahlienweg | Maria Rain, Klagenfurt-Land 9161 | Австрия"",""unknown_trench:SDIRouteSection_122215076353_1729575313"",""original_gps:46.553646,14.291808"",""snapped:2.8m"",""DEPTH_TOO_SHALLOW""]",Ensure minimum depth of 60cm is met.,50,false,true,true,true,true,compliant,,,2026-05-16 23:04:25.583617+00,2026-05-16 23:04:25.217+00,,5453a8ca-d0ed-4292-a8b3-2ac3e87f7749,,850747f2-be54-4acf-902c-d095d5a7c525,1,1_WhatsApp Image 2024-09-25 at 20_58_22 (1).jpeg
7c7e5eef-1c9c-4e86-912b-65bac14f755d,06a57d7a586c1afe7f3dd236b2719a1697a9ffe72dc7d9bfc216c3de1ad7a962,06a57d7a586c1afe7f3dd236b2719a1697a9ffe72dc7d9bfc216c3de1ad7a962.jpeg,https://vcvxfhzpakyfzfhmkfpv.supabase.co/storage/v1/object/public/photos/06a57d7a586c1afe7f3dd236b2719a1697a9ffe72dc7d9bfc216c3de1ad7a962.jpeg,728957,1080,1920,46.5525455907059,14.2919339798391,2024-09-24 12:24:00+00,65,needs_review,"[""UNOBSTRUCTED_OK"",""LENGTH_OK""]","[""DEPTH_UNREADABLE"",""BEDDING_MISSING""]","[""gps_from_overlay"",""address:Narzissenweg, Maria Rain, 9161, Carinthia, Austria"",""overlay:Maria Rain,Carinthia, Austria | Narzissenweg, Maria Rain, 9161, Carinthia, | Austria | Lat 46.552538, Long 14.291943 | 09/24/2024 12:24 PM GMT+02:00 | Note : Captured by GPS Map Camera"",""unknown_trench:SDIRouteSection_122409365505_1729575411"",""original_gps:46.552538,14.291943"",""snapped:1.1m"",""DEPTH_UNREADABLE"",""BEDDING_MISSING""]",Include a depth measurement tool in the next photo and ensure bedding is visible if present.,,false,false,false,false,true,needs_review,,,2026-05-16 23:02:27.721958+00,2026-05-16 23:02:27.541+00,,5453a8ca-d0ed-4292-a8b3-2ac3e87f7749,,850747f2-be54-4acf-902c-d095d5a7c525,0,1_WhatsApp Image 2024-09-24 at 18_25_06.jpeg
7f08b9e1-5a92-4406-9da1-9ea5efdd3d27,2a3e7357e7df4b4076bc69f96077015f4e2715b68b73a9ece3c409cc4d0ed82c,48b59a5e4e619389ab53c5825f39d5eaa3b002dde8dae058466a2b4b85f6022e.jpeg,https://vcvxfhzpakyfzfhmkfpv.supabase.co/storage/v1/object/public/photos/48b59a5e4e619389ab53c5825f39d5eaa3b002dde8dae058466a2b4b85f6022e.jpeg,311557,960,1280,46.5571049515237,14.2908176779533,2024-09-03 14:00:33+00,25,non_compliant,"[""DEPTH_OK"",""RULER_OK"",""UNOBSTRUCTED_OK"",""LENGTH_OK""]","[""NO_CABLES_VISIBLE""]","[""far_from_waypoint:3m"",""gps_from_address"",""address:3 Birkenweg, Maria Rain, Klagenfurt-Land, Kärnten, Austria"",""overlay:3 сент. 2024 г. 14:00:33 | 3 Birkenweg | Maria Rain | Klagenfurt-Land | Kärnten"",""unknown_trench:SDIRouteSection_127220406017_0"",""original_gps:46.557135,14.290819"",""snapped:3.4m"",""NO_CABLES_VISIBLE""]",Ensure cables or ducts are visible inside the trench in the next photo.,140,true,true,false,false,true,flagged,,,2026-05-16 20:44:34.972413+00,2026-05-16 20:44:34.945+00,,d51622c0-9035-40dd-a54b-1d9e263f9ca3,,850747f2-be54-4acf-902c-d095d5a7c525,5,1_WhatsApp Image 2024-09-03 at 19_12_45 (3).jpeg
812ab047-ff8f-4e8a-abbd-bbc05b870499,caa9069c5dc2887031ee3d371e04de01794d9cdfee2789c0c6607852e70050c2,9ebe1b148c49f85dd39bd0c3c0f95a784c2c287989cfef2c321e31b3eb651018.jpeg,https://vcvxfhzpakyfzfhmkfpv.supabase.co/storage/v1/object/public/photos/9ebe1b148c49f85dd39bd0c3c0f95a784c2c287989cfef2c321e31b3eb651018.jpeg,404147,1200,1600,46.5554156545523,14.2929471842945,2024-09-16 12:43:13+00,65,needs_review,"[""RULER_OK"",""DUCT_OK"",""PIPE_ENDS_OK"",""UNOBSTRUCTED_OK"",""LENGTH_OK""]","[""WARNING_TAPE_MISSING"",""BEDDING_MISSING"",""DEPTH_UNREADABLE""]","[""far_from_waypoint:4m"",""gps_from_overlay"",""address:Kirschnerstraße 7, 9161 Maria Rain, Austria"",""overlay:16.09.2024 12:43:13 | 46.55544054N 14.29299109E | Kirschnerstraße 7, 9161 Maria Rain, Австрия"",""unknown_trench:SDIRouteSection_129768541185_1729578515"",""original_gps:46.555441,14.292991"",""snapped:4.4m"",""WARNING_TAPE_MISSING"",""BEDDING_MISSING"",""DEPTH_UNREADABLE""]",Ensure depth measurement is clearly readable in the next photo.,,false,true,false,true,true,flagged,,,2026-05-16 22:24:53.489799+00,2026-05-16 22:24:53.374+00,,d51622c0-9035-40dd-a54b-1d9e263f9ca3,,850747f2-be54-4acf-902c-d095d5a7c525,1,1_WhatsApp Image 2024-09-16 at 17_04_07.jpeg
81608b2d-dec9-4c3d-858a-b4b745b898fd,bb6a528353da84ef7ec37d03e1033e06fc3734aea6667b9bbd3286f5bb2ae4cb,daef5368dc6d829afc0b78f16d1bec19ebb45d34be83d836b7fbf266d3362b8a.jpeg,https://vcvxfhzpakyfzfhmkfpv.supabase.co/storage/v1/object/public/photos/daef5368dc6d829afc0b78f16d1bec19ebb45d34be83d836b7fbf266d3362b8a.jpeg,263690,1200,1600,46.5624379233509,14.285033779839,2024-09-04 13:25:08+00,60,needs_review,"[""DUCT_OK"",""PIPE_ENDS_OK"",""UNOBSTRUCTED_OK"",""LENGTH_OK""]","[""WARNING_TAPE_MISSING"",""BEDDING_MISSING"",""DEPTH_UNREADABLE""]","[""far_from_waypoint:8m"",""gps_from_address"",""address:11a Bahnhofstraße, Maria Rain, Klagenfurt-Land, Kärnten"",""overlay:4 сент. 2024 г. 13:25:08 | 11a Bahnhofstraße | Maria Rain | Klagenfurt-Land | Kärnten"",""unknown_trench:SDIRouteSection_104642305281_1708074522"",""original_gps:46.562403,14.285130"",""snapped:8.3m"",""WARNING_TAPE_MISSING"",""BEDDING_MISSING"",""DEPTH_UNREADABLE""]",Include a depth ruler and ensure warning tape and bedding are visible in the next photo.,,false,false,false,true,true,flagged,,,2026-05-16 20:46:23.305806+00,2026-05-16 20:46:23.271+00,,3ae34aad-bd16-4191-9793-310202def4f0,,850747f2-be54-4acf-902c-d095d5a7c525,6,1_WhatsApp Image 2024-09-04 at 17_11_23 (2).jpeg
823fac13-cd64-433f-bc05-aef80d3f4454,821c9456ed770c9f0c7f82ddc7ee69e76db90d57792a2e95ef61f86f0572ee42,28e83c8b8f61efe4129de2d2df7ab66cbc7c81384bbee3f30d9d8f25b89b4bda.jpeg,https://vcvxfhzpakyfzfhmkfpv.supabase.co/storage/v1/object/public/photos/28e83c8b8f61efe4129de2d2df7ab66cbc7c81384bbee3f30d9d8f25b89b4bda.jpeg,596338,1080,1920,46.557277169446,14.2954511940479,2024-05-09 10:13:00+00,95,compliant,"[""DEPTH_OK"",""RULER_OK"",""DUCT_OK"",""UNOBSTRUCTED_OK"",""LENGTH_OK""]","[""WARNING_TAPE_MISSING"",""BEDDING_MISSING""]","[""far_from_waypoint:1m"",""gps_from_overlay"",""address:Wulfeniaweg, Maria Rain, 9161, Carinthia, Austria"",""overlay:Maria Rain, Carinthia, Austria | Wulfeniaweg, Maria Rain, 9161, Carinthia, Austria | Lat 46.557280, Long 14.295463 | 09/05/2024 10:13 AM GMT+02:00 | Note : Captured by GPS Map Camera"",""unknown_trench:SDIRouteSection_108338809601_1650888583"",""original_gps:46.557280,14.295463"",""snapped:1.0m"",""WARNING_TAPE_MISSING"",""BEDDING_MISSING""]",Maintain clear documentation of trench depth and cable placement.,60,true,true,false,true,true,flagged,,,2026-05-16 20:50:08.691771+00,2026-05-16 20:50:08.65+00,,d51622c0-9035-40dd-a54b-1d9e263f9ca3,,850747f2-be54-4acf-902c-d095d5a7c525,1,1_WhatsApp Image 2024-09-05 at 20_18_05.jpeg
82746cb6-cb30-43cf-9ead-9577d1fc50cd,2d09ef387a4ce4e8a62c2b0768a1a591e03127b5a7c844639949d0bda0e40170,783356006812e28dcf3a3ded0d521ea857cc116db201ec3e61542290fc9e610e.jpeg,https://vcvxfhzpakyfzfhmkfpv.supabase.co/storage/v1/object/public/photos/783356006812e28dcf3a3ded0d521ea857cc116db201ec3e61542290fc9e610e.jpeg,430139,1080,1920,46.5533994841369,14.2928792908788,2024-09-23 14:34:27+00,20,non_compliant,"[""DEPTH_OK"",""RULER_OK"",""UNOBSTRUCTED_OK"",""LENGTH_OK""]","[""NO_CABLES_VISIBLE""]","[""gps_from_overlay"",""address:10 Kirschnerstraße, Maria Rain, Klagenfurt-Land, Kärnten"",""overlay:23.09.2024 14:34:27.8 | 46.55340831N 14.29286803E | 10 Kirschnerstraße | Maria Rain | Klagenfurt-Land | Kärnten"",""unknown_trench:SDIRouteSection_121697750785_1729575116"",""original_gps:46.553408,14.292868"",""snapped:1.3m"",""NO_CABLES_VISIBLE""]",Cables or ducts must be visible inside the trench for documentation.,110,true,true,false,false,true,flagged,,,2026-05-16 22:32:26.063485+00,2026-05-16 22:32:25.93+00,,5453a8ca-d0ed-4292-a8b3-2ac3e87f7749,,850747f2-be54-4acf-902c-d095d5a7c525,0,1_WhatsApp Image 2024-09-23 at 22_01_53 (2).jpeg
82bfcf29-0531-4b78-ba66-cec298ce8f94,3c364fe7e11cab5abc0b7d64108a35aac2e00dde611ebe0228fb9fd25f8ed651,3c364fe7e11cab5abc0b7d64108a35aac2e00dde611ebe0228fb9fd25f8ed651.jpeg,https://vcvxfhzpakyfzfhmkfpv.supabase.co/storage/v1/object/public/photos/3c364fe7e11cab5abc0b7d64108a35aac2e00dde611ebe0228fb9fd25f8ed651.jpeg,853292,1536,2048,46.5579929277022,14.2982342265176,2024-09-19 13:55:22+00,60,needs_review,"[""DUCT_OK"",""UNOBSTRUCTED_OK"",""LENGTH_OK""]","[""RULER_MISSING"",""DEPTH_UNREADABLE"",""WARNING_TAPE_MISSING"",""BEDDING_MISSING""]","[""gps_from_address"",""address:5 Rautenweg, Maria Rain, Klagenfurt-Land, Kärnten"",""overlay:19 сент. 2024 г. 13:55:22 | 5 Rautenweg | Maria Rain | Klagenfurt-Land | Kärnten"",""unknown_trench:SDIRouteSection_145549251329_1729583371"",""original_gps:46.558008,14.298238"",""snapped:1.7m"",""RULER_MISSING"",""DEPTH_UNREADABLE"",""WARNING_TAPE_MISSING"",""BEDDING_MISSING""]",Include a depth reference in the next photo and ensure warning tape and bedding are visible if applicable.,,false,false,false,true,true,needs_review,,,2026-05-16 22:59:44.533493+00,2026-05-16 22:59:44.355+00,,38d66506-7083-4c41-adae-9c9a8be34abf,,850747f2-be54-4acf-902c-d095d5a7c525,3,1_WhatsApp Image 2024-09-19 at 16_39_33 (1).jpeg
82c93f3a-c7f1-47d7-a3d3-f3fd49f1b205,46aaf7eac8d35e7a6112f7ed8053db814fd70ac8babf3b7e4d84cefe9fb61af0,4b686874e1e9714f16ece6ccbd7df5e64a529b019f64df34694b58f1928cd9b9.jpeg,https://vcvxfhzpakyfzfhmkfpv.supabase.co/storage/v1/object/public/photos/4b686874e1e9714f16ece6ccbd7df5e64a529b019f64df34694b58f1928cd9b9.jpeg,354999,960,1280,46.5571049515237,14.2908176779533,2024-09-03 13:49:10+00,60,needs_review,"[""DUCT_OK"",""UNOBSTRUCTED_OK"",""LENGTH_OK""]","[""DEPTH_UNREADABLE"",""WARNING_TAPE_MISSING"",""BEDDING_MISSING"",""TRENCH_UNSHORED""]","[""far_from_waypoint:3m"",""gps_from_address"",""address:3 Birkenweg, Maria Rain, Klagenfurt-Land, Kärnten"",""overlay:3 сент. 2024 г. 13:49:10 | 3 Birkenweg | Maria Rain | Klagenfurt-Land | Kärnten"",""unknown_trench:SDIRouteSection_127220406017_0"",""original_gps:46.557135,14.290819"",""snapped:3.4m"",""DEPTH_UNREADABLE"",""WARNING_TAPE_MISSING"",""BEDDING_MISSING"",""TRENCH_UNSHORED""]",Include a depth measurement ruler in the trench for the next photo.,,false,false,false,true,true,flagged,,,2026-05-16 22:18:31.612617+00,2026-05-16 22:18:31.453+00,,d51622c0-9035-40dd-a54b-1d9e263f9ca3,,850747f2-be54-4acf-902c-d095d5a7c525,5,1_WhatsApp Image 2024-09-03 at 19_12_45 (1).jpeg
840b8573-bd96-40b2-b1ff-7758f46f5bee,3ef77999af3b196ffabb729d5186f344e85971112ca991856d8bf4e3e90cd2b4,c21fc258b1a5ab7d10de7be3360e51c4bd48eb0e71a137e326616a39fe88d365.jpeg,https://vcvxfhzpakyfzfhmkfpv.supabase.co/storage/v1/object/public/photos/c21fc258b1a5ab7d10de7be3360e51c4bd48eb0e71a137e326616a39fe88d365.jpeg,299536,1080,1440,46.558065860277,14.2898663319647,2024-09-04 18:26:10+00,60,needs_review,"[""DUCT_OK"",""UNOBSTRUCTED_OK"",""LENGTH_OK""]","[""WARNING_TAPE_MISSING"",""RULER_MISSING"",""DEPTH_UNREADABLE"",""BEDDING_MISSING""]","[""far_from_waypoint:2m"",""gps_from_overlay"",""address:9 Schulweg, Maria Rain, Klagenfurt-Land 9161, Austria"",""overlay:04.09.2024 18:26:10 | 46°33'29,0601\""N 14°17'23,45603\""E | 9 Schulweg | Maria Rain, Klagenfurt-Land 9161 | Австрия"",""unknown_trench:SDIRouteSection_111928735745_1702996611"",""original_gps:46.558072,14.289849"",""snapped:1.5m"",""WARNING_TAPE_MISSING"",""RULER_MISSING"",""DEPTH_UNREADABLE"",""BEDDING_MISSING""]",Include a depth reference in the next photo to show trench depth.,,false,false,false,true,true,flagged,,,2026-05-16 22:19:15.279718+00,2026-05-16 22:19:15.171+00,,b45e1be7-dd78-4e30-be7c-de24fae75117,,850747f2-be54-4acf-902c-d095d5a7c525,0,1_WhatsApp Image 2024-09-04 at 22_33_36 (2).jpeg
85bffb6c-2282-4226-95ae-2a07803411df,8d39f02b70e6b78c6645ac827377379710c259db67bcd27f5b1e3e6695eb1f08,e9132a1135f4e67d8cce105782bb3f5ae807c110f0863f5bd2118be784dbd1e5.jpeg,https://vcvxfhzpakyfzfhmkfpv.supabase.co/storage/v1/object/public/photos/e9132a1135f4e67d8cce105782bb3f5ae807c110f0863f5bd2118be784dbd1e5.jpeg,269173,1200,1600,46.5536113652162,14.291822716533,2024-09-25 11:56:02+00,25,non_compliant,"[""DEPTH_OK"",""RULER_OK"",""UNOBSTRUCTED_OK"",""LENGTH_OK""]","[""NO_CABLES_VISIBLE""]","[""gps_from_overlay"",""address:9 Dahlienweg, Maria Rain, Klagenfurt-Land, Kärnten, Austria"",""overlay:25 сент. 2024 г. 11:56:02 | 46.55361566N 14.29178035E ±3,79m | 9 Dahlienweg | Maria Rain | Klagenfurt-Land | Kärnten"",""unknown_trench:SDIRouteSection_121779125761_1729575145"",""original_gps:46.553616,14.291780"",""snapped:3.3m"",""NO_CABLES_VISIBLE""]",Ensure cables or ducts are visible inside the trench.,60,true,true,false,false,true,flagged,,,2026-05-16 22:33:33.272741+00,2026-05-16 22:33:33.139+00,,5453a8ca-d0ed-4292-a8b3-2ac3e87f7749,,850747f2-be54-4acf-902c-d095d5a7c525,1,1_WhatsApp Image 2024-09-25 at 20_46_21 (1).jpeg
877f3e3d-954a-4293-94af-679754c01426,2e4356e1e399b96e6f63cb1543fbc0e0b7ecaf02ac7e640ea0abf37fa525bbf1,2758f086ebbc3051495ad8a16f932afc42ad989d5bbb68fd28335b8090073c05.jpeg,https://vcvxfhzpakyfzfhmkfpv.supabase.co/storage/v1/object/public/photos/2758f086ebbc3051495ad8a16f932afc42ad989d5bbb68fd28335b8090073c05.jpeg,919008,1536,2048,46.5613135895153,14.2864643173567,2024-08-28 13:16:25+00,20,non_compliant,"[""UNOBSTRUCTED_OK"",""LENGTH_OK""]","[""NO_CABLES_VISIBLE"",""WARNING_TAPE_MISSING"",""BEDDING_MISSING"",""DEPTH_UNREADABLE""]","[""far_from_waypoint:1m"",""gps_from_address"",""address:1 Bahnhofstraße, Maria Rain, Klagenfurt-Land, Kärnten, Austria"",""overlay:28 авг. 2024 г. 13:16:25 | 1 Bahnhofstraße | Maria Rain | Klagenfurt-Land | Kärnten"",""unknown_trench:SDIRouteSection_91466400513_0"",""original_gps:46.561318,14.286449"",""snapped:1.3m"",""NO_CABLES_VISIBLE"",""WARNING_TAPE_MISSING"",""BEDDING_MISSING"",""DEPTH_UNREADABLE""]",Photo is missing cables/ducts; reshoot once installation has begun.,,false,false,false,false,true,flagged,,,2026-05-16 20:31:26.461479+00,2026-05-16 20:31:26.427+00,,3ae34aad-bd16-4191-9793-310202def4f0,,850747f2-be54-4acf-902c-d095d5a7c525,3,1_WhatsApp Image 2024-08-28 at 18_11_18.jpeg
88e9b3d7-00ff-4d4e-b00c-2daef815b148,6f850cee2bdebbab6e49b28c6ed4ebde9ebd4d71589da9e0df3e206fbb2d67a1,56b5ec5d6f545c6ed36929717ce443d3952bc2024f10e8008b45e33b3a85ab77.jpeg,https://vcvxfhzpakyfzfhmkfpv.supabase.co/storage/v1/object/public/photos/56b5ec5d6f545c6ed36929717ce443d3952bc2024f10e8008b45e33b3a85ab77.jpeg,359681,1200,1600,46.5614700102076,14.2876467707074,2024-09-05 13:29:10+00,60,needs_review,"[""DUCT_OK"",""UNOBSTRUCTED_OK"",""LENGTH_OK""]","[""DEPTH_UNREADABLE"",""WARNING_TAPE_MISSING"",""BEDDING_MISSING""]","[""far_from_waypoint:2m"",""gps_from_overlay"",""address:Bundesstraße 76, 9161 Lambichl, Austria"",""overlay:05.09.2024 13:29:10 | 46.56146079N 14.28767191E | Bundesstraße 76, 9161 Lambichl, Австрия"",""unknown_trench:SDIRouteSection_165884960257_1729505285"",""original_gps:46.561461,14.287672"",""snapped:2.2m"",""DEPTH_UNREADABLE"",""WARNING_TAPE_MISSING"",""BEDDING_MISSING""]",Include a depth ruler for trench measurement in the next photo.,,false,false,false,true,true,flagged,,,2026-05-16 20:49:58.851027+00,2026-05-16 20:49:58.814+00,,3ae34aad-bd16-4191-9793-310202def4f0,,850747f2-be54-4acf-902c-d095d5a7c525,1,1_WhatsApp Image 2024-09-05 at 17_27_48.jpeg
88f02958-8f54-4088-9944-98828889f239,7d9f4f3a423c122b24f2281c5704a0f451d376e33357328d0986603ca9311875,7d9f4f3a423c122b24f2281c5704a0f451d376e33357328d0986603ca9311875.jpeg,https://vcvxfhzpakyfzfhmkfpv.supabase.co/storage/v1/object/public/photos/7d9f4f3a423c122b24f2281c5704a0f451d376e33357328d0986603ca9311875.jpeg,404866,1080,1920,46.5536907985603,14.2931325081736,2024-09-23 13:39:32+00,100,compliant,"[""DEPTH_OK"",""RULER_OK"",""DUCT_OK"",""UNOBSTRUCTED_OK"",""LENGTH_OK""]","[""WARNING_TAPE_MISSING"",""BEDDING_MISSING""]","[""gps_from_overlay"",""address:8 Kirschnerstraße, Maria Rain, Klagenfurt-Land, Kärnten"",""overlay:23.09.2024 13:39:32.2 | 46.55368539N 14.2931246E +3.79m | 8 Kirschnerstraße | Maria Rain | Klagenfurt-Land | Kärnten"",""unknown_trench:SDIRouteSection_56321685761_1702988100"",""original_gps:46.553685,14.293125"",""snapped:0.9m"",""WARNING_TAPE_MISSING"",""BEDDING_MISSING""]",Ensure warning tape and bedding are visible in future documentation photos.,60,true,true,false,true,true,compliant,,,2026-05-16 23:02:13.516193+00,2026-05-16 23:02:13.337+00,,5453a8ca-d0ed-4292-a8b3-2ac3e87f7749,,850747f2-be54-4acf-902c-d095d5a7c525,0,1_WhatsApp Image 2024-09-23 at 22_01_56 (1).jpeg
88f398b4-724d-4731-bd27-1c3ec15520db,dab48088cdf1d2a1f1bb7e75b2e2814811f56ec1150af682965a3f7148886c45,449dbfdfc5b3ea5b70bcd477ff44fb2edad0b7732c0ad83d0fcfd610b355a0fb.jpeg,https://vcvxfhzpakyfzfhmkfpv.supabase.co/storage/v1/object/public/photos/449dbfdfc5b3ea5b70bcd477ff44fb2edad0b7732c0ad83d0fcfd610b355a0fb.jpeg,571710,1500,2000,46.5639907798556,14.2936335263362,2024-09-19 09:10:00+00,65,needs_review,"[""DUCT_OK"",""UNOBSTRUCTED_OK"",""LENGTH_OK""]","[""BEDDING_MISSING"",""DEPTH_UNREADABLE"",""RULER_MISSING""]","[""far_from_waypoint:10m"",""gps_from_overlay"",""address:7 Josef-Petritsch-Straße, Maria Rain, Klagenfurt-Land, Kärnten, Austria"",""overlay:19.09.2024 09:10 | 46°33'50,106\""N 14°17'36,834\""E | 7 Josef-Petritsch-Straße | Maria Rain | Klagenfurt-Land | Kärnten"",""unknown_trench:SDIRouteSection_150788524033_1709045840"",""original_gps:46.563918,14.293565"",""snapped:9.6m"",""BEDDING_MISSING"",""DEPTH_UNREADABLE"",""RULER_MISSING""]",Provide a clear depth measurement using a ruler or tape measure.,,false,false,false,true,true,flagged,,,2026-05-16 22:27:45.026962+00,2026-05-16 22:27:44.894+00,,4d8d5e0f-9b48-4182-9958-7550ad167946,,850747f2-be54-4acf-902c-d095d5a7c525,4,1_WhatsApp Image 2024-09-19 at 11_43_12 (2).jpeg
8b883ab4-a092-4990-a886-f94f7d1d9cc5,bec3052937eb8ba59fbaba36ec502105cde8cb3d0623d7ab158082de3acf4755,66d6cab9ba391ed21078458b902effb7e5ac3815fb887df5b52585f1e8a25022.jpeg,https://vcvxfhzpakyfzfhmkfpv.supabase.co/storage/v1/object/public/photos/66d6cab9ba391ed21078458b902effb7e5ac3815fb887df5b52585f1e8a25022.jpeg,195106,960,1280,46.4761644,14.258041,2024-09-04 11:59:27+00,,,,,"[""off_site"",""off_site:8853m"",""gps_from_address"",""address:Loiblpass Straße, Klagenfurt-Land, Kärnten, Austria"",""overlay:4 сент. 2024 г. 11:59:27 | Loiblpass Straße | Klagenfurt-Land | Kärnten""]",,,,,,,,flagged,,,2026-05-16 22:18:46.771696+00,,,,,850747f2-be54-4acf-902c-d095d5a7c525,,1_WhatsApp Image 2024-09-04 at 18_10_42 (3).jpeg
8bc226a7-2ed6-42e2-bb97-494e272f2802,1121e501151979b992c63b8494c70eb5bf61d9a2edb609da3973d8dbc111e4b6,f4b9f5f6dc33d09eb209417f3026c9fb40947fb444de4517cca2433be861c1c7.jpeg,https://vcvxfhzpakyfzfhmkfpv.supabase.co/storage/v1/object/public/photos/f4b9f5f6dc33d09eb209417f3026c9fb40947fb444de4517cca2433be861c1c7.jpeg,323355,1080,1440,46.5580660347482,14.2898664755728,2024-09-04 18:26:05+00,97,compliant,"[""DEPTH_OK"",""RULER_OK"",""DUCT_OK"",""UNOBSTRUCTED_OK"",""LENGTH_OK""]","[""WARNING_TAPE_MISSING"",""BEDDING_MISSING"",""TRENCH_UNSHORED""]","[""far_from_waypoint:3m"",""gps_from_overlay"",""address:9 Schulweg, Maria Rain, Klagenfurt-Land 9161, Austria"",""overlay:04.09.2024 18:26:05 | 46°33'29,11487\""N 14°17'23,48138\""E | 9 Schulweg | Maria Rain, Klagenfurt-Land 9161 | Австрия"",""unknown_trench:SDIRouteSection_107208238849_1708076607"",""original_gps:46.558087,14.289856"",""snapped:2.5m"",""WARNING_TAPE_MISSING"",""BEDDING_MISSING"",""TRENCH_UNSHORED""]",Ensure warning tape is visible and bedding material is present around ducts in future photos.,65,true,true,false,true,true,flagged,,,2026-05-16 22:19:11.682245+00,2026-05-16 22:19:11.557+00,,b45e1be7-dd78-4e30-be7c-de24fae75117,,850747f2-be54-4acf-902c-d095d5a7c525,1,1_WhatsApp Image 2024-09-04 at 22_33_36 (3).jpeg
8bfa868d-e3ee-4e22-aefb-f1bca4ac87aa,d766245310e8ed3077227cbf5120882ad13e9197e8d42a87200d5cb17b210f38,3b43958bc4b5a5158dd0647acdee5891b558214df1aff0dd2cb8f3fb0108b557.jpeg,https://vcvxfhzpakyfzfhmkfpv.supabase.co/storage/v1/object/public/photos/3b43958bc4b5a5158dd0647acdee5891b558214df1aff0dd2cb8f3fb0108b557.jpeg,885014,1536,2048,46.5622846606336,14.2935847094181,2024-08-24 11:40:51+00,,,,,"[""off_site"",""far_from_waypoint:2m"",""gps_from_address"",""address:J-Lutschounigstraße 1-5, 9161 Maria Rain, Austria"",""overlay:24.08.24, 11:40:51 | J-Lutschounigstraße 1-5 | 9161 Maria Rain | Österreich"",""unknown_trench:SDIRouteSection_161050341377_1729502906"",""original_gps:46.562275,14.293612"",""snapped:2.4m""]",,,,,,,,flagged,,,2026-05-16 20:31:06.369501+00,,,,,850747f2-be54-4acf-902c-d095d5a7c525,1,1_WhatsApp Image 2024-08-27 at 20_43_55.jpeg
8ea15079-2240-44a7-819c-7b38024abb7e,25d506fe932db1950e6f47a67d3c847dc6027ed7666772f08ff3f4f8f4a86ed4,b341bdb5c0c691a4055875753ce481262265c3dc13c2b31db3bce69763b4d1af.jpeg,https://vcvxfhzpakyfzfhmkfpv.supabase.co/storage/v1/object/public/photos/b341bdb5c0c691a4055875753ce481262265c3dc13c2b31db3bce69763b4d1af.jpeg,340395,1200,1600,46.5616200140179,14.2882526479661,2024-09-04 12:55:07+00,25,non_compliant,"[""UNOBSTRUCTED_OK"",""LENGTH_OK""]","[""NO_CABLES_VISIBLE"",""RULER_MISSING"",""DEPTH_UNREADABLE""]","[""far_from_waypoint:2m"",""gps_from_overlay"",""address:Toppelsdorferstraße 8, 9161 Maria Rain, Austria"",""overlay:04.09.2024 12:55:07 | 46.56160214N 14.28825082E | Toppelsdorferstraße 8, 9161 Maria Rain, Австрия"",""unknown_trench:SDIRouteSection_165943194625_1729505322"",""original_gps:46.561602,14.288251"",""snapped:2.0m"",""NO_CABLES_VISIBLE"",""RULER_MISSING"",""DEPTH_UNREADABLE""]","Reshoot the photo once cables/ducts are installed in the trench, ensuring a depth reference is visible.",,false,false,false,false,true,flagged,,,2026-05-16 20:45:54.843906+00,2026-05-16 20:45:54.797+00,,3ae34aad-bd16-4191-9793-310202def4f0,,850747f2-be54-4acf-902c-d095d5a7c525,0,1_WhatsApp Image 2024-09-04 at 17_09_32 (3).jpeg
8ff11354-d16b-4e04-976f-79e6444a48ac,9d274e5de07b4c10b06c9bf2516efb1ec9663b7853c7721848d42868b3fc0418,e31604b913f8e92f93887eb20e9c0c122de42d17deeeec09e60b26f0f764d7e9.jpeg,https://vcvxfhzpakyfzfhmkfpv.supabase.co/storage/v1/object/public/photos/e31604b913f8e92f93887eb20e9c0c122de42d17deeeec09e60b26f0f764d7e9.jpeg,1990069,3840,5120,46.5581051677195,14.289898686111,2024-09-03 18:38:48+00,95,compliant,"[""DEPTH_OK"",""RULER_OK"",""DUCT_OK"",""PIPE_ENDS_OK"",""UNOBSTRUCTED_OK"",""LENGTH_OK""]","[""WARNING_TAPE_MISSING"",""BEDDING_MISSING""]","[""far_from_waypoint:1m"",""gps_from_overlay"",""address:9 Schulweg, Maria Rain, Klagenfurt-Land, Kärnten, Austria"",""overlay:03.09.2024 18:38:48 | 46,5581N 14,2899E | 9 Schulweg | Maria Rain | Klagenfurt-Land | Kärnten | Высота:601.5m | Скорость:0.0km/h"",""unknown_trench:SDIRouteSection_107208238849_1708076607"",""original_gps:46.558100,14.289900"",""snapped:0.6m"",""WARNING_TAPE_MISSING"",""BEDDING_MISSING""]",Maintain consistent documentation practices.,100,true,true,false,true,true,flagged,,,2026-05-16 20:44:56.741376+00,2026-05-16 20:44:56.72+00,,b45e1be7-dd78-4e30-be7c-de24fae75117,,850747f2-be54-4acf-902c-d095d5a7c525,0,1_WhatsApp Image 2024-09-03 at 20_20_21.jpeg
90f21aa3-9a67-4f53-8136-25e1dc8fca13,d7edf182b16bd6a4a4f4e94a4ea0af7599e4c7c4c06203f90995cffed365a8c1,994b2f21de0eb439995a7cd7aba2c643962b96657ebcf92612349267d5cca467.jpg,https://vcvxfhzpakyfzfhmkfpv.supabase.co/storage/v1/object/public/photos/994b2f21de0eb439995a7cd7aba2c643962b96657ebcf92612349267d5cca467.jpg,329248,1200,1600,46.5646267668352,14.2895943343784,2024-08-13 11:32:30+00,100,compliant,"[""DEPTH_OK"",""RULER_OK"",""DUCT_OK"",""UNOBSTRUCTED_OK"",""LENGTH_OK""]","[""WARNING_TAPE_MISSING"",""BEDDING_MISSING""]","[""far_from_waypoint:3m"",""gps_from_address"",""address:10 Fasanstraße, Maria Rain, Klagenfurt-Land, Kärnten, Austria"",""overlay:13 авг. 2024 г. 11:32:30 | 10 Fasanstraße | Maria Rain | Klagenfurt-Land | Kärnten"",""unknown_trench:SDIRouteSection_114300475137_1703077970"",""original_gps:46.564636,14.289627"",""snapped:2.7m"",""WARNING_TAPE_MISSING"",""BEDDING_MISSING""]",Excellent documentation; continue to include depth reference and clear view of ducts.,65,true,true,false,true,true,flagged,,,2026-05-16 20:17:59.141839+00,2026-05-16 20:17:59.1+00,,6687f8b7-b408-46a7-98a3-64bf8edc4386,,850747f2-be54-4acf-902c-d095d5a7c525,5,1_IMG-20240813-WA0034.jpg
90f9d99d-681e-4885-ab3c-7b6a593c29d6,348a243c3e25b04fb5423f2af1a99689baff3a6ad5f17858fbaada827e53149a,13fc419239309a589141393d80704d44e771e5db2b644c88bd58b064a2561b07.jpeg,https://vcvxfhzpakyfzfhmkfpv.supabase.co/storage/v1/object/public/photos/13fc419239309a589141393d80704d44e771e5db2b644c88bd58b064a2561b07.jpeg,638945,1500,2000,46.5644332732942,14.2932539214692,2024-09-18 16:44:00+00,55,needs_review,"[""DUCT_OK"",""PIPE_ENDS_OK"",""UNOBSTRUCTED_OK"",""LENGTH_OK""]","[""SIDE_VIEW_MISSING"",""DEPTH_UNREADABLE"",""WARNING_TAPE_MISSING"",""BEDDING_MISSING""]","[""far_from_waypoint:5m"",""gps_from_overlay"",""address:2 Josef-Petritsch-Straße, Maria Rain, Klagenfurt-Land, Kärnten"",""overlay:18.09.2024 16:44 | 46°33'52,008\""N 14°17'35,916\""E | 2 Josef-Petritsch-Straße | Maria Rain | Klagenfurt-Land | Kärnten"",""unknown_trench:SDIRouteSection_108398026241_1650888584"",""original_gps:46.564447,14.293310"",""snapped:4.5m"",""SIDE_VIEW_MISSING"",""DEPTH_UNREADABLE"",""WARNING_TAPE_MISSING"",""BEDDING_MISSING""]",Ensure to include a depth ruler and capture the trench from a side angle in the next photo.,,false,false,false,true,true,flagged,,,2026-05-16 22:26:29.974985+00,2026-05-16 22:26:29.823+00,,4d8d5e0f-9b48-4182-9958-7550ad167946,,850747f2-be54-4acf-902c-d095d5a7c525,1,1_WhatsApp Image 2024-09-18 at 17_24_47 (2).jpeg
91586f87-25d4-47e6-9f91-00478dd1d545,ba3cb4ec6deaa16f975f185e528be27a35304a8f275aa05d16469c971c0e3dc9,b4d5954fbe1732abd55c11eff7cc59243495bf338de8705b38cc11ab761efa8e.jpeg,https://vcvxfhzpakyfzfhmkfpv.supabase.co/storage/v1/object/public/photos/b4d5954fbe1732abd55c11eff7cc59243495bf338de8705b38cc11ab761efa8e.jpeg,263558,1080,1440,46.5581223546492,14.2898612526229,2024-09-04 18:56:50+00,55,needs_review,"[""DUCT_OK"",""PIPE_ENDS_OK"",""UNOBSTRUCTED_OK"",""LENGTH_OK""]","[""WARNING_TAPE_MISSING"",""BEDDING_MISSING"",""SIDE_VIEW_MISSING"",""DEPTH_UNREADABLE""]","[""far_from_waypoint:1m"",""gps_from_overlay"",""address:2 Göltschacher Straße, Maria Rain, Klagenfurt-Land 9161, Austria"",""overlay:04.09.2024 18:56:50 | 46°33'29,20901\""N 14°17'23,51095\""E | 2 Göltschacher Straße | Maria Rain, Klagenfurt-Land 9161 | Австрия"",""unknown_trench:SDIRouteSection_157044624385_1729588295"",""original_gps:46.558114,14.289864"",""snapped:1.0m"",""WARNING_TAPE_MISSING"",""BEDDING_MISSING"",""SIDE_VIEW_MISSING"",""DEPTH_UNREADABLE""]",Include a depth measurement ruler and ensure a side/oblique view in the next photo.,,false,false,false,true,true,flagged,,,2026-05-16 20:47:57.318763+00,2026-05-16 20:47:57.28+00,,b45e1be7-dd78-4e30-be7c-de24fae75117,,850747f2-be54-4acf-902c-d095d5a7c525,1,1_WhatsApp Image 2024-09-04 at 22_33_35 (1).jpeg
93ee14c5-cf75-420b-866f-ce98d10dc204,52d01db3a71c747af99670b0ed99da468aa4d3baf152e4e3ae0d9bbbe7e97c36,378088135f09eb664691cc63c42feaf878a3c3bd731b6aa55cb9b8243ed28b53.jpeg,https://vcvxfhzpakyfzfhmkfpv.supabase.co/storage/v1/object/public/photos/378088135f09eb664691cc63c42feaf878a3c3bd731b6aa55cb9b8243ed28b53.jpeg,809265,1536,2048,46.5663016297167,14.287139422856,2024-08-26 15:42:37+00,25,non_compliant,"[""UNOBSTRUCTED_OK"",""LENGTH_OK""]","[""NO_CABLES_VISIBLE"",""RULER_MISSING""]","[""far_from_waypoint:4m"",""gps_from_address"",""address:13 Elsterweg, Maria Rain, Klagenfurt-Land, Kärnten, Austria"",""overlay:26 авг. 2024 г. 15:42:37 | 13 Elsterweg | Maria Rain | Klagenfurt-Land | Kärnten"",""unknown_trench:SDIRouteSection_134047194113_1729238852"",""original_gps:46.566323,14.287090"",""snapped:4.5m"",""NO_CABLES_VISIBLE"",""RULER_MISSING""]",Reshoot to clearly show cables/ducts inside the trench with a depth measurement.,,false,false,false,false,true,flagged,,,2026-05-16 20:29:40.602992+00,2026-05-16 20:29:40.544+00,,6687f8b7-b408-46a7-98a3-64bf8edc4386,,850747f2-be54-4acf-902c-d095d5a7c525,6,1_WhatsApp Image 2024-08-26 at 18_18_36 (2).jpeg
95fd63db-d3eb-444b-99d9-0c941df06183,1d6c8d51c426cf4932e48d20ab0009251cd6228138e2003b5912fa42702c25fe,b8551939c9a8822ccf91b9060c9287c5c76c066ea9411c9a6ba5eaad2228a983.jpeg,https://vcvxfhzpakyfzfhmkfpv.supabase.co/storage/v1/object/public/photos/b8551939c9a8822ccf91b9060c9287c5c76c066ea9411c9a6ba5eaad2228a983.jpeg,641436,1536,2048,46.5564543458932,14.2950488626957,2024-09-10 14:03:43+00,60,needs_review,"[""DUCT_OK"",""PIPE_ENDS_OK"",""UNOBSTRUCTED_OK"",""LENGTH_OK""]","[""WARNING_TAPE_MISSING"",""BEDDING_MISSING"",""DEPTH_UNREADABLE""]","[""far_from_waypoint:1m"",""gps_from_address"",""address:5 Nelkenweg, Maria Rain, Klagenfurt-Land, Kärnten"",""overlay:10 сент. 2024 г. 14:03:43 | 5 Nelkenweg | Maria Rain | Klagenfurt-Land | Kärnten"",""unknown_trench:SDIRouteSection_149700587009_1729585151"",""original_gps:46.556448,14.295040"",""snapped:1.0m"",""WARNING_TAPE_MISSING"",""BEDDING_MISSING"",""DEPTH_UNREADABLE""]",Include a depth reference and show warning tape in the next photo.,,false,false,false,true,true,flagged,,,2026-05-16 22:20:49.394601+00,2026-05-16 22:20:49.27+00,,d51622c0-9035-40dd-a54b-1d9e263f9ca3,,850747f2-be54-4acf-902c-d095d5a7c525,3,1_WhatsApp Image 2024-09-10 at 19_48_51.jpeg
9647c4eb-3b55-4aa7-bc6d-001a1b17dee2,448c0426ec487e15a30b980d9744c1ef4e5c835a77c8e71cc84e89e30f380189,448c0426ec487e15a30b980d9744c1ef4e5c835a77c8e71cc84e89e30f380189.jpeg,https://vcvxfhzpakyfzfhmkfpv.supabase.co/storage/v1/object/public/photos/448c0426ec487e15a30b980d9744c1ef4e5c835a77c8e71cc84e89e30f380189.jpeg,442259,1080,1440,46.5539262006837,14.2920359037817,2024-09-25 10:14:20+00,100,compliant,"[""DEPTH_OK"",""RULER_OK"",""DUCT_OK"",""UNOBSTRUCTED_OK""]","[""WARNING_TAPE_MISSING"",""BEDDING_MISSING""]","[""gps_from_overlay"",""address:11 Dahlienweg, Maria Rain, Klagenfurt Land 9161, Austria"",""overlay:25.09.2024 10:14:20 | 46°33'14,14483\""N 14°17'31,27754\""E | 11 Dahlienweg | Maria Rain, Klagenfurt Land 9161 | Австрия"",""unknown_trench:SDIRouteSection_108382853889_1650888583"",""original_gps:46.553929,14.292022"",""snapped:1.1m"",""WARNING_TAPE_MISSING"",""BEDDING_MISSING""]",Ensure warning tape and sand bedding are visible in future documentation photos.,95,true,true,false,true,true,compliant,,,2026-05-16 23:04:00.314125+00,2026-05-16 23:04:00.127+00,,5453a8ca-d0ed-4292-a8b3-2ac3e87f7749,,850747f2-be54-4acf-902c-d095d5a7c525,0,1_WhatsApp Image 2024-09-25 at 20_58_19.jpeg
96590fdc-eacc-4c2d-864f-7e4838775bed,0d00f15ae522322555b8869ead77ba6478001c3ac387cd50520f55df7f1c6885,d6de5fcf61e14db38c6efba83bcbb6468561a7c773791cb9e7649722bb103f56.jpg,https://vcvxfhzpakyfzfhmkfpv.supabase.co/storage/v1/object/public/photos/d6de5fcf61e14db38c6efba83bcbb6468561a7c773791cb9e7649722bb103f56.jpg,2063657,3000,4000,46.5656085637055,14.2875628592446,2024-07-31 15:58:00+00,100,compliant,"[""DEPTH_OK"",""RULER_OK"",""BEDDING_OK"",""DUCT_OK"",""PIPE_ENDS_OK"",""UNOBSTRUCTED_OK"",""LENGTH_OK""]","[""WARNING_TAPE_MISSING""]","[""far_from_waypoint:1m"",""gps_from_overlay"",""address:9 Elsterweg, Maria Rain, Klagenfurt-Land, Kärnten"",""overlay:31.07.2024 15:58 | 46°33'56,238\""N 14°17'15,24\""E | 9 Elsterweg | Maria Rain | Klagenfurt-Land | Kärnten"",""unknown_trench:SDIRouteSection_146084339457_1729242812"",""original_gps:46.565622,14.287567"",""snapped:1.5m"",""WARNING_TAPE_MISSING""]",Ensure warning tape is visible in future documentation photos.,75,true,true,true,true,true,flagged,,,2026-05-16 20:17:04.187796+00,2026-05-16 20:17:04.148+00,,6687f8b7-b408-46a7-98a3-64bf8edc4386,,850747f2-be54-4acf-902c-d095d5a7c525,0,1_IMG-20240731-WA0030.jpg
998ef903-151b-4a50-9d0f-521c63a5622e,9d6c6aa1966fd4e7e43115630898c52bb2fc95096982f93d11325f67c5423b14,f909f0f7aa3478cc54c5988af1c7fb162b7327026fde25fac260307c861fb460.jpeg,https://vcvxfhzpakyfzfhmkfpv.supabase.co/storage/v1/object/public/photos/f909f0f7aa3478cc54c5988af1c7fb162b7327026fde25fac260307c861fb460.jpeg,237793,960,1280,46.5589829,14.2790746,2024-09-04 12:47:31+00,,,,,"[""off_site"",""off_site:402m"",""gps_from_address"",""address:Ehrensdorf, Klagenfurt Land, Kärnten"",""overlay:4 сент. 2024 г. 12:47:31 | Ehrensdorf | Klagenfurt Land | Kärnten""]",,,,,,,,flagged,,,2026-05-16 20:47:16.374187+00,,,,,850747f2-be54-4acf-902c-d095d5a7c525,,1_WhatsApp Image 2024-09-04 at 18_10_42.jpeg
99eb02f9-680c-4b54-b7ad-9b6ce103b28a,68952412a04b70bf42fd9e93a5f48f68d20c9de972e18e41b2cd22520d917983,0152bb2f09e137116c2609a13cda50d49e0796c7f65d9149af970cf07c5d540c.jpeg,https://vcvxfhzpakyfzfhmkfpv.supabase.co/storage/v1/object/public/photos/0152bb2f09e137116c2609a13cda50d49e0796c7f65d9149af970cf07c5d540c.jpeg,743674,1536,2048,46.5547559792611,14.2928224615753,2024-09-18 13:34:02+00,20,non_compliant,"[""UNOBSTRUCTED_OK"",""LENGTH_OK""]","[""NO_CABLES_VISIBLE""]","[""far_from_waypoint:11m"",""gps_from_overlay"",""address:Kirscherstraße 24, 9161 Maria Rain, Austria"",""overlay:18.09.2024 13:34:02 | 46.55481023N 14.2929456E | Kirscherstraße 24, 9161 Maria Rain, Австрия"",""unknown_trench:SDIRouteSection_123480400641_1729576008"",""original_gps:46.554810,14.292946"",""snapped:11.2m"",""NO_CABLES_VISIBLE""]",Ensure cables or ducts are visible inside the trench in the next photo.,,false,false,false,false,true,flagged,,,2026-05-16 22:26:41.970131+00,2026-05-16 22:26:41.818+00,,5453a8ca-d0ed-4292-a8b3-2ac3e87f7749,,850747f2-be54-4acf-902c-d095d5a7c525,0,1_WhatsApp Image 2024-09-18 at 18_18_03 (1).jpeg
9ce44f01-9e68-49a3-9b4a-fd0fb0db79f1,3fb1b4d660131e888e04b97a8358400af87a061bcc744d3fc764feea6cca5d05,dbe6b1232659a0b9f77ce3619cce29c3828391814c04bb16661559aec03b219b.jpeg,https://vcvxfhzpakyfzfhmkfpv.supabase.co/storage/v1/object/public/photos/dbe6b1232659a0b9f77ce3619cce29c3828391814c04bb16661559aec03b219b.jpeg,498524,1500,2000,46.5639135379552,14.2938912380487,2024-09-19 08:53:00+00,60,needs_review,"[""DUCT_OK"",""UNOBSTRUCTED_OK"",""LENGTH_OK""]","[""DEPTH_UNREADABLE"",""RULER_NOT_AGAINST_WALL"",""WARNING_TAPE_MISSING"",""BEDDING_MISSING""]","[""far_from_waypoint:4m"",""gps_from_overlay"",""address:7 Josef-Petritsch-Straße, Maria Rain, Klagenfurt-Land, Kärnten, Austria"",""overlay:19.09.2024 08:53 | 46°33'50,022\""N 14°17'38,154\""E | 7 Josef-Petritsch-Straße | Maria Rain | Klagenfurt-Land | Kärnten"",""unknown_trench:SDIRouteSection_74693942017_1734419914"",""original_gps:46.563895,14.293932"",""snapped:3.7m"",""DEPTH_UNREADABLE"",""RULER_NOT_AGAINST_WALL"",""WARNING_TAPE_MISSING"",""BEDDING_MISSING""]",Include a depth ruler leaning against the trench wall and ensure it's readable.,,false,false,false,true,true,flagged,,,2026-05-16 22:28:03.340631+00,2026-05-16 22:28:03.221+00,,4d8d5e0f-9b48-4182-9958-7550ad167946,,850747f2-be54-4acf-902c-d095d5a7c525,0,1_WhatsApp Image 2024-09-19 at 11_43_13 (1).jpeg
9ced0a1a-106b-48d3-a1db-a9a3d79acff4,0796a225ceaab42cbeabd915585bdff6f50ae026ccc537cacc828eb3c30a5835,3c8e2617732ddc4e660c0062deea65a91a397133b4be1c12a2b594a1ee85e769.jpeg,https://vcvxfhzpakyfzfhmkfpv.supabase.co/storage/v1/object/public/photos/3c8e2617732ddc4e660c0062deea65a91a397133b4be1c12a2b594a1ee85e769.jpeg,775960,1536,2048,46.5638945780933,14.2887014150845,2024-08-26 15:27:21+00,20,non_compliant,"[""DEPTH_OK"",""RULER_OK"",""UNOBSTRUCTED_OK"",""LENGTH_OK""]","[""NO_CABLES_VISIBLE""]","[""far_from_waypoint:5m"",""gps_from_address"",""address:5 Kleiberweg, Maria Rain, Klagenfurt-Land, Kärnten, Austria"",""overlay:26 авг. 2024 г. 15:27:21 | 5 Kleiberweg | Maria Rain | Klagenfurt-Land | Kärnten"",""unknown_trench:SDIRouteSection_56886474241_0"",""original_gps:46.563858,14.288662"",""snapped:5.0m"",""NO_CABLES_VISIBLE""]",Reshoot the photo ensuring cables or ducts are visible in the trench.,115,true,true,false,false,true,flagged,,,2026-05-16 20:29:57.90305+00,2026-05-16 20:29:57.859+00,,6687f8b7-b408-46a7-98a3-64bf8edc4386,,850747f2-be54-4acf-902c-d095d5a7c525,2,1_WhatsApp Image 2024-08-26 at 18_18_38.jpeg
9e6ad609-6e9b-4b81-a284-0b3bf7512989,899bc73fdebc86480fa2ec210cded02bb52ed9354634b967539069858549e909,3eaa345de70e8aa5d0ba08fbd532f8c9f0a04633c8bfaaa715e754f1f8ca0373.jpeg,https://vcvxfhzpakyfzfhmkfpv.supabase.co/storage/v1/object/public/photos/3eaa345de70e8aa5d0ba08fbd532f8c9f0a04633c8bfaaa715e754f1f8ca0373.jpeg,362733,1200,1600,46.5614413511748,14.2874533751388,2024-09-05 14:37:54+00,65,needs_review,"[""DUCT_OK"",""UNOBSTRUCTED_OK"",""LENGTH_OK""]","[""RULER_MISSING"",""BEDDING_MISSING""]","[""far_from_waypoint:4m"",""gps_from_overlay"",""address:Bundesstraße 76, 9161 Lambichl, Austria"",""overlay:05.09.2024 14:37:54 | 46.56146695N 14.28742399E | Bundesstraße 76, 9161 Lambichl, Австрия"",""unknown_trench:SDIRouteSection_78533220865_0"",""original_gps:46.561467,14.287424"",""snapped:3.6m"",""RULER_MISSING"",""BEDDING_MISSING""]",Include a depth ruler in the next photo to show trench depth.,,false,false,false,true,true,flagged,,,2026-05-16 20:49:18.582689+00,2026-05-16 20:49:18.538+00,,3ae34aad-bd16-4191-9793-310202def4f0,,850747f2-be54-4acf-902c-d095d5a7c525,2,1_WhatsApp Image 2024-09-05 at 17_27_44.jpeg
9eb8904d-8da7-4ed4-9fe4-61acfbc866df,9e7bc383e2c36e82f220b7938189add535585d92a0b1f959819c0c1391a8cae7,b56e40ba2a9f1be03aa9b8bd10f2504b76b761b54874f1bf575520e7feb3e441.jpeg,https://vcvxfhzpakyfzfhmkfpv.supabase.co/storage/v1/object/public/photos/b56e40ba2a9f1be03aa9b8bd10f2504b76b761b54874f1bf575520e7feb3e441.jpeg,677929,1536,2048,46.5560944575313,14.2925645504147,2024-09-11 13:29:07+00,60,needs_review,"[""DUCT_OK"",""UNOBSTRUCTED_OK"",""LENGTH_OK""]","[""RULER_MISSING"",""DEPTH_UNREADABLE"",""WARNING_TAPE_MISSING"",""BEDDING_MISSING""]","[""far_from_waypoint:2m"",""gps_from_overlay"",""address:Kirschernerstraße 14, 9161 Maria Rain, Austria"",""overlay:11.09.2024 13:29:07 | 46.55609381N 14.29259604E | Kirschernerstraße 14, 9161 Maria Rain, Австрия"",""unknown_trench:SDIRouteSection_128575110145_1729577939"",""original_gps:46.556094,14.292596"",""snapped:2.4m"",""RULER_MISSING"",""DEPTH_UNREADABLE"",""WARNING_TAPE_MISSING"",""BEDDING_MISSING""]",Include a depth ruler leaning against the trench wall in the next photo.,,false,false,false,true,true,flagged,,,2026-05-16 22:21:06.596897+00,2026-05-16 22:21:06.467+00,,d51622c0-9035-40dd-a54b-1d9e263f9ca3,,850747f2-be54-4acf-902c-d095d5a7c525,0,1_WhatsApp Image 2024-09-11 at 18_44_11 (1).jpeg
a012405a-cb95-4134-bc3c-a277ce07b2cc,a824c666f6b70779bcc42bc6e9e6096919649f3d83ff30533703533f8ab74097,7b3728bc19097eb52788b095b1396139f59205eb32d89c351b82c551dd622d22.jpeg,https://vcvxfhzpakyfzfhmkfpv.supabase.co/storage/v1/object/public/photos/7b3728bc19097eb52788b095b1396139f59205eb32d89c351b82c551dd622d22.jpeg,715939,1536,2048,46.5636180138157,14.2910767626017,2024-08-23 15:04:51+00,60,needs_review,"[""DUCT_OK"",""UNOBSTRUCTED_OK"",""LENGTH_OK""]","[""WARNING_TAPE_MISSING"",""BEDDING_MISSING"",""DEPTH_UNREADABLE""]","[""far_from_waypoint:6m"",""gps_from_overlay"",""address:Pirolweg 1, 9161 Maria Rain, Austria"",""overlay:23.08.2024 15:04:51 | 46.56363673N 14.29114917E | Pirolweg 1, 9161 Maria Rain, Австрия"",""unknown_trench:SDIRouteSection_140643161089_1729495450"",""original_gps:46.563637,14.291149"",""snapped:5.9m"",""WARNING_TAPE_MISSING"",""BEDDING_MISSING"",""DEPTH_UNREADABLE""]",Include a depth reference and ensure warning tape is visible in the next photo.,,false,false,false,true,true,flagged,,,2026-05-16 20:29:25.357805+00,2026-05-16 20:29:25.293+00,,4d8d5e0f-9b48-4182-9958-7550ad167946,,850747f2-be54-4acf-902c-d095d5a7c525,0,1_WhatsApp Image 2024-08-23 at 18_16_52.jpeg
a0d74ca8-41ed-41fc-96ec-3d58a991d528,85f39e459ef66b4a1415f2ab31fdd3989ab2ee84f4293378a45107d0afe08afc,85f39e459ef66b4a1415f2ab31fdd3989ab2ee84f4293378a45107d0afe08afc.jpeg,https://vcvxfhzpakyfzfhmkfpv.supabase.co/storage/v1/object/public/photos/85f39e459ef66b4a1415f2ab31fdd3989ab2ee84f4293378a45107d0afe08afc.jpeg,586852,1536,2048,46.5577337102961,14.2980351763057,2024-09-20 11:57:19+00,60,needs_review,"[""DUCT_OK"",""PIPE_ENDS_OK"",""UNOBSTRUCTED_OK""]","[""RULER_MISSING"",""WARNING_TAPE_MISSING"",""BEDDING_MISSING""]","[""gps_from_address"",""address:2 Rautenweg, Maria Rain, Klagenfurt-Land, Kärnten"",""overlay:20 сент. 2024 г. 11:57:19 | 2 Rautenweg | Maria Rain | Klagenfurt-Land | Kärnten"",""unknown_trench:SDIRouteSection_145805128449_1729583469"",""original_gps:46.557737,14.298026"",""snapped:0.8m"",""RULER_MISSING"",""WARNING_TAPE_MISSING"",""BEDDING_MISSING""]",Include a depth reference and warning tape in the next photo.,,false,false,false,true,true,needs_review,,,2026-05-16 23:01:34.659786+00,2026-05-16 23:01:34.419+00,,38d66506-7083-4c41-adae-9c9a8be34abf,,850747f2-be54-4acf-902c-d095d5a7c525,3,1_WhatsApp Image 2024-09-20 at 19_36_24.jpeg
a1cb1078-3f08-458a-bd64-39ceca24aa5d,b9430d32078bddbb333782dc7262d96d905608208aa9f867c0f75cec69a4bf7b,06081d58d6f6f60ee19c265d1b81d27a13f3ae17a500af6fe7c2f3fdecd2cfd6.jpg,https://vcvxfhzpakyfzfhmkfpv.supabase.co/storage/v1/object/public/photos/06081d58d6f6f60ee19c265d1b81d27a13f3ae17a500af6fe7c2f3fdecd2cfd6.jpg,324363,1200,1600,46.5620380734247,14.2908753454685,2024-08-16 16:08:00+00,98,compliant,"[""DEPTH_OK"",""RULER_OK"",""DUCT_OK"",""UNOBSTRUCTED_OK"",""LENGTH_OK""]","[""WARNING_TAPE_MISSING"",""BEDDING_MISSING""]","[""far_from_waypoint:2m"",""gps_from_overlay"",""address:5 Nachtigallweg, Maria Rain, Klagenfurt-Land, Kärnten"",""overlay:16.08.2024 16:08 | 46°33'43,41\""N 14°17'27,192\""E | 5 Nachtigallweg | Maria Rain | Klagenfurt-Land | Kärnten"",""unknown_trench:SDIRouteSection_70935332609_1734419109"",""original_gps:46.562058,14.290887"",""snapped:2.4m"",""WARNING_TAPE_MISSING"",""BEDDING_MISSING""]",Ensure warning tape and sand bedding are visible in future photos.,60,true,true,false,true,true,flagged,,,2026-05-16 20:18:18.987027+00,2026-05-16 20:18:18.969+00,,3ae34aad-bd16-4191-9793-310202def4f0,,850747f2-be54-4acf-902c-d095d5a7c525,1,1_IMG-20240816-WA0041.jpg
a32a0354-ab38-411e-818e-e25d051f9bbc,6628a7f248ce53fb84b3ff3fb54b4597b33be2962a591e500dde95bf4ace2ccd,ba160f9c506a7777961485a8f4b48c2812d6c5a3a7be787e1a824c389b2891e9.jpg,https://vcvxfhzpakyfzfhmkfpv.supabase.co/storage/v1/object/public/photos/ba160f9c506a7777961485a8f4b48c2812d6c5a3a7be787e1a824c389b2891e9.jpg,400743,1080,1440,46.5655120374653,14.2906713299453,2024-08-09 12:44:19+00,65,needs_review,"[""DUCT_OK"",""UNOBSTRUCTED_OK"",""LENGTH_OK""]","[""DEPTH_UNREADABLE"",""BEDDING_MISSING""]","[""far_from_waypoint:7m"",""gps_from_overlay"",""address:3 Drosselstraße, Maria Rain, Klagenfurt-Land 9161, Austria"",""overlay:09.08.2024 12:44:19 | 46°33'56,05373\""N 14°17'26,49332\""E | 3 Drosselstraße | Maria Rain, Klagenfurt-Land 9161 | Австрия"",""unknown_trench:SDIRouteSection_108181797889_1650888582"",""original_gps:46.565570,14.290693"",""snapped:6.7m"",""DEPTH_UNREADABLE"",""BEDDING_MISSING""]",Include a clear depth measurement in the next photo.,,false,false,false,true,true,flagged,,,2026-05-16 20:17:19.80733+00,2026-05-16 20:17:19.777+00,,6687f8b7-b408-46a7-98a3-64bf8edc4386,,850747f2-be54-4acf-902c-d095d5a7c525,0,1_IMG-20240809-WA0025.jpg
a3e253f6-c81e-4e74-a70c-8b1676a782ed,e5f1578ac316fe09331093f84f087f0afb09e633556c4d62eca42b6281e44178,2f5c3b0d97435fdd9abd5485c7f39de2bfecf4b69631af5bd3e7032c812ccc41.jpeg,https://vcvxfhzpakyfzfhmkfpv.supabase.co/storage/v1/object/public/photos/2f5c3b0d97435fdd9abd5485c7f39de2bfecf4b69631af5bd3e7032c812ccc41.jpeg,837543,1536,2048,46.5619226960748,14.2856732011992,2024-08-29 13:05:18+00,60,needs_review,"[""DUCT_OK"",""PIPE_ENDS_OK"",""UNOBSTRUCTED_OK"",""LENGTH_OK""]","[""RULER_MISSING"",""WARNING_TAPE_MISSING"",""BEDDING_MISSING""]","[""far_from_waypoint:3m"",""gps_from_address"",""address:7 Bahnhofstraße, Maria Rain, Klagenfurt-Land, Kärnten, Austria"",""overlay:29 авг. 2024 г. 13:05:18 | 7 Bahnhofstraße | Maria Rain | Klagenfurt-Land | Kärnten"",""unknown_trench:SDIRouteSection_88467450881_1703148232"",""original_gps:46.561901,14.285645"",""snapped:3.3m"",""RULER_MISSING"",""WARNING_TAPE_MISSING"",""BEDDING_MISSING""]",Include a depth ruler against the trench wall in the next photo and ensure warning tape and bedding are visible if present.,,false,false,false,true,true,flagged,,,2026-05-16 20:32:01.592244+00,2026-05-16 20:32:01.557+00,,3ae34aad-bd16-4191-9793-310202def4f0,,850747f2-be54-4acf-902c-d095d5a7c525,5,1_WhatsApp Image 2024-08-29 at 17_42_02 (1).jpeg
a465edac-5fd0-4191-83cb-8a6d8ed859b6,4f8ea84993601caacad45b0434496ffea15140239629e3d15dc7155aa4a14c81,0a38d187f156e1cb76d917b8b69f6209acf7d074b6e989519ff78c0cd0aae3cf.jpeg,https://vcvxfhzpakyfzfhmkfpv.supabase.co/storage/v1/object/public/photos/0a38d187f156e1cb76d917b8b69f6209acf7d074b6e989519ff78c0cd0aae3cf.jpeg,237489,1200,1600,46.5614800838471,14.287710506469,2024-09-05 14:24:36+00,70,needs_review,"[""BEDDING_OK"",""DUCT_OK"",""UNOBSTRUCTED_OK"",""LENGTH_OK""]","[""RULER_MISSING"",""DEPTH_UNREADABLE""]","[""far_from_waypoint:6m"",""gps_from_overlay"",""address:Göltschacher Str. 3, 9161 Maria Rain, Austria"",""overlay:05.09.2024 14:24:36 | 46.5615324N 14.28769776E | Göltschacher Str. 3, 9161 Maria Rain, Австрия"",""unknown_trench:SDIRouteSection_165814756609_1729505201"",""original_gps:46.561532,14.287698"",""snapped:5.9m"",""RULER_MISSING"",""DEPTH_UNREADABLE""]",Include a depth measurement reference in the next photo.,,false,false,true,true,true,flagged,,,2026-05-16 20:49:23.933247+00,2026-05-16 20:49:23.89+00,,3ae34aad-bd16-4191-9793-310202def4f0,,850747f2-be54-4acf-902c-d095d5a7c525,1,1_WhatsApp Image 2024-09-05 at 17_27_45.jpeg
a6e2098a-0774-468e-b06c-10aa2d35e9e0,afe0b3ff0b07caa324821841d77b4f983e2ec4ddde5f3e200338862481ab953a,c9218ca8d072ff99130c05c71d3ff93e87a1a42ec503c2405adc519c1100da37.jpeg,https://vcvxfhzpakyfzfhmkfpv.supabase.co/storage/v1/object/public/photos/c9218ca8d072ff99130c05c71d3ff93e87a1a42ec503c2405adc519c1100da37.jpeg,394430,1200,1600,46.5582880615725,14.289178675177,2024-09-04 09:54:34+00,90,compliant,"[""RULER_OK"",""DUCT_OK"",""UNOBSTRUCTED_OK"",""LENGTH_OK""]","[""WARNING_TAPE_MISSING"",""BEDDING_MISSING"",""DEPTH_TOO_SHALLOw""]","[""far_from_waypoint:5m"",""gps_from_address"",""address:8 Schulweg, Maria Rain, Klagenfurt-Land, Kärnten"",""overlay:4 сент. 2024 г. 09:54:34 | 8 Schulweg | Maria Rain | Klagenfurt-Land | Kärnten"",""unknown_trench:SDIRouteSection_104515833089_1734339755"",""original_gps:46.558249,14.289149"",""snapped:4.9m"",""WARNING_TAPE_MISSING"",""BEDDING_MISSING"",""DEPTH_TOO_SHALLOw""]",Ensure warning tape is visible and trench depth meets minimum requirements for future photos.,45,false,true,false,true,true,flagged,,,2026-05-16 20:47:00.443106+00,2026-05-16 20:47:00.419+00,,b45e1be7-dd78-4e30-be7c-de24fae75117,,850747f2-be54-4acf-902c-d095d5a7c525,3,1_WhatsApp Image 2024-09-04 at 17_11_25 (2).jpeg
a724ce75-d7d5-4e61-90b6-d513f7117cbf,2b6adcf2194547d0554bd5d52722430d2d957c9cc6f52c8d940e940fe6435a04,41d5c756c565393c642ec1b89475691f9ffe7e343232192c5b038b23120e55c1.jpg,https://vcvxfhzpakyfzfhmkfpv.supabase.co/storage/v1/object/public/photos/41d5c756c565393c642ec1b89475691f9ffe7e343232192c5b038b23120e55c1.jpg,636228,1536,2048,46.5642362218672,14.2891340300385,2024-08-14 11:27:19+00,100,compliant,"[""DEPTH_OK"",""RULER_OK"",""DUCT_OK"",""UNOBSTRUCTED_OK"",""LENGTH_OK""]","[""WARNING_TAPE_MISSING"",""BEDDING_MISSING""]","[""far_from_waypoint:1m"",""gps_from_address"",""address:4 Kleiberweg, Maria Rain, Klagenfurt-Land, Kärnten, Austria"",""overlay:14 авг. 2024 г. 11:27:19 | 4 Kleiberweg | Maria Rain | Klagenfurt-Land | Kärnten"",""unknown_trench:SDIRouteSection_123131018497_1729490965"",""original_gps:46.564228,14.289138"",""snapped:0.9m"",""WARNING_TAPE_MISSING"",""BEDDING_MISSING""]",Ensure warning tape and sand bedding are visible in future documentation photos.,70,true,true,false,true,true,flagged,,,2026-05-16 20:18:14.740522+00,2026-05-16 20:18:14.67+00,,6687f8b7-b408-46a7-98a3-64bf8edc4386,,850747f2-be54-4acf-902c-d095d5a7c525,5,1_IMG-20240814-WA0048.jpg
a8a1b822-8ab7-4523-988f-086c4242d06e,7fbc0dd5ab9b097925b1141e11082fd0296e07e317f16f633fb3b2188c5a4039,9ee6975a1c1cc5b3b082144c580499b512dac8b57031def05810f9a6349360be.jpeg,https://vcvxfhzpakyfzfhmkfpv.supabase.co/storage/v1/object/public/photos/9ee6975a1c1cc5b3b082144c580499b512dac8b57031def05810f9a6349360be.jpeg,307103,1200,1600,46.5551333667803,14.292930966102,2024-09-16 10:58:16+00,20,non_compliant,"[""UNOBSTRUCTED_OK"",""LENGTH_OK""]","[""NO_CABLES_VISIBLE""]","[""far_from_waypoint:3m"",""gps_from_overlay"",""address:Kirscherstraße 18, 9161 Maria Rain, Austria"",""overlay:16.09.2024 10:58:16 | 46.5551447N 14.29289174E | Kirscherstraße 18, 9161 Maria Rain, Австрия"",""unknown_trench:SDIRouteSection_105487200769_1702990084"",""original_gps:46.555145,14.292892"",""snapped:3.3m"",""NO_CABLES_VISIBLE""]",Reshoot to show cables/ducts inside the trench.,,false,false,false,false,true,flagged,,,2026-05-16 22:25:06.549263+00,2026-05-16 22:25:06.436+00,,5453a8ca-d0ed-4292-a8b3-2ac3e87f7749,,850747f2-be54-4acf-902c-d095d5a7c525,3,1_WhatsApp Image 2024-09-16 at 17_04_09 (1).jpeg
aa8c228f-6fa3-421e-a9fa-3113eedc00dd,a2301441c0fc6ef7b343793fce9d4eb9e82275c869a93c2bbd13b1801b99289c,09c679cffd249dcc4cc7b863b2abac30761a603fdef32a1309ff7e7ebce970ad.jpg,https://vcvxfhzpakyfzfhmkfpv.supabase.co/storage/v1/object/public/photos/09c679cffd249dcc4cc7b863b2abac30761a603fdef32a1309ff7e7ebce970ad.jpg,275974,720,1280,46.5615189309125,14.2885236394986,2024-09-09 17:00:09+00,92,compliant,"[""RULER_OK"",""DUCT_OK"",""UNOBSTRUCTED_OK"",""LENGTH_OK""]","[""DEPTH_TOO_SHALLOW""]","[""far_from_waypoint:3m"",""gps_from_address"",""address:Toppelsdorferstraße 8, 9161 Maria Rain, Austria"",""overlay:09.09.2024 17:00:09 | Toppelsdorferstraße 8 | 9161 Мария-Райн | Австрия"",""unknown_trench:SDIRouteSection_113169330177_1650890547"",""original_gps:46.561501,14.288558"",""snapped:3.3m"",""DEPTH_TOO_SHALLOW""]",Ensure future photos show greater trench length and sufficient depth for compliance.,35,false,true,false,true,true,flagged,,,2026-05-16 20:26:14.563792+00,2026-05-16 20:26:14.514+00,,3ae34aad-bd16-4191-9793-310202def4f0,,850747f2-be54-4acf-902c-d095d5a7c525,4,1_IMG-20240911-WA0030.jpg
aaedbbe2-f7c4-470d-a00a-e4b46f3b293a,fed678429969fe55b70d585ce671b65d4dc29ae442402ebd884157105348dc5c,206b87b8994e942db853870433bc9b2418fde9356604930671f9e2d8547e1ae7.jpg,https://vcvxfhzpakyfzfhmkfpv.supabase.co/storage/v1/object/public/photos/206b87b8994e942db853870433bc9b2418fde9356604930671f9e2d8547e1ae7.jpg,706837,1080,1440,46.5582053932561,14.2938350177064,2024-08-07 18:25:37+00,100,compliant,"[""RULER_OK"",""DUCT_OK"",""UNOBSTRUCTED_OK"",""LENGTH_OK""]","[""DEPTH_TOO_SHALLOW"",""WARNING_TAPE_MISSING"",""BEDDING_MISSING""]","[""far_from_waypoint:6m"",""gps_from_overlay"",""address:20 Wulfeniaweg, Maria Rain, Klagenfurt-Land 9161, Austria"",""overlay:07.08.2024 18:25:37 | 46°33'29,67289\""N 14°17'38,00051\""E | 20 Wulfeniaweg | Maria Rain, Klagenfurt-Land 9161 | Австрия"",""unknown_trench:SDIRouteSection_146431089153_0"",""original_gps:46.558242,14.293889"",""snapped:5.8m"",""DEPTH_TOO_SHALLOW"",""WARNING_TAPE_MISSING"",""BEDDING_MISSING""]",Ensure warning tape and bedding are present and depth meets minimum requirements.,50,false,true,false,true,true,flagged,,,2026-05-16 20:29:28.193883+00,2026-05-16 20:29:28.156+00,,d51622c0-9035-40dd-a54b-1d9e263f9ca3,,850747f2-be54-4acf-902c-d095d5a7c525,1,1_TimePhoto_20240807_182537.jpg
abbb5249-4a68-4bef-8320-fbe01f26f3c1,72a0ea9baf7b748f7ebd54614ee1b027c7e6d708349fb4fe74345bbcc9581572,5280a82f2aa07d3b23d59fcf9ec484d272bd7bb2780e7e77d7d4f936a288c683.jpeg,https://vcvxfhzpakyfzfhmkfpv.supabase.co/storage/v1/object/public/photos/5280a82f2aa07d3b23d59fcf9ec484d272bd7bb2780e7e77d7d4f936a288c683.jpeg,320694,1200,1600,46.5618714159426,14.2885311930544,2024-09-04 13:42:11+00,100,compliant,"[""DEPTH_OK"",""RULER_OK"",""DUCT_OK"",""UNOBSTRUCTED_OK"",""LENGTH_OK""]","[""WARNING_TAPE_MISSING"",""BEDDING_MISSING""]","[""far_from_waypoint:1m"",""gps_from_overlay"",""address:Toppelsdorferstraße 12, 9161 Maria Rain, Austria"",""overlay:04.09.2024 13:42:11 | 46.56186004N 14.28852088E | Toppelsdorferstraße 12, 9161 Maria Rain, Австрия"",""unknown_trench:SDIRouteSection_78822561537_1703146880"",""original_gps:46.561860,14.288521"",""snapped:1.5m"",""WARNING_TAPE_MISSING"",""BEDDING_MISSING""]",Ensure warning tape and sand bedding are visible in future photos.,65,true,true,false,true,true,flagged,,,2026-05-16 20:45:55.967682+00,2026-05-16 20:45:55.938+00,,3ae34aad-bd16-4191-9793-310202def4f0,,850747f2-be54-4acf-902c-d095d5a7c525,1,1_WhatsApp Image 2024-09-04 at 17_09_32.jpeg
ac0c3eab-6142-4be6-8d7d-47bbb50fabe3,6600b150ee0ce6350dfd4659dbc82f5c71b56122b332d433729e7a19402de4c8,79e4178ac0bc994d8316883d2674d838e3f66b18a7690354917462bb1fb5b3ed.jpeg,https://vcvxfhzpakyfzfhmkfpv.supabase.co/storage/v1/object/public/photos/79e4178ac0bc994d8316883d2674d838e3f66b18a7690354917462bb1fb5b3ed.jpeg,684266,1536,2048,46.5615054417007,14.2868406326718,2024-08-28 12:49:56+00,65,needs_review,"[""BEDDING_OK"",""DUCT_OK"",""UNOBSTRUCTED_OK"",""LENGTH_OK""]","[""WARNING_TAPE_MISSING"",""DEPTH_UNREADABLE""]","[""far_from_waypoint:7m"",""gps_from_address"",""address:2 Bahnhofstraße, Maria Rain, Klagenfurt-Land, Kärnten"",""overlay:28 авг. 2024 г. 12:49:56 | 2 Bahnhofstraße | Maria Rain | Klagenfurt-Land | Kärnten"",""unknown_trench:SDIRouteSection_92056099073_0"",""original_gps:46.561536,14.286753"",""snapped:7.5m"",""WARNING_TAPE_MISSING"",""DEPTH_UNREADABLE""]",Include a depth measurement reference in the next photo.,,false,false,true,true,true,flagged,,,2026-05-16 20:31:55.812982+00,2026-05-16 20:31:55.781+00,,3ae34aad-bd16-4191-9793-310202def4f0,,850747f2-be54-4acf-902c-d095d5a7c525,4,1_WhatsApp Image 2024-08-28 at 18_11_21.jpeg
acec4194-3573-44c8-bb98-5a2991995193,0007ef3bb5d5bc270872b662832cc93b1f735631c8aa530a22839b94e252c0b9,21925cc19ce8b381fa5f77c0e123d0e5bbb6d270a0b6ca74691f530ef1d9ca85.jpeg,https://vcvxfhzpakyfzfhmkfpv.supabase.co/storage/v1/object/public/photos/21925cc19ce8b381fa5f77c0e123d0e5bbb6d270a0b6ca74691f530ef1d9ca85.jpeg,337202,1080,1440,46.558146204198,14.2898058146238,2024-09-04 18:29:28+00,60,needs_review,"[""DUCT_OK"",""PIPE_ENDS_OK"",""UNOBSTRUCTED_OK"",""LENGTH_OK""]","[""RULER_MISSING"",""WARNING_TAPE_MISSING"",""BEDDING_MISSING""]","[""far_from_waypoint:5m"",""gps_from_overlay"",""address:2 Göltschacher Straße, Maria Rain, Klagenfurt-Land 9161, Austria"",""overlay:04.09.2024 18:29:28 | 46°33'29,46942\""N 14°17'23,36641\""E | 2 Göltschacher Straße | Maria Rain, Klagenfurt-Land 9161 | Австрия"",""unknown_trench:SDIRouteSection_157050207489_1729588296"",""original_gps:46.558186,14.289824"",""snapped:4.6m"",""RULER_MISSING"",""WARNING_TAPE_MISSING"",""BEDDING_MISSING""]",Include a depth reference and warning tape in the next photo.,,false,false,false,true,true,flagged,,,2026-05-16 20:48:10.721427+00,2026-05-16 20:48:10.684+00,,b45e1be7-dd78-4e30-be7c-de24fae75117,,850747f2-be54-4acf-902c-d095d5a7c525,1,1_WhatsApp Image 2024-09-04 at 22_33_36 (1).jpeg
acee7bf2-772c-4240-b0e3-d3f44ef540c0,6bbd1ae1560247a9d8beb22f28a8325b67da7e0c5476ac7486c665b6308fc568,52b3332f9f61e5365d19606a3f02d19373fd5e8396a066e6f235b0e1c0dac4ba.jpeg,https://vcvxfhzpakyfzfhmkfpv.supabase.co/storage/v1/object/public/photos/52b3332f9f61e5365d19606a3f02d19373fd5e8396a066e6f235b0e1c0dac4ba.jpeg,332129,1080,1440,46.5580243866462,14.2898429535665,2024-09-04 18:29:31+00,20,non_compliant,"[""UNOBSTRUCTED_OK"",""LENGTH_OK""]","[""NO_CABLES_VISIBLE""]","[""far_from_waypoint:2m"",""gps_from_overlay"",""address:9 Schulweg, Maria Rain, Klagenfurt Land 9161, Austria"",""overlay:04.09.2024 18:29:31 | 46°33'28,96113\""N 14°17'23,47293\""E | 9 Schulweg | Maria Rain, Klagenfurt Land 9161 | Австрия"",""unknown_trench:SDIRouteSection_111920950273_0"",""original_gps:46.558045,14.289854"",""snapped:2.4m"",""NO_CABLES_VISIBLE""]","Reshoot to show cables, ducts, or pipes visible inside the trench.",,false,false,false,false,true,flagged,,,2026-05-16 20:48:36.034024+00,2026-05-16 20:48:35.994+00,,b45e1be7-dd78-4e30-be7c-de24fae75117,,850747f2-be54-4acf-902c-d095d5a7c525,1,1_WhatsApp Image 2024-09-04 at 22_33_36.jpeg
ad839b36-eaab-4172-8c83-804bebace20c,7dd04ae4fa984ed3627c4e49b29085d1a0c5519d36fc112a63785d1b76dee8c0,e25c20ae0c45a3e476688b4ad993bfc5bcf6833dc087829f2636c7aeeb24559a.jpeg,https://vcvxfhzpakyfzfhmkfpv.supabase.co/storage/v1/object/public/photos/e25c20ae0c45a3e476688b4ad993bfc5bcf6833dc087829f2636c7aeeb24559a.jpeg,797770,1536,2048,46.5616461788451,14.2882952280343,2024-09-04 11:40:18+00,20,non_compliant,"[""UNOBSTRUCTED_OK"",""LENGTH_OK""]","[""NO_CABLES_VISIBLE""]","[""far_from_waypoint:1m"",""gps_from_overlay"",""address:8 Toppelsdorferstraße, Maria Rain, Klagenfurt Land, Kärnten, Austria"",""overlay:4 сент. 2024 г. 11:40:18 | 46.56165198N 14.28829703E ±3,79m | 8 Toppelsdorferstraße | Maria Rain | Klagenfurt Land | Kärnten"",""unknown_trench:SDIRouteSection_165948796929_1729505344"",""original_gps:46.561652,14.288297"",""snapped:0.7m"",""NO_CABLES_VISIBLE""]",Photo is missing visible cables/ducts within the trench; ensure they are visible in the next shot.,,false,false,false,false,true,flagged,,,2026-05-16 20:46:11.024919+00,2026-05-16 20:46:10.973+00,,3ae34aad-bd16-4191-9793-310202def4f0,,850747f2-be54-4acf-902c-d095d5a7c525,1,1_WhatsApp Image 2024-09-04 at 17_09_48.jpeg
aece3a30-8d10-49ad-9c0e-dfaeef9d7db9,5b7cb295ed2c07f03adbabb4ebe73e56c0536bf9a6c8da3fbea5fa4a7a7bddd9,5b7cb295ed2c07f03adbabb4ebe73e56c0536bf9a6c8da3fbea5fa4a7a7bddd9.jpeg,https://vcvxfhzpakyfzfhmkfpv.supabase.co/storage/v1/object/public/photos/5b7cb295ed2c07f03adbabb4ebe73e56c0536bf9a6c8da3fbea5fa4a7a7bddd9.jpeg,467966,1080,1920,46.5537020384009,14.2931356094778,2024-09-23 13:37:13+00,60,needs_review,"[""DUCT_OK"",""UNOBSTRUCTED_OK"",""LENGTH_OK""]","[""DEPTH_UNREADABLE"",""WARNING_TAPE_MISSING"",""BEDDING_MISSING""]","[""gps_from_overlay"",""address:8 Kirschnerstraße, Maria Rain, Klagenfurt-Land, Kärnten"",""overlay:23.09.2024 13:37:13.4 | 46.55369194N 14.2931564E +3.79m | 8 Kirschnerstraße | Maria Rain | Klagenfurt-Land | Kärnten"",""unknown_trench:SDIRouteSection_129140397057_1734342934"",""original_gps:46.553692,14.293156"",""snapped:1.9m"",""DEPTH_UNREADABLE"",""WARNING_TAPE_MISSING"",""BEDDING_MISSING""]",Include a depth ruler and ensure warning tape and bedding are visible in the next photo.,,false,false,false,true,true,needs_review,,,2026-05-16 23:02:22.159526+00,2026-05-16 23:02:21.746+00,,5453a8ca-d0ed-4292-a8b3-2ac3e87f7749,,850747f2-be54-4acf-902c-d095d5a7c525,0,1_WhatsApp Image 2024-09-23 at 22_01_56 (2).jpeg
aed1eb53-d261-4d6d-b868-564eb5557afe,a3e197e45656e5042ae6ce7be8c64c0778e90a6c6e68118d9d91f8c138b1f030,acdc3a82d889a111f8da907593b595da4ff6cf338ed2fc75189f94dfde9cf41e.jpeg,https://vcvxfhzpakyfzfhmkfpv.supabase.co/storage/v1/object/public/photos/acdc3a82d889a111f8da907593b595da4ff6cf338ed2fc75189f94dfde9cf41e.jpeg,913617,1536,2048,46.5644860826306,14.2926214635124,2024-08-24 11:39:07+00,100,compliant,"[""DEPTH_OK"",""RULER_OK"",""DUCT_OK"",""UNOBSTRUCTED_OK"",""LENGTH_OK""]","[""WARNING_TAPE_MISSING"",""BEDDING_MISSING""]","[""far_from_waypoint:2m"",""gps_from_address"",""address:Toppelsdorferstraße 34, 9161 Maria Rain, Austria"",""overlay:24.08.24, 11:39:07 | Toppelsdorferstraße 34 | 9161 Maria Rain | Österreich"",""unknown_trench:SDIRouteSection_107340512257_0"",""original_gps:46.564467,14.292614"",""snapped:2.2m"",""WARNING_TAPE_MISSING"",""BEDDING_MISSING""]",Ensure warning tape and proper bedding are visible in future photos.,65,true,true,false,true,true,flagged,,,2026-05-16 20:31:08.727224+00,2026-05-16 20:31:08.71+00,,4d8d5e0f-9b48-4182-9958-7550ad167946,,850747f2-be54-4acf-902c-d095d5a7c525,3,1_WhatsApp Image 2024-08-27 at 20_43_55 (1).jpeg
afc299d1-1a13-4770-be46-7ef7b612cd08,b62a2dcaecccb3bdb6f01acd84e1b643351b5a701c0c300c9d384f2d96ee940a,b62a2dcaecccb3bdb6f01acd84e1b643351b5a701c0c300c9d384f2d96ee940a.jpeg,https://vcvxfhzpakyfzfhmkfpv.supabase.co/storage/v1/object/public/photos/b62a2dcaecccb3bdb6f01acd84e1b643351b5a701c0c300c9d384f2d96ee940a.jpeg,603986,1500,2000,46.5638693204724,14.2938793865567,2024-09-19 08:52:00+00,100,compliant,"[""DEPTH_OK"",""RULER_OK"",""DUCT_OK"",""UNOBSTRUCTED_OK"",""LENGTH_OK""]","[""WARNING_TAPE_MISSING"",""BEDDING_MISSING""]","[""gps_from_overlay"",""address:Josef-Petritsch-Straße, Maria Rain, Klagenfurt-Land, Kärnten"",""overlay:19.09.2024 08:52 | 46°33'49,944\""N 14°17'38,196\""E | Josef-Petritsch-Straße | Maria Rain | Klagenfurt-Land | Kärnten"",""unknown_trench:SDIRouteSection_74693942017_1734419914"",""original_gps:46.563873,14.293943"",""snapped:4.9m"",""WARNING_TAPE_MISSING"",""BEDDING_MISSING""]",Great documentation shot; continue to include all relevant measurements and elements.,85,true,true,false,true,true,compliant,,,2026-05-16 22:59:42.748384+00,2026-05-16 22:59:42.55+00,,4d8d5e0f-9b48-4182-9958-7550ad167946,,850747f2-be54-4acf-902c-d095d5a7c525,1,1_WhatsApp Image 2024-09-19 at 11_43_14.jpeg
b0bd3239-3f65-45bf-b8f0-f936974cc808,8ba11cd2fdd00ece11a61be0be653d18fd8c435bca0829038e1852522c1a34ac,9dc33ed78b802fa4c1e63b3da3fef529a69a919ca8fb85091ebbbb56935b9f94.jpeg,https://vcvxfhzpakyfzfhmkfpv.supabase.co/storage/v1/object/public/photos/9dc33ed78b802fa4c1e63b3da3fef529a69a919ca8fb85091ebbbb56935b9f94.jpeg,343957,1080,1440,46.5581180780756,14.2898711934686,2024-09-04 18:57:02+00,60,needs_review,"[""DUCT_OK"",""PIPE_ENDS_OK"",""UNOBSTRUCTED_OK"",""LENGTH_OK""]","[""WARNING_TAPE_MISSING"",""BEDDING_MISSING"",""DEPTH_UNREADABLE""]","[""far_from_waypoint:1m"",""gps_from_overlay"",""address:7 Schulweg, Maria Rain, Klagenfurt-Land 9161, Austria"",""overlay:04.09.2024 18:57:02 | 46°33'29,23391\""N 14°17'23,58729\""E | 7 Schulweg | Maria Rain, Klagenfurt-Land 9161 | Австрия"",""unknown_trench:SDIRouteSection_157051703809_1729588294"",""original_gps:46.558121,14.289885"",""snapped:1.1m"",""WARNING_TAPE_MISSING"",""BEDDING_MISSING"",""DEPTH_UNREADABLE""]",Include a depth ruler in the next photo and ensure warning tape and bedding are visible.,,false,false,false,true,true,flagged,,,2026-05-16 20:47:48.194806+00,2026-05-16 20:47:48.152+00,,b45e1be7-dd78-4e30-be7c-de24fae75117,,850747f2-be54-4acf-902c-d095d5a7c525,0,1_WhatsApp Image 2024-09-04 at 22_33_33.jpeg
b1488884-1088-4767-8782-de1648b2cb98,8b516b2af60ad7dca829f8278c809d69e83ad79130548a58245ab83acd0810ee,4cbb3cc4ae2e177fd8c6443aebd9349c90a3d0d5c7f4d25bcebfe9876ac393c5.jpeg,https://vcvxfhzpakyfzfhmkfpv.supabase.co/storage/v1/object/public/photos/4cbb3cc4ae2e177fd8c6443aebd9349c90a3d0d5c7f4d25bcebfe9876ac393c5.jpeg,554263,1080,1920,46.557034750186,14.2948565818369,2024-10-09 10:59:00+00,100,compliant,"[""DEPTH_OK"",""RULER_OK"",""DUCT_OK"",""PIPE_ENDS_OK"",""UNOBSTRUCTED_OK"",""LENGTH_OK""]","[""WARNING_TAPE_MISSING"",""BEDDING_MISSING""]","[""far_from_waypoint:3m"",""gps_from_overlay"",""address:Holunderweg, Maria Rain, 9161, Carinthia, Austria"",""overlay:Maria Rain,Carinthia,Austria | Holunderweg, Maria Rain, 9161, Carinthia, Austria | Lat 46.557016, Long 14.294891 | 09/10/2024 10:59 AM GMT+02:00 | Note : Captured by GPS Map Camera"",""unknown_trench:SDIRouteSection_150950888193_1729585656"",""original_gps:46.557016,14.294891"",""snapped:3.4m"",""WARNING_TAPE_MISSING"",""BEDDING_MISSING""]",Ensure warning tape and sand bedding are visible in the next photo.,80,true,true,false,true,true,flagged,,,2026-05-16 20:50:22.829847+00,2026-05-16 20:50:22.666+00,,d51622c0-9035-40dd-a54b-1d9e263f9ca3,,850747f2-be54-4acf-902c-d095d5a7c525,0,1_WhatsApp Image 2024-09-10 at 17_27_33 (1).jpeg
b4cad6a5-356b-43f7-8d4d-68fa6e0b5e47,82f1cca85a02149b7a9bfabe154f05605d3e81e0fcee807c9d6fb9556f7f60f0,4286f2ce97018fb727778cc3ea2ec43a12781883b3856db8c75f5237461304f2.jpeg,https://vcvxfhzpakyfzfhmkfpv.supabase.co/storage/v1/object/public/photos/4286f2ce97018fb727778cc3ea2ec43a12781883b3856db8c75f5237461304f2.jpeg,394515,1536,2048,46.5560944575313,14.2925645504147,2024-09-11 13:29:32+00,60,needs_review,"[""DUCT_OK"",""UNOBSTRUCTED_OK"",""LENGTH_OK""]","[""WARNING_TAPE_MISSING"",""BEDDING_MISSING"",""DEPTH_UNREADABLE""]","[""far_from_waypoint:3m"",""gps_from_overlay"",""address:Kirschnerstraße 14, 9161 Maria Rain, Austria"",""overlay:11.09.2024 13:29:32 | 46.5560931N 14.29259904E | Kirschnerstraße 14, 9161 Maria Rain, Австрия"",""unknown_trench:SDIRouteSection_128575110145_1729577939"",""original_gps:46.556093,14.292599"",""snapped:2.6m"",""WARNING_TAPE_MISSING"",""BEDDING_MISSING"",""DEPTH_UNREADABLE""]",Include a depth ruler and ensure warning tape and bedding are visible in the next photo.,,false,false,false,true,true,flagged,,,2026-05-16 22:21:14.790831+00,2026-05-16 22:21:14.653+00,,d51622c0-9035-40dd-a54b-1d9e263f9ca3,,850747f2-be54-4acf-902c-d095d5a7c525,0,1_WhatsApp Image 2024-09-11 at 18_44_11.jpeg
b55f7245-41d9-4309-9f9e-f02ea8b6b029,a81048f05f878f055a252d8fcb79489c2c17945d1b929f8b8baba806500dbce3,1b8f1f9f5f146363d644ceaea0b019015a627e45182e72fbf0639447200ef821.jpeg,https://vcvxfhzpakyfzfhmkfpv.supabase.co/storage/v1/object/public/photos/1b8f1f9f5f146363d644ceaea0b019015a627e45182e72fbf0639447200ef821.jpeg,371759,1200,1600,46.5558011079594,14.2929356146036,2024-09-16 12:49:25+00,60,needs_review,"[""DUCT_OK"",""UNOBSTRUCTED_OK"",""LENGTH_OK""]","[""RULER_MISSING"",""WARNING_TAPE_MISSING"",""BEDDING_MISSING""]","[""far_from_waypoint:13m"",""gps_from_overlay"",""address:Kirschnerstraße 14, 9161 Maria Rain, Austria"",""overlay:16.09.2024 12:49:25 | 46.5559097N 14.29285882E | Kirschnerstraße 14, 9161 Maria Rain, Австрия"",""unknown_trench:SDIRouteSection_105856216577_0"",""original_gps:46.555910,14.292859"",""snapped:13.4m"",""RULER_MISSING"",""WARNING_TAPE_MISSING"",""BEDDING_MISSING""]",Include a depth ruler in the trench for measurement in the next photo.,,false,false,false,true,true,flagged,,,2026-05-16 22:24:38.990769+00,2026-05-16 22:24:38.844+00,,d51622c0-9035-40dd-a54b-1d9e263f9ca3,,850747f2-be54-4acf-902c-d095d5a7c525,2,1_WhatsApp Image 2024-09-16 at 17_04_05 (2).jpeg
b8a35811-11fc-4da5-888d-0fec3bf218ac,5265ef139dee3b085ab9d2d9fd0657c998a862eac6a64d4fe0b4e081239daca6,cea283603b61cbd89b9055e511fd29995ce5e6fb8a00df161b2e7582b03378fa.jpeg,https://vcvxfhzpakyfzfhmkfpv.supabase.co/storage/v1/object/public/photos/cea283603b61cbd89b9055e511fd29995ce5e6fb8a00df161b2e7582b03378fa.jpeg,680289,1500,2000,46.5639135379552,14.2938912380487,2024-09-19 08:50:00+00,100,compliant,"[""DEPTH_OK"",""RULER_OK"",""DUCT_OK"",""PIPE_ENDS_OK"",""UNOBSTRUCTED_OK"",""LENGTH_OK""]","[""WARNING_TAPE_MISSING"",""BEDDING_MISSING""]","[""far_from_waypoint:14m"",""gps_from_overlay"",""address:7 Josef-Petritsch-Straße, Maria Rain, Klagenfurt-Land, Kärnten"",""overlay:19.09.2024 08:50 | 46°33'49,944\""N 14°17'38,622\""E | 7 Josef-Petritsch-Straße | Maria Rain | Klagenfurt-Land | Kärnten"",""unknown_trench:SDIRouteSection_74693942017_1734419914"",""original_gps:46.563873,14.294062"",""snapped:13.8m"",""WARNING_TAPE_MISSING"",""BEDDING_MISSING""]",Ensure warning tape and bedding material are visible in future documentation photos.,70,true,true,false,true,true,flagged,,,2026-05-16 22:28:17.567081+00,2026-05-16 22:28:17.35+00,,4d8d5e0f-9b48-4182-9958-7550ad167946,,850747f2-be54-4acf-902c-d095d5a7c525,0,1_WhatsApp Image 2024-09-19 at 11_43_14 (1).jpeg
b9dbdf27-dbbc-4270-9bd0-fd20a7e8cb24,16d071aa4fffc8ac900e8f375a85e8697c195e3c52307246b49b58a04490ebb1,86391b4e8a1d11fdeb7720d5502784ce27847471c991ca333a95a8dd71092d1b.jpeg,https://vcvxfhzpakyfzfhmkfpv.supabase.co/storage/v1/object/public/photos/86391b4e8a1d11fdeb7720d5502784ce27847471c991ca333a95a8dd71092d1b.jpeg,395081,1200,1600,46.5549942324433,14.2930036702857,2024-09-17 13:46:02+00,60,needs_review,"[""DUCT_OK"",""UNOBSTRUCTED_OK"",""LENGTH_OK""]","[""WARNING_TAPE_MISSING"",""BEDDING_MISSING"",""DEPTH_UNREADABLE""]","[""far_from_waypoint:2m"",""gps_from_overlay"",""address:Kirschnerstraße 22, 9161 Maria Rain, Austria"",""overlay:17.09.2024 13:46:02 | 46.55499459N 14.29303059E | Kirschnerstraße 22, 9161 Maria Rain, Австрия"",""unknown_trench:SDIRouteSection_123162663169_1729575769"",""original_gps:46.554995,14.293031"",""snapped:2.1m"",""WARNING_TAPE_MISSING"",""BEDDING_MISSING"",""DEPTH_UNREADABLE""]",Include a depth reference and warning tape in the next photo.,,false,false,false,true,true,flagged,,,2026-05-16 22:25:51.676411+00,2026-05-16 22:25:51.542+00,,5453a8ca-d0ed-4292-a8b3-2ac3e87f7749,,850747f2-be54-4acf-902c-d095d5a7c525,2,1_WhatsApp Image 2024-09-17 at 17_13_41 (1).jpeg
ba389f78-c905-4040-b16c-1fb46bcebcad,470956308700944ce95af4446cf6796046b244355684165a62a61eb55800742c,470956308700944ce95af4446cf6796046b244355684165a62a61eb55800742c.jpeg,https://vcvxfhzpakyfzfhmkfpv.supabase.co/storage/v1/object/public/photos/470956308700944ce95af4446cf6796046b244355684165a62a61eb55800742c.jpeg,400012,1440,1080,46.5539492566643,14.2919871211052,2024-09-25 09:43:13+00,93,compliant,"[""RULER_OK"",""DUCT_OK"",""UNOBSTRUCTED_OK"",""LENGTH_OK""]","[""DEPTH_TOO_SHALLOW"",""WARNING_TAPE_MISSING"",""BEDDING_MISSING""]","[""gps_from_overlay"",""address:11 Dahlienweg, Maria Rain, Klagenfurt-Land 9161, Austria"",""overlay:25.09.2024 09:43:13 | 46°33'14,19624\""N 14°17'31,15766\""E | 11 Dahlienweg | Maria Rain, Klagenfurt-Land 9161 | Австрия"",""unknown_trench:SDIRouteSection_108382853889_1650888583"",""original_gps:46.553943,14.291988"",""snapped:0.7m"",""DEPTH_TOO_SHALLOW"",""WARNING_TAPE_MISSING"",""BEDDING_MISSING""]","Ensure warning tape and bedding are present, and verify trench depth meets specifications for future documentation.",35,false,true,false,true,true,compliant,,,2026-05-16 23:03:50.298492+00,2026-05-16 23:03:50.112+00,,5453a8ca-d0ed-4292-a8b3-2ac3e87f7749,,850747f2-be54-4acf-902c-d095d5a7c525,1,1_WhatsApp Image 2024-09-25 at 20_58_18 (3).jpeg
bb6d1c08-f8d0-4e7b-9b02-53953a5fcba1,fee22b6b6b74fef224591d41ae7abefce88338bb127693502245a6c8e59dd8bc,fee22b6b6b74fef224591d41ae7abefce88338bb127693502245a6c8e59dd8bc.jpeg,https://vcvxfhzpakyfzfhmkfpv.supabase.co/storage/v1/object/public/photos/fee22b6b6b74fef224591d41ae7abefce88338bb127693502245a6c8e59dd8bc.jpeg,860782,1536,2048,46.5577337102961,14.2980351763057,2024-09-20 14:50:02+00,60,needs_review,"[""DUCT_OK"",""PIPE_ENDS_OK"",""UNOBSTRUCTED_OK"",""LENGTH_OK""]","[""RULER_MISSING"",""WARNING_TAPE_MISSING"",""BEDDING_MISSING""]","[""gps_from_address"",""address:2 Rautenweg, Maria Rain, Klagenfurt-Land, Kärnten, Austria"",""overlay:20 сент. 2024 г. 14:50:02 | 2 Rautenweg | Maria Rain | Klagenfurt-Land | Kärnten"",""unknown_trench:SDIRouteSection_145805128449_1729583469"",""original_gps:46.557737,14.298026"",""snapped:0.8m"",""RULER_MISSING"",""WARNING_TAPE_MISSING"",""BEDDING_MISSING""]",Include a depth measurement reference in the next photo and ensure bedding is visible.,,false,false,false,true,true,needs_review,,,2026-05-16 23:00:40.222085+00,2026-05-16 23:00:40.04+00,,38d66506-7083-4c41-adae-9c9a8be34abf,,850747f2-be54-4acf-902c-d095d5a7c525,3,1_WhatsApp Image 2024-09-20 at 19_36_16.jpeg
be6fb3f9-50ab-4497-b7ea-d6e0e2da23ad,d4d598be7871491852b49204a7b211e976a1831ad10a6818f21b868f3345de2e,5604b95c765aa6b9e5965738dbfdde86e7d3d4d7d8d0ff3bbd8f73946126c958.jpeg,https://vcvxfhzpakyfzfhmkfpv.supabase.co/storage/v1/object/public/photos/5604b95c765aa6b9e5965738dbfdde86e7d3d4d7d8d0ff3bbd8f73946126c958.jpeg,360010,1200,1600,46.5531713146917,14.2926925040544,2024-09-23 14:57:25+00,20,non_compliant,"[""DEPTH_OK"",""RULER_OK"",""UNOBSTRUCTED_OK"",""LENGTH_OK""]","[""NO_CABLES_VISIBLE""]","[""gps_from_overlay"",""address:79 Görtschach, Ferlach, Klagenfurt-Land, Kärnten"",""overlay:23 сент. 2024 г. 14:57:25 | 46.553166N 14.29268816E ±3,79m | 79 Görtschach | Ferlach | Klagenfurt-Land | Kärnten"",""unknown_trench:SDIRouteSection_121281011201_1729574951"",""original_gps:46.553166,14.292688"",""snapped:0.7m"",""NO_CABLES_VISIBLE""]","Reshoot the photo showing cables, ducts, or pipes inside the trench.",75,true,true,false,false,true,flagged,,,2026-05-16 22:32:56.620866+00,2026-05-16 22:32:56.435+00,,5453a8ca-d0ed-4292-a8b3-2ac3e87f7749,,850747f2-be54-4acf-902c-d095d5a7c525,1,1_WhatsApp Image 2024-09-23 at 22_02_42.jpeg
be736430-34b6-4899-87d8-0c6adc06906b,5588fdacd990c8f98a1a13d8fe144d1cb5015f4e8b0fae55d85fa4089f500356,0b0f11dd929aa546970ca6ede5a3eeb245051008134b395327a6355b9201d24b.jpeg,https://vcvxfhzpakyfzfhmkfpv.supabase.co/storage/v1/object/public/photos/0b0f11dd929aa546970ca6ede5a3eeb245051008134b395327a6355b9201d24b.jpeg,265592,1080,1440,46.5581180780756,14.2898711934686,2024-09-04 18:56:58+00,60,needs_review,"[""DUCT_OK"",""UNOBSTRUCTED_OK"",""LENGTH_OK""]","[""WARNING_TAPE_MISSING"",""BEDDING_MISSING"",""DEPTH_UNREADABLE"",""TRENCH_UNSHORED""]","[""far_from_waypoint:2m"",""gps_from_overlay"",""address:9 Schulweg, Maria Rain, Klagenfurt-Land 9161, Austria"",""overlay:04.09.2024 18:56:58 | 46°33'29,26604\""N 14°17'23,60027\""E | 9 Schulweg | Maria Rain, Klagenfurt-Land 9161 | Австрия"",""unknown_trench:SDIRouteSection_157051703809_1729588294"",""original_gps:46.558129,14.289889"",""snapped:1.9m"",""WARNING_TAPE_MISSING"",""BEDDING_MISSING"",""DEPTH_UNREADABLE"",""TRENCH_UNSHORED""]",Include a depth ruler against the trench wall in the next photo to clearly show depth.,,false,false,false,true,true,flagged,,,2026-05-16 20:47:42.194672+00,2026-05-16 20:47:42.14+00,,b45e1be7-dd78-4e30-be7c-de24fae75117,,850747f2-be54-4acf-902c-d095d5a7c525,0,1_WhatsApp Image 2024-09-04 at 22_33_33 (1).jpeg
bee37594-8125-46bc-a4b8-c1ece50e2300,8fe186436131ab93407ae2acdb1b8cdcf481af5d21de0ef20256d04643df380f,8fe186436131ab93407ae2acdb1b8cdcf481af5d21de0ef20256d04643df380f.jpeg,https://vcvxfhzpakyfzfhmkfpv.supabase.co/storage/v1/object/public/photos/8fe186436131ab93407ae2acdb1b8cdcf481af5d21de0ef20256d04643df380f.jpeg,438146,1080,1440,46.5539008192437,14.2920135562057,2024-09-25 10:15:34+00,60,needs_review,"[""DUCT_OK"",""UNOBSTRUCTED_OK"",""LENGTH_OK""]","[""DEPTH_UNREADABLE"",""WARNING_TAPE_MISSING"",""BEDDING_MISSING""]","[""gps_from_overlay"",""address:11 Dahlienweg, Maria Rain, Klagenfurt-Land 9161, Austria"",""overlay:25.09.2024 10:15:34 | 46°33'14,03831\""N 14°17'31,08448\""E | 11 Dahlienweg | Maria Rain, Klagenfurt-Land 9161 | Австрия"",""unknown_trench:SDIRouteSection_122353188097_1729575376"",""original_gps:46.553900,14.291968"",""snapped:3.5m"",""DEPTH_UNREADABLE"",""WARNING_TAPE_MISSING"",""BEDDING_MISSING""]",Include a depth ruler and ensure warning tape/bedding are visible in the next photo.,,false,false,false,true,true,needs_review,,,2026-05-16 23:03:47.82533+00,2026-05-16 23:03:47.638+00,,5453a8ca-d0ed-4292-a8b3-2ac3e87f7749,,850747f2-be54-4acf-902c-d095d5a7c525,1,1_WhatsApp Image 2024-09-25 at 20_58_19 (1).jpeg
c1cece06-a880-40de-acf5-1eea141a373b,b0d0268801ead0f49dd38c40db949f74f08d468fcbb36d48dc2d999ab19bba69,7fb400f76703ac6d6422db793f160fc5193421c73d162ab6478084abf2bcf7b0.jpeg,https://vcvxfhzpakyfzfhmkfpv.supabase.co/storage/v1/object/public/photos/7fb400f76703ac6d6422db793f160fc5193421c73d162ab6478084abf2bcf7b0.jpeg,313608,1200,1600,46.5617937735918,14.2884256504476,2024-09-04 13:45:11+00,65,needs_review,"[""BEDDING_OK"",""DUCT_OK"",""UNOBSTRUCTED_OK"",""LENGTH_OK""]","[""DEPTH_UNREADABLE"",""RULER_MISSING"",""WARNING_TAPE_MISSING""]","[""far_from_waypoint:2m"",""gps_from_overlay"",""address:Toppelsdorferstraße 8, 9161 Maria Rain, Austria"",""overlay:04.09.2024 13:45:11 | 46.56178157N 14.2884165E | Toppelsdorferstraße 8, 9161 Maria Rain, Австрия"",""unknown_trench:SDIRouteSection_166004591617_1729505395"",""original_gps:46.561782,14.288417"",""snapped:1.5m"",""DEPTH_UNREADABLE"",""RULER_MISSING"",""WARNING_TAPE_MISSING""]",Include a depth measurement device in the next photo.,,false,false,true,true,true,flagged,,,2026-05-16 20:45:28.024918+00,2026-05-16 20:45:27.932+00,,3ae34aad-bd16-4191-9793-310202def4f0,,850747f2-be54-4acf-902c-d095d5a7c525,0,1_WhatsApp Image 2024-09-04 at 17_09_31 (1).jpeg
c24df546-05c7-4d28-bb11-316cd1da24d2,cd31a73a8f4317a378f8597b97bdbb50e17ad8245c9dc91cb73c5104bfc0894a,cd31a73a8f4317a378f8597b97bdbb50e17ad8245c9dc91cb73c5104bfc0894a.jpeg,https://vcvxfhzpakyfzfhmkfpv.supabase.co/storage/v1/object/public/photos/cd31a73a8f4317a378f8597b97bdbb50e17ad8245c9dc91cb73c5104bfc0894a.jpeg,256976,899,1599,46.5529783608392,14.2921353131533,2024-09-24 15:31:51+00,70,needs_review,"[""RULER_OK"",""DUCT_OK"",""UNOBSTRUCTED_OK"",""LENGTH_OK""]","[""DEPTH_UNREADABLE"",""BEDDING_MISSING""]","[""gps_from_overlay"",""address:3 Dahlienweg, Maria Rain, Klagenfurt-Land, Kärnten"",""overlay:24.09.2024 15:31:51.7 | 46.55299633N 14.29213016E ±3,79m | 3 Dahlienweg | Maria Rain | Klagenfurt-Land | Kärnten"",""unknown_trench:SDIRouteSection_121220144897_1729574934"",""original_gps:46.552996,14.292130"",""snapped:2.0m"",""DEPTH_UNREADABLE"",""BEDDING_MISSING""]",Ensure depth ruler is clearly readable in the next photo and add bedding.,,false,true,false,true,true,needs_review,,,2026-05-16 23:02:47.045239+00,2026-05-16 23:02:46.862+00,,5453a8ca-d0ed-4292-a8b3-2ac3e87f7749,,850747f2-be54-4acf-902c-d095d5a7c525,0,1_WhatsApp Image 2024-09-24 at 19_51_39.jpeg
c29385ed-1de1-4454-bea0-13c45729113d,31b42b63d97645a4524d4e1815422ebe5beac52f28bdabb943658832abacd0fc,31b42b63d97645a4524d4e1815422ebe5beac52f28bdabb943658832abacd0fc.jpeg,https://vcvxfhzpakyfzfhmkfpv.supabase.co/storage/v1/object/public/photos/31b42b63d97645a4524d4e1815422ebe5beac52f28bdabb943658832abacd0fc.jpeg,494387,1080,1920,46.5534428297932,14.2929515428841,2024-09-23 14:09:52+00,100,compliant,"[""DEPTH_OK"",""RULER_OK"",""BEDDING_OK"",""DUCT_OK"",""UNOBSTRUCTED_OK"",""LENGTH_OK""]","[""WARNING_TAPE_MISSING""]","[""gps_from_overlay"",""address:2 Dahlienweg, Maria Rain, Klagenfurt-Land, Kärnten, Austria"",""overlay:23.09.2024 14:09:52.9 | 46.55343755N 14.2929379E +3,79m | 2 Dahlienweg | Maria Rain | Klagenfurt-Land | Kärnten"",""unknown_trench:SDIRouteSection_146541252097_0"",""original_gps:46.553438,14.292938"",""snapped:1.2m"",""WARNING_TAPE_MISSING""]",Ensure warning tape is visible in future documentation photos.,85,true,true,true,true,true,compliant,,,2026-05-16 23:02:09.22854+00,2026-05-16 23:02:09.037+00,,5453a8ca-d0ed-4292-a8b3-2ac3e87f7749,,850747f2-be54-4acf-902c-d095d5a7c525,0,1_WhatsApp Image 2024-09-23 at 22_01_55 (1).jpeg
c4e4d902-ec26-44fa-91f0-d7321ae9cb7f,25197d3bdd7e7f7b70093eee4f3d2b0d0c8d565571597b07b25ddd5c3b0970ed,a6e6464c8d8fb2a7b7fc9b05955d40e2edd9074271b4b24619e2420f5476b835.jpeg,https://vcvxfhzpakyfzfhmkfpv.supabase.co/storage/v1/object/public/photos/a6e6464c8d8fb2a7b7fc9b05955d40e2edd9074271b4b24619e2420f5476b835.jpeg,340578,1200,1600,46.5624379233509,14.285033779839,2024-09-04 13:25:13+00,65,needs_review,"[""DUCT_OK"",""UNOBSTRUCTED_OK"",""LENGTH_OK""]","[""DEPTH_UNREADABLE"",""BEDDING_MISSING""]","[""far_from_waypoint:8m"",""gps_from_address"",""address:11a Bahnhofstraße, Maria Rain, Klagenfurt-Land, Kärnten"",""overlay:4 сент. 2024 г. 13:25:13 | 11a Bahnhofstraße | Maria Rain | Klagenfurt-Land | Kärnten"",""unknown_trench:SDIRouteSection_104642305281_1708074522"",""original_gps:46.562403,14.285130"",""snapped:8.3m"",""DEPTH_UNREADABLE"",""BEDDING_MISSING""]",Include a depth reference in the next photo and ensure bedding is visible.,,false,false,false,true,true,flagged,,,2026-05-16 20:46:18.445044+00,2026-05-16 20:46:18.263+00,,3ae34aad-bd16-4191-9793-310202def4f0,,850747f2-be54-4acf-902c-d095d5a7c525,6,1_WhatsApp Image 2024-09-04 at 17_11_23 (1).jpeg
c5c0c31f-f3d3-46ce-b26d-9095f5c631aa,9aa28b62213cb97a0a1489356ae25788b11933b1ece907434d85792b979ff615,682dcf5c881bc6557dda40cf87cdb8a9fdfa500db97751cd7d2ba588e235a852.jpeg,https://vcvxfhzpakyfzfhmkfpv.supabase.co/storage/v1/object/public/photos/682dcf5c881bc6557dda40cf87cdb8a9fdfa500db97751cd7d2ba588e235a852.jpeg,748809,1536,2048,46.6628988,14.6402911,2024-09-04 09:09:23+00,,,,,"[""off_site"",""off_site:28607m"",""gps_from_address"",""address:7 Wulfeniaweg"",""overlay:04.09.2024 09:09:23 | 7 Wulfeniaweg | Wulfeniaweg 7""]",,,,,,,,flagged,,,2026-05-16 22:18:33.706318+00,,,,,850747f2-be54-4acf-902c-d095d5a7c525,,1_WhatsApp Image 2024-09-04 at 09_40_25.jpeg
c5e8b596-7ebd-4d66-9ad2-7620360f8e6a,7a39732d4cd36b28d7634cd17bf793679366d9d35ef9eabdf7b263c51faf58a9,f5d71fd83ff1bea97e86c1649f52e51e436623a38898c82d913ec274d524125d.jpeg,https://vcvxfhzpakyfzfhmkfpv.supabase.co/storage/v1/object/public/photos/f5d71fd83ff1bea97e86c1649f52e51e436623a38898c82d913ec274d524125d.jpeg,311300,1200,1600,46.5617179879754,14.2883755266666,2024-09-04 13:47:41+00,60,needs_review,"[""DUCT_OK"",""UNOBSTRUCTED_OK"",""LENGTH_OK""]","[""DEPTH_UNREADABLE""]","[""far_from_waypoint:2m"",""gps_from_overlay"",""address:Toppelsdorferstraße 8, 9161 Maria Rain, Austria"",""overlay:04.09.2024 13:47:41 | 46.56170099N 14.28838642E | Toppelsdorferstraße 8, 9161 Maria Rain, Австрия"",""unknown_trench:SDIRouteSection_165951291905_1729505345"",""original_gps:46.561701,14.288386"",""snapped:2.1m"",""DEPTH_UNREADABLE""]","Include a depth reference (e.g., a ruler or tape measure) in the trench for the next photo.",,false,false,false,true,true,flagged,,,2026-05-16 20:45:41.921084+00,2026-05-16 20:45:41.894+00,,3ae34aad-bd16-4191-9793-310202def4f0,,850747f2-be54-4acf-902c-d095d5a7c525,0,1_WhatsApp Image 2024-09-04 at 17_09_31.jpeg
c9eba9a1-8dcd-4c6f-9f45-02516816f66c,2631936be035ceb5f0e92e6c1cb262603b298e45d3de2397e682f46f585a932c,478d2b81a7491350e37ca5c73a2b8fbfa2875d29aa8bdd172a01ecf9ada14b2d.jpeg,https://vcvxfhzpakyfzfhmkfpv.supabase.co/storage/v1/object/public/photos/478d2b81a7491350e37ca5c73a2b8fbfa2875d29aa8bdd172a01ecf9ada14b2d.jpeg,878705,1536,2048,46.5615054417007,14.2868406326718,2024-08-28 12:50:35+00,65,needs_review,"[""BEDDING_OK"",""UNOBSTRUCTED_OK"",""LENGTH_OK""]","[""RULER_MISSING"",""DEPTH_UNREADABLE"",""WARNING_TAPE_MISSING"",""CABLES_UNCLEAR""]","[""far_from_waypoint:7m"",""gps_from_address"",""address:2 Bahnhofstraße, Maria Rain, Klagenfurt-Land, Kärnten"",""overlay:28 авг. 2024 г. 12:50:35 | 2 Bahnhofstraße | Maria Rain | Klagenfurt-Land | Kärnten"",""unknown_trench:SDIRouteSection_92056099073_0"",""original_gps:46.561536,14.286753"",""snapped:7.5m"",""RULER_MISSING"",""DEPTH_UNREADABLE"",""WARNING_TAPE_MISSING"",""CABLES_UNCLEAR""]",Include a depth ruler in the trench and ensure cables are clearly visible in the next photo.,,false,false,true,false,true,flagged,,,2026-05-16 20:31:42.122644+00,2026-05-16 20:31:42.093+00,,3ae34aad-bd16-4191-9793-310202def4f0,,850747f2-be54-4acf-902c-d095d5a7c525,4,1_WhatsApp Image 2024-08-28 at 18_11_20 (2).jpeg
cb05b8b0-345c-4c57-89c2-fb56d279450b,4fba718b8f64a6860323c433c7b6a6cfe1dc5f1334272a7cdc6303a87f53cf32,0b05943e98905d057d65704e7b7627ca7b759a2f8ec7f14273694dc6438ccc3e.jpeg,https://vcvxfhzpakyfzfhmkfpv.supabase.co/storage/v1/object/public/photos/0b05943e98905d057d65704e7b7627ca7b759a2f8ec7f14273694dc6438ccc3e.jpeg,550630,1536,2048,46.5627697560809,14.2897176370025,2024-08-29 14:23:57+00,98,compliant,"[""DEPTH_OK"",""RULER_OK"",""DUCT_OK"",""UNOBSTRUCTED_OK"",""LENGTH_OK""]","[""WARNING_TAPE_MISSING"",""BEDDING_MISSING""]","[""far_from_waypoint:1m"",""gps_from_overlay"",""address:J. Lutschoonigstraße 2, 9161 Maria Rain, Austria"",""overlay:29.08.2024 14:23:57 | 46.56277428N 14.28969942E | J. Lutschoonigstraße 2, 9161 Maria Rain, Австрия"",""unknown_trench:SDIRouteSection_128499131393_1729492272"",""original_gps:46.562774,14.289699"",""snapped:1.5m"",""WARNING_TAPE_MISSING"",""BEDDING_MISSING""]",Ensure warning tape and bedding are visible in future photos.,65,true,true,false,true,true,flagged,,,2026-05-16 20:32:23.616371+00,2026-05-16 20:32:23.594+00,,3ae34aad-bd16-4191-9793-310202def4f0,,850747f2-be54-4acf-902c-d095d5a7c525,0,1_WhatsApp Image 2024-08-29 at 18_22_24.jpeg
cb4065a5-a849-4c66-8a76-973acf7ae0cc,e8d25ac4abc5c71dac9fdcfbe26b289e8ff8ed9f35d0162888a7de423e0012a7,e8d25ac4abc5c71dac9fdcfbe26b289e8ff8ed9f35d0162888a7de423e0012a7.jpeg,https://vcvxfhzpakyfzfhmkfpv.supabase.co/storage/v1/object/public/photos/e8d25ac4abc5c71dac9fdcfbe26b289e8ff8ed9f35d0162888a7de423e0012a7.jpeg,658998,1536,2048,46.5575996739096,14.298394330021,2024-09-23 16:59:30+00,60,needs_review,"[""UNOBSTRUCTED_OK"",""LENGTH_OK""]","[""WARNING_TAPE_MISSING"",""BEDDING_MISSING"",""DEPTH_UNREADABLE""]","[""gps_from_address"",""address:9 Rautenweg, Maria Rain, Klagenfurt-Land, Kärnten"",""overlay:23 сент. 2024 г. 16:59:30 | 9 Rautenweg | Maria Rain | Klagenfurt-Land | Kärnten"",""unknown_trench:SDIRouteSection_109703903489_1702994795"",""original_gps:46.557597,14.298408"",""snapped:1.1m"",""WARNING_TAPE_MISSING"",""BEDDING_MISSING"",""DEPTH_UNREADABLE""]",Include a depth ruler and ensure bedding is visible in the next photo.,,false,false,false,false,true,needs_review,,,2026-05-16 23:01:55.78864+00,2026-05-16 23:01:55.6+00,,38d66506-7083-4c41-adae-9c9a8be34abf,,850747f2-be54-4acf-902c-d095d5a7c525,2,1_WhatsApp Image 2024-09-23 at 19_21_36.jpeg
cddcc100-bec2-4cc8-a7cb-0a81720e13ab,8d33a40a9cb8e645dd9e47954783d4f7815bc4a7c63bf33564747769eb779b42,15c76e57c95230cc6a1a55b24b663c99ab1922bb0da61dda0a03b57dd6154936.jpeg,https://vcvxfhzpakyfzfhmkfpv.supabase.co/storage/v1/object/public/photos/15c76e57c95230cc6a1a55b24b663c99ab1922bb0da61dda0a03b57dd6154936.jpeg,276379,1200,1600,46.5564543458932,14.2950488626957,2024-09-01 13:18:27+00,60,needs_review,"[""DUCT_OK"",""PIPE_ENDS_OK"",""UNOBSTRUCTED_OK"",""LENGTH_OK""]","[""RULER_MISSING"",""DEPTH_UNREADABLE"",""WARNING_TAPE_MISSING"",""BEDDING_MISSING""]","[""far_from_waypoint:1m"",""gps_from_address"",""address:5 Nelkenweg, Maria Rain, Klagenfurt-Land, Kärnten, Austria"",""overlay:1.1 сент. 2024 г. 13:18:27 | 5 Nelkenweg | Maria Rain | Klagenfurt-Land | Kärnten"",""unknown_trench:SDIRouteSection_149700587009_1729585151"",""original_gps:46.556448,14.295040"",""snapped:1.0m"",""RULER_MISSING"",""DEPTH_UNREADABLE"",""WARNING_TAPE_MISSING"",""BEDDING_MISSING""]",Include a depth reference in the next photo.,,false,false,false,true,true,flagged,,,2026-05-16 22:21:44.704451+00,2026-05-16 22:21:44.565+00,,d51622c0-9035-40dd-a54b-1d9e263f9ca3,,850747f2-be54-4acf-902c-d095d5a7c525,3,1_WhatsApp Image 2024-09-11 at 20_09_47.jpeg
cfe2674c-1c90-4c1e-b534-14f587c10fbe,4dda45be75e749b4d1b606063d08a977aaac3950541b3d4be30e51fed98abc44,4dda45be75e749b4d1b606063d08a977aaac3950541b3d4be30e51fed98abc44.jpeg,https://vcvxfhzpakyfzfhmkfpv.supabase.co/storage/v1/object/public/photos/4dda45be75e749b4d1b606063d08a977aaac3950541b3d4be30e51fed98abc44.jpeg,778179,1536,2048,46.5577337102961,14.2980351763057,2024-09-20 11:58:25+00,93,compliant,"[""RULER_OK"",""UNOBSTRUCTED_OK"",""LENGTH_OK""]","[""BEDDING_MISSING"",""WARNING_TAPE_MISSING"",""DEPTH_TOO_SHALLOW""]","[""gps_from_address"",""address:2 Rautenweg, Maria Rain, Klagenfurt-Land, Kärnten"",""overlay:20 сент. 2024 г. 11:58:25 | 2 Rautenweg | Maria Rain | Klagenfurt-Land | Kärnten"",""unknown_trench:SDIRouteSection_145805128449_1729583469"",""original_gps:46.557737,14.298026"",""snapped:0.8m"",""BEDDING_MISSING"",""WARNING_TAPE_MISSING"",""DEPTH_TOO_SHALLOW""]",Ensure proper depth and include bedding and warning tape in future installations.,12,false,true,false,false,true,compliant,,,2026-05-16 23:01:09.575084+00,2026-05-16 23:01:09.41+00,,38d66506-7083-4c41-adae-9c9a8be34abf,,850747f2-be54-4acf-902c-d095d5a7c525,3,1_WhatsApp Image 2024-09-20 at 19_36_23 (1).jpeg
d0227a78-557c-416a-b760-207260ee9a13,82eccd6c321b403d3934a06ace5eb2aace575789e28e2b48ddc94592f82e7b5b,82eccd6c321b403d3934a06ace5eb2aace575789e28e2b48ddc94592f82e7b5b.jpeg,https://vcvxfhzpakyfzfhmkfpv.supabase.co/storage/v1/object/public/photos/82eccd6c321b403d3934a06ace5eb2aace575789e28e2b48ddc94592f82e7b5b.jpeg,147706,720,720,46.5533651245602,14.2914978270796,2024-09-25 14:33:07+00,100,compliant,"[""RULER_OK"",""DUCT_OK"",""UNOBSTRUCTED_OK"",""LENGTH_OK""]","[""DEPTH_TOO_SHALLOW""]","[""gps_from_address"",""address:Dahlienweg 7, 9161 Maria-Rain, Austria"",""overlay:25.09.2024 14:33:07 | Dahlienweg 7 | 9161 Мария-Райн | Австрия"",""unknown_trench:SDIRouteSection_54275352321_1702968911"",""original_gps:46.553381,14.291472"",""snapped:2.6m"",""DEPTH_TOO_SHALLOW""]",Ensure sufficient depth for future installations; include warning tape and bedding.,52,false,true,false,true,true,compliant,,,2026-05-16 23:02:58.081603+00,2026-05-16 23:02:57.893+00,,5453a8ca-d0ed-4292-a8b3-2ac3e87f7749,,850747f2-be54-4acf-902c-d095d5a7c525,2,1_WhatsApp Image 2024-09-25 at 19_39_22 (4).jpeg
d26566fc-7361-4109-becc-c192fd40d2ba,dd0d5bef0623ea5814e36de1f5bc0f732bee0c28f43064c90ec8eed38a75f199,59a67bfc88e335f7721a72a7bf40eaad1cb98879567f8377d0249151eed2b01d.jpeg,https://vcvxfhzpakyfzfhmkfpv.supabase.co/storage/v1/object/public/photos/59a67bfc88e335f7721a72a7bf40eaad1cb98879567f8377d0249151eed2b01d.jpeg,274919,1200,1600,46.5614910915466,14.2877605464309,2024-09-05 13:39:25+00,95,compliant,"[""DEPTH_OK"",""RULER_OK"",""DUCT_OK"",""UNOBSTRUCTED_OK"",""LENGTH_OK""]","[""WARNING_TAPE_MISSING"",""BEDDING_MISSING""]","[""far_from_waypoint:3m"",""gps_from_overlay"",""address:Göltschacher Str. 3, 9161 Maria Rain, Austria"",""overlay:05.09.2024 13:39:25 | 46.56151412N 14.28775559E | Göltschacher Str. 3, 9161 Maria Rain, Австрия"",""unknown_trench:SDIRouteSection_108387651329_1650888583"",""original_gps:46.561514,14.287756"",""snapped:2.6m"",""WARNING_TAPE_MISSING"",""BEDDING_MISSING""]",Maintain clear view of depth ruler and ducts in future photos.,70,true,true,false,true,true,flagged,,,2026-05-16 20:49:33.148611+00,2026-05-16 20:49:33.114+00,,3ae34aad-bd16-4191-9793-310202def4f0,,850747f2-be54-4acf-902c-d095d5a7c525,2,1_WhatsApp Image 2024-09-05 at 17_27_46.jpeg
d2d92ec3-4d92-42cf-bbf9-930d3b44d994,e76aacf3bcefdb9413fed97059241f7496f8e4f0fef71b7275dd1a474b7de8ed,5a3af431dfb26c361caef32e31b50110c66bea7df5b6018e9e61e898111a2768.jpeg,https://vcvxfhzpakyfzfhmkfpv.supabase.co/storage/v1/object/public/photos/5a3af431dfb26c361caef32e31b50110c66bea7df5b6018e9e61e898111a2768.jpeg,341746,1200,1600,50.9544984,6.8786368,2024-09-06 13:12:39+00,,,,,"[""off_site"",""off_site:729420m"",""gps_from_address"",""address:19 Meisenweg"",""overlay:06.09.2024 13:12:39 | 19 Meisenweg | MEISENWEG 19""]",,,,,,,,flagged,,,2026-05-16 22:19:27.689551+00,,,,,850747f2-be54-4acf-902c-d095d5a7c525,,1_WhatsApp Image 2024-09-06 at 18_20_55 (2).jpeg
d30e58c9-b75f-4e6f-ac82-7f9543675bb2,e8ef1a06bc26ad5eb90e27ed620992db1697927eb016d76822da5311411af205,e6684ad88e28e94fd0c41e645dd22f98c56ab7522f755b0d2e204db187a1e37f.jpeg,https://vcvxfhzpakyfzfhmkfpv.supabase.co/storage/v1/object/public/photos/e6684ad88e28e94fd0c41e645dd22f98c56ab7522f755b0d2e204db187a1e37f.jpeg,773260,1536,2048,46.5635371,14.2894136,2024-08-26 11:31:12+00,,,,,"[""off_site:16m"",""gps_from_address"",""address:15 Meisenweg, Maria Rain, Klagenfurt-Land, Kärnten, Austria"",""overlay:26 авг. 2024 г. 11:31:12 | 15 Meisenweg | Maria Rain | Klagenfurt-Land | Kärnten""]",,,,,,,,flagged,,,2026-05-16 20:30:37.715695+00,,,6687f8b7-b408-46a7-98a3-64bf8edc4386,,850747f2-be54-4acf-902c-d095d5a7c525,,1_WhatsApp Image 2024-08-26 at 18_18_43 (1).jpeg
d3706cb1-6f42-4b9e-97b3-2d607dca3652,7fb53442b286daa75013d79da2521933a6d61aac89123bf85c6a264a139ff574,80044e528a83b5ff4f121ab3ffae7391423aea91021e2f58274c7a1af3ad92ed.jpeg,https://vcvxfhzpakyfzfhmkfpv.supabase.co/storage/v1/object/public/photos/80044e528a83b5ff4f121ab3ffae7391423aea91021e2f58274c7a1af3ad92ed.jpeg,875974,1536,2048,46.5635371,14.2894136,2024-08-26 13:07:17+00,,,,,"[""off_site:16m"",""gps_from_address"",""address:15 Meisenweg, Maria Rain, Klagenfurt-Land, Kärnten"",""overlay:26 авг. 2024 г. 13:07:17 | 15 Meisenweg | Maria Rain | Klagenfurt-Land | Kärnten""]",,,,,,,,flagged,,,2026-05-16 20:30:17.310677+00,,,6687f8b7-b408-46a7-98a3-64bf8edc4386,,850747f2-be54-4acf-902c-d095d5a7c525,,1_WhatsApp Image 2024-08-26 at 18_18_40 (1).jpeg
d4d24eaa-4639-4383-905b-b9992a6ee657,0ef7301d479fecd40a6f9894d0baa0fdcf5d5e75a61c71804d7bd616597d34d7,6c565d40242dbd7e0468346cbe499e7f5575fe0da0622cec7b369e97740a338e.jpeg,https://vcvxfhzpakyfzfhmkfpv.supabase.co/storage/v1/object/public/photos/6c565d40242dbd7e0468346cbe499e7f5575fe0da0622cec7b369e97740a338e.jpeg,404389,1200,1600,46.5533351572747,14.291672213003,2024-09-25 13:59:02+00,25,non_compliant,"[""DEPTH_OK"",""RULER_OK"",""UNOBSTRUCTED_OK"",""LENGTH_OK""]","[""NO_CABLES_VISIBLE"",""WARNING_TAPE_MISSING"",""BEDDING_MISSING""]","[""gps_from_overlay"",""address:7 Dahlienweg, Maria Rain, Klagenfurt-Land, Kärnten"",""overlay:25 сент. 2024 г. 13:59:02 | 46.55332996N 14.29163375E ±3,79m | 7 Dahlienweg | Maria Rain | Klagenfurt-Land | Kärnten"",""unknown_trench:SDIRouteSection_120307647489_1729574733"",""original_gps:46.553330,14.291634"",""snapped:3.0m"",""NO_CABLES_VISIBLE"",""WARNING_TAPE_MISSING"",""BEDDING_MISSING""]",Photo is missing fiber cables/ducts; reshoot once infrastructure is installed.,125,true,true,false,false,true,flagged,,,2026-05-16 22:33:59.192621+00,2026-05-16 22:33:59.06+00,,5453a8ca-d0ed-4292-a8b3-2ac3e87f7749,,850747f2-be54-4acf-902c-d095d5a7c525,1,1_WhatsApp Image 2024-09-25 at 20_46_22 (2).jpeg
d6fffd49-4e52-453a-a775-b3382fb4cc38,3a7196c11b8542c9ed7abc15abd6d2fb42783ba350e4012493612b2f87279e3a,597cbecd8e2433e14390da1eca5029c05402f48f83db2699382a883b9917ff29.jpeg,https://vcvxfhzpakyfzfhmkfpv.supabase.co/storage/v1/object/public/photos/597cbecd8e2433e14390da1eca5029c05402f48f83db2699382a883b9917ff29.jpeg,311726,1200,1600,46.5614910915466,14.2877605464309,2024-09-05 13:39:18+00,95,compliant,"[""DEPTH_OK"",""RULER_OK"",""BEDDING_OK"",""DUCT_OK"",""UNOBSTRUCTED_OK"",""LENGTH_OK""]","[""TRENCH_UNSHORED""]","[""far_from_waypoint:2m"",""gps_from_overlay"",""address:Göltschacher Str. 3, 9161 Maria Rain, Austria"",""overlay:05.09.2024 13:39:18 | 46.56151315N 14.28775434E | Göltschacher Str. 3, 9161 Maria Rain, Австрия"",""unknown_trench:SDIRouteSection_108387651329_1650888583"",""original_gps:46.561513,14.287754"",""snapped:2.5m"",""TRENCH_UNSHORED""]",Photo is compliant; continue documenting progress with similar clarity.,75,true,true,true,true,true,flagged,,,2026-05-16 20:49:40.641644+00,2026-05-16 20:49:40.586+00,,3ae34aad-bd16-4191-9793-310202def4f0,,850747f2-be54-4acf-902c-d095d5a7c525,2,1_WhatsApp Image 2024-09-05 at 17_27_47.jpeg
d7b03d00-6d49-453e-8823-058e1ce9a02c,c020e75c63c03546f6b94d5963dc847adc119c479d238771dfa67c5010736299,9861f3c45c31a2aeaa1801df037fab90e99a1a1070fe39eadaac109abc1c7021.jpeg,https://vcvxfhzpakyfzfhmkfpv.supabase.co/storage/v1/object/public/photos/9861f3c45c31a2aeaa1801df037fab90e99a1a1070fe39eadaac109abc1c7021.jpeg,377153,1200,1600,46.554993267066,14.2932640903061,2024-09-17 13:37:38+00,97,compliant,"[""DEPTH_OK"",""RULER_OK"",""DUCT_OK"",""UNOBSTRUCTED_OK"",""LENGTH_OK""]","[""WARNING_TAPE_MISSING"",""BEDDING_MISSING""]","[""far_from_waypoint:7m"",""gps_from_overlay"",""address:Kirschnerstraße 9, 9161 Maria Rain, Austria"",""overlay:17.09.2024 13:37:38 | 46.55506019N 14.29325646E | Kirschnerstraße 9, 9161 Maria Rain, Австрия"",""unknown_trench:SDIRouteSection_123163418625_1729575767"",""original_gps:46.555060,14.293256"",""snapped:7.5m"",""WARNING_TAPE_MISSING"",""BEDDING_MISSING""]",Ensure warning tape and bedding are clearly visible in the next photo.,60,true,true,false,true,true,flagged,,,2026-05-16 22:26:28.523196+00,2026-05-16 22:26:28.34+00,,5453a8ca-d0ed-4292-a8b3-2ac3e87f7749,,850747f2-be54-4acf-902c-d095d5a7c525,1,1_WhatsApp Image 2024-09-17 at 17_13_44.jpeg
d9eb1535-6d82-4ec8-a31d-bfb078c37eea,4ed5e7f870fd268e6f540f4ff6de502016c2d4a656a7928ff20192cb2c7e2dd6,090716dc08191cf3f4f33f30ed6160532a02d85679e48f965a0ffa89a714dc90.jpeg,https://vcvxfhzpakyfzfhmkfpv.supabase.co/storage/v1/object/public/photos/090716dc08191cf3f4f33f30ed6160532a02d85679e48f965a0ffa89a714dc90.jpeg,341600,1200,1600,46.5616461788451,14.2882952280343,2024-09-04 13:55:57+00,95,compliant,"[""DEPTH_OK"",""RULER_OK"",""DUCT_OK"",""UNOBSTRUCTED_OK"",""LENGTH_OK""]","[""WARNING_TAPE_MISSING"",""BEDDING_MISSING""]","[""far_from_waypoint:1m"",""gps_from_overlay"",""address:Toppelsdorferstraße 8, 9161 Maria Rain, Austria"",""overlay:04.09.2024 13:55:57 | 46.56165608N 14.28829709E | Toppelsdorferstraße 8, 9161 Maria Rain, Австрия"",""unknown_trench:SDIRouteSection_165948796929_1729505344"",""original_gps:46.561656,14.288297"",""snapped:1.1m"",""WARNING_TAPE_MISSING"",""BEDDING_MISSING""]",Ensure warning tape and sand bedding are visible in future documentation photos.,85,true,true,false,true,true,flagged,,,2026-05-16 20:45:28.024905+00,2026-05-16 20:45:27.967+00,,3ae34aad-bd16-4191-9793-310202def4f0,,850747f2-be54-4acf-902c-d095d5a7c525,1,1_WhatsApp Image 2024-09-04 at 17_09_30.jpeg
dab78698-afc5-46f0-9a7e-c030fdba8103,525694617a948acd95b549d56c8c0a65c6d5a1cb6ddc8861568db49782288f6d,bf49d66e4899321bed8a05b98ff5d5542300c65d55a19d851b43d0ec600aa6f9.jpeg,https://vcvxfhzpakyfzfhmkfpv.supabase.co/storage/v1/object/public/photos/bf49d66e4899321bed8a05b98ff5d5542300c65d55a19d851b43d0ec600aa6f9.jpeg,227747,1280,960,46.5577959188248,14.2971267210664,2024-09-10 13:55:55+00,60,needs_review,"[""DUCT_OK"",""UNOBSTRUCTED_OK"",""LENGTH_OK""]","[""WARNING_TAPE_MISSING"",""DEPTH_UNREADABLE"",""BEDDING_MISSING""]","[""far_from_waypoint:1m"",""gps_from_address"",""address:3 Tulpenweg, Maria Rain, Klagenfurt-Land, Kärnten, Austria"",""overlay:10 сент. 2024 г. 13:55:55 | 3 Tulpenweg | Maria Rain | Klagenfurt-Land | Kärnten"",""unknown_trench:SDIRouteSection_109777928705_1702994915"",""original_gps:46.557797,14.297139"",""snapped:1.0m"",""WARNING_TAPE_MISSING"",""DEPTH_UNREADABLE"",""BEDDING_MISSING""]",Include a depth ruler and ensure warning tape/bedding are visible in the next photo.,,false,false,false,true,true,flagged,,,2026-05-16 22:21:00.973361+00,2026-05-16 22:21:00.841+00,,38d66506-7083-4c41-adae-9c9a8be34abf,,850747f2-be54-4acf-902c-d095d5a7c525,4,1_WhatsApp Image 2024-09-10 at 20_52_51 (2).jpeg
dad7de46-00b7-46a2-ad1f-699138040f48,a3e356e3e794f328c0e689c8e6ebb1ccca1c24d4e8b9c5352435440b3c176722,3acdb06936532bed046df11a13f37f7abc040e43769a95a732b0bee37109ace8.jpeg,https://vcvxfhzpakyfzfhmkfpv.supabase.co/storage/v1/object/public/photos/3acdb06936532bed046df11a13f37f7abc040e43769a95a732b0bee37109ace8.jpeg,695112,1536,2048,46.5546038118696,14.2926052026451,2024-09-18 13:27:20+00,60,needs_review,"[""DUCT_OK"",""UNOBSTRUCTED_OK"",""LENGTH_OK""]","[""RULER_MISSING"",""DEPTH_UNREADABLE"",""WARNING_TAPE_MISSING"",""BEDDING_MISSING""]","[""far_from_waypoint:2m"",""gps_from_overlay"",""overlay:18.09.2024 13:27:20 | 46.55458479N 14.29260302E"",""unknown_trench:SDIRouteSection_124737833985_1729576408"",""original_gps:46.554585,14.292603"",""snapped:2.1m"",""RULER_MISSING"",""DEPTH_UNREADABLE"",""WARNING_TAPE_MISSING"",""BEDDING_MISSING""]",Include a depth measurement reference in the next photo.,,false,false,false,true,true,flagged,,,2026-05-16 22:27:13.146978+00,2026-05-16 22:27:13.008+00,,5453a8ca-d0ed-4292-a8b3-2ac3e87f7749,,850747f2-be54-4acf-902c-d095d5a7c525,1,1_WhatsApp Image 2024-09-18 at 18_18_09.jpeg
dbb2bd04-1c24-4cd2-9685-7a5ed20e7759,90409bc35ac91f436b0d9a214db6e069ba277435e0d26d790f10f9fa0ceb4221,b21baf05861bcbb3eb2e8eb730b83fdf66da352fc614ff6f4a332bf354ad34cb.jpeg,https://vcvxfhzpakyfzfhmkfpv.supabase.co/storage/v1/object/public/photos/b21baf05861bcbb3eb2e8eb730b83fdf66da352fc614ff6f4a332bf354ad34cb.jpeg,640565,1536,2048,46.5546038118696,14.2926052026451,2024-09-18 13:29:25+00,60,needs_review,"[""DUCT_OK"",""UNOBSTRUCTED_OK"",""LENGTH_OK""]","[""RULER_MISSING"",""DEPTH_UNREADABLE"",""WARNING_TAPE_MISSING"",""BEDDING_MISSING""]","[""far_from_waypoint:2m"",""gps_from_overlay"",""address:Dahlienweg 14, 9161 Maria Rain, Austria"",""overlay:18.09.2024 13:29:25 | 46.55459404N 14.29258982E | Dahlienweg 14, 9161 Maria Rain, Австрия"",""unknown_trench:SDIRouteSection_124737833985_1729576408"",""original_gps:46.554594,14.292590"",""snapped:1.6m"",""RULER_MISSING"",""DEPTH_UNREADABLE"",""WARNING_TAPE_MISSING"",""BEDDING_MISSING""]",Include a depth reference and ensure warning tape is visible in the next photo.,,false,false,false,true,true,flagged,,,2026-05-16 22:26:56.489791+00,2026-05-16 22:26:56.373+00,,5453a8ca-d0ed-4292-a8b3-2ac3e87f7749,,850747f2-be54-4acf-902c-d095d5a7c525,1,1_WhatsApp Image 2024-09-18 at 18_18_06.jpeg
dc1b64d0-7a6d-4093-bb9b-9f0b3a2f06a6,1bdbd87e251e6c88205b42b4e1eb3474100d2e545071b2bee750d37556305b8e,2b41da0a3db66b2707f92a5f6890eb57f126f46743a719995b2e0170a15a92b1.jpeg,https://vcvxfhzpakyfzfhmkfpv.supabase.co/storage/v1/object/public/photos/2b41da0a3db66b2707f92a5f6890eb57f126f46743a719995b2e0170a15a92b1.jpeg,381003,1200,1600,46.5560862153452,14.2925357166678,2024-09-16 11:38:04+00,60,needs_review,"[""DUCT_OK"",""PIPE_ENDS_OK"",""LENGTH_OK""]","[""DEPTH_UNREADABLE"",""WARNING_TAPE_MISSING"",""BEDDING_MISSING"",""OBSTRUCTED_VIEW""]","[""far_from_waypoint:4m"",""gps_from_overlay"",""address:Toppelsdorf 14, 9161 Toppelsdorf, Austria"",""overlay:16.09.2024 11:38:04 | 46.55609323N 14.29248869E | Toppelsdorf 14, 9161 Toppelsdorf, Австрия"",""unknown_trench:SDIRouteSection_128598987521_1729577955"",""original_gps:46.556093,14.292489"",""snapped:3.7m"",""DEPTH_UNREADABLE"",""WARNING_TAPE_MISSING"",""BEDDING_MISSING"",""OBSTRUCTED_VIEW""]",Include a depth measurement reference and ensure the trench is fully visible for the next photo.,,false,false,false,true,false,flagged,,,2026-05-16 22:25:17.89182+00,2026-05-16 22:25:17.754+00,,d51622c0-9035-40dd-a54b-1d9e263f9ca3,,850747f2-be54-4acf-902c-d095d5a7c525,0,1_WhatsApp Image 2024-09-16 at 17_04_09.jpeg
dd1ca46f-2e2b-41f8-9b21-1a7124f10f33,b7de966933719c17fba2852500f27e968ee0eceec4b8b1490da8ccb394e86408,ddb4d0dddc4062750fe8b578839843ebf863572a715b3541a8a6a35c83bf1061.jpeg,https://vcvxfhzpakyfzfhmkfpv.supabase.co/storage/v1/object/public/photos/ddb4d0dddc4062750fe8b578839843ebf863572a715b3541a8a6a35c83bf1061.jpeg,311153,1200,1600,46.5550716675985,14.2931159958243,2024-09-17 13:37:48+00,60,needs_review,"[""DUCT_OK"",""UNOBSTRUCTED_OK"",""LENGTH_OK""]","[""RULER_MISSING"",""DEPTH_UNREADABLE"",""WARNING_TAPE_MISSING"",""BEDDING_MISSING""]","[""far_from_waypoint:6m"",""gps_from_overlay"",""address:Kirschnerstraße 9, 9161 Maria Rain, Austria"",""overlay:17.09.2024 13:37:48 | 46.55506759N 14.29319886E | Kirschnerstraße 9, 9161 Maria Rain, Австрия"",""unknown_trench:SDIRouteSection_108338345729_1650888583"",""original_gps:46.555068,14.293199"",""snapped:6.4m"",""RULER_MISSING"",""DEPTH_UNREADABLE"",""WARNING_TAPE_MISSING"",""BEDDING_MISSING""]",Include a depth reference and warning tape in the next photo.,,false,false,false,true,true,flagged,,,2026-05-16 22:26:15.549533+00,2026-05-16 22:26:15.313+00,,5453a8ca-d0ed-4292-a8b3-2ac3e87f7749,,850747f2-be54-4acf-902c-d095d5a7c525,0,1_WhatsApp Image 2024-09-17 at 17_13_43 (2).jpeg
ddd212b7-bb57-4ab7-9cf7-c7fcfbf24caf,abf8f217214738bdf1d42dcdb383fb77027d483946f5922bf965a58d9eb84fdd,abf8f217214738bdf1d42dcdb383fb77027d483946f5922bf965a58d9eb84fdd.jpeg,https://vcvxfhzpakyfzfhmkfpv.supabase.co/storage/v1/object/public/photos/abf8f217214738bdf1d42dcdb383fb77027d483946f5922bf965a58d9eb84fdd.jpeg,455211,1200,1600,46.5584879256882,14.2957495518689,2024-09-25 16:23:00+00,97,compliant,"[""RULER_OK"",""BEDDING_OK"",""DUCT_OK"",""PIPE_ENDS_OK"",""UNOBSTRUCTED_OK"",""LENGTH_OK""]","[""DEPTH_TOO_SHALLOw"",""WARNING_TAPE_MISSING""]","[""gps_from_address"",""address:10. Oktoberstraße, Maria Rain, Klagenfurt-Land, Kärnten, Austria"",""overlay:25.09.2024 16:23 | 10. Oktoberstraße | Maria Rain | Klagenfurt-Land | Kärnten"",""unknown_trench:SDIRouteSection_147355702273_1729584150"",""original_gps:46.558505,14.295776"",""snapped:2.7m"",""DEPTH_TOO_SHALLOw"",""WARNING_TAPE_MISSING""]",Ensure trench depth is at least 60cm and include warning tape in the next photo.,50,false,true,true,true,true,compliant,,,2026-05-16 23:03:11.798163+00,2026-05-16 23:03:11.608+00,,38d66506-7083-4c41-adae-9c9a8be34abf,,850747f2-be54-4acf-902c-d095d5a7c525,1,1_WhatsApp Image 2024-09-25 at 19_05_17.jpeg
de3b64da-c19a-4458-a223-b11d75608288,82bc85ec396d8126f545f5c5f968219dca169b3e016725da225a1a31d18a5ea5,945a67fa83ba7eb1264c5988fcbf6e19138ea999c75f128724d649844a0b31ad.jpeg,https://vcvxfhzpakyfzfhmkfpv.supabase.co/storage/v1/object/public/photos/945a67fa83ba7eb1264c5988fcbf6e19138ea999c75f128724d649844a0b31ad.jpeg,334168,1200,1600,46.5549912614864,14.2931828834116,2024-09-17 13:41:45+00,60,needs_review,"[""DUCT_OK"",""PIPE_ENDS_OK"",""UNOBSTRUCTED_OK"",""LENGTH_OK""]","[""DEPTH_UNREADABLE"",""WARNING_TAPE_MISSING"",""BEDDING_MISSING""]","[""far_from_waypoint:4m"",""gps_from_overlay"",""address:Kirschnerstraße 24, 9161 Maria Rain, Austria"",""overlay:17.09.2024 13:41:45 | 46.55502442N 14.29317635E | Kirschnerstraße 24, 9161 Maria Rain, Австрия"",""unknown_trench:SDIRouteSection_123039437057_1729575658"",""original_gps:46.555024,14.293176"",""snapped:3.7m"",""DEPTH_UNREADABLE"",""WARNING_TAPE_MISSING"",""BEDDING_MISSING""]",Include a depth measurement ruler in the trench for the next photo.,,false,false,false,true,true,flagged,,,2026-05-16 22:25:59.448462+00,2026-05-16 22:25:59.328+00,,5453a8ca-d0ed-4292-a8b3-2ac3e87f7749,,850747f2-be54-4acf-902c-d095d5a7c525,1,1_WhatsApp Image 2024-09-17 at 17_13_42 (1).jpeg
e07abf84-d2b3-4952-a742-7c753f237d5f,f4b85327d3e322661fc897246e2409b0923dc3695d9b55991e93dbfe986e4a3b,f4b85327d3e322661fc897246e2409b0923dc3695d9b55991e93dbfe986e4a3b.jpeg,https://vcvxfhzpakyfzfhmkfpv.supabase.co/storage/v1/object/public/photos/f4b85327d3e322661fc897246e2409b0923dc3695d9b55991e93dbfe986e4a3b.jpeg,634687,1536,2048,46.5577337102961,14.2980351763057,2024-09-20 11:59:51+00,60,needs_review,"[""DUCT_OK"",""PIPE_ENDS_OK"",""UNOBSTRUCTED_OK"",""LENGTH_OK""]","[""DEPTH_UNREADABLE"",""WARNING_TAPE_MISSING"",""BEDDING_MISSING""]","[""gps_from_address"",""address:2 Rautenweg, Maria Rain, Klagenfurt-Land, Kärnten"",""overlay:20 сент. 2024 г. 11:59:51 | 2 Rautenweg | Maria Rain | Klagenfurt-Land | Kärnten"",""unknown_trench:SDIRouteSection_145805128449_1729583469"",""original_gps:46.557737,14.298026"",""snapped:0.8m"",""DEPTH_UNREADABLE"",""WARNING_TAPE_MISSING"",""BEDDING_MISSING""]",Add a depth ruler for future photos.,,false,false,false,true,true,needs_review,,,2026-05-16 23:01:06.205458+00,2026-05-16 23:01:06.028+00,,38d66506-7083-4c41-adae-9c9a8be34abf,,850747f2-be54-4acf-902c-d095d5a7c525,3,1_WhatsApp Image 2024-09-20 at 19_36_23.jpeg
e2447853-dfd9-4808-9286-38ce12ff2bfb,757b8d1e9fad3cc7861dfbfdc290f34c38730d8b19fd270302381f854d47ccf9,29dbf5d5d1411bd19454b8d9903b1cbf88dd01ca95eea97f14c20c9687fb6656.jpeg,https://vcvxfhzpakyfzfhmkfpv.supabase.co/storage/v1/object/public/photos/29dbf5d5d1411bd19454b8d9903b1cbf88dd01ca95eea97f14c20c9687fb6656.jpeg,599200,1536,2048,46.5619226960748,14.2856732011992,2024-08-29 13:05:30+00,65,needs_review,"[""BEDDING_OK"",""DUCT_OK"",""UNOBSTRUCTED_OK""]","[""DEPTH_UNREADABLE"",""WARNING_TAPE_MISSING""]","[""far_from_waypoint:3m"",""gps_from_address"",""address:7 Bahnhofstraße, Maria Rain, Klagenfurt-Land, Kärnten"",""overlay:29 авг. 2024 г. 13:05:30 | 7 Bahnhofstraße | Maria Rain | Klagenfurt-Land | Kärnten"",""unknown_trench:SDIRouteSection_88467450881_1703148232"",""original_gps:46.561901,14.285645"",""snapped:3.3m"",""DEPTH_UNREADABLE"",""WARNING_TAPE_MISSING""]",Include a depth reference in the next photo for better documentation.,,false,false,true,true,true,flagged,,,2026-05-16 20:32:09.201905+00,2026-05-16 20:32:09.14+00,,3ae34aad-bd16-4191-9793-310202def4f0,,850747f2-be54-4acf-902c-d095d5a7c525,5,1_WhatsApp Image 2024-08-29 at 17_42_02.jpeg
e4876226-a503-4d73-937a-c78c8b544585,cf66add52ead83b58120c63ba7f8abd3a96f6747ab801dc1fcae09c6e295343f,183938cb7f6fd5ae23a84e64735bd39c9b6d04c3ba2d2b86b7da1d1824278aa1.jpeg,https://vcvxfhzpakyfzfhmkfpv.supabase.co/storage/v1/object/public/photos/183938cb7f6fd5ae23a84e64735bd39c9b6d04c3ba2d2b86b7da1d1824278aa1.jpeg,737540,1536,2048,46.56246212319,14.2895114422882,2024-08-27 13:42:30+00,55,needs_review,"[""DUCT_OK"",""PIPE_ENDS_OK"",""UNOBSTRUCTED_OK"",""LENGTH_OK""]","[""SIDE_VIEW_MISSING"",""DEPTH_UNREADABLE"",""WARNING_TAPE_MISSING"",""BEDDING_MISSING""]","[""far_from_waypoint:3m"",""gps_from_address"",""address:11 Meisenweg, Maria Rain, Klagenfurt-Land, Kärnten, Austria"",""overlay:27 авг. 2024 г. 13:42:30 | 11 Meisenweg | Maria Rain | Klagenfurt-Land | Kärnten"",""unknown_trench:SDIRouteSection_162747267073_1729503791"",""original_gps:46.562431,14.289512"",""snapped:3.5m"",""SIDE_VIEW_MISSING"",""DEPTH_UNREADABLE"",""WARNING_TAPE_MISSING"",""BEDDING_MISSING""]","Reshoot from a side angle, include a depth ruler, and ensure warning tape and bedding are visible.",,false,false,false,true,true,flagged,,,2026-05-16 20:31:04.816371+00,2026-05-16 20:31:04.79+00,,3ae34aad-bd16-4191-9793-310202def4f0,,850747f2-be54-4acf-902c-d095d5a7c525,3,1_WhatsApp Image 2024-08-27 at 18_01_41 (2).jpeg
e4a08ce6-d9bc-4443-ae7b-33de67367ae1,f291e607d840849b0008d8bfe6a86a78ec45ecc2feef702c703e817429244bcc,e925e6b9f3b4243cd3de96beb55760d688d45d1c49371f5bf3161a212ec4a9bf.jpeg,https://vcvxfhzpakyfzfhmkfpv.supabase.co/storage/v1/object/public/photos/e925e6b9f3b4243cd3de96beb55760d688d45d1c49371f5bf3161a212ec4a9bf.jpeg,562558,2048,1536,46.6623623,14.6400991,2024-09-04 10:48:35+00,,,,,"[""off_site"",""off_site:28570m"",""gps_from_address"",""address:Wulfeniaweg 3"",""overlay:04.09.2024 10:48:35 | 3 Wulfeniaweg | Wulfeniaweg 3""]",,,,,,,,flagged,,,2026-05-16 20:44:47.608036+00,,,,,850747f2-be54-4acf-902c-d095d5a7c525,,1_WhatsApp Image 2024-09-04 at 10_49_45 (1).jpeg
e4b00611-c533-4502-bdfa-ed760f9a75fe,26590a592bf7e18a3134386d2ed105844bd55432e663ff494f07aa3672d87e77,08cbeb4824d0ee2e3dfd94e5c43cd261bb9c49ee5e8e8e002fac6bb8b27b607b.jpeg,https://vcvxfhzpakyfzfhmkfpv.supabase.co/storage/v1/object/public/photos/08cbeb4824d0ee2e3dfd94e5c43cd261bb9c49ee5e8e8e002fac6bb8b27b607b.jpeg,307484,1200,1600,46.5615189309125,14.2885236394986,2024-09-04 10:09:43+00,65,needs_review,"[""RULER_OK"",""DUCT_OK"",""UNOBSTRUCTED_OK"",""LENGTH_OK""]","[""DEPTH_UNREADABLE"",""WARNING_TAPE_MISSING"",""BEDDING_MISSING""]","[""far_from_waypoint:3m"",""gps_from_address"",""address:8 Toppelsdorferstraße, Maria Rain, Klagenfurt-Land, Kärnten, Austria"",""overlay:4 сент. 2024 г. 10:09:43 | 8 Toppelsdorferstraße | Maria Rain | Klagenfurt-Land | Kärnten"",""unknown_trench:SDIRouteSection_113169330177_1650890547"",""original_gps:46.561501,14.288558"",""snapped:3.3m"",""DEPTH_UNREADABLE"",""WARNING_TAPE_MISSING"",""BEDDING_MISSING""]",Ensure depth ruler markings are clearly readable and include warning tape and bedding in the next photo.,,false,true,false,true,true,flagged,,,2026-05-16 20:46:55.351166+00,2026-05-16 20:46:55.315+00,,3ae34aad-bd16-4191-9793-310202def4f0,,850747f2-be54-4acf-902c-d095d5a7c525,4,1_WhatsApp Image 2024-09-04 at 17_11_25 (1).jpeg
e4f5f78a-3649-419d-b303-c2355a9b660d,fc1111028aa682889e5facd17c7bedcbd146e2f4f1c0025f38ff7ab2944a8abf,18a4cd984702b8b564d4dc0fc02dd4d0aa9d0dae451f33d73915305c33d5fad5.jpeg,https://vcvxfhzpakyfzfhmkfpv.supabase.co/storage/v1/object/public/photos/18a4cd984702b8b564d4dc0fc02dd4d0aa9d0dae451f33d73915305c33d5fad5.jpeg,412923,1536,2048,46.5561468546409,14.2949167829943,2024-09-10 15:05:16+00,100,compliant,"[""DEPTH_OK"",""RULER_OK"",""BEDDING_OK"",""DUCT_OK"",""UNOBSTRUCTED_OK"",""LENGTH_OK""]",,"[""far_from_waypoint:2m"",""gps_from_address"",""address:4 Nelkenweg, Maria Rain, Klagenfurt-Land, Kärnten, Austria"",""overlay:10 сент. 2024 г. 15:05:16 | 4 Nelkenweg | Maria Rain | Klagenfurt-Land | Kärnten"",""unknown_trench:SDIRouteSection_149254648577_1729584992"",""original_gps:46.556136,14.294942"",""snapped:2.3m""]",Photo meets all documentation standards.,65,true,true,true,true,true,flagged,,,2026-05-16 22:19:55.167189+00,2026-05-16 22:19:55.031+00,,d51622c0-9035-40dd-a54b-1d9e263f9ca3,,850747f2-be54-4acf-902c-d095d5a7c525,2,1_WhatsApp Image 2024-09-10 at 19_48_43.jpeg
e66a93a7-b8e0-46b8-ba20-bffb3b970c50,94fea17eb0b97f1e36d0fc6087d4732ef63d2dbf206c91d1833d469faa33a151,15d6a6931235115c7ccf4f85ff39ceecbc02be0ea872c8b60de724fabcae1efc.jpeg,https://vcvxfhzpakyfzfhmkfpv.supabase.co/storage/v1/object/public/photos/15d6a6931235115c7ccf4f85ff39ceecbc02be0ea872c8b60de724fabcae1efc.jpeg,527992,1536,2048,46.5564368241576,14.2947927117348,2024-09-10 14:10:56+00,60,needs_review,"[""DUCT_OK"",""PIPE_ENDS_OK"",""UNOBSTRUCTED_OK"",""LENGTH_OK""]","[""DEPTH_UNREADABLE"",""RULER_MISSING"",""WARNING_TAPE_MISSING"",""BEDDING_MISSING""]","[""far_from_waypoint:2m"",""gps_from_address"",""address:9 Nelkenweg, Maria Rain, Klagenfurt-Land, Kärnten, Austria"",""overlay:10 сент. 2024 г. 14:10:56 | 9 Nelkenweg | Maria Rain | Klagenfurt-Land | Kärnten"",""unknown_trench:SDIRouteSection_106110109185_1702991043"",""original_gps:46.556446,14.294770"",""snapped:2.0m"",""DEPTH_UNREADABLE"",""RULER_MISSING"",""WARNING_TAPE_MISSING"",""BEDDING_MISSING""]",Include a depth reference and show warning tape in the next photo.,,false,false,false,true,true,flagged,,,2026-05-16 22:20:10.281042+00,2026-05-16 22:20:10.157+00,,d51622c0-9035-40dd-a54b-1d9e263f9ca3,,850747f2-be54-4acf-902c-d095d5a7c525,4,1_WhatsApp Image 2024-09-10 at 19_48_49 (2).jpeg
e6c51036-e4b7-4847-b808-dc602ee17c9d,cf27239fda7681558f85771678a61cb8cc7b355c0ca6ab08f388412e15619406,cf27239fda7681558f85771678a61cb8cc7b355c0ca6ab08f388412e15619406.jpeg,https://vcvxfhzpakyfzfhmkfpv.supabase.co/storage/v1/object/public/photos/cf27239fda7681558f85771678a61cb8cc7b355c0ca6ab08f388412e15619406.jpeg,184566,1280,720,46.5535027344236,14.2926150014841,2024-09-23 16:01:09+00,60,needs_review,"[""DUCT_OK"",""PIPE_ENDS_OK"",""UNOBSTRUCTED_OK"",""LENGTH_OK""]","[""DEPTH_UNREADABLE"",""WARNING_TAPE_MISSING"",""BEDDING_MISSING""]","[""gps_from_address"",""address:Dahlienweg 2, 9161 Maria Rain, Austria"",""overlay:23.09.2024, 16:01:09 | Dahlienweg 2 | 9161 Мария-Райн | Австрия"",""unknown_trench:SDIRouteSection_146708825345_0"",""original_gps:46.553516,14.292623"",""snapped:1.6m"",""DEPTH_UNREADABLE"",""WARNING_TAPE_MISSING"",""BEDDING_MISSING""]",Include a depth measurement ruler and ensure warning tape and bedding are visible in the next photo.,,false,false,false,true,true,needs_review,,,2026-05-16 23:01:44.540308+00,2026-05-16 23:01:44.35+00,,5453a8ca-d0ed-4292-a8b3-2ac3e87f7749,,850747f2-be54-4acf-902c-d095d5a7c525,5,1_WhatsApp Image 2024-09-23 at 18_02_45 (3).jpeg
e6f3b392-3708-4d13-bea3-16972cc32348,200859c06fb9d3a2d1730f249ddfde7b8ffcac5ed84e738a06d96935e0c2d135,5721b17b95696e9ae821d4545ac79dbd0da484dcf20325eb9ca5e60cd289a748.jpeg,https://vcvxfhzpakyfzfhmkfpv.supabase.co/storage/v1/object/public/photos/5721b17b95696e9ae821d4545ac79dbd0da484dcf20325eb9ca5e60cd289a748.jpeg,313735,960,1280,46.5589829,14.2790746,2024-09-04 11:50:09+00,,,,,"[""off_site"",""off_site:402m"",""gps_from_address"",""address:Ehrensdorf, Klagenfurt-Land, Kärnten, Austria"",""overlay:4 сент. 2024 г. 11:50:09 | Ehrensdorf | Klagenfurt-Land | Kärnten""]",,,,,,,,flagged,,,2026-05-16 22:18:47.077213+00,,,,,850747f2-be54-4acf-902c-d095d5a7c525,,1_WhatsApp Image 2024-09-04 at 18_10_43 (2).jpeg
e914746d-2953-4637-a940-4e0e0f651420,2efaa62e65ace0635bbec08c5f78ff5a21e1aeaf98e9ff2c399fbb1add55ecae,c6f50d05a20d88ebd86650ff9bb5b6398d9e63b4bae0d93d07cf80a08d14374e.jpeg,https://vcvxfhzpakyfzfhmkfpv.supabase.co/storage/v1/object/public/photos/c6f50d05a20d88ebd86650ff9bb5b6398d9e63b4bae0d93d07cf80a08d14374e.jpeg,556592,1536,2048,46.5557515504415,14.2928104861905,2024-09-14 12:08:16+00,60,needs_review,"[""RULER_OK"",""DUCT_OK"",""PIPE_ENDS_OK"",""UNOBSTRUCTED_OK"",""LENGTH_OK""]","[""WARNING_TAPE_MISSING"",""SIDE_VIEW_MISSING"",""DEPTH_UNREADABLE""]","[""far_from_waypoint:1m"",""gps_from_overlay"",""address:Kirscherstraße 18, 9161 Maria Rain, Austria"",""overlay:14.09.2024 12:08:16 | 46.55574918N 14.29280231E | Kirscherstraße 18, 9161 Maria Rain, Австрия"",""unknown_trench:SDIRouteSection_105847894529_1702990331"",""original_gps:46.555749,14.292802"",""snapped:0.7m"",""WARNING_TAPE_MISSING"",""SIDE_VIEW_MISSING"",""DEPTH_UNREADABLE""]",Take the next photo from a side angle with a depth ruler clearly showing the trench depth.,,false,true,false,true,true,flagged,,,2026-05-16 22:24:25.877509+00,2026-05-16 22:24:25.764+00,,d51622c0-9035-40dd-a54b-1d9e263f9ca3,,850747f2-be54-4acf-902c-d095d5a7c525,1,1_WhatsApp Image 2024-09-14 at 14_56_34 (2).jpeg
ea4de6f8-9215-44b9-9257-d281b27a57ac,c8f7061dd958c4f33af746c45b16c1d685e0aea9220dc89757d01b7f8102d6e4,518999286fc8f54c90191547a068409017b017dd1afe9882b95827e5adeaaeb6.jpg,https://vcvxfhzpakyfzfhmkfpv.supabase.co/storage/v1/object/public/photos/518999286fc8f54c90191547a068409017b017dd1afe9882b95827e5adeaaeb6.jpg,260523,720,1280,46.5618175757062,14.288893193011,2024-09-10 09:47:52+00,100,compliant,"[""DEPTH_OK"",""RULER_OK"",""DUCT_OK"",""PIPE_ENDS_OK"",""UNOBSTRUCTED_OK""]","[""WARNING_TAPE_MISSING"",""BEDDING_MISSING""]","[""far_from_waypoint:1m"",""gps_from_address"",""address:Toppelsdorferstraße 12, 9161 Maria-Rain, Austria"",""overlay:10.09.2024, 09:47:52 | Toppelsdorferstraße 12 | 9161 Мария-Райн | Австрия"",""unknown_trench:SDIRouteSection_78865403137_0"",""original_gps:46.561824,14.288896"",""snapped:0.7m"",""WARNING_TAPE_MISSING"",""BEDDING_MISSING""]",Photo clearly documents trench depth and cable placement.,80,true,true,false,true,true,flagged,,,2026-05-16 20:26:30.933838+00,2026-05-16 20:26:30.915+00,,3ae34aad-bd16-4191-9793-310202def4f0,,850747f2-be54-4acf-902c-d095d5a7c525,6,1_IMG-20240911-WA0091.jpg
ea7cd260-8adc-486b-a4cd-2161a6b12017,95b3dad615fc4c96a1310e4422e906ef12cf0213549d51a1541cd3e43d9412ae,4e27969f90ad80a97eded665776d3109d2431acd9f07a73ee40d87ffbea647f1.jpeg,https://vcvxfhzpakyfzfhmkfpv.supabase.co/storage/v1/object/public/photos/4e27969f90ad80a97eded665776d3109d2431acd9f07a73ee40d87ffbea647f1.jpeg,317202,1080,1440,46.5580856869084,14.2899739556015,2024-09-04 18:25:34+00,95,compliant,"[""DEPTH_OK"",""RULER_OK"",""DUCT_OK"",""UNOBSTRUCTED_OK"",""LENGTH_OK""]","[""WARNING_TAPE_MISSING"",""BEDDING_MISSING""]","[""far_from_waypoint:4m"",""gps_from_overlay"",""address:2 Goltschacher Straße, Maria Rain, Klagenfurt Land 9161, Austria"",""overlay:04.09.2024 18:25:34 | 46°33'28,98481\""N 14°17'23,82115\""E | 2 Goltschacher Straße | Maria Rain, Klagenfurt Land 9161 | Австрия"",""unknown_trench:SDIRouteSection_107170580481_1708076563"",""original_gps:46.558051,14.289950"",""snapped:4.2m"",""WARNING_TAPE_MISSING"",""BEDDING_MISSING""]",Ensure warning tape and sand bedding are visible in future photos.,125,true,true,false,true,true,flagged,,,2026-05-16 22:19:26.599253+00,2026-05-16 22:19:26.488+00,,b45e1be7-dd78-4e30-be7c-de24fae75117,,850747f2-be54-4acf-902c-d095d5a7c525,0,1_WhatsApp Image 2024-09-04 at 22_33_37 (1).jpeg
eabf85bd-26b3-4b43-b553-25a9695b41ad,51535c80a6474ad4e8d2d0e30a4622fa6c06a981ed6e4992b9e6121db6ae649f,33110a7e6ea4ebcefb478ac89cebd55f8d569158faf013e7a53df8c2784cd289.jpeg,https://vcvxfhzpakyfzfhmkfpv.supabase.co/storage/v1/object/public/photos/33110a7e6ea4ebcefb478ac89cebd55f8d569158faf013e7a53df8c2784cd289.jpeg,408393,1200,1600,46.5614234892521,14.2875924892724,2024-09-05 13:29:04+00,60,needs_review,"[""DUCT_OK"",""UNOBSTRUCTED_OK"",""LENGTH_OK""]","[""DEPTH_UNREADABLE"",""RULER_MISSING"",""WARNING_TAPE_MISSING"",""BEDDING_MISSING""]","[""far_from_waypoint:6m"",""gps_from_overlay"",""address:Bundesstraße 76, 9161 Lambichl, Austria"",""overlay:05.09.2024 13:29:04 | 46.56141829N 14.2876659E | Bundesstraße 76, 9161 Lambichl, Австрия"",""unknown_trench:SDIRouteSection_78721318145_1703146828"",""original_gps:46.561418,14.287666"",""snapped:5.6m"",""DEPTH_UNREADABLE"",""RULER_MISSING"",""WARNING_TAPE_MISSING"",""BEDDING_MISSING""]",Include a clear depth reference in the next photo and ensure warning tape/bedding are visible if present.,,false,false,false,true,true,flagged,,,2026-05-16 20:49:44.197488+00,2026-05-16 20:49:44.169+00,,3ae34aad-bd16-4191-9793-310202def4f0,,850747f2-be54-4acf-902c-d095d5a7c525,0,1_WhatsApp Image 2024-09-05 at 17_27_48 (1).jpeg
ed66b7bd-9fe1-4816-ba62-83d60207d5af,ba428c98a0957d4ece07856aa8f708d260276f980e13e5466f4fe92dbe7e7395,9989074d24824c2dabfacb996cc4ad7d0f8107cced78b1dd874971558b3c7cf6.jpeg,https://vcvxfhzpakyfzfhmkfpv.supabase.co/storage/v1/object/public/photos/9989074d24824c2dabfacb996cc4ad7d0f8107cced78b1dd874971558b3c7cf6.jpeg,697061,1536,2048,46.5546038118696,14.2926052026451,2024-09-18 13:29:00+00,60,needs_review,"[""DUCT_OK"",""PIPE_ENDS_OK"",""UNOBSTRUCTED_OK"",""LENGTH_OK""]","[""WARNING_TAPE_MISSING"",""BEDDING_MISSING"",""DEPTH_UNREADABLE""]","[""far_from_waypoint:2m"",""gps_from_overlay"",""address:Dahlienweg 14, Maria Rain, 9161, Austria"",""overlay:18.09.2024 13:29:00 | 46.55459184N 14.2925927E | Dahlienweg 14, 9161 Maria Rain, Австрия"",""unknown_trench:SDIRouteSection_124737833985_1729576408"",""original_gps:46.554592,14.292593"",""snapped:1.6m"",""WARNING_TAPE_MISSING"",""BEDDING_MISSING"",""DEPTH_UNREADABLE""]",Include a depth ruler and ensure warning tape and bedding are visible in the next photo.,,false,false,false,true,true,flagged,,,2026-05-16 22:27:07.849426+00,2026-05-16 22:27:07.711+00,,5453a8ca-d0ed-4292-a8b3-2ac3e87f7749,,850747f2-be54-4acf-902c-d095d5a7c525,1,1_WhatsApp Image 2024-09-18 at 18_18_08.jpeg
ef9c7458-d646-45c2-8296-d3e15c9abf33,2b088bd8c890d7330b8baaa01b155377859510f21df06f8ebe07dbe831bbe32f,e9ba5bc2f3238d87190b402bbcefa9f4c1d0f2e059cc836c345025aae3b74ca9.jpeg,https://vcvxfhzpakyfzfhmkfpv.supabase.co/storage/v1/object/public/photos/e9ba5bc2f3238d87190b402bbcefa9f4c1d0f2e059cc836c345025aae3b74ca9.jpeg,784221,1536,2048,46.5638945780933,14.2887014150845,2024-08-26 14:55:40+00,60,needs_review,"[""DUCT_OK"",""UNOBSTRUCTED_OK"",""LENGTH_OK""]","[""WARNING_TAPE_MISSING"",""BEDDING_MISSING"",""DEPTH_UNREADABLE""]","[""far_from_waypoint:5m"",""gps_from_address"",""address:5 Kleiberweg, Maria Rain, Klagenfurt-Land, Kärnten"",""overlay:26 авг. 2024 г. 14:55:40 | 5 Kleiberweg | Maria Rain | Klagenfurt-Land | Kärnten"",""unknown_trench:SDIRouteSection_56886474241_0"",""original_gps:46.563858,14.288662"",""snapped:5.0m"",""WARNING_TAPE_MISSING"",""BEDDING_MISSING"",""DEPTH_UNREADABLE""]",Include a depth measurement ruler and ensure warning tape and bedding are visible in the next photo.,,false,false,false,true,true,flagged,,,2026-05-16 20:30:16.363244+00,2026-05-16 20:30:16.343+00,,6687f8b7-b408-46a7-98a3-64bf8edc4386,,850747f2-be54-4acf-902c-d095d5a7c525,2,1_WhatsApp Image 2024-08-26 at 18_18_39.jpeg
f034b698-1541-438a-8013-652629e39c15,97772a51002910ee9cf885f3c6484afd7b85edc8154a601d83349deb686e5428,f10662514269ea406084ea801323382ea956b19a973cb0910093cc1c2a233465.jpeg,https://vcvxfhzpakyfzfhmkfpv.supabase.co/storage/v1/object/public/photos/f10662514269ea406084ea801323382ea956b19a973cb0910093cc1c2a233465.jpeg,605364,1536,2048,46.5555372137638,14.2928727529943,2024-09-14 13:24:54+00,96,compliant,"[""DEPTH_OK"",""RULER_OK"",""DUCT_OK"",""UNOBSTRUCTED_OK""]",,"[""far_from_waypoint:1m"",""gps_from_overlay"",""address:Kirschnerstraße 18, 9161 Maria Rain, Austria"",""overlay:14.09.2024 13:24:54 | 46.5555457N 14.29288054E | Kirschnerstraße 18, 9161 Maria Rain, Австрия"",""unknown_trench:SDIRouteSection_129768364801_1729578518"",""original_gps:46.555546,14.292881"",""snapped:1.1m""]",No immediate documentation issues observed for the next photo.,80,true,true,false,true,true,flagged,,,2026-05-16 22:23:53.53637+00,2026-05-16 22:23:53.266+00,,d51622c0-9035-40dd-a54b-1d9e263f9ca3,,850747f2-be54-4acf-902c-d095d5a7c525,1,1_WhatsApp Image 2024-09-14 at 14_56_26.jpeg
f1dca670-089f-4986-acfe-93458d8df617,333ec6473a10810a62404bdbceb438cea70464328f39b2123b3385e547f1ca7a,f9d8eadd8487fcbf6e32e6476ba22ba3a9d4b2ce5d7fbc2671a2d61bd94234ad.jpeg,https://vcvxfhzpakyfzfhmkfpv.supabase.co/storage/v1/object/public/photos/f9d8eadd8487fcbf6e32e6476ba22ba3a9d4b2ce5d7fbc2671a2d61bd94234ad.jpeg,340099,960,1280,46.5570735973035,14.2911066859228,2024-09-04 11:51:30+00,25,non_compliant,"[""UNOBSTRUCTED_OK"",""LENGTH_OK""]","[""NO_CABLES_VISIBLE""]","[""far_from_waypoint:1m"",""gps_from_address"",""address:5 Birkenweg, Maria Rain, Klagenfurt-Land, Kärnten, Austria"",""overlay:4 сент. 2024 г. 11:51:30 | 5 Birkenweg | Maria Rain | Klagenfurt-Land | Kärnten"",""unknown_trench:SDIRouteSection_108783610369_1702994229"",""original_gps:46.557076,14.291089"",""snapped:1.4m"",""NO_CABLES_VISIBLE""]",Reshoot to show cables/ducts inside the trench with a depth reference.,,false,false,false,false,true,flagged,,,2026-05-16 20:47:28.213749+00,2026-05-16 20:47:28.184+00,,d51622c0-9035-40dd-a54b-1d9e263f9ca3,,850747f2-be54-4acf-902c-d095d5a7c525,5,1_WhatsApp Image 2024-09-04 at 18_10_43 (1).jpeg
f57209d6-9aaa-4b91-8c70-4b353a9f8ed6,e11069f1de4e85767080b72d18972a6d0bd936907b489842418d3dfca92dc24e,bcdce0820fb4bd6566125b550677e939f0667996701bb6043abe9f1bdb5c82fc.jpeg,https://vcvxfhzpakyfzfhmkfpv.supabase.co/storage/v1/object/public/photos/bcdce0820fb4bd6566125b550677e939f0667996701bb6043abe9f1bdb5c82fc.jpeg,316083,1200,1600,46.5560862153452,14.2925357166678,2024-09-16 11:38:22+00,60,needs_review,"[""DUCT_OK"",""UNOBSTRUCTED_OK"",""LENGTH_OK""]","[""DEPTH_UNREADABLE"",""RULER_MISSING"",""WARNING_TAPE_MISSING"",""BEDDING_MISSING""]","[""far_from_waypoint:6m"",""gps_from_overlay"",""overlay:16.09.2024 11:38:22 | 46.5560876N 14.29245993E"",""unknown_trench:SDIRouteSection_128598987521_1729577955"",""original_gps:46.556088,14.292460"",""snapped:5.8m"",""DEPTH_UNREADABLE"",""RULER_MISSING"",""WARNING_TAPE_MISSING"",""BEDDING_MISSING""]",Include a depth reference and ensure warning tape/bedding are visible in the next photo.,,false,false,false,true,true,flagged,,,2026-05-16 22:24:51.868823+00,2026-05-16 22:24:51.743+00,,d51622c0-9035-40dd-a54b-1d9e263f9ca3,,850747f2-be54-4acf-902c-d095d5a7c525,0,1_WhatsApp Image 2024-09-16 at 17_04_08 (1).jpeg
f6fe2806-04d9-49e5-9f95-d7f81021df06,0d03c23ebc26b0e567ee34034505ea983817729e7292c5d0e45666642748e02b,fa6e2faad6d800fa027d2fca511c9caba916e756bbed76a31b96b2e1fa29ab9e.jpeg,https://vcvxfhzpakyfzfhmkfpv.supabase.co/storage/v1/object/public/photos/fa6e2faad6d800fa027d2fca511c9caba916e756bbed76a31b96b2e1fa29ab9e.jpeg,322212,960,1280,46.5570735973035,14.2911066859228,2024-09-03 15:02:00+00,60,needs_review,"[""DUCT_OK"",""UNOBSTRUCTED_OK"",""LENGTH_OK""]","[""WARNING_TAPE_MISSING"",""BEDDING_MISSING"",""DEPTH_UNREADABLE""]","[""far_from_waypoint:1m"",""gps_from_address"",""address:5 Birkenweg, Maria Rain, Klagenfurt-Land, Kärnten"",""overlay:3 сент. 2024 г. 15:02:00 | 5 Birkenweg | Maria Rain | Klagenfurt-Land | Kärnten"",""unknown_trench:SDIRouteSection_108783610369_1702994229"",""original_gps:46.557076,14.291089"",""snapped:1.4m"",""WARNING_TAPE_MISSING"",""BEDDING_MISSING"",""DEPTH_UNREADABLE""]",Include a depth measurement reference and show warning tape and bedding in the next photo.,,false,false,false,true,true,flagged,,,2026-05-16 20:44:44.796541+00,2026-05-16 20:44:44.741+00,,d51622c0-9035-40dd-a54b-1d9e263f9ca3,,850747f2-be54-4acf-902c-d095d5a7c525,5,1_WhatsApp Image 2024-09-03 at 19_12_46.jpeg
f9e556a2-17e3-45c9-bf3d-d014554adc44,cf1b3cc708582e4accb925b1c2528746dc2dc306e8cbb74ba02bdbd3ebad24a8,901eeafdb9bd49de7ac8d5a1fb50020144a21adebbac9938b860510582a948e6.jpeg,https://vcvxfhzpakyfzfhmkfpv.supabase.co/storage/v1/object/public/photos/901eeafdb9bd49de7ac8d5a1fb50020144a21adebbac9938b860510582a948e6.jpeg,596977,1536,2048,46.5638945780933,14.2887014150845,2024-08-26 14:55:30+00,95,compliant,"[""DEPTH_OK"",""RULER_OK"",""DUCT_OK"",""UNOBSTRUCTED_OK"",""LENGTH_OK""]","[""WARNING_TAPE_MISSING"",""BEDDING_MISSING""]","[""far_from_waypoint:5m"",""gps_from_address"",""address:5 Kleiberweg, Maria Rain, Klagenfurt-Land, Kärnten"",""overlay:26 авг. 2024 г. 14:55:30 | 5 Kleiberweg | Maria Rain | Klagenfurt-Land | Kärnten"",""unknown_trench:SDIRouteSection_56886474241_0"",""original_gps:46.563858,14.288662"",""snapped:5.0m"",""WARNING_TAPE_MISSING"",""BEDDING_MISSING""]",Ensure warning tape and bedding are visible in future photos.,65,true,true,false,true,true,flagged,,,2026-05-16 20:30:16.02508+00,2026-05-16 20:30:15.974+00,,6687f8b7-b408-46a7-98a3-64bf8edc4386,,850747f2-be54-4acf-902c-d095d5a7c525,2,1_WhatsApp Image 2024-08-26 at 18_18_39 (1).jpeg
fb0de98c-921a-4d42-b08f-572edd1be840,3684ec3adc93ac2aa3afb32319a0e415da111b377abee62bd9b02b9e6826078b,cac6e86faa3ab4cfa874252173f9217b312b3804dc661433160212cbf56dca28.jpg,https://vcvxfhzpakyfzfhmkfpv.supabase.co/storage/v1/object/public/photos/cac6e86faa3ab4cfa874252173f9217b312b3804dc661433160212cbf56dca28.jpg,383316,1200,1600,46.5650642109839,14.2924028634033,2024-08-13 12:32:09+00,95,compliant,"[""RULER_OK"",""DUCT_OK"",""UNOBSTRUCTED_OK"",""LENGTH_OK""]","[""DEPTH_TOO_SHALLOW"",""WARNING_TAPE_MISSING"",""BEDDING_MISSING""]","[""far_from_waypoint:7m"",""gps_from_address"",""address:2 Josef-Wakonig-Straße, Maria Rain, Klagenfurt-Land, Kärnten"",""overlay:13 авг. 2024 г. 12:32:09 | 2 Josef-Wakonig-Straße | Maria Rain | Klagenfurt-Land | Kärnten"",""unknown_trench:SDIRouteSection_91728604161_0"",""original_gps:46.565123,14.292420"",""snapped:6.7m"",""DEPTH_TOO_SHALLOW"",""WARNING_TAPE_MISSING"",""BEDDING_MISSING""]",Ensure future photos show the required trench depth and include warning tape and bedding if applicable.,30,false,true,false,true,true,flagged,,,2026-05-16 20:17:49.073563+00,2026-05-16 20:17:49.055+00,,4d8d5e0f-9b48-4182-9958-7550ad167946,,850747f2-be54-4acf-902c-d095d5a7c525,9,1_IMG-20240813-WA0028.jpg
fc0029c4-ddcd-4448-9c14-11220f15035b,816a7841d924b6625fd0b575a4517aca94e373e549165bd67eecbb08d5a078fd,e032b00a3239341cb8d30bd63a2c096af4adfd5334757188124259cd42e4c1e9.jpg,https://vcvxfhzpakyfzfhmkfpv.supabase.co/storage/v1/object/public/photos/e032b00a3239341cb8d30bd63a2c096af4adfd5334757188124259cd42e4c1e9.jpg,248073,720,1280,46.5618175757062,14.288893193011,2024-09-10 09:48:22+00,55,needs_review,"[""DUCT_OK"",""PIPE_ENDS_OK"",""UNOBSTRUCTED_OK""]","[""SIDE_VIEW_MISSING"",""DEPTH_UNREADABLE"",""WARNING_TAPE_MISSING"",""BEDDING_MISSING""]","[""far_from_waypoint:1m"",""gps_from_address"",""address:Toppelsdorferstraße 12, 9161 Maria Rain, Austria"",""overlay:10.09.2024, 09:48:22 | Toppelsdorferstraße 12 | 9161 Мария-Райн | Австрия"",""unknown_trench:SDIRouteSection_78865403137_0"",""original_gps:46.561824,14.288896"",""snapped:0.7m"",""SIDE_VIEW_MISSING"",""DEPTH_UNREADABLE"",""WARNING_TAPE_MISSING"",""BEDDING_MISSING""]",Provide a clear side view of the trench with a visible depth measurement.,,false,false,false,true,true,flagged,,,2026-05-16 20:26:29.495166+00,2026-05-16 20:26:29.466+00,,3ae34aad-bd16-4191-9793-310202def4f0,,850747f2-be54-4acf-902c-d095d5a7c525,6,1_IMG-20240911-WA0093.jpg
fc26070d-3337-45e3-b0d3-7558256c2f42,f369a5dd7838b5b306fa794b4d2dd3c988985114a53aefd6f80914e3b9051229,8f6726a49f3a3b5004a1718942761339c99de114a81376c714b278bc1a531af8.jpeg,https://vcvxfhzpakyfzfhmkfpv.supabase.co/storage/v1/object/public/photos/8f6726a49f3a3b5004a1718942761339c99de114a81376c714b278bc1a531af8.jpeg,249998,1200,1600,46.5550114350741,14.2931221984327,2024-09-17 13:42:11+00,65,needs_review,"[""DUCT_OK"",""UNOBSTRUCTED_OK"",""LENGTH_OK""]","[""DEPTH_UNREADABLE"",""BEDDING_MISSING""]","[""far_from_waypoint:3m"",""gps_from_overlay"",""address:Kirscherstraße 9, 9161 Maria Rain, Austria"",""overlay:17.09.2024 13:42:11 | 46.555023N 14.29316473E | Kirscherstraße 9, 9161 Maria Rain, Австрия"",""unknown_trench:SDIRouteSection_125485836545_1729576755"",""original_gps:46.555023,14.293165"",""snapped:3.5m"",""DEPTH_UNREADABLE"",""BEDDING_MISSING""]",Include a depth reference in the next photo and ensure bedding is visible.,,false,false,false,true,true,flagged,,,2026-05-16 22:26:14.821255+00,2026-05-16 22:26:14.686+00,,5453a8ca-d0ed-4292-a8b3-2ac3e87f7749,,850747f2-be54-4acf-902c-d095d5a7c525,1,1_WhatsApp Image 2024-09-17 at 17_13_42.jpeg
fc36d4f3-5c62-497e-8d5b-cf24ac3a2571,5dfead635011e5911297615e7c44a7c64467482237105fd059140b08570e4c2b,f0c047a8c744e63e6b06ee0dec2411c594b924503eae2e964f0245f9c03c82c2.jpeg,https://vcvxfhzpakyfzfhmkfpv.supabase.co/storage/v1/object/public/photos/f0c047a8c744e63e6b06ee0dec2411c594b924503eae2e964f0245f9c03c82c2.jpeg,328816,1536,2048,46.5580384821553,14.2904025973209,2024-09-10 14:00:09+00,60,needs_review,"[""DUCT_OK"",""PIPE_ENDS_OK"",""UNOBSTRUCTED_OK"",""LENGTH_OK""]","[""RULER_MISSING"",""WARNING_TAPE_MISSING"",""BEDDING_MISSING"",""DEPTH_UNREADABLE""]","[""far_from_waypoint:1m"",""gps_from_address"",""address:7 Schulweg, Maria Rain, Klagenfurt-Land, Kärnten"",""overlay:10 сент. 2024 г. 14:00:09 | 7 Schulweg | Maria Rain | Klagenfurt-Land | Kärnten"",""unknown_trench:SDIRouteSection_111951591169_0"",""original_gps:46.558046,14.290404"",""snapped:0.8m"",""RULER_MISSING"",""WARNING_TAPE_MISSING"",""BEDDING_MISSING"",""DEPTH_UNREADABLE""]",Include a depth ruler in the next photo and ensure warning tape and bedding are visible.,,false,false,false,true,true,flagged,,,2026-05-16 22:20:37.326493+00,2026-05-16 22:20:37.215+00,,b45e1be7-dd78-4e30-be7c-de24fae75117,,850747f2-be54-4acf-902c-d095d5a7c525,7,1_WhatsApp Image 2024-09-10 at 19_48_51 (2).jpeg
fc7baf40-e215-4d71-aa74-fe6fa764bd7a,45909c09291e551e93d3f024d8f859c2181aee85caff9ea653f0e6127d26cf48,a6b1c457f7113f6f952b188c22e18cfa2bf1ffac2b0bac81c6e9a5a7f8651b32.jpeg,https://vcvxfhzpakyfzfhmkfpv.supabase.co/storage/v1/object/public/photos/a6b1c457f7113f6f952b188c22e18cfa2bf1ffac2b0bac81c6e9a5a7f8651b32.jpeg,330895,1080,1440,46.5581223546492,14.2898612526229,2024-09-04 18:56:56+00,60,needs_review,"[""DUCT_OK"",""PIPE_ENDS_OK"",""UNOBSTRUCTED_OK"",""LENGTH_OK""]","[""DEPTH_UNREADABLE"",""WARNING_TAPE_MISSING"",""BEDDING_MISSING""]","[""far_from_waypoint:2m"",""gps_from_overlay"",""address:9 Schulweg, Maria Rain, Klagenfurt-Land 9161, Austria"",""overlay:04.09.2024 18:56:56 | 46°33'29,30965\""N 14°17'23,54444\""E | 9 Schulweg | Maria Rain, Klagenfurt-Land 9161 | Австрия"",""unknown_trench:SDIRouteSection_157044624385_1729588295"",""original_gps:46.558142,14.289873"",""snapped:2.3m"",""DEPTH_UNREADABLE"",""WARNING_TAPE_MISSING"",""BEDDING_MISSING""]",Include a depth reference against the trench wall in the next photo.,,false,false,false,true,true,flagged,,,2026-05-16 20:48:00.681726+00,2026-05-16 20:48:00.655+00,,b45e1be7-dd78-4e30-be7c-de24fae75117,,850747f2-be54-4acf-902c-d095d5a7c525,1,1_WhatsApp Image 2024-09-04 at 22_33_35.jpeg
fc9d9c5b-274b-472c-8deb-5b9e1748be55,9638f43d133df2e06ec356be23ee446a87b2b2841ad55f56f9432b264583def4,dc800228f07f2955b79cfeb2de28ea1c495b0823bbd76c068e3859bb838904a9.jpg,https://vcvxfhzpakyfzfhmkfpv.supabase.co/storage/v1/object/public/photos/dc800228f07f2955b79cfeb2de28ea1c495b0823bbd76c068e3859bb838904a9.jpg,247598,1280,720,46.5615189309125,14.2885236394986,2024-09-10 09:52:32+00,60,needs_review,"[""DUCT_OK"",""UNOBSTRUCTED_OK"",""LENGTH_OK""]","[""WARNING_TAPE_MISSING"",""BEDDING_MISSING"",""DEPTH_UNREADABLE""]","[""far_from_waypoint:3m"",""gps_from_address"",""address:Toppelsdorferstraße 8, 9161 Maria Rain, Austria"",""overlay:10.09.2024, 09:52:32 | Toppelsdorferstraße 8 | 9161 Мария-Райн | Австрия"",""unknown_trench:SDIRouteSection_113169330177_1650890547"",""original_gps:46.561501,14.288558"",""snapped:3.3m"",""WARNING_TAPE_MISSING"",""BEDDING_MISSING"",""DEPTH_UNREADABLE""]",Include a depth reference and show warning tape and bedding in the next photo.,,false,false,false,true,true,flagged,,,2026-05-16 20:26:44.219914+00,2026-05-16 20:26:44.115+00,,3ae34aad-bd16-4191-9793-310202def4f0,,850747f2-be54-4acf-902c-d095d5a7c525,4,1_IMG-20240911-WA0104.jpg
fd32c967-5210-4f7b-a99f-80f1885113bf,387ff065a9b6f417c12e9fd8478899dd4ddbf71623921d502bb80c39c9e43c10,387ff065a9b6f417c12e9fd8478899dd4ddbf71623921d502bb80c39c9e43c10.jpeg,https://vcvxfhzpakyfzfhmkfpv.supabase.co/storage/v1/object/public/photos/387ff065a9b6f417c12e9fd8478899dd4ddbf71623921d502bb80c39c9e43c10.jpeg,162759,720,720,46.5528396767249,14.2918751389285,2024-09-25 14:33:50+00,94,compliant,"[""RULER_OK"",""DUCT_OK"",""UNOBSTRUCTED_OK"",""LENGTH_OK""]","[""DEPTH_TOO_SHALLOW"",""WARNING_TAPE_MISSING"",""BEDDING_MISSING""]","[""far_from_waypoint:6m"",""gps_from_address"",""address:Dahlienweg 3, 9161 Maria-Rain, Austria"",""overlay:25.09.2024, 14:33:50 | Dahlienweg 3 | 9161 Мария-Райн | Австрия"",""unknown_trench:SDIRouteSection_54331245569_1702968963"",""original_gps:46.552795,14.291908"",""snapped:5.6m"",""DEPTH_TOO_SHALLOW"",""WARNING_TAPE_MISSING"",""BEDDING_MISSING""]","Ensure warning tape and sand bedding are visible, and aim for a minimum depth of 60 cm for future documentation.",58,false,true,false,true,true,flagged,,,2026-05-16 23:03:16.850926+00,2026-05-16 23:03:16.652+00,,5453a8ca-d0ed-4292-a8b3-2ac3e87f7749,,850747f2-be54-4acf-902c-d095d5a7c525,3,1_WhatsApp Image 2024-09-25 at 19_39_22 (5).jpeg
fdfd7a93-c4fa-427e-afc8-a5180b9756bc,0b3d0f58a8811b66d4dc07b138e524c5ad20f62e0ab7c7950c22c698aaa8813f,a71ea37b8bd733c3a0986ccd162695d433159e8457bef550fbcd28392cbe1e32.jpeg,https://vcvxfhzpakyfzfhmkfpv.supabase.co/storage/v1/object/public/photos/a71ea37b8bd733c3a0986ccd162695d433159e8457bef550fbcd28392cbe1e32.jpeg,154751,1200,1600,46.5616200140179,14.2882526479661,2024-09-04 12:54:54+00,20,non_compliant,"[""UNOBSTRUCTED_OK"",""LENGTH_OK""]","[""NO_CABLES_VISIBLE""]","[""far_from_waypoint:3m"",""gps_from_overlay"",""address:Toppelsdorferstraße 8, 9161 Maria Rain, Austria"",""overlay:04.09.2024 12:54:54 | 46.5615887N 14.28824899E | Toppelsdorferstraße 8, 9161 Maria Rain, Австрия"",""unknown_trench:SDIRouteSection_165943194625_1729505322"",""original_gps:46.561589,14.288249"",""snapped:3.5m"",""NO_CABLES_VISIBLE""]",Reshoot when cables/ducts are laid in the trench.,,false,false,false,false,true,flagged,,,2026-05-16 22:18:45.500872+00,2026-05-16 22:18:45.371+00,,3ae34aad-bd16-4191-9793-310202def4f0,,850747f2-be54-4acf-902c-d095d5a7c525,0,1_WhatsApp Image 2024-09-04 at 17_09_33.jpeg
fe0b4afa-b1b5-4157-ba3e-139207ab13db,0ab3ec15ea0db5236ff6509003ecd7f8fe7b9b29287371c3f609aeaaa1fe5383,0ab3ec15ea0db5236ff6509003ecd7f8fe7b9b29287371c3f609aeaaa1fe5383.jpeg,https://vcvxfhzpakyfzfhmkfpv.supabase.co/storage/v1/object/public/photos/0ab3ec15ea0db5236ff6509003ecd7f8fe7b9b29287371c3f609aeaaa1fe5383.jpeg,439641,1200,1600,46.5537488497445,14.2919071804736,2024-09-25 11:24:57+00,20,non_compliant,"[""UNOBSTRUCTED_OK"",""LENGTH_OK""]","[""NO_CABLES_VISIBLE""]","[""gps_from_overlay"",""address:9 Dahlienweg, Maria Rain, Klagenfurt-Land, Kärnten, Austria"",""overlay:25 сент. 2024 г. 11:24:57 | 46.55377514N 14.29186235E ±3,79m | 9 Dahlienweg | Maria Rain | Klagenfurt-Land | Kärnten"",""unknown_trench:SDIRouteSection_122382599169_1729575379"",""original_gps:46.553775,14.291862"",""snapped:4.5m"",""NO_CABLES_VISIBLE""]","Ensure cables, ducts, or pipes are visible inside the trench in the next photo.",,false,false,false,false,true,flagged,,,2026-05-16 23:03:32.575531+00,2026-05-16 23:03:32.378+00,,5453a8ca-d0ed-4292-a8b3-2ac3e87f7749,,850747f2-be54-4acf-902c-d095d5a7c525,1,1_WhatsApp Image 2024-09-25 at 20_46_22 (1).jpeg