0,1_IMG-20240731-WA0029.jpg,0
1,1_IMG-20240731-WA0030.jpg,2
2,1_IMG-20240809-WA0025.jpg,0
3,1_IMG-20240809-WA0038.jpg,0
4,1_IMG-20240812-WA0033.jpg,0
5,1_IMG-20240812-WA0034.jpg,2
6,1_IMG-20240813-WA0028.jpg,2
7,1_IMG-20240813-WA0031.jpg,1
8,1_IMG-20240813-WA0034.jpg,2
9,1_IMG-20240813-WA0036.jpg,2
10,1_IMG-20240814-WA0045.jpg,0
11,1_IMG-20240814-WA0046.jpg,0
12,1_IMG-20240814-WA0048.jpg,2
13,1_IMG-20240816-WA0041.jpg,2
14,1_IMG-20240816-WA0045.jpg,0
15,1_IMG-20240822-WA0010.jpg,0
16,1_IMG-20240822-WA0011.jpg,0
17,1_IMG-20240822-WA0012.jpg,0
18,1_IMG-20240822-WA0019.jpg,1
19,1_IMG-20240911-WA0030.jpg,1
20,1_IMG-20240911-WA0035.jpg,1
21,1_IMG-20240911-WA0091.jpg,2
22,1_IMG-20240911-WA0092.jpg,2
23,1_IMG-20240911-WA0093.jpg,2
24,1_IMG-20240911-WA0095.jpg,0
25,1_IMG-20240911-WA0104.jpg,0
26,1_TimePhoto_20240807_182537.jpg,2
27,1_WhatsApp Image 2024-08-23 at 18_16_52.jpeg,2
28,1_WhatsApp Image 2024-08-26 at 18_18_36 (2).jpeg,1
29,1_WhatsApp Image 2024-08-26 at 18_18_37.jpeg,0
30,1_WhatsApp Image 2024-08-26 at 18_18_38 (1).jpeg,2
31,1_WhatsApp Image 2024-08-26 at 18_18_38.jpeg,0
32,1_WhatsApp Image 2024-08-26 at 18_18_39 (1).jpeg,2
33,1_WhatsApp Image 2024-08-26 at 18_18_39.jpeg,1
34,1_WhatsApp Image 2024-08-26 at 18_18_40 (1).jpeg,0
35,1_WhatsApp Image 2024-08-26 at 18_18_40 (2).jpeg,0
36,1_WhatsApp Image 2024-08-26 at 18_18_40.jpeg,0
37,1_WhatsApp Image 2024-08-26 at 18_18_41.jpeg,0
38,1_WhatsApp Image 2024-08-26 at 18_18_42 (1).jpeg,1
39,1_WhatsApp Image 2024-08-26 at 18_18_42.jpeg,0
40,1_WhatsApp Image 2024-08-26 at 18_18_43 (1).jpeg,0
41,1_WhatsApp Image 2024-08-26 at 18_42_27 (1).jpeg,0
42,1_WhatsApp Image 2024-08-27 at 18_01_33.jpeg,0
43,1_WhatsApp Image 2024-08-27 at 18_01_34.jpeg,0
44,1_WhatsApp Image 2024-08-27 at 18_01_41 (2).jpeg,0
45,1_WhatsApp Image 2024-08-27 at 20_43_55 (1).jpeg,0
46,1_WhatsApp Image 2024-08-27 at 20_43_55.jpeg,0
47,1_WhatsApp Image 2024-08-27 at 20_43_56.jpeg,0
48,1_WhatsApp Image 2024-08-28 at 18_11_18.jpeg,0
49,1_WhatsApp Image 2024-08-28 at 18_11_19.jpeg,2
50,1_WhatsApp Image 2024-08-28 at 18_11_20 (2).jpeg,0
51,1_WhatsApp Image 2024-08-28 at 18_11_21 (1).jpeg,0
52,1_WhatsApp Image 2024-08-28 at 18_11_21.jpeg,0
53,1_WhatsApp Image 2024-08-29 at 17_42_02 (1).jpeg,0
54,1_WhatsApp Image 2024-08-29 at 17_42_02.jpeg,0
55,1_WhatsApp Image 2024-08-29 at 18_22_23.jpeg,2
56,1_WhatsApp Image 2024-08-29 at 18_22_24.jpeg,1
57,1_WhatsApp Image 2024-08-29 at 18_22_25.jpeg,1
58,1_WhatsApp Image 2024-08-29 at 19_29_00 (1).jpeg,2
59,1_WhatsApp Image 2024-08-29 at 19_29_00 (2).jpeg,2
60,1_WhatsApp Image 2024-08-29 at 19_29_00.jpeg,2
61,1_WhatsApp Image 2024-08-29 at 19_29_01 (1).jpeg,2
62,1_WhatsApp Image 2024-08-29 at 19_29_01.jpeg,0
63,1_WhatsApp Image 2024-08-30 at 18_05_54 (2).jpeg,0
64,1_WhatsApp Image 2024-08-30 at 19_09_11.jpeg,0
65,1_WhatsApp Image 2024-08-30 at 19_09_13 (1).jpeg,2
66,1_WhatsApp Image 2024-08-30 at 19_09_14.jpeg,1
67,1_WhatsApp Image 2024-08-30 at 19_09_22 (1).jpeg,0
68,1_WhatsApp Image 2024-08-30 at 19_09_24.jpeg,0
69,1_WhatsApp Image 2024-09-02 at 17_45_30 (1).jpeg,0
70,1_WhatsApp Image 2024-09-02 at 17_45_30.jpeg,0
71,1_WhatsApp Image 2024-09-02 at 18_07_00.jpeg,0
72,1_WhatsApp Image 2024-09-02 at 18_07_02.jpeg,0
73,1_WhatsApp Image 2024-09-02 at 18_27_11 (1).jpeg,1
74,1_WhatsApp Image 2024-09-02 at 18_27_11 (2).jpeg,1
75,1_WhatsApp Image 2024-09-02 at 18_27_11.jpeg,2
76,1_WhatsApp Image 2024-09-02 at 18_27_15 (1).jpeg,2
77,1_WhatsApp Image 2024-09-02 at 20_33_49.jpeg,2
78,1_WhatsApp Image 2024-09-02 at 20_33_50 (1).jpeg,2
79,1_WhatsApp Image 2024-09-02 at 20_33_50.jpeg,2
80,1_WhatsApp Image 2024-09-02 at 20_33_51.jpeg,2
81,1_WhatsApp Image 2024-09-02 at 21_21_41.jpeg,0
82,1_WhatsApp Image 2024-09-02 at 21_21_44.jpeg,0
83,1_WhatsApp Image 2024-09-02 at 21_21_45.jpeg,0
84,1_WhatsApp Image 2024-09-02 at 21_21_48.jpeg,1
85,1_WhatsApp Image 2024-09-02 at 21_21_49.jpeg,1
86,1_WhatsApp Image 2024-09-02 at 21_21_54.jpeg,1
87,1_WhatsApp Image 2024-09-02 at 21_21_55.jpeg,2
88,1_WhatsApp Image 2024-09-03 at 18_27_43.jpeg,2
89,1_WhatsApp Image 2024-09-03 at 18_46_42 (3).jpeg,0
90,1_WhatsApp Image 2024-09-03 at 18_46_42 (4).jpeg,1
91,1_WhatsApp Image 2024-09-03 at 18_46_42 (5).jpeg,1
92,1_WhatsApp Image 2024-09-03 at 18_46_43 (3).jpeg,2
93,1_WhatsApp Image 2024-09-03 at 18_46_43 (4).jpeg,0
94,1_WhatsApp Image 2024-09-03 at 18_46_43 (5).jpeg,2
95,1_WhatsApp Image 2024-09-03 at 19_12_43 (1).jpeg,0
96,1_WhatsApp Image 2024-09-03 at 19_12_43.jpeg,0
97,1_WhatsApp Image 2024-09-03 at 19_12_44 (1).jpeg,0
98,1_WhatsApp Image 2024-09-03 at 19_12_44 (2).jpeg,0
99,1_WhatsApp Image 2024-09-03 at 19_12_44.jpeg,0
100,1_WhatsApp Image 2024-09-03 at 19_12_45 (1).jpeg,0
101,1_WhatsApp Image 2024-09-03 at 19_12_45 (2).jpeg,2
102,1_WhatsApp Image 2024-09-03 at 19_12_45 (3).jpeg,0
103,1_WhatsApp Image 2024-09-03 at 19_12_45.jpeg,0
104,1_WhatsApp Image 2024-09-03 at 19_12_45.jpeg,0
105,1_WhatsApp Image 2024-09-03 at 19_12_46.jpeg,2
106,1_WhatsApp Image 2024-09-03 at 20_20_21.jpeg,2
107,1_WhatsApp Image 2024-09-04 at 09_40_04 (1).jpeg,2
108,1_WhatsApp Image 2024-09-04 at 09_40_04.jpeg,0
109,1_WhatsApp Image 2024-09-04 at 09_40_25.jpeg,0
110,1_WhatsApp Image 2024-09-04 at 10_18_01.jpeg,1
111,1_WhatsApp Image 2024-09-04 at 10_49_45 (1).jpeg,0
112,1_WhatsApp Image 2024-09-04 at 10_49_46 (1).jpeg,2
113,1_WhatsApp Image 2024-09-04 at 13_50_19 (1).jpeg,0
114,1_WhatsApp Image 2024-09-04 at 13_50_21 (1).jpeg,0
115,1_WhatsApp Image 2024-09-04 at 17_09_28.jpeg,0
116,1_WhatsApp Image 2024-09-04 at 17_09_29.jpeg,0
117,1_WhatsApp Image 2024-09-04 at 17_09_30 (1).jpeg,2
118,1_WhatsApp Image 2024-09-04 at 17_09_30.jpeg,1
119,1_WhatsApp Image 2024-09-04 at 17_09_31 (1).jpeg,1
120,1_WhatsApp Image 2024-09-04 at 17_09_31 (2).jpeg,1
121,1_WhatsApp Image 2024-09-04 at 17_09_31.jpeg,0
122,1_WhatsApp Image 2024-09-04 at 17_09_32 (3).jpeg,0
123,1_WhatsApp Image 2024-09-04 at 17_09_32.jpeg,2
124,1_WhatsApp Image 2024-09-04 at 17_09_33.jpeg,0
125,1_WhatsApp Image 2024-09-04 at 17_09_33.jpeg,0
126,1_WhatsApp Image 2024-09-04 at 17_09_48.jpeg,0
127,1_WhatsApp Image 2024-09-04 at 17_11_23 (1).jpeg,1
128,1_WhatsApp Image 2024-09-04 at 17_11_23 (2).jpeg,0
129,1_WhatsApp Image 2024-09-04 at 17_11_24 (1).jpeg,0
130,1_WhatsApp Image 2024-09-04 at 17_11_24 (3).jpeg,0
131,1_WhatsApp Image 2024-09-04 at 17_11_24.jpeg,2
132,1_WhatsApp Image 2024-09-04 at 17_11_25 (1).jpeg,0
133,1_WhatsApp Image 2024-09-04 at 17_11_25 (2).jpeg,0
134,1_WhatsApp Image 2024-09-04 at 17_11_25.jpeg,2
135,1_WhatsApp Image 2024-09-04 at 18_10_42 (1).jpeg,1
136,1_WhatsApp Image 2024-09-04 at 18_10_42 (2).jpeg,1
137,1_WhatsApp Image 2024-09-04 at 18_10_42 (3).jpeg,0
138,1_WhatsApp Image 2024-09-04 at 18_10_42.jpeg,1
139,1_WhatsApp Image 2024-09-04 at 18_10_43 (1).jpeg,0
140,1_WhatsApp Image 2024-09-04 at 18_10_43 (2).jpeg,0
141,1_WhatsApp Image 2024-09-04 at 18_10_43.jpeg,2
142,1_WhatsApp Image 2024-09-04 at 22_33_33 (1).jpeg,1
143,1_WhatsApp Image 2024-09-04 at 22_33_33.jpeg,0
144,1_WhatsApp Image 2024-09-04 at 22_33_35 (1).jpeg,1
145,1_WhatsApp Image 2024-09-04 at 22_33_35.jpeg,0
146,1_WhatsApp Image 2024-09-04 at 22_33_35.jpeg,0
147,1_WhatsApp Image 2024-09-04 at 22_33_36 (1).jpeg,0
148,1_WhatsApp Image 2024-09-04 at 22_33_36 (1).jpeg,0
149,1_WhatsApp Image 2024-09-04 at 22_33_36 (2).jpeg,1
150,1_WhatsApp Image 2024-09-04 at 22_33_36 (2).jpeg,1
151,1_WhatsApp Image 2024-09-04 at 22_33_36 (3).jpeg,2
152,1_WhatsApp Image 2024-09-04 at 22_33_36 (3).jpeg,2
153,1_WhatsApp Image 2024-09-04 at 22_33_36 (4).jpeg,0
154,1_WhatsApp Image 2024-09-04 at 22_33_36 (4).jpeg,0
155,1_WhatsApp Image 2024-09-04 at 22_33_36.jpeg,0
156,1_WhatsApp Image 2024-09-04 at 22_33_37 (1).jpeg,2
157,1_WhatsApp Image 2024-09-04 at 22_33_37 (1).jpeg,2
158,1_WhatsApp Image 2024-09-04 at 22_33_37.jpeg,2
159,1_WhatsApp Image 2024-09-04 at 22_33_37.jpeg,2
160,1_WhatsApp Image 2024-09-05 at 16_24_18 (1).jpeg,0
161,1_WhatsApp Image 2024-09-05 at 16_24_18 (2).jpeg,1
162,1_WhatsApp Image 2024-09-05 at 17_27_40.jpeg,0
163,1_WhatsApp Image 2024-09-05 at 17_27_41.jpeg,2
164,1_WhatsApp Image 2024-09-05 at 17_27_44.jpeg,0
165,1_WhatsApp Image 2024-09-05 at 17_27_45.jpeg,0
166,1_WhatsApp Image 2024-09-05 at 17_27_46.jpeg,2
167,1_WhatsApp Image 2024-09-05 at 17_27_47.jpeg,2
168,1_WhatsApp Image 2024-09-05 at 17_27_48 (1).jpeg,0
169,1_WhatsApp Image 2024-09-05 at 17_27_48 (2).jpeg,0
170,1_WhatsApp Image 2024-09-05 at 17_27_48.jpeg,0
171,1_WhatsApp Image 2024-09-05 at 20_18_12.jpeg,0
172,1_WhatsApp Image 2024-09-06 at 16_53_16.jpeg,2
173,1_WhatsApp Image 2024-09-06 at 18_20_55 (1).jpeg,0
174,1_WhatsApp Image 2024-09-06 at 18_20_55 (2).jpeg,2
175,1_WhatsApp Image 2024-09-06 at 18_20_55.jpeg,2
176,1_WhatsApp Image 2024-09-10 at 16_34_55 (1).jpeg,2
177,1_WhatsApp Image 2024-09-10 at 16_34_55.jpeg,0
178,1_WhatsApp Image 2024-09-10 at 16_34_56.jpeg,2
179,1_WhatsApp Image 2024-09-10 at 17_27_33 (1).jpeg,2
180,1_WhatsApp Image 2024-09-10 at 19_48_43.jpeg,1
181,1_WhatsApp Image 2024-09-10 at 19_48_49 (1).jpeg,0
182,1_WhatsApp Image 2024-09-10 at 19_48_49 (2).jpeg,0
183,1_WhatsApp Image 2024-09-10 at 19_48_50 (2).jpeg,0
184,1_WhatsApp Image 2024-09-10 at 19_48_50 (3).jpeg,0
185,1_WhatsApp Image 2024-09-10 at 19_48_50.jpeg,0
186,1_WhatsApp Image 2024-09-10 at 19_48_51 (1).jpeg,0
187,1_WhatsApp Image 2024-09-10 at 19_48_51 (2).jpeg,0
188,1_WhatsApp Image 2024-09-10 at 19_48_51.jpeg,0
189,1_WhatsApp Image 2024-09-10 at 20_52_50.jpeg,0
190,1_WhatsApp Image 2024-09-10 at 20_52_51 (2).jpeg,0
191,1_WhatsApp Image 2024-09-10 at 20_52_52 (1).jpeg,0
192,1_WhatsApp Image 2024-09-10 at 20_52_53.jpeg,0
193,1_WhatsApp Image 2024-09-11 at 15_15_07.jpeg,0
194,1_WhatsApp Image 2024-09-11 at 18_44_11 (1).jpeg,0
195,1_WhatsApp Image 2024-09-11 at 18_44_11.jpeg,0
196,1_WhatsApp Image 2024-09-11 at 18_44_12.jpeg,0
197,1_WhatsApp Image 2024-09-11 at 18_44_14.jpeg,0
198,1_WhatsApp Image 2024-09-11 at 20_09_43.jpeg,0
199,1_WhatsApp Image 2024-09-11 at 20_09_44 (1).jpeg,0
200,1_WhatsApp Image 2024-09-11 at 20_09_44 (2).jpeg,0
201,1_WhatsApp Image 2024-09-11 at 20_09_44 (3).jpeg,0
202,1_WhatsApp Image 2024-09-11 at 20_09_44.jpeg,0
203,1_WhatsApp Image 2024-09-11 at 20_09_47.jpeg,0
204,1_WhatsApp Image 2024-09-11 at 20_14_45.jpeg,0
205,1_WhatsApp Image 2024-09-11 at 20_14_46.jpeg,0
206,1_WhatsApp Image 2024-09-11 at 20_14_48 (2).jpeg,0
207,1_WhatsApp Image 2024-09-11 at 20_14_48.jpeg,0
208,1_WhatsApp Image 2024-09-13 at 17_38_11 (1).jpeg,0
209,1_WhatsApp Image 2024-09-13 at 17_38_11 (3).jpeg,0
210,1_WhatsApp Image 2024-09-13 at 17_38_11.jpeg,0
211,1_WhatsApp Image 2024-09-14 at 14_10_31 (2).jpeg,0
212,1_WhatsApp Image 2024-09-14 at 14_10_31 (3).jpeg,0
213,1_WhatsApp Image 2024-09-14 at 14_10_33.jpeg,1
214,1_WhatsApp Image 2024-09-14 at 14_56_26.jpeg,2
215,1_WhatsApp Image 2024-09-14 at 14_56_28 (1).jpeg,1
216,1_WhatsApp Image 2024-09-14 at 14_56_29 (2).jpeg,0
217,1_WhatsApp Image 2024-09-14 at 14_56_34 (1).jpeg,1
218,1_WhatsApp Image 2024-09-14 at 14_56_34 (2).jpeg,0
219,1_WhatsApp Image 2024-09-14 at 14_56_34.jpeg,2
220,1_WhatsApp Image 2024-09-16 at 17_04_03 (1).jpeg,0
221,1_WhatsApp Image 2024-09-16 at 17_04_05 (2).jpeg,0
222,1_WhatsApp Image 2024-09-16 at 17_04_06.jpeg,0
223,1_WhatsApp Image 2024-09-16 at 17_04_07.jpeg,0
224,1_WhatsApp Image 2024-09-16 at 17_04_08 (1).jpeg,0
225,1_WhatsApp Image 2024-09-16 at 17_04_08 (2).jpeg,0
226,1_WhatsApp Image 2024-09-16 at 17_04_09 (1).jpeg,0
227,1_WhatsApp Image 2024-09-16 at 17_04_09.jpeg,0
228,1_WhatsApp Image 2024-09-16 at 17_04_10 (1).jpeg,0
229,1_WhatsApp Image 2024-09-16 at 17_04_10.jpeg,1
230,1_WhatsApp Image 2024-09-16 at 17_04_12 (1).jpeg,0
231,1_WhatsApp Image 2024-09-16 at 17_04_12.jpeg,0
232,1_WhatsApp Image 2024-09-17 at 17_13_41 (1).jpeg,0
233,1_WhatsApp Image 2024-09-17 at 17_13_42 (1).jpeg,0
234,1_WhatsApp Image 2024-09-17 at 17_13_42 (2).jpeg,0
235,1_WhatsApp Image 2024-09-17 at 17_13_42.jpeg,0
236,1_WhatsApp Image 2024-09-17 at 17_13_43 (2).jpeg,0
237,1_WhatsApp Image 2024-09-17 at 17_13_44.jpeg,1
238,1_WhatsApp Image 2024-09-18 at 17_24_47 (2).jpeg,0
239,1_WhatsApp Image 2024-09-18 at 17_29_43.jpeg,0
240,1_WhatsApp Image 2024-09-18 at 18_18_03 (1).jpeg,0
241,1_WhatsApp Image 2024-09-18 at 18_18_04.jpeg,2
242,1_WhatsApp Image 2024-09-18 at 18_18_06.jpeg,1
243,1_WhatsApp Image 2024-09-18 at 18_18_07.jpeg,0
244,1_WhatsApp Image 2024-09-18 at 18_18_08.jpeg,0
245,1_WhatsApp Image 2024-09-18 at 18_18_09.jpeg,0
246,1_WhatsApp Image 2024-09-18 at 18_18_10.jpeg,0
247,1_WhatsApp Image 2024-09-18 at 18_18_11 (2).jpeg,1
248,1_WhatsApp Image 2024-09-18 at 18_59_28 (1).jpeg,0
249,1_WhatsApp Image 2024-09-18 at 18_59_28 (2).jpeg,0
250,1_WhatsApp Image 2024-09-18 at 18_59_28.jpeg,0
251,1_WhatsApp Image 2024-09-19 at 11_43_11.jpeg,0
252,1_WhatsApp Image 2024-09-19 at 11_43_12 (2).jpeg,0
253,1_WhatsApp Image 2024-09-19 at 11_43_12.jpeg,2
254,1_WhatsApp Image 2024-09-19 at 11_43_13 (1).jpeg,0
255,1_WhatsApp Image 2024-09-19 at 11_43_13 (2).jpeg,0
256,1_WhatsApp Image 2024-09-19 at 11_43_14 (1).jpeg,2
257,1_WhatsApp Image 2024-09-19 at 11_43_14 (2).jpeg,2
258,1_WhatsApp Image 2024-09-19 at 11_43_14.jpeg,1
259,1_WhatsApp Image 2024-09-19 at 16_39_33 (1).jpeg,0
260,1_WhatsApp Image 2024-09-19 at 17_22_58 (2).jpeg,0
261,1_WhatsApp Image 2024-09-19 at 17_22_59.jpeg,0
262,1_WhatsApp Image 2024-09-19 at 17_23_00.jpeg,0
263,1_WhatsApp Image 2024-09-19 at 19_22_40 (1).jpeg,1
264,1_WhatsApp Image 2024-09-20 at 19_36_12.jpeg,0
265,1_WhatsApp Image 2024-09-20 at 19_36_14.jpeg,0
266,1_WhatsApp Image 2024-09-20 at 19_36_16.jpeg,0
267,1_WhatsApp Image 2024-09-20 at 19_36_22 (1).jpeg,0
268,1_WhatsApp Image 2024-09-20 at 19_36_22.jpeg,0
269,1_WhatsApp Image 2024-09-20 at 19_36_23 (1).jpeg,2
270,1_WhatsApp Image 2024-09-20 at 19_36_23.jpeg,0
271,1_WhatsApp Image 2024-09-20 at 19_36_24 (1).jpeg,0
272,1_WhatsApp Image 2024-09-20 at 19_36_24 (2).jpeg,0
273,1_WhatsApp Image 2024-09-20 at 19_36_24.jpeg,0
274,1_WhatsApp Image 2024-09-20 at 21_01_50.jpeg,2
275,1_WhatsApp Image 2024-09-20 at 21_01_51 (2).jpeg,2
276,1_WhatsApp Image 2024-09-20 at 21_01_51.jpeg,0
277,1_WhatsApp Image 2024-09-20 at 21_01_52.jpeg,0
278,1_WhatsApp Image 2024-09-23 at 18_02_45 (3).jpeg,0
279,1_WhatsApp Image 2024-09-23 at 19_21_35 (1).jpeg,0
280,1_WhatsApp Image 2024-09-23 at 19_21_36.jpeg,0
281,1_WhatsApp Image 2024-09-23 at 22_01_53 (2).jpeg,2
282,1_WhatsApp Image 2024-09-23 at 22_01_55 (1).jpeg,2
283,1_WhatsApp Image 2024-09-23 at 22_01_56 (1).jpeg,2
284,1_WhatsApp Image 2024-09-23 at 22_01_56 (2).jpeg,0
285,1_WhatsApp Image 2024-09-23 at 22_02_42.jpeg,2
286,1_WhatsApp Image 2024-09-24 at 18_25_06.jpeg,0
287,1_WhatsApp Image 2024-09-24 at 18_59_47 (1).jpeg,0
288,1_WhatsApp Image 2024-09-24 at 19_51_39.jpeg,1
289,1_WhatsApp Image 2024-09-24 at 19_51_40 (2).jpeg,2
290,1_WhatsApp Image 2024-09-24 at 19_51_40.jpeg,2
291,1_WhatsApp Image 2024-09-25 at 19_05_17.jpeg,2
292,1_WhatsApp Image 2024-09-25 at 19_39_22 (4).jpeg,2
293,1_WhatsApp Image 2024-09-25 at 19_39_22 (5).jpeg,0
294,1_WhatsApp Image 2024-09-25 at 19_39_23 (1).jpeg,0
295,1_WhatsApp Image 2024-09-25 at 20_46_21 (1).jpeg,0
296,1_WhatsApp Image 2024-09-25 at 20_46_21.jpeg,0
297,1_WhatsApp Image 2024-09-25 at 20_46_22 (1).jpeg,0
298,1_WhatsApp Image 2024-09-25 at 20_46_22 (2).jpeg,0
299,1_WhatsApp Image 2024-09-25 at 20_46_23 (1).jpeg,2
300,1_WhatsApp Image 2024-09-25 at 20_58_18 (3).jpeg,2
301,1_WhatsApp Image 2024-09-25 at 20_58_19 (1).jpeg,2
302,1_WhatsApp Image 2024-09-25 at 20_58_19.jpeg,1
303,1_WhatsApp Image 2024-09-25 at 20_58_20 (1).jpeg,2
304,1_WhatsApp Image 2024-09-25 at 20_58_20 (2).jpeg,0
305,1_WhatsApp Image 2024-09-25 at 20_58_21 (1).jpeg,2
306,1_WhatsApp Image 2024-09-25 at 20_58_22 (1).jpeg,2
307,1_WhatsApp Image 2024-09-25 at 20_58_22 (3).jpeg,0
308,1_WhatsApp Image 2024-09-25 at 20_58_23.jpeg,2
309,1_WhatsApp Image 2024-09-26 at 18_04_24 (1).jpeg,2
310,1_WhatsApp Image 2024-09-26 at 18_31_09.jpeg,0
311,1_WhatsApp Image 2024-09-26 at 18_31_31.jpeg,0
312,1_WhatsApp Image 2024-09-26 at 18_31_34.jpeg,0
313,1_WhatsApp Image 2024-09-26 at 18_31_35.jpeg,2
314,1_WhatsApp Image 2024-09-26 at 18_31_37 (1).jpeg,0
315,1_WhatsApp Image 2024-09-26 at 20_22_14 (1).jpeg,0
316,1_WhatsApp Image 2024-09-27 at 19_45_46.jpeg,2
317,1_WhatsApp Image 2024-09-30 at 18_52_43 (1).jpeg,2
318,1_WhatsApp Image 2024-09-30 at 18_52_43.jpeg,2
319,1_WhatsApp Image 2024-09-30 at 19_15_37 (1).jpeg,0
320,1_WhatsApp Image 2024-09-30 at 19_15_39 (1).jpeg,2
321,1_WhatsApp Image 2024-09-30 at 20_23_23.jpeg,0
322,1_WhatsApp Image 2024-09-30 at 20_23_26 (1).jpeg,2
323,1_WhatsApp Image 2024-09-30 at 20_23_28 (1).jpeg,2
324,1_WhatsApp Image 2024-09-30 at 20_23_29 (1).jpeg,2
325,1_WhatsApp Image 2024-10-01 at 18_10_48.jpeg,0
326,1_WhatsApp Image 2024-10-01 at 18_10_50 (1).jpeg,2
327,1_WhatsApp Image 2024-10-01 at 18_10_50.jpeg,0
328,1_WhatsApp Image 2024-10-01 at 18_10_51 (1).jpeg,2
329,1_WhatsApp Image 2024-10-01 at 18_10_55 (1).jpeg,2
330,1_WhatsApp Image 2024-10-01 at 18_52_03 (1).jpeg,0
331,1_WhatsApp Image 2024-10-01 at 18_52_03.jpeg,2
332,1_WhatsApp Image 2024-10-01 at 20_35_01.jpeg,0
333,1_WhatsApp Image 2024-10-01 at 20_35_02 (1).jpeg,0
334,1_WhatsApp Image 2024-10-01 at 20_35_02 (2).jpeg,2
335,1_WhatsApp Image 2024-10-01 at 20_35_02.jpeg,0
336,1_WhatsApp Image 2024-10-03 at 17_04_38 (3).jpeg,2
337,1_WhatsApp Image 2024-10-03 at 17_04_38.jpeg,0
338,1_WhatsApp Image 2024-10-04 at 17_06_12.jpeg,0
339,1_WhatsApp Image 2024-10-04 at 17_23_43 (2).jpeg,2
340,1_WhatsApp Image 2024-10-04 at 17_23_47.jpeg,2
341,1_WhatsApp Image 2024-10-04 at 17_50_50 (1).jpeg,0
342,1_WhatsApp Image 2024-10-05 at 20_03_00.jpeg,2
343,1_WhatsApp Image 2024-10-07 at 17_27_05 (1).jpeg,2
344,1_WhatsApp Image 2024-10-07 at 18_50_32 (3).jpeg,2
345,1_WhatsApp Image 2024-10-07 at 18_50_32.jpeg,2
346,1_WhatsApp Image 2024-10-07 at 18_50_33 (2).jpeg,2
347,1_WhatsApp Image 2024-10-08 at 18_10_01.jpeg,0
348,1_WhatsApp Image 2024-10-08 at 18_10_03 (1).jpeg,0
349,1_WhatsApp Image 2024-10-08 at 18_10_03 (2).jpeg,0
350,1_WhatsApp Image 2024-10-08 at 18_10_03.jpeg,0
351,1_WhatsApp Image 2024-10-08 at 18_10_06 (2).jpeg,0
352,1_WhatsApp Image 2024-10-08 at 18_25_37 (2).jpeg,2
353,1_WhatsApp Image 2024-10-09 at 17_27_13.jpeg,2
354,1_WhatsApp Image 2024-10-09 at 19_52_31.jpeg,2
355,1_WhatsApp Image 2024-10-10 at 18_06_08 (3).jpeg,1
356,1_WhatsApp Image 2024-10-10 at 18_21_27 (2).jpeg,2
357,1_WhatsApp Image 2024-10-11 at 19_32_44.jpeg,0
358,1_WhatsApp Image 2024-10-11 at 19_32_45 (1).jpeg,2
359,1_WhatsApp Image 2024-10-11 at 19_32_45.jpeg,2
360,1_WhatsApp Image 2024-10-11 at 20_21_03 (1).jpeg,0
361,1_WhatsApp Image 2024-10-11 at 21_25_44.jpeg,2
362,1_WhatsApp Image 2024-10-11 at 21_37_56.jpeg,0
363,1_WhatsApp Image 2024-10-12 at 14_45_43 (1).jpeg,2
364,1_WhatsApp Image 2024-10-13 at 17_17_28.jpeg,2
365,1_WhatsApp Image 2024-10-13 at 17_17_29 (1).jpeg,1
366,1_WhatsApp Image 2024-10-13 at 17_17_29 (2).jpeg,1
367,1_WhatsApp Image 2024-10-13 at 17_17_29.jpeg,0
368,1_WhatsApp Image 2024-10-14 at 19_05_25.jpeg,0
369,1_WhatsApp Image 2024-10-14 at 19_05_27.jpeg,0
370,1_WhatsApp Image 2024-10-14 at 19_05_33.jpeg,0
371,1_WhatsApp Image 2024-10-14 at 19_05_36.jpeg,2
372,1_WhatsApp Image 2024-10-14 at 20_21_10 (1).jpeg,0
373,1_WhatsApp Image 2024-10-14 at 20_21_10 (2).jpeg,0
374,1_WhatsApp Image 2024-10-14 at 20_21_11 (1).jpeg,2
375,1_WhatsApp Image 2024-10-14 at 20_21_11.jpeg,2
376,1_WhatsApp Image 2024-10-14 at 20_21_12 (1).jpeg,0
377,1_WhatsApp Image 2024-10-14 at 20_21_12 (2).jpeg,1
378,1_WhatsApp Image 2024-10-14 at 20_21_13.jpeg,0
379,1_WhatsApp Image 2024-10-14 at 20_43_26 (1).jpeg,2
380,1_WhatsApp Image 2024-10-14 at 20_43_26 (2).jpeg,0
381,1_WhatsApp Image 2024-10-14 at 20_43_26.jpeg,0
382,1_WhatsApp Image 2024-10-15 at 18_08_59 (1).jpeg,0
383,1_WhatsApp Image 2024-10-15 at 18_08_59.jpeg,0
384,1_WhatsApp Image 2024-10-15 at 20_17_03.jpeg,0
385,1_WhatsApp Image 2024-10-15 at 20_43_20.jpeg,1
386,1_WhatsApp Image 2024-10-15 at 20_44_33.jpeg,1
387,1_WhatsApp Image 2024-10-15 at 21_01_28 (1).jpeg,2
388,1_WhatsApp Image 2024-10-16 at 16_59_51 (1).jpeg,0
389,1_WhatsApp Image 2024-10-16 at 16_59_53.jpeg,0
390,1_WhatsApp Image 2024-10-17 at 20_55_07 (1).jpeg,2
391,1_WhatsApp Image 2024-10-17 at 20_55_07.jpeg,0
392,1_WhatsApp Image 2024-10-17 at 20_55_08 (1).jpeg,0
393,1_WhatsApp Image 2024-10-17 at 20_55_08.jpeg,0
394,1_WhatsApp Image 2024-10-17 at 20_55_13.jpeg,2
395,1_WhatsApp Image 2024-10-17 at 21_15_32 (1).jpeg,0
396,1_WhatsApp Image 2024-10-17 at 21_15_32 (2).jpeg,0
397,1_WhatsApp Image 2024-10-18 at 17_51_43 (1).jpeg,0
398,1_WhatsApp Image 2024-10-18 at 17_51_45 (3).jpeg,0
399,1_WhatsApp Image 2024-10-18 at 19_45_22 (2).jpeg,2
400,1_WhatsApp Image 2024-10-18 at 22_26_25 (2).jpeg,0
401,1_WhatsApp Image 2024-10-18 at 22_26_27.jpeg,2
402,1_WhatsApp Image 2024-10-18 at 22_29_57 (1).jpeg,0
403,1_WhatsApp Image 2024-10-18 at 22_29_57 (2).jpeg,0
404,1_WhatsApp Image 2024-10-18 at 22_29_58 (1).jpeg,0
405,1_WhatsApp Image 2024-10-18 at 22_29_58.jpeg,0
406,1_WhatsApp Image 2024-10-18 at 22_39_38.jpeg,0
407,1_WhatsApp Image 2024-10-21 at 20_01_50.jpeg,1
408,1_WhatsApp Image 2024-10-21 at 20_01_51 (1).jpeg,2
409,1_WhatsApp Image 2024-10-21 at 20_01_51.jpeg,2
410,1_WhatsApp Image 2024-10-21 at 21_09_27 (1).jpeg,0
411,1_WhatsApp Image 2024-10-21 at 21_09_27.jpeg,0
412,1_WhatsApp Image 2024-10-22 at 19_53_43 (2).jpeg,0
413,1_WhatsApp Image 2024-10-22 at 19_53_44 (1).jpeg,2
414,1_WhatsApp Image 2024-10-22 at 19_53_44.jpeg,2
415,1_WhatsApp Image 2024-10-22 at 19_53_45.jpeg,0
416,1_WhatsApp Image 2024-10-22 at 19_53_46 (1).jpeg,2
417,1_WhatsApp Image 2024-10-22 at 19_53_46 (2).jpeg,2
418,1_WhatsApp Image 2024-10-22 at 19_53_47 (1).jpeg,0
419,1_WhatsApp Image 2024-10-22 at 19_53_48 (1).jpeg,0
420,1_WhatsApp Image 2024-10-22 at 19_53_48 (2).jpeg,0
421,1_WhatsApp Image 2024-10-22 at 19_53_48.jpeg,0
422,1_WhatsApp Image 2024-10-23 at 18_44_46 (2).jpeg,0
423,1_WhatsApp Image 2024-10-23 at 18_44_48 (1).jpeg,0
424,1_WhatsApp Image 2024-10-23 at 18_44_51 (1).jpeg,0
425,1_WhatsApp Image 2024-10-23 at 18_44_52.jpeg,0
426,1_WhatsApp Image 2024-10-23 at 20_54_43 (1).jpeg,0
427,1_WhatsApp Image 2024-10-23 at 20_54_44.jpeg,0
428,1_WhatsApp Image 2024-10-25 at 17_48_23 (2).jpeg,0
429,1_WhatsApp Image 2024-10-29 at 19_23_50.jpeg,0
430,1_WhatsApp Image 2024-10-29 at 19_55_15 (1).jpeg,2
431,1_WhatsApp Image 2024-10-29 at 19_55_17.jpeg,0
432,1_WhatsApp Image 2024-10-31 at 17_26_24 (1).jpeg,0
433,1_WhatsApp Image 2024-10-31 at 17_26_24.jpeg,0
434,1_WhatsApp Image 2024-10-31 at 17_26_25 (1).jpeg,0
435,1_WhatsApp Image 2024-10-31 at 17_26_25 (2).jpeg,2
436,1_WhatsApp Image 2024-11-02 at 19_08_07.jpeg,0
437,1_WhatsApp Image 2024-11-04 at 17_30_22 (1).jpeg,2
438,1_WhatsApp Image 2024-11-04 at 19_29_40.jpeg,0
439,1_WhatsApp Image 2024-11-04 at 19_29_42.jpeg,2
440,1_WhatsApp Image 2024-11-04 at 19_29_46 (2).jpeg,1
441,1_WhatsApp Image 2024-11-05 at 18_06_54 (2).jpeg,2
442,1_WhatsApp Image 2024-11-05 at 20_01_53 (3).jpeg,0
443,1_WhatsApp Image 2024-11-05 at 20_11_14.jpeg,0
444,1_WhatsApp Image 2024-11-05 at 20_11_17.jpeg,0
445,1_WhatsApp Image 2024-11-06 at 18_34_05 (4).jpeg,0
446,1_WhatsApp Image 2024-11-06 at 19_01_30 (1).jpeg,0
447,1_WhatsApp Image 2024-11-07 at 17_33_21 (3).jpeg,0
448,1_WhatsApp Image 2024-11-07 at 18_39_55 (2).jpeg,0
449,1_WhatsApp Image 2024-11-07 at 18_39_56 (1).jpeg,0
450,1_WhatsApp Image 2024-11-07 at 18_39_56 (2).jpeg,0
451,1_WhatsApp Image 2024-11-07 at 18_39_56.jpeg,0
452,1_WhatsApp Image 2024-11-08 at 18_06_46 (1).jpeg,2
453,1_WhatsApp Image 2024-11-08 at 18_06_47 (1).jpeg,0
454,1_WhatsApp Image 2024-11-11 at 17_42_59 (3).jpeg,0
455,1_WhatsApp Image 2024-11-12 at 17_38_41 (4).jpeg,0
456,1_WhatsApp Image 2024-11-12 at 18_13_12 (1).jpeg,0
457,1_WhatsApp Image 2024-11-13 at 19_33_14.jpeg,1
458,1_WhatsApp Image 2024-11-13 at 19_33_16.jpeg,2
459,1_WhatsApp Image 2024-11-13 at 19_33_23.jpeg,0
460,1_WhatsApp Image 2024-11-13 at 19_33_27.jpeg,0
461,1_WhatsApp Image 2024-11-14 at 19_04_41.jpeg,1
462,1_WhatsApp Image 2024-11-14 at 20_08_44 (1).jpeg,0
463,1_WhatsApp Image 2024-11-15 at 17_54_08 (2).jpeg,0
464,1_WhatsApp Image 2024-11-15 at 20_48_42 (1).jpeg,0
465,1_WhatsApp Image 2024-11-18 at 19_25_46.jpeg,0
466,1_WhatsApp Image 2024-11-18 at 20_39_35.jpeg,0
467,1_WhatsApp Image 2024-11-19 at 19_31_13.jpeg,0
468,1_WhatsApp Image 2024-11-21 at 20_02_58.jpeg,0
469,1_WhatsApp Image 2024-11-21 at 20_03_00.jpeg,0
470,1_WhatsApp Image 2024-11-21 at 20_28_01.jpeg,2
471,1_WhatsApp Image 2024-11-23 at 19_06_42.jpeg,2
472,1_WhatsApp Image 2024-11-26 at 19_58_10 (2).jpeg,2
473,1_WhatsApp Image 2024-11-27 at 20_06_05.jpeg,0
474,1_WhatsApp Image 2024-11-27 at 20_06_43 (1).jpeg,0
475,1_WhatsApp Image 2024-11-27 at 20_06_46.jpeg,0
476,1_WhatsApp Image 2024-12-06 at 20_15_38.jpeg,0
477,1_WhatsApp Image 2024-12-10 at 22_49_24 (1).jpeg,0
478,2_IMG-20240731-WA0029.jpg,0
479,2_IMG-20240731-WA0030.jpg,2
480,2_IMG-20240809-WA0025.jpg,0
481,2_IMG-20240809-WA0038.jpg,0
482,2_IMG-20240812-WA0033.jpg,0
483,2_IMG-20240812-WA0034.jpg,0
484,2_IMG-20240813-WA0028.jpg,2
485,2_IMG-20240813-WA0031.jpg,2
486,2_IMG-20240813-WA0034.jpg,2
487,2_IMG-20240813-WA0036.jpg,2
488,2_IMG-20240814-WA0045.jpg,2
489,2_IMG-20240814-WA0046.jpg,0
490,2_IMG-20240814-WA0048.jpg,2
491,2_IMG-20240816-WA0041.jpg,2
492,2_IMG-20240816-WA0045.jpg,0
493,2_IMG-20240822-WA0010.jpg,0
494,2_IMG-20240822-WA0011.jpg,0
495,2_IMG-20240822-WA0012.jpg,0
496,2_IMG-20240822-WA0019.jpg,0
497,2_IMG-20240911-WA0030.jpg,2
498,2_IMG-20240911-WA0035.jpg,2
499,2_IMG-20240911-WA0091.jpg,2
500,2_IMG-20240911-WA0092.jpg,2
501,2_IMG-20240911-WA0093.jpg,0
502,2_IMG-20240911-WA0104.jpg,0
503,2_TimePhoto_20240807_182537.jpg,2
504,2_WhatsApp Image 2024-08-23 at 18_16_52.jpeg,0
505,2_WhatsApp Image 2024-08-26 at 18_18_36 (2).jpeg,0
506,2_WhatsApp Image 2024-08-26 at 18_18_37.jpeg,1
507,2_WhatsApp Image 2024-08-26 at 18_18_38 (1).jpeg,1
508,2_WhatsApp Image 2024-08-26 at 18_18_38.jpeg,2
509,2_WhatsApp Image 2024-08-26 at 18_18_39 (1).jpeg,
510,2_WhatsApp Image 2024-08-26 at 18_18_39.jpeg,
511,2_WhatsApp Image 2024-08-26 at 18_18_40 (1).jpeg,
512,2_WhatsApp Image 2024-08-26 at 18_18_40 (2).jpeg,
513,2_WhatsApp Image 2024-08-26 at 18_18_40.jpeg,
514,2_WhatsApp Image 2024-08-26 at 18_18_41.jpeg,
515,2_WhatsApp Image 2024-08-26 at 18_18_42 (1).jpeg,
516,2_WhatsApp Image 2024-08-26 at 18_18_42.jpeg,
517,2_WhatsApp Image 2024-08-26 at 18_18_43 (1).jpeg,
518,2_WhatsApp Image 2024-08-26 at 18_42_27 (1).jpeg,
519,2_WhatsApp Image 2024-08-27 at 18_01_33.jpeg,
520,2_WhatsApp Image 2024-08-27 at 18_01_34.jpeg,
521,2_WhatsApp Image 2024-08-27 at 18_01_41 (2).jpeg,
522,2_WhatsApp Image 2024-08-27 at 20_43_55 (1).jpeg,
523,2_WhatsApp Image 2024-08-27 at 20_43_55.jpeg,
524,2_WhatsApp Image 2024-08-27 at 20_43_56.jpeg,
525,2_WhatsApp Image 2024-08-28 at 18_11_18.jpeg,
526,2_WhatsApp Image 2024-08-28 at 18_11_19.jpeg,
527,2_WhatsApp Image 2024-08-28 at 18_11_20 (2).jpeg,
528,2_WhatsApp Image 2024-08-28 at 18_11_21 (1).jpeg,
529,2_WhatsApp Image 2024-08-28 at 18_11_21.jpeg,
530,2_WhatsApp Image 2024-08-29 at 17_42_02 (1).jpeg,
531,2_WhatsApp Image 2024-08-29 at 17_42_02.jpeg,
532,2_WhatsApp Image 2024-08-29 at 18_22_23.jpeg,
533,2_WhatsApp Image 2024-08-29 at 18_22_24.jpeg,
534,2_WhatsApp Image 2024-08-29 at 18_22_25.jpeg,
535,2_WhatsApp Image 2024-08-29 at 19_29_00 (1).jpeg,
536,2_WhatsApp Image 2024-08-29 at 19_29_00 (2).jpeg,
537,2_WhatsApp Image 2024-08-29 at 19_29_00.jpeg,
538,2_WhatsApp Image 2024-08-29 at 19_29_01 (1).jpeg,
539,2_WhatsApp Image 2024-08-29 at 19_29_01.jpeg,
540,2_WhatsApp Image 2024-08-30 at 18_05_54 (2).jpeg,
541,2_WhatsApp Image 2024-08-30 at 19_09_11.jpeg,
542,2_WhatsApp Image 2024-08-30 at 19_09_13 (1).jpeg,
543,2_WhatsApp Image 2024-08-30 at 19_09_14.jpeg,
544,2_WhatsApp Image 2024-08-30 at 19_09_22 (1).jpeg,
545,2_WhatsApp Image 2024-08-30 at 19_09_24.jpeg,
546,2_WhatsApp Image 2024-09-02 at 17_45_30 (1).jpeg,
547,2_WhatsApp Image 2024-09-02 at 17_45_30.jpeg,
548,2_WhatsApp Image 2024-09-02 at 18_07_00.jpeg,
549,2_WhatsApp Image 2024-09-02 at 18_07_02.jpeg,
550,2_WhatsApp Image 2024-09-02 at 18_27_11 (1).jpeg,
551,2_WhatsApp Image 2024-09-02 at 18_27_11 (2).jpeg,
552,2_WhatsApp Image 2024-09-02 at 18_27_11.jpeg,
553,2_WhatsApp Image 2024-09-02 at 18_27_15 (1).jpeg,
554,2_WhatsApp Image 2024-09-02 at 20_33_49.jpeg,
555,2_WhatsApp Image 2024-09-02 at 20_33_50 (1).jpeg,
556,2_WhatsApp Image 2024-09-02 at 20_33_50.jpeg,
557,2_WhatsApp Image 2024-09-02 at 20_33_51.jpeg,
558,2_WhatsApp Image 2024-09-02 at 21_21_41.jpeg,
559,2_WhatsApp Image 2024-09-02 at 21_21_44.jpeg,
560,2_WhatsApp Image 2024-09-02 at 21_21_45.jpeg,
561,2_WhatsApp Image 2024-09-02 at 21_21_48.jpeg,
562,2_WhatsApp Image 2024-09-02 at 21_21_49.jpeg,
563,2_WhatsApp Image 2024-09-02 at 21_21_54.jpeg,
564,2_WhatsApp Image 2024-09-02 at 21_21_55.jpeg,
565,2_WhatsApp Image 2024-09-03 at 18_27_43.jpeg,
566,2_WhatsApp Image 2024-09-03 at 18_46_42 (3).jpeg,
567,2_WhatsApp Image 2024-09-03 at 18_46_42 (4).jpeg,
568,2_WhatsApp Image 2024-09-03 at 18_46_42 (5).jpeg,
569,2_WhatsApp Image 2024-09-03 at 18_46_43 (3).jpeg,
570,2_WhatsApp Image 2024-09-03 at 18_46_43 (4).jpeg,
571,2_WhatsApp Image 2024-09-03 at 18_46_43 (5).jpeg,
572,2_WhatsApp Image 2024-09-03 at 19_12_43 (1).jpeg,
573,2_WhatsApp Image 2024-09-03 at 19_12_43.jpeg,
574,2_WhatsApp Image 2024-09-03 at 19_12_44 (1).jpeg,
575,2_WhatsApp Image 2024-09-03 at 19_12_44 (2).jpeg,
576,2_WhatsApp Image 2024-09-03 at 19_12_44.jpeg,
577,2_WhatsApp Image 2024-09-03 at 19_12_45 (1).jpeg,
578,2_WhatsApp Image 2024-09-03 at 19_12_45 (2).jpeg,
579,2_WhatsApp Image 2024-09-03 at 19_12_45 (3).jpeg,
580,2_WhatsApp Image 2024-09-03 at 19_12_45.jpeg,
581,2_WhatsApp Image 2024-09-03 at 19_12_46.jpeg,
582,2_WhatsApp Image 2024-09-03 at 20_20_21.jpeg,
583,2_WhatsApp Image 2024-09-04 at 09_40_04 (1).jpeg,
584,2_WhatsApp Image 2024-09-04 at 09_40_04.jpeg,
585,2_WhatsApp Image 2024-09-04 at 09_40_25.jpeg,
586,2_WhatsApp Image 2024-09-04 at 10_18_01.jpeg,
587,2_WhatsApp Image 2024-09-04 at 10_49_45 (1).jpeg,
588,2_WhatsApp Image 2024-09-04 at 10_49_46 (1).jpeg,
589,2_WhatsApp Image 2024-09-04 at 13_50_19 (1).jpeg,
590,2_WhatsApp Image 2024-09-04 at 13_50_21 (1).jpeg,
591,2_WhatsApp Image 2024-09-04 at 17_09_28.jpeg,
592,2_WhatsApp Image 2024-09-04 at 17_09_29.jpeg,
593,2_WhatsApp Image 2024-09-04 at 17_09_30.jpeg,
594,2_WhatsApp Image 2024-09-04 at 17_09_31 (1).jpeg,
595,2_WhatsApp Image 2024-09-04 at 17_09_31 (2).jpeg,
596,2_WhatsApp Image 2024-09-04 at 17_09_31.jpeg,
597,2_WhatsApp Image 2024-09-04 at 17_09_32 (3).jpeg,
598,2_WhatsApp Image 2024-09-04 at 17_09_32.jpeg,
599,2_WhatsApp Image 2024-09-04 at 17_09_33.jpeg,
600,2_WhatsApp Image 2024-09-04 at 17_09_48.jpeg,
601,2_WhatsApp Image 2024-09-04 at 17_11_23 (1).jpeg,
602,2_WhatsApp Image 2024-09-04 at 17_11_23 (2).jpeg,
603,2_WhatsApp Image 2024-09-04 at 17_11_24 (1).jpeg,
604,2_WhatsApp Image 2024-09-04 at 17_11_24 (3).jpeg,
605,2_WhatsApp Image 2024-09-04 at 17_11_24.jpeg,
606,2_WhatsApp Image 2024-09-04 at 17_11_25 (1).jpeg,
607,2_WhatsApp Image 2024-09-04 at 17_11_25 (2).jpeg,
608,2_WhatsApp Image 2024-09-04 at 17_11_25.jpeg,
609,2_WhatsApp Image 2024-09-04 at 18_10_42 (1).jpeg,
610,2_WhatsApp Image 2024-09-04 at 18_10_42 (2).jpeg,
611,2_WhatsApp Image 2024-09-04 at 18_10_42 (3).jpeg,
612,2_WhatsApp Image 2024-09-04 at 18_10_42.jpeg,
613,2_WhatsApp Image 2024-09-04 at 18_10_43 (1).jpeg,
614,2_WhatsApp Image 2024-09-04 at 18_10_43 (2).jpeg,
615,2_WhatsApp Image 2024-09-04 at 18_10_43.jpeg,
616,2_WhatsApp Image 2024-09-04 at 22_33_33 (1).jpeg,
617,2_WhatsApp Image 2024-09-04 at 22_33_33.jpeg,
618,2_WhatsApp Image 2024-09-04 at 22_33_35 (1).jpeg,
619,2_WhatsApp Image 2024-09-04 at 22_33_35.jpeg,
620,2_WhatsApp Image 2024-09-04 at 22_33_36 (1).jpeg,
621,2_WhatsApp Image 2024-09-04 at 22_33_36 (2).jpeg,
622,2_WhatsApp Image 2024-09-04 at 22_33_36 (3).jpeg,
623,2_WhatsApp Image 2024-09-04 at 22_33_36 (4).jpeg,
624,2_WhatsApp Image 2024-09-04 at 22_33_36.jpeg,
625,2_WhatsApp Image 2024-09-04 at 22_33_37 (1).jpeg,
626,2_WhatsApp Image 2024-09-04 at 22_33_37.jpeg,
627,2_WhatsApp Image 2024-09-05 at 16_24_18 (1).jpeg,
628,2_WhatsApp Image 2024-09-05 at 16_24_18 (2).jpeg,
629,2_WhatsApp Image 2024-09-05 at 17_27_40.jpeg,
630,2_WhatsApp Image 2024-09-05 at 17_27_41.jpeg,
631,2_WhatsApp Image 2024-09-05 at 17_27_44.jpeg,
632,2_WhatsApp Image 2024-09-05 at 17_27_45.jpeg,
633,2_WhatsApp Image 2024-09-05 at 17_27_46.jpeg,
634,2_WhatsApp Image 2024-09-05 at 17_27_47.jpeg,
635,2_WhatsApp Image 2024-09-05 at 17_27_48 (1).jpeg,
636,2_WhatsApp Image 2024-09-05 at 17_27_48 (2).jpeg,
637,2_WhatsApp Image 2024-09-05 at 17_27_48.jpeg,
638,2_WhatsApp Image 2024-09-05 at 20_18_05.jpeg,
639,2_WhatsApp Image 2024-09-05 at 20_18_12.jpeg,
640,2_WhatsApp Image 2024-09-06 at 16_53_16.jpeg,
641,2_WhatsApp Image 2024-09-06 at 18_20_55 (1).jpeg,
642,2_WhatsApp Image 2024-09-06 at 18_20_55 (2).jpeg,
643,2_WhatsApp Image 2024-09-06 at 18_20_55.jpeg,
644,2_WhatsApp Image 2024-09-10 at 16_34_55 (1).jpeg,
645,2_WhatsApp Image 2024-09-10 at 16_34_55.jpeg,
646,2_WhatsApp Image 2024-09-10 at 16_34_56.jpeg,
647,2_WhatsApp Image 2024-09-10 at 17_27_33 (1).jpeg,
648,2_WhatsApp Image 2024-09-10 at 19_48_43.jpeg,
649,2_WhatsApp Image 2024-09-10 at 19_48_49 (1).jpeg,
650,2_WhatsApp Image 2024-09-10 at 19_48_49 (2).jpeg,
651,2_WhatsApp Image 2024-09-10 at 19_48_50 (2).jpeg,
652,2_WhatsApp Image 2024-09-10 at 19_48_50 (3).jpeg,
653,2_WhatsApp Image 2024-09-10 at 19_48_50.jpeg,
654,2_WhatsApp Image 2024-09-10 at 19_48_51 (1).jpeg,
655,2_WhatsApp Image 2024-09-10 at 19_48_51 (2).jpeg,
656,2_WhatsApp Image 2024-09-10 at 19_48_51.jpeg,
657,2_WhatsApp Image 2024-09-10 at 20_52_50.jpeg,
658,2_WhatsApp Image 2024-09-10 at 20_52_51 (2).jpeg,
659,2_WhatsApp Image 2024-09-10 at 20_52_52 (1).jpeg,
660,2_WhatsApp Image 2024-09-10 at 20_52_53.jpeg,
661,2_WhatsApp Image 2024-09-11 at 15_15_07.jpeg,
662,2_WhatsApp Image 2024-09-11 at 18_44_11 (1).jpeg,
663,2_WhatsApp Image 2024-09-11 at 18_44_11.jpeg,
664,2_WhatsApp Image 2024-09-11 at 18_44_12.jpeg,
665,2_WhatsApp Image 2024-09-11 at 18_44_14.jpeg,
666,2_WhatsApp Image 2024-09-11 at 20_09_43.jpeg,
667,2_WhatsApp Image 2024-09-11 at 20_09_44 (1).jpeg,
668,2_WhatsApp Image 2024-09-11 at 20_09_44 (2).jpeg,
669,2_WhatsApp Image 2024-09-11 at 20_09_44 (3).jpeg,
670,2_WhatsApp Image 2024-09-11 at 20_09_44.jpeg,
671,2_WhatsApp Image 2024-09-11 at 20_09_47.jpeg,
672,2_WhatsApp Image 2024-09-11 at 20_14_45.jpeg,
673,2_WhatsApp Image 2024-09-11 at 20_14_46.jpeg,
674,2_WhatsApp Image 2024-09-11 at 20_14_48 (2).jpeg,
675,2_WhatsApp Image 2024-09-11 at 20_14_48.jpeg,
676,2_WhatsApp Image 2024-09-13 at 17_38_11 (1).jpeg,
677,2_WhatsApp Image 2024-09-13 at 17_38_11 (3).jpeg,
678,2_WhatsApp Image 2024-09-13 at 17_38_11.jpeg,
679,2_WhatsApp Image 2024-09-14 at 14_10_31 (2).jpeg,
680,2_WhatsApp Image 2024-09-14 at 14_10_31 (3).jpeg,
681,2_WhatsApp Image 2024-09-14 at 14_10_33.jpeg,
682,2_WhatsApp Image 2024-09-14 at 14_56_26.jpeg,
683,2_WhatsApp Image 2024-09-14 at 14_56_28 (1).jpeg,
684,2_WhatsApp Image 2024-09-14 at 14_56_29 (2).jpeg,
685,2_WhatsApp Image 2024-09-14 at 14_56_34 (1).jpeg,
686,2_WhatsApp Image 2024-09-14 at 14_56_34 (2).jpeg,
687,2_WhatsApp Image 2024-09-14 at 14_56_34.jpeg,
688,2_WhatsApp Image 2024-09-16 at 17_04_03 (1).jpeg,
689,2_WhatsApp Image 2024-09-16 at 17_04_05 (2).jpeg,
690,2_WhatsApp Image 2024-09-16 at 17_04_06.jpeg,
691,2_WhatsApp Image 2024-09-16 at 17_04_07.jpeg,
692,2_WhatsApp Image 2024-09-16 at 17_04_08 (1).jpeg,
693,2_WhatsApp Image 2024-09-16 at 17_04_08 (2).jpeg,
694,2_WhatsApp Image 2024-09-16 at 17_04_09 (1).jpeg,
695,2_WhatsApp Image 2024-09-16 at 17_04_09.jpeg,
696,2_WhatsApp Image 2024-09-16 at 17_04_10 (1).jpeg,
697,2_WhatsApp Image 2024-09-16 at 17_04_10.jpeg,
698,2_WhatsApp Image 2024-09-16 at 17_04_12 (1).jpeg,
699,2_WhatsApp Image 2024-09-16 at 17_04_12.jpeg,
700,2_WhatsApp Image 2024-09-17 at 17_13_41 (1).jpeg,
701,2_WhatsApp Image 2024-09-17 at 17_13_42 (1).jpeg,
702,2_WhatsApp Image 2024-09-17 at 17_13_42 (2).jpeg,
703,2_WhatsApp Image 2024-09-17 at 17_13_42.jpeg,
704,2_WhatsApp Image 2024-09-17 at 17_13_44.jpeg,
705,2_WhatsApp Image 2024-09-18 at 17_24_47 (2).jpeg,
706,2_WhatsApp Image 2024-09-18 at 17_29_43.jpeg,
707,2_WhatsApp Image 2024-09-18 at 18_18_03 (1).jpeg,
708,2_WhatsApp Image 2024-09-18 at 18_18_04.jpeg,
709,2_WhatsApp Image 2024-09-18 at 18_18_06.jpeg,
710,2_WhatsApp Image 2024-09-18 at 18_18_07.jpeg,
711,2_WhatsApp Image 2024-09-18 at 18_18_08.jpeg,
712,2_WhatsApp Image 2024-09-18 at 18_18_09.jpeg,
713,2_WhatsApp Image 2024-09-18 at 18_18_10.jpeg,
714,2_WhatsApp Image 2024-09-18 at 18_18_11 (2).jpeg,
715,2_WhatsApp Image 2024-09-18 at 18_59_28 (1).jpeg,
716,2_WhatsApp Image 2024-09-18 at 18_59_28 (2).jpeg,
717,2_WhatsApp Image 2024-09-18 at 18_59_28.jpeg,
718,2_WhatsApp Image 2024-09-19 at 11_43_11.jpeg,
719,2_WhatsApp Image 2024-09-19 at 11_43_12 (2).jpeg,
720,2_WhatsApp Image 2024-09-19 at 11_43_12.jpeg,
721,2_WhatsApp Image 2024-09-19 at 11_43_13 (1).jpeg,
722,2_WhatsApp Image 2024-09-19 at 11_43_13 (2).jpeg,
723,2_WhatsApp Image 2024-09-19 at 11_43_14 (1).jpeg,
724,2_WhatsApp Image 2024-09-19 at 11_43_14 (2).jpeg,
725,2_WhatsApp Image 2024-09-19 at 11_43_14.jpeg,
726,2_WhatsApp Image 2024-09-19 at 16_39_33 (1).jpeg,
727,2_WhatsApp Image 2024-09-19 at 17_22_58 (2).jpeg,
728,2_WhatsApp Image 2024-09-19 at 17_22_59.jpeg,
729,2_WhatsApp Image 2024-09-19 at 17_23_00.jpeg,
730,2_WhatsApp Image 2024-09-19 at 19_22_40 (1).jpeg,
731,2_WhatsApp Image 2024-09-20 at 19_36_12.jpeg,
732,2_WhatsApp Image 2024-09-20 at 19_36_14.jpeg,
733,2_WhatsApp Image 2024-09-20 at 19_36_16.jpeg,
734,2_WhatsApp Image 2024-09-20 at 19_36_22 (1).jpeg,
735,2_WhatsApp Image 2024-09-20 at 19_36_22.jpeg,
736,2_WhatsApp Image 2024-09-20 at 19_36_23 (1).jpeg,
737,2_WhatsApp Image 2024-09-20 at 19_36_23.jpeg,
738,2_WhatsApp Image 2024-09-20 at 19_36_24 (1).jpeg,
739,2_WhatsApp Image 2024-09-20 at 19_36_24 (2).jpeg,
740,2_WhatsApp Image 2024-09-20 at 19_36_24.jpeg,
741,2_WhatsApp Image 2024-09-20 at 21_01_50.jpeg,
742,2_WhatsApp Image 2024-09-20 at 21_01_51 (2).jpeg,
743,2_WhatsApp Image 2024-09-20 at 21_01_51.jpeg,
744,2_WhatsApp Image 2024-09-20 at 21_01_52.jpeg,
745,2_WhatsApp Image 2024-09-23 at 18_02_45 (3).jpeg,
746,2_WhatsApp Image 2024-09-23 at 19_21_35 (1).jpeg,
747,2_WhatsApp Image 2024-09-23 at 19_21_36.jpeg,
748,2_WhatsApp Image 2024-09-23 at 22_01_53 (2).jpeg,
749,2_WhatsApp Image 2024-09-23 at 22_01_55 (1).jpeg,
750,2_WhatsApp Image 2024-09-23 at 22_01_56 (1).jpeg,
751,2_WhatsApp Image 2024-09-23 at 22_01_56 (2).jpeg,
752,2_WhatsApp Image 2024-09-23 at 22_02_42.jpeg,
753,2_WhatsApp Image 2024-09-24 at 18_25_06.jpeg,
754,2_WhatsApp Image 2024-09-24 at 18_59_47 (1).jpeg,
755,2_WhatsApp Image 2024-09-24 at 19_51_39.jpeg,
756,2_WhatsApp Image 2024-09-24 at 19_51_40 (2).jpeg,
757,2_WhatsApp Image 2024-09-24 at 19_51_40.jpeg,
758,2_WhatsApp Image 2024-09-25 at 19_05_17.jpeg,
759,2_WhatsApp Image 2024-09-25 at 19_39_22 (4).jpeg,
760,2_WhatsApp Image 2024-09-25 at 19_39_22 (5).jpeg,
761,2_WhatsApp Image 2024-09-25 at 19_39_23 (1).jpeg,
762,2_WhatsApp Image 2024-09-25 at 20_46_21 (1).jpeg,
763,2_WhatsApp Image 2024-09-25 at 20_46_21.jpeg,
764,2_WhatsApp Image 2024-09-25 at 20_46_22 (1).jpeg,
765,2_WhatsApp Image 2024-09-25 at 20_46_22 (2).jpeg,
766,2_WhatsApp Image 2024-09-25 at 20_46_23 (1).jpeg,
767,2_WhatsApp Image 2024-09-25 at 20_58_18 (3).jpeg,
768,2_WhatsApp Image 2024-09-25 at 20_58_19 (1).jpeg,
769,2_WhatsApp Image 2024-09-25 at 20_58_19.jpeg,
770,2_WhatsApp Image 2024-09-25 at 20_58_20 (1).jpeg,
771,2_WhatsApp Image 2024-09-25 at 20_58_20 (2).jpeg,
772,2_WhatsApp Image 2024-09-25 at 20_58_21 (1).jpeg,
773,2_WhatsApp Image 2024-09-25 at 20_58_22 (1).jpeg,
774,2_WhatsApp Image 2024-09-25 at 20_58_22 (3).jpeg,
775,2_WhatsApp Image 2024-09-25 at 20_58_23.jpeg,
776,2_WhatsApp Image 2024-09-26 at 18_04_24 (1).jpeg,
777,2_WhatsApp Image 2024-09-26 at 18_31_09.jpeg,
778,2_WhatsApp Image 2024-09-26 at 18_31_31.jpeg,
779,2_WhatsApp Image 2024-09-26 at 18_31_34.jpeg,
780,2_WhatsApp Image 2024-09-26 at 18_31_35.jpeg,
781,2_WhatsApp Image 2024-09-26 at 18_31_37 (1).jpeg,
782,2_WhatsApp Image 2024-09-26 at 20_22_14 (1).jpeg,
783,2_WhatsApp Image 2024-09-27 at 19_45_46.jpeg,
784,2_WhatsApp Image 2024-09-30 at 18_52_43 (1).jpeg,
785,2_WhatsApp Image 2024-09-30 at 18_52_43.jpeg,
786,2_WhatsApp Image 2024-09-30 at 19_15_37 (1).jpeg,
787,2_WhatsApp Image 2024-09-30 at 19_15_39 (1).jpeg,
788,2_WhatsApp Image 2024-09-30 at 20_23_23.jpeg,
789,2_WhatsApp Image 2024-09-30 at 20_23_26 (1).jpeg,
790,2_WhatsApp Image 2024-09-30 at 20_23_28 (1).jpeg,
791,2_WhatsApp Image 2024-09-30 at 20_23_29 (1).jpeg,
792,2_WhatsApp Image 2024-10-01 at 18_10_50 (1).jpeg,
793,2_WhatsApp Image 2024-10-01 at 18_10_50.jpeg,
794,2_WhatsApp Image 2024-10-01 at 18_10_51 (1).jpeg,
795,2_WhatsApp Image 2024-10-01 at 18_10_55 (1).jpeg,
796,2_WhatsApp Image 2024-10-01 at 18_52_03 (1).jpeg,
797,2_WhatsApp Image 2024-10-01 at 18_52_03.jpeg,
798,2_WhatsApp Image 2024-10-01 at 20_35_01.jpeg,
799,2_WhatsApp Image 2024-10-01 at 20_35_02 (1).jpeg,
800,2_WhatsApp Image 2024-10-01 at 20_35_02 (2).jpeg,
801,2_WhatsApp Image 2024-10-01 at 20_35_02.jpeg,
802,2_WhatsApp Image 2024-10-03 at 17_04_38 (3).jpeg,
803,2_WhatsApp Image 2024-10-03 at 17_04_38.jpeg,
804,2_WhatsApp Image 2024-10-04 at 17_06_12.jpeg,
805,2_WhatsApp Image 2024-10-04 at 17_23_43 (2).jpeg,
806,2_WhatsApp Image 2024-10-04 at 17_23_47.jpeg,
807,2_WhatsApp Image 2024-10-04 at 17_50_50 (1).jpeg,
808,2_WhatsApp Image 2024-10-05 at 20_03_00.jpeg,
809,2_WhatsApp Image 2024-10-07 at 17_27_05 (1).jpeg,
810,2_WhatsApp Image 2024-10-07 at 18_50_32 (3).jpeg,
811,2_WhatsApp Image 2024-10-07 at 18_50_32.jpeg,
812,2_WhatsApp Image 2024-10-07 at 18_50_33 (2).jpeg,
813,2_WhatsApp Image 2024-10-08 at 18_10_01.jpeg,
814,2_WhatsApp Image 2024-10-08 at 18_10_03 (1).jpeg,
815,2_WhatsApp Image 2024-10-08 at 18_10_03 (2).jpeg,
816,2_WhatsApp Image 2024-10-08 at 18_10_03.jpeg,
817,2_WhatsApp Image 2024-10-08 at 18_10_06 (2).jpeg,
818,2_WhatsApp Image 2024-10-08 at 18_25_37 (2).jpeg,
819,2_WhatsApp Image 2024-10-09 at 17_27_13.jpeg,
820,2_WhatsApp Image 2024-10-09 at 19_52_31.jpeg,
821,2_WhatsApp Image 2024-10-10 at 18_06_08 (3).jpeg,
822,2_WhatsApp Image 2024-10-10 at 18_21_27 (2).jpeg,
823,2_WhatsApp Image 2024-10-11 at 19_32_44.jpeg,
824,2_WhatsApp Image 2024-10-11 at 19_32_45 (1).jpeg,
825,2_WhatsApp Image 2024-10-11 at 19_32_45.jpeg,
826,2_WhatsApp Image 2024-10-11 at 20_21_03 (1).jpeg,
827,2_WhatsApp Image 2024-10-11 at 21_25_44.jpeg,
828,2_WhatsApp Image 2024-10-11 at 21_37_56.jpeg,
829,2_WhatsApp Image 2024-10-12 at 14_45_43 (1).jpeg,
830,2_WhatsApp Image 2024-10-13 at 17_17_28.jpeg,
831,2_WhatsApp Image 2024-10-13 at 17_17_29 (1).jpeg,
832,2_WhatsApp Image 2024-10-13 at 17_17_29 (2).jpeg,
833,2_WhatsApp Image 2024-10-13 at 17_17_29.jpeg,
834,2_WhatsApp Image 2024-10-14 at 19_05_25.jpeg,
835,2_WhatsApp Image 2024-10-14 at 19_05_27.jpeg,
836,2_WhatsApp Image 2024-10-14 at 19_05_33.jpeg,
837,2_WhatsApp Image 2024-10-14 at 19_05_36.jpeg,
838,2_WhatsApp Image 2024-10-14 at 20_21_10 (1).jpeg,
839,2_WhatsApp Image 2024-10-14 at 20_21_10 (2).jpeg,
840,2_WhatsApp Image 2024-10-14 at 20_21_11 (1).jpeg,
841,2_WhatsApp Image 2024-10-14 at 20_21_11.jpeg,
842,2_WhatsApp Image 2024-10-14 at 20_21_12 (1).jpeg,
843,2_WhatsApp Image 2024-10-14 at 20_21_12 (2).jpeg,
844,2_WhatsApp Image 2024-10-14 at 20_21_13.jpeg,
845,2_WhatsApp Image 2024-10-14 at 20_43_26 (1).jpeg,
846,2_WhatsApp Image 2024-10-14 at 20_43_26 (2).jpeg,
847,2_WhatsApp Image 2024-10-14 at 20_43_26.jpeg,
848,2_WhatsApp Image 2024-10-15 at 18_08_59 (1).jpeg,
849,2_WhatsApp Image 2024-10-15 at 18_08_59.jpeg,
850,2_WhatsApp Image 2024-10-15 at 20_17_03.jpeg,
851,2_WhatsApp Image 2024-10-15 at 20_43_20.jpeg,
852,2_WhatsApp Image 2024-10-15 at 20_44_33.jpeg,
853,2_WhatsApp Image 2024-10-15 at 21_01_28 (1).jpeg,
854,2_WhatsApp Image 2024-10-16 at 16_59_51 (1).jpeg,
855,2_WhatsApp Image 2024-10-16 at 16_59_53.jpeg,
856,2_WhatsApp Image 2024-10-17 at 20_55_07 (1).jpeg,
857,2_WhatsApp Image 2024-10-17 at 20_55_07.jpeg,
858,2_WhatsApp Image 2024-10-17 at 20_55_08 (1).jpeg,
859,2_WhatsApp Image 2024-10-17 at 20_55_08.jpeg,
860,2_WhatsApp Image 2024-10-17 at 20_55_13.jpeg,
861,2_WhatsApp Image 2024-10-17 at 21_15_32 (1).jpeg,
862,2_WhatsApp Image 2024-10-17 at 21_15_32 (2).jpeg,
863,2_WhatsApp Image 2024-10-18 at 17_51_43 (1).jpeg,
864,2_WhatsApp Image 2024-10-18 at 17_51_45 (3).jpeg,
865,2_WhatsApp Image 2024-10-18 at 19_45_22 (2).jpeg,
866,2_WhatsApp Image 2024-10-18 at 22_26_25 (2).jpeg,
867,2_WhatsApp Image 2024-10-18 at 22_26_27.jpeg,
868,2_WhatsApp Image 2024-10-18 at 22_29_57 (1).jpeg,
869,2_WhatsApp Image 2024-10-18 at 22_29_57 (2).jpeg,
870,2_WhatsApp Image 2024-10-18 at 22_29_58 (1).jpeg,
871,2_WhatsApp Image 2024-10-18 at 22_29_58.jpeg,
872,2_WhatsApp Image 2024-10-18 at 22_39_38.jpeg,
873,2_WhatsApp Image 2024-10-21 at 20_01_50.jpeg,
874,2_WhatsApp Image 2024-10-21 at 20_01_51 (1).jpeg,
875,2_WhatsApp Image 2024-10-21 at 20_01_51.jpeg,
876,2_WhatsApp Image 2024-10-21 at 21_09_27 (1).jpeg,
877,2_WhatsApp Image 2024-10-21 at 21_09_27.jpeg,
878,2_WhatsApp Image 2024-10-22 at 19_53_43 (2).jpeg,
879,2_WhatsApp Image 2024-10-22 at 19_53_44 (1).jpeg,
880,2_WhatsApp Image 2024-10-22 at 19_53_44.jpeg,
881,2_WhatsApp Image 2024-10-22 at 19_53_45.jpeg,
882,2_WhatsApp Image 2024-10-22 at 19_53_46 (1).jpeg,
883,2_WhatsApp Image 2024-10-22 at 19_53_46 (2).jpeg,
884,2_WhatsApp Image 2024-10-22 at 19_53_47 (1).jpeg,
885,2_WhatsApp Image 2024-10-22 at 19_53_47.jpeg,
886,2_WhatsApp Image 2024-10-22 at 19_53_48 (1).jpeg,
887,2_WhatsApp Image 2024-10-22 at 19_53_48 (2).jpeg,
888,2_WhatsApp Image 2024-10-22 at 19_53_48.jpeg,
889,2_WhatsApp Image 2024-10-23 at 18_44_46 (2).jpeg,
890,2_WhatsApp Image 2024-10-23 at 18_44_48 (1).jpeg,
891,2_WhatsApp Image 2024-10-23 at 18_44_51 (1).jpeg,
892,2_WhatsApp Image 2024-10-23 at 18_44_52.jpeg,
893,2_WhatsApp Image 2024-10-23 at 20_54_43 (1).jpeg,
894,2_WhatsApp Image 2024-10-23 at 20_54_44.jpeg,
895,2_WhatsApp Image 2024-10-25 at 17_48_23 (2).jpeg,
896,2_WhatsApp Image 2024-10-29 at 19_23_50.jpeg,
897,2_WhatsApp Image 2024-10-29 at 19_55_15 (1).jpeg,
898,2_WhatsApp Image 2024-10-29 at 19_55_17.jpeg,
899,2_WhatsApp Image 2024-10-31 at 17_26_24 (1).jpeg,
900,2_WhatsApp Image 2024-10-31 at 17_26_24.jpeg,
901,2_WhatsApp Image 2024-10-31 at 17_26_25 (1).jpeg,
902,2_WhatsApp Image 2024-10-31 at 17_26_25 (2).jpeg,
903,2_WhatsApp Image 2024-11-02 at 19_08_07.jpeg,
904,2_WhatsApp Image 2024-11-04 at 17_30_22 (1).jpeg,
905,2_WhatsApp Image 2024-11-04 at 19_29_40.jpeg,
906,2_WhatsApp Image 2024-11-04 at 19_29_42.jpeg,
907,2_WhatsApp Image 2024-11-04 at 19_29_46 (2).jpeg,
908,2_WhatsApp Image 2024-11-05 at 18_06_54 (2).jpeg,
909,2_WhatsApp Image 2024-11-05 at 20_01_53 (3).jpeg,
910,2_WhatsApp Image 2024-11-05 at 20_11_14.jpeg,
911,2_WhatsApp Image 2024-11-05 at 20_11_17.jpeg,
912,2_WhatsApp Image 2024-11-06 at 18_34_05 (4).jpeg,
913,2_WhatsApp Image 2024-11-06 at 19_01_30 (1).jpeg,
914,2_WhatsApp Image 2024-11-07 at 17_33_21 (3).jpeg,
915,2_WhatsApp Image 2024-11-07 at 18_39_55 (2).jpeg,
916,2_WhatsApp Image 2024-11-07 at 18_39_56 (1).jpeg,
917,2_WhatsApp Image 2024-11-07 at 18_39_56 (2).jpeg,
918,2_WhatsApp Image 2024-11-07 at 18_39_56.jpeg,
919,2_WhatsApp Image 2024-11-08 at 18_06_46 (1).jpeg,
920,2_WhatsApp Image 2024-11-11 at 17_42_59 (3).jpeg,
921,2_WhatsApp Image 2024-11-12 at 17_38_41 (4).jpeg,
922,2_WhatsApp Image 2024-11-12 at 18_13_12 (1).jpeg,
923,2_WhatsApp Image 2024-11-13 at 19_33_14.jpeg,
924,2_WhatsApp Image 2024-11-13 at 19_33_16.jpeg,
925,2_WhatsApp Image 2024-11-13 at 19_33_23.jpeg,
926,2_WhatsApp Image 2024-11-13 at 19_33_27.jpeg,
927,2_WhatsApp Image 2024-11-14 at 19_04_41.jpeg,
928,2_WhatsApp Image 2024-11-14 at 20_08_44 (1).jpeg,
929,2_WhatsApp Image 2024-11-15 at 17_54_08 (2).jpeg,
930,2_WhatsApp Image 2024-11-15 at 20_48_42 (1).jpeg,
931,2_WhatsApp Image 2024-11-18 at 19_25_46.jpeg,
932,2_WhatsApp Image 2024-11-18 at 20_39_35.jpeg,
933,2_WhatsApp Image 2024-11-19 at 19_31_13.jpeg,
934,2_WhatsApp Image 2024-11-21 at 20_02_58.jpeg,
935,2_WhatsApp Image 2024-11-21 at 20_03_00.jpeg,
936,2_WhatsApp Image 2024-11-21 at 20_28_01.jpeg,
937,2_WhatsApp Image 2024-11-23 at 19_06_42.jpeg,
938,2_WhatsApp Image 2024-11-26 at 19_58_10 (2).jpeg,
939,2_WhatsApp Image 2024-11-27 at 20_06_05.jpeg,
940,2_WhatsApp Image 2024-11-27 at 20_06_43 (1).jpeg,
941,2_WhatsApp Image 2024-11-27 at 20_06_46.jpeg,
942,2_WhatsApp Image 2024-12-06 at 20_15_38.jpeg,
943,2_WhatsApp Image 2024-12-10 at 22_49_24 (1).jpeg,
944,3_IMG-20240813-WA0036.jpg,
945,3_IMG-20240911-WA0030.jpg,
946,3_IMG-20240911-WA0035.jpg,
947,3_IMG-20240911-WA0091.jpg,
948,3_IMG-20240911-WA0092.jpg,
949,3_IMG-20240911-WA0093.jpg,
950,3_IMG-20240911-WA0095.jpg,
951,3_IMG-20240911-WA0104.jpg,
952,3_WhatsApp Image 2024-08-28 at 18_11_21 (1).jpeg,
953,3_WhatsApp Image 2024-08-30 at 19_09_22 (1).jpeg,
954,3_WhatsApp Image 2024-08-30 at 19_09_24.jpeg,
955,3_WhatsApp Image 2024-09-02 at 20_33_49.jpeg,
956,3_WhatsApp Image 2024-09-02 at 20_33_50.jpeg,
957,3_WhatsApp Image 2024-09-02 at 21_21_41.jpeg,
958,3_WhatsApp Image 2024-09-02 at 21_21_48.jpeg,
959,3_WhatsApp Image 2024-09-03 at 19_12_44 (1).jpeg,
960,3_WhatsApp Image 2024-09-03 at 19_12_44.jpeg,
961,3_WhatsApp Image 2024-09-04 at 17_11_24.jpeg,
962,3_WhatsApp Image 2024-09-04 at 17_11_25 (1).jpeg,
963,3_WhatsApp Image 2024-09-04 at 18_10_42 (2).jpeg,
964,3_WhatsApp Image 2024-09-04 at 18_10_42 (3).jpeg,
965,3_WhatsApp Image 2024-09-04 at 22_33_37 (1).jpeg,
966,3_WhatsApp Image 2024-09-10 at 19_48_43.jpeg,
967,3_WhatsApp Image 2024-09-10 at 19_48_49 (1).jpeg,
968,3_WhatsApp Image 2024-09-10 at 19_48_49 (2).jpeg,
969,3_WhatsApp Image 2024-09-10 at 19_48_50.jpeg,
970,3_WhatsApp Image 2024-09-10 at 19_48_51 (2).jpeg,
971,3_WhatsApp Image 2024-09-10 at 20_52_51 (2).jpeg,
972,3_WhatsApp Image 2024-09-11 at 20_09_43.jpeg,
973,3_WhatsApp Image 2024-09-11 at 20_09_44 (2).jpeg,
974,3_WhatsApp Image 2024-09-11 at 20_09_44.jpeg,
975,3_WhatsApp Image 2024-09-14 at 14_56_28 (1).jpeg,
976,3_WhatsApp Image 2024-09-14 at 14_56_29 (2).jpeg,
977,3_WhatsApp Image 2024-09-16 at 17_04_05 (2).jpeg,
978,3_WhatsApp Image 2024-09-17 at 17_13_44.jpeg,
979,3_WhatsApp Image 2024-09-18 at 17_29_43.jpeg,
980,3_WhatsApp Image 2024-09-18 at 18_18_06.jpeg,
981,3_WhatsApp Image 2024-09-18 at 18_18_07.jpeg,
982,3_WhatsApp Image 2024-09-18 at 18_18_08.jpeg,
983,3_WhatsApp Image 2024-09-18 at 18_18_10.jpeg,
984,3_WhatsApp Image 2024-09-19 at 11_43_13 (1).jpeg,
985,3_WhatsApp Image 2024-09-19 at 11_43_14.jpeg,
986,3_WhatsApp Image 2024-09-19 at 19_22_40 (1).jpeg,
987,3_WhatsApp Image 2024-09-20 at 19_36_23 (1).jpeg,
988,3_WhatsApp Image 2024-09-20 at 21_01_50.jpeg,
989,3_WhatsApp Image 2024-09-20 at 21_01_51.jpeg,
990,3_WhatsApp Image 2024-09-23 at 22_01_55 (1).jpeg,
991,3_WhatsApp Image 2024-09-25 at 20_58_22 (3).jpeg,
992,3_WhatsApp Image 2024-09-26 at 18_31_35.jpeg,
993,3_WhatsApp Image 2024-10-01 at 18_10_50 (1).jpeg,
994,3_WhatsApp Image 2024-10-01 at 18_52_03 (1).jpeg,
995,3_WhatsApp Image 2024-10-01 at 18_52_03.jpeg,
996,3_WhatsApp Image 2024-10-04 at 17_50_50 (1).jpeg,
997,3_WhatsApp Image 2024-10-14 at 20_21_13.jpeg,
998,3_WhatsApp Image 2024-10-16 at 16_59_51 (1).jpeg,
999,3_WhatsApp Image 2024-10-22 at 19_53_44.jpeg,
1000,3_WhatsApp Image 2024-10-22 at 19_53_47 (1).jpeg,
1001,3_WhatsApp Image 2024-10-22 at 19_53_47.jpeg,
1002,3_WhatsApp Image 2024-10-22 at 19_53_48 (1).jpeg,
1003,3_WhatsApp Image 2024-10-22 at 19_53_48 (2).jpeg,
1004,3_WhatsApp Image 2024-10-22 at 19_53_48.jpeg,
1005,3_WhatsApp Image 2024-11-05 at 18_06_54 (2).jpeg,
1006,3_WhatsApp Image 2024-11-05 at 20_11_14.jpeg,
1007,3_WhatsApp Image 2024-11-07 at 18_39_55 (2).jpeg,
1008,3_WhatsApp Image 2024-11-07 at 18_39_56.jpeg,
1009,3_WhatsApp Image 2024-11-13 at 19_33_27.jpeg,
1010,3_WhatsApp Image 2024-11-21 at 20_02_58.jpeg,
1011,4_IMG-20240911-WA0104.jpg,
1012,4_WhatsApp Image 2024-09-02 at 20_33_49.jpeg,
1013,4_WhatsApp Image 2024-09-04 at 17_11_25 (1).jpeg,
1014,4_WhatsApp Image 2024-09-11 at 20_09_44.jpeg,
1015,4_WhatsApp Image 2024-09-18 at 17_29_43.jpeg,
1016,4_WhatsApp Image 2024-09-19 at 11_43_13 (1).jpeg,
1017,4_WhatsApp Image 2024-09-19 at 11_43_14.jpeg,
1018,4_WhatsApp Image 2024-09-19 at 19_22_40 (1).jpeg,
1019,4_WhatsApp Image 2024-10-01 at 18_10_50 (1).jpeg,
1020,4_WhatsApp Image 2024-10-16 at 16_59_51 (1).jpeg,
1021,4_WhatsApp Image 2024-11-05 at 20_11_14.jpeg,
1022,4_WhatsApp Image 2024-11-07 at 18_39_55 (2).jpeg,
1023,4_WhatsApp Image 2024-11-07 at 18_39_56.jpeg,
1024,5_WhatsApp Image 2024-09-02 at 20_33_49.jpeg,
1025,5_WhatsApp Image 2024-11-05 at 20_11_14.jpeg,
1026,6_WhatsApp Image 2024-11-05 at 20_11_14.jpeg,
1027,7_WhatsApp Image 2024-11-05 at 20_11_14.jpeg,
1028,9991721975714000.jpg,
1029,CLP20417A-P1-B00_FCPs.geojson,
1030,CLP20417A-P1-B00_Trenches.geojson,
1031,data.txt,
1032,Ð Ð·Ð¾Ð±Ñ Ð°Ð¶ÐµÐ½Ð¸Ðµ WhatsApp 2024-08-20 Ð² 17_22_32_d12f614d.jpg,
1033,Ð Ð·Ð¾Ð±Ñ Ð°Ð¶ÐµÐ½Ð¸Ðµ WhatsApp 2024-08-22 Ð² 19_11_26_91a8f489.jpg,
1034,IMG-20240722-WA0011.jpg,
1035,IMG-20240723-WA0028 — копия.jpg,
1036,IMG-20240723-WA0032 — копия.jpg,
1037,IMG-20240723-WA0033 — копия.jpg,
1038,IMG-20240725-WA0012 — копия.jpg,
1039,IMG-20240726-WA0021.jpg,
1040,IMG-20240726-WA0022.jpg,
1041,IMG-20240726-WA0023.jpg,
1042,IMG-20240726-WA0024.jpg,
1043,IMG-20240726-WA0025.jpg,
1044,IMG-20240729-WA0005.jpg,
1045,IMG-20240729-WA0007.jpg,
1046,IMG-20240729-WA0009.jpg,
1047,IMG-20240729-WA0010.jpg,
1048,IMG-20240730-WA0005.jpg,
1049,IMG-20240730-WA0006.jpg,
1050,IMG-20240730-WA0026.jpg,
1051,IMG-20240730-WA0029.jpg,
1052,IMG-20240731-WA0014.jpg,
1053,IMG-20240731-WA0015.jpg,
1054,IMG-20240731-WA0031.jpg,
1055,IMG-20240731-WA0032.jpg,
1056,IMG-20240731-WA0033.jpg,
1057,IMG-20240731-WA0034.jpg,
1058,IMG-20240731-WA0035.jpg,
1059,IMG-20240731-WA0037.jpg,
1060,IMG-20240801-WA0019 — копия.jpg,
1061,IMG-20240801-WA0020 — копия.jpg,
1062,IMG-20240801-WA0021 — копия.jpg,
1063,IMG-20240801-WA0022 — копия.jpg,
1064,IMG-20240804-WA0020 — копия.jpg,
1065,IMG-20240805-WA0007 — копия.jpg,
1066,IMG-20240805-WA0041.jpg,
1067,IMG-20240806-WA0001 — копия.jpg,
1068,IMG-20240806-WA0002 — копия.jpg,
1069,IMG-20240806-WA0003 — копия.jpg,
1070,IMG-20240806-WA0005 — копия.jpg,
1071,IMG-20240806-WA0007 — копия.jpg,
1072,IMG-20240806-WA0008 — копия.jpg,
1073,IMG-20240807-WA0010 — копия.jpg,
1074,IMG-20240807-WA0011 — копия.jpg,
1075,IMG-20240807-WA0012 — копия.jpg,
1076,IMG-20240807-WA0013 — копия.jpg,
1077,IMG-20240807-WA0020 — копия.jpg,
1078,IMG-20240807-WA0026 — копия.jpg,
1079,IMG-20240808-WA0014.jpg,
1080,IMG-20240808-WA0017.jpg,
1081,IMG-20240808-WA0018.jpg,
1082,IMG-20240808-WA0021.jpg,
1083,IMG-20240808-WA0027.jpg,
1084,IMG-20240808-WA0028.jpg,
1085,IMG-20240808-WA0029.jpg,
1086,IMG-20240808-WA0031.jpg,
1087,IMG-20240809-WA0004.jpg,
1088,IMG-20240809-WA0005.jpg,
1089,IMG-20240809-WA0006.jpg,
1090,IMG-20240809-WA0007.jpg,
1091,IMG-20240809-WA0008.jpg,
1092,IMG-20240809-WA0009.jpg,
1093,IMG-20240809-WA0010.jpg,
1094,IMG-20240809-WA0011.jpg,
1095,IMG-20240809-WA0017.jpg,
1096,IMG-20240809-WA0019.jpg,
1097,IMG-20240809-WA0020.jpg,
1098,IMG-20240809-WA0021.jpg,
1099,IMG-20240809-WA0022.jpg,
1100,IMG-20240809-WA0026.jpg,
1101,IMG-20240809-WA0029.jpg,
1102,IMG-20240809-WA0031.jpg,
1103,IMG-20240809-WA0047.jpg,
1104,IMG-20240810-WA0005.jpg,
1105,IMG-20240810-WA0006.jpg,
1106,IMG-20240810-WA0007.jpg,
1107,IMG-20240810-WA0008.jpg,
1108,IMG-20240810-WA0009.jpg,
1109,IMG-20240810-WA0010.jpg,
1110,IMG-20240810-WA0011.jpg,
1111,IMG-20240810-WA0017.jpg,
1112,IMG-20240810-WA0018.jpg,
1113,IMG-20240810-WA0019.jpg,
1114,IMG-20240810-WA0020.jpg,
1115,IMG-20240810-WA0021.jpg,
1116,IMG-20240810-WA0022.jpg,
1117,IMG-20240813-WA0001.jpg,
1118,IMG-20240813-WA0002.jpg,
1119,IMG-20240813-WA0003.jpg,
1120,IMG-20240813-WA0004.jpg,
1121,IMG-20240813-WA0005.jpg,
1122,IMG-20240813-WA0006.jpg,
1123,IMG-20240813-WA0007.jpg,
1124,IMG-20240813-WA0019.jpg,
1125,IMG-20240813-WA0020.jpg,
1126,IMG-20240813-WA0021.jpg,
1127,IMG-20240813-WA0022.jpg,
1128,IMG-20240813-WA0026.jpg,
1129,IMG-20240813-WA0027.jpg,
1130,IMG-20240813-WA0032.jpg,
1131,IMG-20240813-WA0033.jpg,
1132,IMG-20240813-WA0038.jpg,
1133,IMG-20240813-WA0043.jpg,
1134,IMG-20240813-WA0045.jpg,
1135,IMG-20240813-WA0047.jpg,
1136,IMG-20240813-WA0048.jpg,
1137,IMG-20240813-WA0049.jpg,
1138,IMG-20240813-WA0051.jpg,
1139,IMG-20240814-WA0012.jpg,
1140,IMG-20240814-WA0021.jpg,
1141,IMG-20240814-WA0023.jpg,
1142,IMG-20240814-WA0026.jpg,
1143,IMG-20240814-WA0036.jpg,
1144,IMG-20240814-WA0038.jpg,
1145,IMG-20240814-WA0039.jpg,
1146,IMG-20240814-WA0040.jpg,
1147,IMG-20240814-WA0041.jpg,
1148,IMG-20240814-WA0042.jpg,
1149,IMG-20240814-WA0044.jpg,
1150,IMG-20240814-WA0047.jpg,
1151,IMG-20240814-WA0049.jpg,
1152,IMG-20240814-WA0050.jpg,
1153,IMG-20240814-WA0051.jpg,
1154,IMG-20240814-WA0055.jpg,
1155,IMG-20240814-WA0056.jpg,
1156,IMG-20240814-WA0057.jpg,
1157,IMG-20240814-WA0058.jpg,
1158,IMG-20240814-WA0059.jpg,
1159,IMG-20240814-WA0060.jpg,
1160,IMG-20240814-WA0061.jpg,
1161,IMG-20240814-WA0062.jpg,
1162,IMG-20240814-WA0063.jpg,
1163,IMG-20240814-WA0064.jpg,
1164,IMG-20240814-WA0065.jpg,
1165,IMG-20240814-WA0067.jpg,
1166,IMG-20240814-WA0068.jpg,
1167,IMG-20240814-WA0069.jpg,
1168,IMG-20240816-WA0029.jpg,
1169,IMG-20240816-WA0030.jpg,
1170,IMG-20240816-WA0031.jpg,
1171,IMG-20240816-WA0033.jpg,
1172,IMG-20240816-WA0034.jpg,
1173,IMG-20240816-WA0035.jpg,
1174,IMG-20240816-WA0036.jpg,
1175,IMG-20240816-WA0037.jpg,
1176,IMG-20240816-WA0038.jpg,
1177,IMG-20240816-WA0039.jpg,
1178,IMG-20240816-WA0040.jpg,
1179,IMG-20240816-WA0042.jpg,
1180,IMG-20240816-WA0044.jpg,
1181,IMG-20240816-WA0046.jpg,
1182,IMG-20240816-WA0048.jpg,
1183,IMG-20240816-WA0049.jpg,
1184,IMG-20240816-WA0050.jpg,
1185,IMG-20240816-WA0059.jpg,
1186,IMG-20240816-WA0060.jpg,
1187,IMG-20240816-WA0061.jpg,
1188,IMG-20240816-WA0062.jpg,
1189,IMG-20240816-WA0063.jpg,
1190,IMG-20240816-WA0066.jpg,
1191,IMG-20240816-WA0069.jpg,
1192,IMG-20240816-WA0070.jpg,
1193,IMG-20240816-WA0071.jpg,
1194,IMG-20240817-WA0002.jpg,
1195,IMG-20240817-WA0003.jpg,
1196,IMG-20240817-WA0004 (1).jpg,
1197,IMG-20240817-WA0004.jpg,
1198,IMG-20240817-WA0005.jpg,
1199,IMG-20240817-WA0007.jpg,
1200,IMG-20240817-WA0008.jpg,
1201,IMG-20240817-WA0009.jpg,
1202,IMG-20240817-WA0010.jpg,
1203,IMG-20240817-WA0011.jpg,
1204,IMG-20240818-WA0003.jpg,
1205,IMG-20240818-WA0008.jpg,
1206,IMG-20240818-WA0009.jpg,
1207,IMG-20240818-WA0010.jpg,
1208,IMG-20240818-WA0011.jpg,
1209,IMG-20240818-WA0012.jpg,
1210,IMG-20240818-WA0014 (1).jpg,
1211,IMG-20240818-WA0017.jpg,
1212,IMG-20240819-WA0010.jpg,
1213,IMG-20240819-WA0011.jpg,
1214,IMG-20240819-WA0012.jpg,
1215,IMG-20240819-WA0013.jpg,
1216,IMG-20240819-WA0014.jpg,
1217,IMG-20240819-WA0015.jpg,
1218,IMG-20240819-WA0016.jpg,
1219,IMG-20240819-WA0017.jpg,
1220,IMG-20240819-WA0018.jpg,
1221,IMG-20240819-WA0019.jpg,
1222,IMG-20240819-WA0020.jpg,
1223,IMG-20240819-WA0021.jpg,
1224,IMG-20240819-WA0040.jpg,
1225,IMG-20240819-WA0042.jpg,
1226,IMG-20240820-WA0025.jpg,
1227,IMG-20240820-WA0027.jpg,
1228,IMG-20240820-WA0028.jpg,
1229,IMG-20240820-WA0029.jpg,
1230,IMG-20240820-WA0031.jpg,
1231,IMG-20240820-WA0033.jpg,
1232,IMG-20240820-WA0034.jpg,
1233,IMG-20240820-WA0035.jpg,
1234,IMG-20240821-WA0025.jpg,
1235,IMG-20240821-WA0028.jpg,
1236,IMG-20240821-WA0034.jpg,
1237,IMG-20240821-WA0036.jpg,
1238,IMG-20240821-WA0037.jpg,
1239,IMG-20240821-WA0039.jpg,
1240,IMG-20240821-WA0040.jpg,
1241,IMG-20240821-WA0042.jpg,
1242,IMG-20240821-WA0044.jpg,
1243,IMG-20240821-WA0054.jpg,
1244,IMG-20240821-WA0055.jpg,
1245,IMG-20240821-WA0057.jpg,
1246,IMG-20240821-WA0058.jpg,
1247,IMG-20240821-WA0059.jpg,
1248,IMG-20240821-WA0062.jpg,
1249,IMG-20240822-WA0001.jpg,
1250,IMG-20240822-WA0002.jpg,
1251,IMG-20240822-WA0003.jpg,
1252,IMG-20240822-WA0006.jpg,
1253,IMG-20240822-WA0007.jpg,
1254,IMG-20240822-WA0008.jpg,
1255,IMG-20240822-WA0009.jpg,
1256,IMG-20240822-WA0016.jpg,
1257,IMG-20240822-WA0017 — копия.jpg,
1258,IMG-20240822-WA0020.jpg,
1259,IMG-20240822-WA0021 — копия.jpg,
1260,IMG-20240822-WA0022 — копия.jpg,
1261,IMG-20240822-WA0023 — копия.jpg,
1262,IMG-20240822-WA0024 — копия.jpg,
1263,IMG-20240822-WA0025 — копия.jpg,
1264,IMG-20240822-WA0026 — копия.jpg,
1265,IMG-20240822-WA0027 — копия.jpg,
1266,IMG-20240822-WA0028 — копия.jpg,
1267,IMG-20240822-WA0029 — копия.jpg,
1268,IMG-20240822-WA0030.jpg,
1269,IMG-20240822-WA0030 — копия.jpg,
1270,IMG-20240822-WA0031 — копия.jpg,
1271,IMG-20240822-WA0032 — копия.jpg,
1272,IMG-20240822-WA0033 — копия.jpg,
1273,IMG-20240822-WA0034 — копия.jpg,
1274,IMG-20240822-WA0035 — копия.jpg,
1275,IMG-20240822-WA0036 — копия.jpg,
1276,IMG-20240822-WA0037 — копия.jpg,
1277,IMG-20240822-WA0038 — копия.jpg,
1278,IMG-20240822-WA0039 — копия.jpg,
1279,IMG-20240822-WA0040 — копия.jpg,
1280,IMG-20240822-WA0044.jpg,
1281,IMG-20240822-WA0045.jpg,
1282,IMG-20240822-WA0046.jpg,
1283,IMG-20240822-WA0047.jpg,
1284,IMG-20240822-WA0048.jpg,
1285,IMG-20240822-WA0056.jpg,
1286,IMG-20240822-WA0092.jpg,
1287,IMG-20240822-WA0093.jpg,
1288,IMG-20240822-WA0094.jpg,
1289,IMG-20240822-WA0095.jpg,
1290,IMG-20240822-WA0096.jpg,
1291,IMG-20240822-WA0098.jpg,
1292,IMG-20240825-WA0088.jpg,
1293,IMG-20240825-WA0089.jpg,
1294,IMG-20240825-WA0090.jpg,
1295,IMG-20240825-WA0091.jpg,
1296,IMG-20240825-WA0092.jpg,
1297,IMG-20240825-WA0093.jpg,
1298,TimePhoto_20240810_123756.jpg,
1299,TimePhoto_20240810_123800.jpg,
1300,WhatsApp Image  (100).jpg,
1301,WhatsApp Image  (101).jpg,
1302,WhatsApp Image  (102).jpg,
1303,WhatsApp Image  (103).jpg,
1304,WhatsApp Image  (104).jpg,
1305,WhatsApp Image  (105).jpg,
1306,WhatsApp Image  (106).jpg,
1307,WhatsApp Image  (107).jpg,
1308,WhatsApp Image  (108).jpg,
1309,WhatsApp Image  (109).jpg,
1310,WhatsApp Image  (10).jpeg,
1311,WhatsApp Image  (10).jpg,
1312,WhatsApp Image  (110).jpg,
1313,WhatsApp Image  (111).jpg,
1314,WhatsApp Image  (112).jpg,
1315,WhatsApp Image  (113).jpg,
1316,WhatsApp Image  (114).jpg,
1317,WhatsApp Image  (115).jpg,
1318,WhatsApp Image  (116).jpg,
1319,WhatsApp Image  (117).jpg,
1320,WhatsApp Image  (118).jpg,
1321,WhatsApp Image  (119).jpg,
1322,WhatsApp Image  (11).jpeg,
1323,WhatsApp Image  (11).jpg,
1324,WhatsApp Image  (120).jpg,
1325,WhatsApp Image  (121).jpg,
1326,WhatsApp Image  (122).jpg,
1327,WhatsApp Image  (123).jpg,
1328,WhatsApp Image  (124).jpg,
1329,WhatsApp Image  (125).jpg,
1330,WhatsApp Image  (126).jpg,
1331,WhatsApp Image  (127).jpg,
1332,WhatsApp Image  (128).jpg,
1333,WhatsApp Image  (129).jpg,
1334,WhatsApp Image  (12).jpeg,
1335,WhatsApp Image  (12).jpg,
1336,WhatsApp Image  (130).jpg,
1337,WhatsApp Image  (131).jpg,
1338,WhatsApp Image  (132).jpg,
1339,WhatsApp Image  (133).jpg,
1340,WhatsApp Image  (134).jpg,
1341,WhatsApp Image  (135).jpg,
1342,WhatsApp Image  (136).jpg,
1343,WhatsApp Image  (137).jpg,
1344,WhatsApp Image  (138).jpg,
1345,WhatsApp Image  (139).jpg,
1346,WhatsApp Image  (13).jpeg,
1347,WhatsApp Image  (13).jpg,
1348,WhatsApp Image  (140).jpg,
1349,WhatsApp Image  (141).jpg,
1350,WhatsApp Image  (142).jpg,
1351,WhatsApp Image  (143).jpg,
1352,WhatsApp Image  (144).jpg,
1353,WhatsApp Image  (145).jpg,
1354,WhatsApp Image  (146).jpg,
1355,WhatsApp Image  (147).jpg,
1356,WhatsApp Image  (148).jpg,
1357,WhatsApp Image  (149).jpg,
1358,WhatsApp Image  (14).jpeg,
1359,WhatsApp Image  (14).jpg,
1360,WhatsApp Image  (150).jpg,
1361,WhatsApp Image  (151).jpg,
1362,WhatsApp Image  (152).jpg,
1363,WhatsApp Image  (153).jpg,
1364,WhatsApp Image  (154).jpg,
1365,WhatsApp Image  (155).jpg,
1366,WhatsApp Image  (156).jpg,
1367,WhatsApp Image  (157).jpg,
1368,WhatsApp Image  (158).jpg,
1369,WhatsApp Image  (159).jpg,
1370,WhatsApp Image  (15).jpeg,
1371,WhatsApp Image  (15).jpg,
1372,WhatsApp Image  (160).jpg,
1373,WhatsApp Image  (161).jpg,
1374,WhatsApp Image  (162).jpg,
1375,WhatsApp Image  (163).jpg,
1376,WhatsApp Image  (164).jpg,
1377,WhatsApp Image  (165).jpg,
1378,WhatsApp Image  (166).jpg,
1379,WhatsApp Image  (167).jpg,
1380,WhatsApp Image  (168).jpg,
1381,WhatsApp Image  (169).jpg,
1382,WhatsApp Image  (16).jpeg,
1383,WhatsApp Image  (16).jpg,
1384,WhatsApp Image  (170).jpg,
1385,WhatsApp Image  (171).jpg,
1386,WhatsApp Image  (172).jpg,
1387,WhatsApp Image  (173).jpg,
1388,WhatsApp Image  (174).jpg,
1389,WhatsApp Image  (175).jpg,
1390,WhatsApp Image  (176).jpg,
1391,WhatsApp Image  (177).jpg,
1392,WhatsApp Image  (178).jpg,
1393,WhatsApp Image  (179).jpg,
1394,WhatsApp Image  (17).jpeg,
1395,WhatsApp Image  (17).jpg,
1396,WhatsApp Image  (180).jpg,
1397,WhatsApp Image  (181).jpg,
1398,WhatsApp Image  (182).jpg,
1399,WhatsApp Image  (183).jpg,
1400,WhatsApp Image  (184).jpg,
1401,WhatsApp Image  (185).jpg,
1402,WhatsApp Image  (186).jpg,
1403,WhatsApp Image  (187).jpg,
1404,WhatsApp Image  (188).jpg,
1405,WhatsApp Image  (189).jpg,
1406,WhatsApp Image  (18).jpeg,
1407,WhatsApp Image  (18).jpg,
1408,WhatsApp Image  (190).jpg,
1409,WhatsApp Image  (191).jpg,
1410,WhatsApp Image  (192).jpg,
1411,WhatsApp Image  (193).jpg,
1412,WhatsApp Image  (194).jpg,
1413,WhatsApp Image  (195).jpg,
1414,WhatsApp Image  (196).jpg,
1415,WhatsApp Image  (197).jpg,
1416,WhatsApp Image  (198).jpg,
1417,WhatsApp Image  (199).jpg,
1418,WhatsApp Image  (19).jpeg,
1419,WhatsApp Image  (19).jpg,
1420,WhatsApp Image  (1).jpeg,
1421,WhatsApp Image  (1).jpg,
1422,WhatsApp Image  (1).png,
1423,WhatsApp Image  (200).jpg,
1424,WhatsApp Image  (201).jpg,
1425,WhatsApp Image 2024-08-20 at 22_27_27 (1).jpeg,
1426,WhatsApp Image 2024-08-20 at 22_27_27.jpeg,
1427,WhatsApp Image 2024-08-20 at 22_27_28.jpeg,
1428,WhatsApp Image 2024-08-20 at 22_27_29.jpeg,
1429,WhatsApp Image 2024-08-20 at 22_27_30 (1).jpeg,
1430,WhatsApp Image 2024-08-20 at 22_27_30.jpeg,
1431,WhatsApp Image 2024-08-20 at 22_27_31 (1).jpeg,
1432,WhatsApp Image 2024-08-20 at 22_27_31.jpeg,
1433,WhatsApp Image 2024-08-20 at 22_27_32 (1).jpeg,
1434,WhatsApp Image 2024-08-20 at 22_27_32.jpeg,
1435,WhatsApp Image 2024-08-20 at 22_28_34.jpeg,
1436,WhatsApp Image 2024-08-20 at 22_28_36.jpeg,
1437,WhatsApp Image 2024-08-20 at 22_28_37 (1).jpeg,
1438,WhatsApp Image 2024-08-20 at 22_28_37.jpeg,
1439,WhatsApp Image 2024-08-20 at 22_28_38 (1).jpeg,
1440,WhatsApp Image 2024-08-20 at 22_28_38.jpeg,
1441,WhatsApp Image 2024-08-21 at 09_36_36.jpeg,
1442,WhatsApp Image 2024-08-21 at 18_03_17 (1).jpeg,
1443,WhatsApp Image 2024-08-21 at 18_03_17.jpeg,
1444,WhatsApp Image 2024-08-21 at 18_03_27 (2).jpeg,
1445,WhatsApp Image 2024-08-23 at 14_19_44.jpeg,
1446,WhatsApp Image 2024-08-23 at 14_19_45.jpeg,
1447,WhatsApp Image 2024-08-23 at 18_16_39 (1).jpeg,
1448,WhatsApp Image 2024-08-23 at 18_16_39 (2).jpeg,
1449,WhatsApp Image 2024-08-23 at 18_16_39.jpeg,
1450,WhatsApp Image 2024-08-23 at 18_16_40.jpeg,
1451,WhatsApp Image 2024-08-23 at 18_16_41 (1).jpeg,
1452,WhatsApp Image 2024-08-23 at 18_16_41.jpeg,
1453,WhatsApp Image 2024-08-23 at 18_16_42 (1).jpeg,
1454,WhatsApp Image 2024-08-23 at 18_16_42.jpeg,
1455,WhatsApp Image 2024-08-23 at 18_16_44 (1).jpeg,
1456,WhatsApp Image 2024-08-23 at 18_16_44 (2).jpeg,
1457,WhatsApp Image 2024-08-23 at 18_16_44.jpeg,
1458,WhatsApp Image 2024-08-23 at 18_16_45.jpeg,
1459,WhatsApp Image 2024-08-23 at 18_16_49.jpeg,
1460,WhatsApp Image 2024-08-23 at 18_16_52 (1).jpeg,
1461,WhatsApp Image 2024-08-23 at 18_16_53.jpeg,
1462,WhatsApp Image 2024-08-23 at 18_16_56.jpeg,
1463,WhatsApp Image 2024-08-23 at 18_16_57 (1).jpeg,
1464,WhatsApp Image 2024-08-23 at 18_16_57.jpeg,
1465,WhatsApp Image 2024-08-23 at 18_30_37 (1).jpeg,
1466,WhatsApp Image 2024-08-23 at 18_30_37.jpeg,
1467,WhatsApp Image 2024-08-23 at 18_50_51.jpeg,
1468,WhatsApp Image 2024-08-23 at 18_50_52.jpeg,
1469,WhatsApp Image 2024-08-23 at 18_50_54 (1).jpeg,
1470,WhatsApp Image 2024-08-23 at 18_50_54 (2).jpeg,
1471,WhatsApp Image 2024-08-23 at 18_50_54.jpeg,
1472,WhatsApp Image 2024-08-23 at 18_50_55 (1).jpeg,
1473,WhatsApp Image 2024-08-23 at 18_50_55.jpeg,
1474,WhatsApp Image 2024-08-23 at 18_50_56 (1).jpeg,
1475,WhatsApp Image 2024-08-23 at 18_50_56 (2).jpeg,
1476,WhatsApp Image 2024-08-23 at 18_50_56.jpeg,
1477,WhatsApp Image 2024-08-23 at 19_10_41.jpeg,
1478,WhatsApp Image 2024-08-23 at 19_10_42.jpeg,
1479,WhatsApp Image 2024-08-23 at 19_10_43 (1).jpeg,
1480,WhatsApp Image 2024-08-23 at 19_10_43.jpeg,
1481,WhatsApp Image 2024-08-23 at 19_10_44.jpeg,
1482,WhatsApp Image 2024-08-23 at 19_13_02 (1).jpeg,
1483,WhatsApp Image 2024-08-23 at 19_13_02.jpeg,
1484,WhatsApp Image 2024-08-23 at 21_50_36 (1).jpeg,
1485,WhatsApp Image 2024-08-23 at 21_50_37 (2).jpeg,
1486,WhatsApp Image 2024-08-23 at 21_50_37.jpeg,
1487,WhatsApp Image 2024-08-23 at 21_50_40 (1).jpeg,
1488,WhatsApp Image 2024-08-23 at 21_50_41.jpeg,
1489,WhatsApp Image 2024-08-26 at 18_18_36 (1).jpeg,
1490,WhatsApp Image 2024-08-26 at 18_18_36.jpeg,
1491,WhatsApp Image 2024-08-26 at 18_18_43.jpeg,
1492,WhatsApp Image 2024-08-26 at 18_40_51.jpeg,
1493,WhatsApp Image 2024-08-26 at 18_40_52 (1).jpeg,
1494,WhatsApp Image 2024-08-26 at 18_40_52.jpeg,
1495,WhatsApp Image 2024-08-26 at 18_40_53 (1).jpeg,
1496,WhatsApp Image 2024-08-26 at 18_40_53.jpeg,
1497,WhatsApp Image 2024-08-26 at 18_40_54 (1).jpeg,
1498,WhatsApp Image 2024-08-26 at 18_40_54.jpeg,
1499,WhatsApp Image 2024-08-26 at 18_40_55 (1).jpeg,
1500,WhatsApp Image 2024-08-26 at 18_40_55.jpeg,
1501,WhatsApp Image 2024-08-26 at 18_40_56 (1).jpeg,
1502,WhatsApp Image 2024-08-26 at 18_40_56.jpeg,
1503,WhatsApp Image 2024-08-26 at 18_40_57 (1).jpeg,
1504,WhatsApp Image 2024-08-26 at 18_40_57 (2).jpeg,
1505,WhatsApp Image 2024-08-26 at 18_40_57.jpeg,
1506,WhatsApp Image 2024-08-26 at 18_40_58 (1).jpeg,
1507,WhatsApp Image 2024-08-26 at 18_40_58.jpeg,
1508,WhatsApp Image 2024-08-26 at 18_40_59 (1).jpeg,
1509,WhatsApp Image 2024-08-26 at 18_40_59.jpeg,
1510,WhatsApp Image 2024-08-26 at 18_41_00 (1).jpeg,
1511,WhatsApp Image 2024-08-26 at 18_41_00.jpeg,
1512,WhatsApp Image 2024-08-26 at 18_41_01 (1).jpeg,
1513,WhatsApp Image 2024-08-26 at 18_41_01 (2).jpeg,
1514,WhatsApp Image 2024-08-26 at 18_41_01.jpeg,
1515,WhatsApp Image 2024-08-26 at 18_41_02 (1).jpeg,
1516,WhatsApp Image 2024-08-26 at 18_41_02.jpeg,
1517,WhatsApp Image 2024-08-26 at 18_41_03 (1).jpeg,
1518,WhatsApp Image 2024-08-26 at 18_41_03.jpeg,
1519,WhatsApp Image 2024-08-26 at 18_41_04.jpeg,
1520,WhatsApp Image 2024-08-26 at 18_42_26.jpeg,
1521,WhatsApp Image 2024-08-26 at 18_42_27.jpeg,
1522,WhatsApp Image 2024-08-26 at 18_42_28.jpeg,
1523,WhatsApp Image 2024-08-26 at 20_50_35 (2).jpeg,
1524,WhatsApp Image 2024-08-26 at 20_50_35.jpeg,
1525,WhatsApp Image 2024-08-26 at 20_50_36 (1).jpeg,
1526,WhatsApp Image 2024-08-26 at 20_50_36 (2).jpeg,
1527,WhatsApp Image 2024-08-26 at 20_50_36.jpeg,
1528,WhatsApp Image 2024-08-26 at 20_50_39 (1).jpeg,
1529,WhatsApp Image 2024-08-26 at 20_50_39 (2).jpeg,
1530,WhatsApp Image 2024-08-26 at 20_50_39 (3).jpeg,
1531,WhatsApp Image 2024-08-26 at 20_50_39.jpeg,
1532,WhatsApp Image 2024-08-26 at 20_50_40.jpeg,
1533,WhatsApp Image 2024-08-27 at 18_01_32.jpeg,
1534,WhatsApp Image 2024-08-27 at 18_01_36.jpeg,
1535,WhatsApp Image 2024-08-27 at 18_01_37.jpeg,
1536,WhatsApp Image 2024-08-27 at 18_01_40 (1).jpeg,
1537,WhatsApp Image 2024-08-27 at 18_01_40.jpeg,
1538,WhatsApp Image 2024-08-27 at 18_01_41.jpeg,
1539,WhatsApp Image 2024-08-27 at 18_01_42 (1).jpeg,
1540,WhatsApp Image 2024-08-27 at 18_01_42 (2).jpeg,
1541,WhatsApp Image 2024-08-27 at 18_01_42.jpeg,
1542,WhatsApp Image 2024-08-27 at 18_40_52 (1).jpeg,
1543,WhatsApp Image 2024-08-27 at 18_40_53 (1).jpeg,
1544,WhatsApp Image 2024-08-27 at 18_40_54 (1).jpeg,
1545,WhatsApp Image 2024-08-27 at 18_40_54.jpeg,
1546,WhatsApp Image 2024-08-27 at 18_40_55 (1).jpeg,
1547,WhatsApp Image 2024-08-27 at 18_40_56 (1).jpeg,
1548,WhatsApp Image 2024-08-27 at 18_40_58.jpeg,
1549,WhatsApp Image 2024-08-27 at 21_29_43 (1).jpeg,
1550,WhatsApp Image 2024-08-27 at 21_29_43 (2).jpeg,
1551,WhatsApp Image 2024-08-28 at 18_11_17 (1).jpeg,
1552,WhatsApp Image 2024-08-28 at 18_11_17.jpeg,
1553,WhatsApp Image 2024-08-28 at 18_11_20.jpeg,
1554,WhatsApp Image 2024-08-28 at 19_02_57 (1).jpeg,
1555,WhatsApp Image 2024-08-28 at 19_02_57.jpeg,
1556,WhatsApp Image 2024-08-28 at 19_02_58 (1).jpeg,
1557,WhatsApp Image 2024-08-28 at 19_02_58.jpeg,
1558,WhatsApp Image 2024-08-28 at 19_02_59 (1).jpeg,
1559,WhatsApp Image 2024-08-28 at 19_02_59.jpeg,
1560,WhatsApp Image 2024-08-28 at 19_03_00 (1).jpeg,
1561,WhatsApp Image 2024-08-28 at 19_03_00.jpeg,
1562,WhatsApp Image 2024-08-28 at 19_03_01 (1).jpeg,
1563,WhatsApp Image 2024-08-28 at 19_03_01.jpeg,
1564,WhatsApp Image 2024-08-28 at 19_03_02 (1).jpeg,
1565,WhatsApp Image 2024-08-28 at 19_03_02.jpeg,
1566,WhatsApp Image 2024-08-28 at 19_03_03 (1).jpeg,
1567,WhatsApp Image 2024-08-28 at 19_03_03 (2).jpeg,
1568,WhatsApp Image 2024-08-28 at 19_03_03.jpeg,
1569,WhatsApp Image 2024-08-28 at 19_03_05 (1).jpeg,
1570,WhatsApp Image 2024-08-28 at 19_03_05.jpeg,
1571,WhatsApp Image 2024-08-28 at 19_03_35 (1).jpeg,
1572,WhatsApp Image 2024-08-28 at 19_03_35.jpeg,
1573,WhatsApp Image 2024-08-28 at 19_03_36.jpeg,
1574,WhatsApp Image 2024-08-28 at 21_37_33.jpeg,
1575,WhatsApp Image 2024-08-29 at 17_42_01 (1).jpeg,
1576,WhatsApp Image 2024-08-29 at 17_42_03 (1).jpeg,
1577,WhatsApp Image 2024-08-29 at 17_42_03.jpeg,
1578,WhatsApp Image 2024-08-29 at 17_42_04 (1).jpeg,
1579,WhatsApp Image 2024-08-29 at 17_42_04.jpeg,
1580,WhatsApp Image 2024-08-29 at 17_42_05 (1).jpeg,
1581,WhatsApp Image 2024-08-29 at 17_42_05.jpeg,
1582,WhatsApp Image 2024-08-29 at 18_22_10.jpeg,
1583,WhatsApp Image 2024-08-29 at 18_22_11.jpeg,
1584,WhatsApp Image 2024-08-29 at 18_22_12.jpeg,
1585,WhatsApp Image 2024-08-29 at 18_22_13.jpeg,
1586,WhatsApp Image 2024-08-29 at 18_22_14 (1).jpeg,
1587,WhatsApp Image 2024-08-29 at 18_22_14.jpeg,
1588,WhatsApp Image 2024-08-29 at 18_22_15 (1).jpeg,
1589,WhatsApp Image 2024-08-29 at 18_22_15.jpeg,
1590,WhatsApp Image 2024-08-29 at 18_22_16.jpeg,
1591,WhatsApp Image 2024-08-29 at 18_22_17 (1).jpeg,
1592,WhatsApp Image 2024-08-29 at 18_22_17 (2).jpeg,
1593,WhatsApp Image 2024-08-29 at 18_22_17.jpeg,
1594,WhatsApp Image 2024-08-29 at 18_22_18 (1).jpeg,
1595,WhatsApp Image 2024-08-29 at 18_22_18.jpeg,
1596,WhatsApp Image 2024-08-29 at 18_22_19.jpeg,
1597,WhatsApp Image 2024-08-29 at 18_22_20 (1).jpeg,
1598,WhatsApp Image 2024-08-29 at 18_22_20.jpeg,
1599,WhatsApp Image 2024-08-29 at 18_22_21.jpeg,
1600,WhatsApp Image 2024-08-29 at 18_22_22 (1).jpeg,
1601,WhatsApp Image 2024-08-29 at 18_22_22.jpeg,
1602,WhatsApp Image 2024-08-29 at 18_22_25 (1).jpeg,
1603,WhatsApp Image 2024-08-29 at 18_22_26 (1).jpeg,
1604,WhatsApp Image 2024-08-29 at 18_22_26.jpeg,
1605,WhatsApp Image 2024-08-29 at 18_22_27.jpeg,
1606,WhatsApp Image 2024-08-29 at 18_22_28 (1).jpeg,
1607,WhatsApp Image 2024-08-29 at 18_22_28.jpeg,
1608,WhatsApp Image 2024-08-29 at 18_22_29.jpeg,
1609,WhatsApp Image 2024-08-29 at 19_29_01 (3).jpeg,
1610,WhatsApp Image 2024-08-29 at 19_29_02.jpeg,
1611,WhatsApp Image 2024-08-30 at 18_05_51.jpeg,
1612,WhatsApp Image 2024-08-30 at 18_05_52 (1).jpeg,
1613,WhatsApp Image 2024-08-30 at 18_05_52.jpeg,
1614,WhatsApp Image 2024-08-30 at 18_05_53 (1).jpeg,
1615,WhatsApp Image 2024-08-30 at 18_05_53 (2).jpeg,
1616,WhatsApp Image 2024-08-30 at 18_05_53.jpeg,
1617,WhatsApp Image 2024-08-30 at 18_05_54 (1).jpeg,
1618,WhatsApp Image 2024-08-30 at 18_05_54.jpeg,
1619,WhatsApp Image 2024-08-30 at 18_05_55 (1).jpeg,
1620,WhatsApp Image 2024-08-30 at 18_05_55 (2).jpeg,
1621,WhatsApp Image 2024-08-30 at 18_05_55.jpeg,
1622,WhatsApp Image 2024-08-30 at 19_09_12 (1).jpeg,
1623,WhatsApp Image 2024-08-30 at 19_09_12.jpeg,
1624,WhatsApp Image 2024-08-30 at 19_09_13.jpeg,
1625,WhatsApp Image 2024-08-30 at 19_09_14 (1).jpeg,
1626,WhatsApp Image 2024-08-30 at 19_09_15.jpeg,
1627,WhatsApp Image 2024-08-30 at 19_09_19 (1).jpeg,
1628,WhatsApp Image 2024-08-30 at 19_09_19.jpeg,
1629,WhatsApp Image 2024-08-30 at 19_09_22.jpeg,
1630,WhatsApp Image 2024-08-30 at 19_09_26.jpeg,
1631,WhatsApp Image 2024-08-30 at 19_09_27 (1).jpeg,
1632,WhatsApp Image 2024-08-30 at 19_09_27.jpeg,
1633,WhatsApp Image 2024-08-30 at 19_09_29.jpeg,
1634,WhatsApp Image 2024-08-30 at 19_10_48.jpeg,
1635,WhatsApp Image 2024-08-30 at 19_10_49 (1).jpeg,
1636,WhatsApp Image 2024-08-30 at 19_10_49 (2).jpeg,
1637,WhatsApp Image 2024-08-30 at 19_10_49.jpeg,
1638,WhatsApp Image 2024-08-30 at 19_25_30 (1).jpeg,
1639,WhatsApp Image 2024-08-30 at 19_25_31 (1).jpeg,
1640,WhatsApp Image 2024-08-30 at 19_25_31.jpeg,
1641,WhatsApp Image 2024-08-30 at 19_25_42.jpeg,
1642,WhatsApp Image 2024-08-30 at 19_25_43.jpeg,
1643,WhatsApp Image 2024-08-30 at 19_25_44.jpeg,
1644,WhatsApp Image 2024-08-30 at 19_25_53.jpeg,
1645,WhatsApp Image 2024-08-30 at 19_25_54.jpeg,
1646,WhatsApp Image 2024-08-30 at 21_12_56 (1).jpeg,
1647,WhatsApp Image 2024-08-30 at 21_12_56.jpeg,
1648,WhatsApp Image 2024-08-30 at 22_02_48 (1).jpeg,
1649,WhatsApp Image 2024-08-30 at 22_02_48 (2).jpeg,
1650,WhatsApp Image 2024-08-30 at 22_02_48.jpeg,
1651,WhatsApp Image 2024-08-30 at 22_02_49 (1).jpeg,
1652,WhatsApp Image 2024-08-30 at 22_02_52 (1).jpeg,
1653,WhatsApp Image 2024-08-30 at 22_02_52 (2).jpeg,
1654,WhatsApp Image 2024-08-30 at 22_02_52.jpeg,
1655,WhatsApp Image 2024-09-02 at 17_45_29 (1).jpeg,
1656,WhatsApp Image 2024-09-02 at 17_45_29.jpeg,
1657,WhatsApp Image 2024-09-02 at 17_45_30 (2).jpeg,
1658,WhatsApp Image 2024-09-02 at 17_45_31 (1).jpeg,
1659,WhatsApp Image 2024-09-02 at 17_45_31 (2).jpeg,
1660,WhatsApp Image 2024-09-02 at 17_45_31 (3).jpeg,
1661,WhatsApp Image 2024-09-02 at 17_45_31.jpeg,
1662,WhatsApp Image 2024-09-02 at 17_45_32 (1).jpeg,
1663,WhatsApp Image 2024-09-02 at 17_45_32.jpeg,
1664,WhatsApp Image 2024-09-02 at 17_46_34.jpeg,
1665,WhatsApp Image 2024-09-02 at 17_46_36 (1).jpeg,
1666,WhatsApp Image 2024-09-02 at 17_46_36.jpeg,
1667,WhatsApp Image 2024-09-02 at 17_46_37 (1).jpeg,
1668,WhatsApp Image 2024-09-02 at 17_46_37 (2).jpeg,
1669,WhatsApp Image 2024-09-02 at 17_46_37 (3).jpeg,
1670,WhatsApp Image 2024-09-02 at 17_46_37 (4).jpeg,
1671,WhatsApp Image 2024-09-02 at 17_46_38 (1).jpeg,
1672,WhatsApp Image 2024-09-02 at 17_46_38 (2).jpeg,
1673,WhatsApp Image 2024-09-02 at 17_46_38 (3).jpeg,
1674,WhatsApp Image 2024-09-02 at 17_46_38 (4).jpeg,
1675,WhatsApp Image 2024-09-02 at 17_46_38.jpeg,
1676,WhatsApp Image 2024-09-02 at 17_47_03 (1).jpeg,
1677,WhatsApp Image 2024-09-02 at 17_47_03.jpeg,
1678,WhatsApp Image 2024-09-02 at 17_47_04 (1).jpeg,
1679,WhatsApp Image 2024-09-02 at 17_47_04 (2).jpeg,
1680,WhatsApp Image 2024-09-02 at 17_47_04.jpeg,
1681,WhatsApp Image 2024-09-02 at 17_47_05.jpeg,
1682,WhatsApp Image 2024-09-02 at 18_06_58.jpeg,
1683,WhatsApp Image 2024-09-02 at 18_07_01.jpeg,
1684,WhatsApp Image 2024-09-02 at 18_07_03 (1).jpeg,
1685,WhatsApp Image 2024-09-02 at 18_07_03 (2).jpeg,
1686,WhatsApp Image 2024-09-02 at 18_07_03.jpeg,
1687,WhatsApp Image 2024-09-02 at 18_07_04 (1).jpeg,
1688,WhatsApp Image 2024-09-02 at 18_07_04.jpeg,
1689,WhatsApp Image 2024-09-02 at 18_07_05.jpeg,
1690,WhatsApp Image 2024-09-02 at 18_27_15.jpeg,
1691,WhatsApp Image 2024-09-02 at 20_33_51 (1).jpeg,
1692,WhatsApp Image 2024-09-02 at 20_33_51 (2).jpeg,
1693,WhatsApp Image 2024-09-02 at 20_33_51 (3).jpeg,
1694,WhatsApp Image 2024-09-02 at 20_59_03 (2).jpeg,
1695,WhatsApp Image 2024-09-02 at 20_59_03 (3).jpeg,
1696,WhatsApp Image 2024-09-02 at 20_59_03.jpeg,
1697,WhatsApp Image 2024-09-02 at 20_59_04 (2).jpeg,
1698,WhatsApp Image 2024-09-02 at 20_59_05 (1).jpeg,
1699,WhatsApp Image 2024-09-02 at 20_59_06 (1).jpeg,
1700,WhatsApp Image 2024-09-02 at 20_59_06 (2).jpeg,
1701,WhatsApp Image 2024-09-02 at 20_59_06 (3).jpeg,
1702,WhatsApp Image 2024-09-02 at 20_59_07 (3).jpeg,
1703,WhatsApp Image 2024-09-03 at 17_03_51 (1).jpeg,
1704,WhatsApp Image 2024-09-03 at 17_03_51.jpeg,
1705,WhatsApp Image 2024-09-03 at 17_16_53.jpeg,
1706,WhatsApp Image 2024-09-03 at 17_16_56 (1).jpeg,
1707,WhatsApp Image 2024-09-03 at 17_16_56 (2).jpeg,
1708,WhatsApp Image 2024-09-03 at 17_16_56.jpeg,
1709,WhatsApp Image 2024-09-03 at 17_16_57 (1).jpeg,
1710,WhatsApp Image 2024-09-03 at 17_16_57 (2).jpeg,
1711,WhatsApp Image 2024-09-03 at 17_16_57.jpeg,
1712,WhatsApp Image 2024-09-03 at 17_16_58 (2).jpeg,
1713,WhatsApp Image 2024-09-03 at 17_16_58.jpeg,
1714,WhatsApp Image 2024-09-03 at 18_27_45 (1).jpeg,
1715,WhatsApp Image 2024-09-03 at 18_27_45 (2).jpeg,
1716,WhatsApp Image 2024-09-03 at 18_27_45.jpeg,
1717,WhatsApp Image 2024-09-03 at 18_27_47 (1).jpeg,
1718,WhatsApp Image 2024-09-03 at 18_27_48 (1).jpeg,
1719,WhatsApp Image 2024-09-03 at 18_27_48.jpeg,
1720,WhatsApp Image 2024-09-03 at 18_27_49 (1).jpeg,
1721,WhatsApp Image 2024-09-03 at 18_27_49.jpeg,
1722,WhatsApp Image 2024-09-03 at 20_20_08.jpeg,
1723,WhatsApp Image 2024-09-03 at 20_20_09 (1).jpeg,
1724,WhatsApp Image 2024-09-03 at 20_20_09.jpeg,
1725,WhatsApp Image 2024-09-03 at 20_54_52 (1).jpeg,
1726,WhatsApp Image 2024-09-03 at 20_54_52 (2).jpeg,
1727,WhatsApp Image 2024-09-03 at 20_54_52.jpeg,
1728,WhatsApp Image 2024-09-04 at 09_40_26.jpeg,
1729,WhatsApp Image 2024-09-04 at 10_16_43.jpeg,
1730,WhatsApp Image 2024-09-04 at 10_49_45.jpeg,
1731,WhatsApp Image 2024-09-04 at 10_49_46.jpeg,
1732,WhatsApp Image 2024-09-04 at 10_49_47.jpeg,
1733,WhatsApp Image 2024-09-04 at 10_58_12.jpeg,
1734,WhatsApp Image 2024-09-04 at 13_50_20.jpeg,
1735,WhatsApp Image 2024-09-04 at 13_50_21 (2).jpeg,
1736,WhatsApp Image 2024-09-04 at 13_50_21.jpeg,
1737,WhatsApp Image 2024-09-04 at 13_50_22.jpeg,
1738,WhatsApp Image 2024-09-04 at 17_06_03.jpeg,
1739,WhatsApp Image 2024-09-04 at 17_06_14.jpeg,
1740,WhatsApp Image 2024-09-04 at 17_06_17.jpeg,
1741,WhatsApp Image 2024-09-04 at 17_09_32 (1).jpeg,
1742,WhatsApp Image 2024-09-04 at 17_09_32 (2).jpeg,
1743,WhatsApp Image 2024-09-04 at 17_09_33 (1).jpeg,
1744,WhatsApp Image 2024-09-04 at 17_09_49 (1).jpeg,
1745,WhatsApp Image 2024-09-04 at 17_09_49 (2).jpeg,
1746,WhatsApp Image 2024-09-04 at 17_09_49.jpeg,
1747,WhatsApp Image 2024-09-04 at 17_11_21.jpeg,
1748,WhatsApp Image 2024-09-04 at 17_11_22 (1).jpeg,
1749,WhatsApp Image 2024-09-04 at 17_11_22 (2).jpeg,
1750,WhatsApp Image 2024-09-04 at 17_11_22.jpeg,
1751,WhatsApp Image 2024-09-04 at 17_11_23 (3).jpeg,
1752,WhatsApp Image 2024-09-04 at 17_11_23.jpeg,
1753,WhatsApp Image 2024-09-04 at 17_11_24 (2).jpeg,
1754,WhatsApp Image 2024-09-04 at 17_11_24 (4).jpeg,
1755,WhatsApp Image 2024-09-04 at 17_56_33 (1).jpeg,
1756,WhatsApp Image 2024-09-04 at 17_56_33 (2).jpeg,
1757,WhatsApp Image 2024-09-04 at 17_56_33 (3).jpeg,
1758,WhatsApp Image 2024-09-04 at 17_56_33.jpeg,
1759,WhatsApp Image 2024-09-04 at 17_56_34.jpeg,
1760,WhatsApp Image 2024-09-04 at 17_56_35 (1).jpeg,
1761,WhatsApp Image 2024-09-04 at 17_56_35.jpeg,
1762,WhatsApp Image 2024-09-04 at 22_34_40 (1).jpeg,
1763,WhatsApp Image 2024-09-04 at 22_34_40.jpeg,
1764,WhatsApp Image 2024-09-05 at 16_24_18.jpeg,
1765,WhatsApp Image 2024-09-05 at 16_24_19.jpeg,
1766,WhatsApp Image 2024-09-05 at 17_27_49 (1).jpeg,
1767,WhatsApp Image 2024-09-05 at 17_27_49 (2).jpeg,
1768,WhatsApp Image 2024-09-05 at 17_27_49.jpeg,
1769,WhatsApp Image 2024-09-05 at 17_27_50 (1).jpeg,
1770,WhatsApp Image 2024-09-05 at 17_27_50 (2).jpeg,
1771,WhatsApp Image 2024-09-05 at 17_27_50.jpeg,
1772,WhatsApp Image 2024-09-05 at 17_27_51 (1).jpeg,
1773,WhatsApp Image 2024-09-05 at 17_27_51.jpeg,
1774,WhatsApp Image 2024-09-05 at 17_27_52 (1).jpeg,
1775,WhatsApp Image 2024-09-05 at 17_27_52.jpeg,
1776,WhatsApp Image 2024-09-05 at 17_31_38.jpeg,
1777,WhatsApp Image 2024-09-05 at 17_31_39 (1).jpeg,
1778,WhatsApp Image 2024-09-05 at 17_31_39 (2).jpeg,
1779,WhatsApp Image 2024-09-05 at 17_31_39.jpeg,
1780,WhatsApp Image 2024-09-05 at 17_31_40 (1).jpeg,
1781,WhatsApp Image 2024-09-05 at 17_31_40 (2).jpeg,
1782,WhatsApp Image 2024-09-05 at 17_31_40.jpeg,
1783,WhatsApp Image 2024-09-05 at 17_56_21.jpeg,
1784,WhatsApp Image 2024-09-05 at 17_56_22 (1).jpeg,
1785,WhatsApp Image 2024-09-05 at 17_56_22.jpeg,
1786,WhatsApp Image 2024-09-05 at 17_56_23.jpeg,
1787,WhatsApp Image 2024-09-05 at 17_56_32.jpeg,
1788,WhatsApp Image 2024-09-05 at 19_06_09 (1).jpeg,
1789,WhatsApp Image 2024-09-05 at 19_06_09.jpeg,
1790,WhatsApp Image 2024-09-05 at 20_18_09 (2).jpeg,
1791,WhatsApp Image 2024-09-05 at 20_18_09.jpeg,
1792,WhatsApp Image 2024-09-05 at 20_18_10.jpeg,
1793,WhatsApp Image 2024-09-05 at 20_18_11 (1).jpeg,
1794,WhatsApp Image 2024-09-05 at 20_18_11 (2).jpeg,
1795,WhatsApp Image 2024-09-05 at 20_18_13 (1).jpeg,
1796,WhatsApp Image 2024-09-05 at 20_18_13.jpeg,
1797,WhatsApp Image 2024-09-05 at 20_18_14 (1).jpeg,
1798,WhatsApp Image 2024-09-05 at 20_18_14 (2).jpeg,
1799,WhatsApp Image 2024-09-05 at 20_18_14.jpeg,
1800,WhatsApp Image 2024-09-06 at 16_53_15 (1).jpeg,
1801,WhatsApp Image 2024-09-06 at 16_53_15.jpeg,
1802,WhatsApp Image 2024-09-06 at 16_53_16 (1).jpeg,
1803,WhatsApp Image 2024-09-06 at 16_53_16 (2).jpeg,
1804,WhatsApp Image 2024-09-06 at 16_53_17.jpeg,
1805,WhatsApp Image 2024-09-06 at 17_29_28 (1).jpeg,
1806,WhatsApp Image 2024-09-06 at 17_29_28.jpeg,
1807,WhatsApp Image 2024-09-06 at 17_29_29.jpeg,
1808,WhatsApp Image 2024-09-06 at 18_20_52.jpeg,
1809,WhatsApp Image 2024-09-06 at 18_20_53 (1).jpeg,
1810,WhatsApp Image 2024-09-06 at 18_20_53.jpeg,
1811,WhatsApp Image 2024-09-06 at 18_20_54 (1).jpeg,
1812,WhatsApp Image 2024-09-06 at 18_20_54 (2).jpeg,
1813,WhatsApp Image 2024-09-06 at 18_20_54 (3).jpeg,
1814,WhatsApp Image 2024-09-06 at 20_55_18 (1).jpeg,
1815,WhatsApp Image 2024-09-06 at 20_55_18.jpeg,
1816,WhatsApp Image 2024-09-06 at 21_22_01 (1).jpeg,
1817,WhatsApp Image 2024-09-06 at 21_22_01.jpeg,
1818,WhatsApp Image 2024-09-06 at 21_22_02.jpeg,
1819,WhatsApp Image 2024-09-10 at 16_34_54.jpeg,
1820,WhatsApp Image 2024-09-10 at 16_34_55 (2).jpeg,
1821,WhatsApp Image 2024-09-10 at 16_35_43.jpeg,
1822,WhatsApp Image 2024-09-10 at 16_35_44 (1).jpeg,
1823,WhatsApp Image 2024-09-10 at 16_35_44.jpeg,
1824,WhatsApp Image 2024-09-10 at 16_35_45 (1).jpeg,
1825,WhatsApp Image 2024-09-10 at 16_35_45 (2).jpeg,
1826,WhatsApp Image 2024-09-10 at 16_35_45.jpeg,
1827,WhatsApp Image 2024-09-10 at 16_35_46.jpeg,
1828,WhatsApp Image 2024-09-10 at 17_13_07.jpeg,
1829,WhatsApp Image 2024-09-10 at 17_13_08.jpeg,
1830,WhatsApp Image 2024-09-10 at 17_13_13.jpeg,
1831,WhatsApp Image 2024-09-10 at 17_15_07 (1).jpeg,
1832,WhatsApp Image 2024-09-10 at 17_15_07.jpeg,
1833,WhatsApp Image 2024-09-10 at 17_15_08.jpeg,
1834,WhatsApp Image 2024-09-10 at 17_27_33 (2).jpeg,
1835,WhatsApp Image 2024-09-10 at 17_27_33 (3).jpeg,
1836,WhatsApp Image 2024-09-10 at 17_27_34 (1).jpeg,
1837,WhatsApp Image 2024-09-10 at 17_27_34 (3).jpeg,
1838,WhatsApp Image 2024-09-10 at 19_48_42.jpeg,
1839,WhatsApp Image 2024-09-10 at 19_48_43 (1).jpeg,
1840,WhatsApp Image 2024-09-10 at 19_48_45.jpeg,
1841,WhatsApp Image 2024-09-10 at 19_48_46 (1).jpeg,
1842,WhatsApp Image 2024-09-10 at 19_48_46.jpeg,
1843,WhatsApp Image 2024-09-10 at 19_48_47.jpeg,
1844,WhatsApp Image 2024-09-10 at 19_48_48.jpeg,
1845,WhatsApp Image 2024-09-10 at 19_48_49.jpeg,
1846,WhatsApp Image 2024-09-10 at 19_48_50 (1).jpeg,
1847,WhatsApp Image 2024-09-10 at 20_50_07.jpeg,
1848,WhatsApp Image 2024-09-10 at 20_50_08 (1).jpeg,
1849,WhatsApp Image 2024-09-10 at 20_50_08 (2).jpeg,
1850,WhatsApp Image 2024-09-10 at 20_50_08 (3).jpeg,
1851,WhatsApp Image 2024-09-10 at 20_50_08.jpeg,
1852,WhatsApp Image 2024-09-10 at 20_50_18.jpeg,
1853,WhatsApp Image 2024-09-10 at 20_50_21 (1).jpeg,
1854,WhatsApp Image 2024-09-10 at 20_50_21 (2).jpeg,
1855,WhatsApp Image 2024-09-10 at 20_50_21.jpeg,
1856,WhatsApp Image 2024-09-10 at 20_52_49.jpeg,
1857,WhatsApp Image 2024-09-10 at 20_52_50 (1).jpeg,
1858,WhatsApp Image 2024-09-10 at 20_52_52.jpeg,
1859,WhatsApp Image 2024-09-10 at 20_52_53 (1).jpeg,
1860,WhatsApp Image 2024-09-10 at 20_52_53 (2).jpeg,
1861,WhatsApp Image 2024-09-11 at 17_44_05 (1).jpeg,
1862,WhatsApp Image 2024-09-11 at 17_44_06.jpeg,
1863,WhatsApp Image 2024-09-11 at 17_44_07 (1).jpeg,
1864,WhatsApp Image 2024-09-11 at 17_44_07.jpeg,
1865,WhatsApp Image 2024-09-11 at 18_43_03.jpeg,
1866,WhatsApp Image 2024-09-11 at 18_44_08 (1).jpeg,
1867,WhatsApp Image 2024-09-11 at 18_44_08.jpeg,
1868,WhatsApp Image 2024-09-11 at 18_44_09 (1).jpeg,
1869,WhatsApp Image 2024-09-11 at 18_44_09.jpeg,
1870,WhatsApp Image 2024-09-11 at 18_44_10.jpeg,
1871,WhatsApp Image 2024-09-11 at 18_44_14 (1).jpeg,
1872,WhatsApp Image 2024-09-11 at 18_44_14 (2).jpeg,
1873,WhatsApp Image 2024-09-11 at 18_44_15.jpeg,
1874,WhatsApp Image 2024-09-11 at 20_01_03 (1).jpeg,
1875,WhatsApp Image 2024-09-11 at 20_01_03 (2).jpeg,
1876,WhatsApp Image 2024-09-11 at 20_09_45 (1).jpeg,
1877,WhatsApp Image 2024-09-11 at 20_09_45 (2).jpeg,
1878,WhatsApp Image 2024-09-11 at 20_09_45 (3).jpeg,
1879,WhatsApp Image 2024-09-11 at 20_09_45.jpeg,
1880,WhatsApp Image 2024-09-11 at 20_14_46 (1).jpeg,
1881,WhatsApp Image 2024-09-11 at 20_14_47 (1).jpeg,
1882,WhatsApp Image 2024-09-11 at 20_14_47 (2).jpeg,
1883,WhatsApp Image 2024-09-11 at 20_14_47.jpeg,
1884,WhatsApp Image 2024-09-11 at 20_14_49 (1).jpeg,
1885,WhatsApp Image 2024-09-11 at 20_14_49 (2).jpeg,
1886,WhatsApp Image 2024-09-11 at 20_14_49.jpeg,
1887,WhatsApp Image 2024-09-11 at 20_14_50 (1).jpeg,
1888,WhatsApp Image 2024-09-11 at 20_14_50 (2).jpeg,
1889,WhatsApp Image 2024-09-11 at 20_14_50.jpeg,
1890,WhatsApp Image 2024-09-13 at 17_38_09 (1).jpeg,
1891,WhatsApp Image 2024-09-13 at 17_38_09.jpeg,
1892,WhatsApp Image 2024-09-13 at 17_38_10 (1).jpeg,
1893,WhatsApp Image 2024-09-13 at 17_38_10 (2).jpeg,
1894,WhatsApp Image 2024-09-13 at 17_38_10 (3).jpeg,
1895,WhatsApp Image 2024-09-13 at 17_38_10.jpeg,
1896,WhatsApp Image 2024-09-13 at 17_38_11 (2).jpeg,
1897,WhatsApp Image 2024-09-13 at 17_38_12 (1).jpeg,
1898,WhatsApp Image 2024-09-13 at 17_38_12 (2).jpeg,
1899,WhatsApp Image 2024-09-13 at 17_38_12.jpeg,
1900,WhatsApp Image 2024-09-13 at 19_46_13 (1).jpeg,
1901,WhatsApp Image 2024-09-13 at 19_46_13 (2).jpeg,
1902,WhatsApp Image 2024-09-13 at 19_46_13 (3).jpeg,
1903,WhatsApp Image 2024-09-13 at 19_46_13 (4).jpeg,
1904,WhatsApp Image 2024-09-13 at 19_46_13 (5).jpeg,
1905,WhatsApp Image 2024-09-13 at 19_46_13 (6).jpeg,
1906,WhatsApp Image 2024-09-13 at 19_46_13.jpeg,
1907,WhatsApp Image 2024-09-13 at 20_48_29.jpeg,
1908,WhatsApp Image 2024-09-13 at 20_48_30 (1).jpeg,
1909,WhatsApp Image 2024-09-13 at 20_48_30 (2).jpeg,
1910,WhatsApp Image 2024-09-13 at 20_48_30.jpeg,
1911,WhatsApp Image 2024-09-13 at 20_48_31.jpeg,
1912,WhatsApp Image 2024-09-13 at 20_48_32.jpeg,
1913,WhatsApp Image 2024-09-14 at 14_10_30.jpeg,
1914,WhatsApp Image 2024-09-14 at 14_10_31 (1).jpeg,
1915,WhatsApp Image 2024-09-14 at 14_10_31.jpeg,
1916,WhatsApp Image 2024-09-14 at 14_56_24.jpeg,
1917,WhatsApp Image 2024-09-14 at 14_56_25.jpeg,
1918,WhatsApp Image 2024-09-14 at 14_56_26 (2).jpeg,
1919,WhatsApp Image 2024-09-14 at 14_56_29.jpeg,
1920,WhatsApp Image 2024-09-14 at 14_56_32.jpeg,
1921,WhatsApp Image 2024-09-14 at 14_56_33.jpeg,
1922,WhatsApp Image 2024-09-14 at 15_03_47 (1).jpeg,
1923,WhatsApp Image 2024-09-14 at 15_03_47 (2).jpeg,
1924,WhatsApp Image 2024-09-14 at 15_03_47.jpeg,
1925,WhatsApp Image 2024-09-14 at 15_03_48 (1).jpeg,
1926,WhatsApp Image 2024-09-14 at 15_03_48.jpeg,
1927,WhatsApp Image 2024-09-14 at 15_28_01.jpeg,
1928,WhatsApp Image 2024-09-14 at 15_28_02 (1).jpeg,
1929,WhatsApp Image 2024-09-14 at 15_28_02 (2).jpeg,
1930,WhatsApp Image 2024-09-14 at 15_28_02.jpeg,
1931,WhatsApp Image 2024-09-16 at 08_55_55.jpeg,
1932,WhatsApp Image 2024-09-16 at 17_04_03 (2).jpeg,
1933,WhatsApp Image 2024-09-16 at 17_04_03.jpeg,
1934,WhatsApp Image 2024-09-16 at 17_04_04 (1).jpeg,
1935,WhatsApp Image 2024-09-16 at 17_04_04.jpeg,
1936,WhatsApp Image 2024-09-16 at 17_04_05 (1).jpeg,
1937,WhatsApp Image 2024-09-16 at 17_04_05.jpeg,
1938,WhatsApp Image 2024-09-16 at 17_04_06 (1).jpeg,
1939,WhatsApp Image 2024-09-16 at 17_04_07 (1).jpeg,
1940,WhatsApp Image 2024-09-16 at 17_04_07 (2).jpeg,
1941,WhatsApp Image 2024-09-16 at 17_04_07 (3).jpeg,
1942,WhatsApp Image 2024-09-16 at 17_04_08.jpeg,
1943,WhatsApp Image 2024-09-16 at 17_04_10 (2).jpeg,
1944,WhatsApp Image 2024-09-16 at 17_04_11 (1).jpeg,
1945,WhatsApp Image 2024-09-16 at 17_04_11.jpeg,
1946,WhatsApp Image 2024-09-16 at 17_04_12 (2).jpeg,
1947,WhatsApp Image 2024-09-16 at 17_29_54.jpeg,
1948,WhatsApp Image 2024-09-16 at 17_29_55 (1).jpeg,
1949,WhatsApp Image 2024-09-16 at 17_29_55.jpeg,
1950,WhatsApp Image 2024-09-16 at 17_38_33 (1).jpeg,
1951,WhatsApp Image 2024-09-16 at 17_38_33 (2).jpeg,
1952,WhatsApp Image 2024-09-16 at 17_38_33 (3).jpeg,
1953,WhatsApp Image 2024-09-16 at 17_38_33 (4).jpeg,
1954,WhatsApp Image 2024-09-16 at 17_38_33 (5).jpeg,
1955,WhatsApp Image 2024-09-16 at 17_38_33.jpeg,
1956,WhatsApp Image 2024-09-16 at 17_38_34 (1).jpeg,
1957,WhatsApp Image 2024-09-16 at 17_38_34 (2).jpeg,
1958,WhatsApp Image 2024-09-16 at 17_38_34 (3).jpeg,
1959,WhatsApp Image 2024-09-16 at 17_38_34 (4).jpeg,
1960,WhatsApp Image 2024-09-16 at 17_38_34 (5).jpeg,
1961,WhatsApp Image 2024-09-16 at 17_58_47.jpeg,
1962,WhatsApp Image 2024-09-16 at 17_58_48 (1).jpeg,
1963,WhatsApp Image 2024-09-16 at 17_58_48.jpeg,
1964,WhatsApp Image 2024-09-16 at 17_58_49.jpeg,
1965,WhatsApp Image 2024-09-16 at 18_11_37 (1).jpeg,
1966,WhatsApp Image 2024-09-16 at 18_11_37 (2).jpeg,
1967,WhatsApp Image 2024-09-16 at 18_11_37 (3).jpeg,
1968,WhatsApp Image 2024-09-16 at 18_11_37.jpeg,
1969,WhatsApp Image 2024-09-16 at 18_11_38 (1).jpeg,
1970,WhatsApp Image 2024-09-16 at 18_11_38 (2).jpeg,
1971,WhatsApp Image 2024-09-16 at 18_11_38 (3).jpeg,
1972,WhatsApp Image 2024-09-16 at 18_11_38 (4).jpeg,
1973,WhatsApp Image 2024-09-16 at 18_11_38.jpeg,
1974,WhatsApp Image 2024-09-16 at 18_11_39 (1).jpeg,
1975,WhatsApp Image 2024-09-16 at 18_11_39 (2).jpeg,
1976,WhatsApp Image 2024-09-16 at 18_11_39.jpeg,
1977,WhatsApp Image 2024-09-17 at 17_13_39.jpeg,
1978,WhatsApp Image 2024-09-17 at 17_13_40 (1).jpeg,
1979,WhatsApp Image 2024-09-17 at 17_13_40 (2).jpeg,
1980,WhatsApp Image 2024-09-17 at 17_13_40.jpeg,
1981,WhatsApp Image 2024-09-17 at 17_13_41 (2).jpeg,
1982,WhatsApp Image 2024-09-17 at 17_13_41.jpeg,
1983,WhatsApp Image 2024-09-17 at 17_13_43 (1).jpeg,
1984,WhatsApp Image 2024-09-17 at 17_13_43.jpeg,
1985,WhatsApp Image 2024-09-17 at 17_13_44 (1).jpeg,
1986,WhatsApp Image 2024-09-17 at 17_13_44 (2).jpeg,
1987,WhatsApp Image 2024-09-17 at 17_13_45.jpeg,
1988,WhatsApp Image 2024-09-17 at 17_20_22.jpeg,
1989,WhatsApp Image 2024-09-17 at 17_20_23 (1).jpeg,
1990,WhatsApp Image 2024-09-17 at 17_20_23.jpeg,
1991,WhatsApp Image 2024-09-17 at 17_20_24 (1).jpeg,
1992,WhatsApp Image 2024-09-17 at 17_20_24.jpeg,
1993,WhatsApp Image 2024-09-17 at 18_50_03.jpeg,
1994,WhatsApp Image 2024-09-17 at 18_50_04 (1).jpeg,
1995,WhatsApp Image 2024-09-17 at 18_50_04.jpeg,
1996,WhatsApp Image 2024-09-17 at 18_50_05.jpeg,
1997,WhatsApp Image 2024-09-17 at 18_50_06 (2).jpeg,
1998,WhatsApp Image 2024-09-17 at 19_02_45.jpeg,
1999,WhatsApp Image 2024-09-17 at 19_02_46 (1).jpeg,
2000,WhatsApp Image 2024-09-17 at 19_02_46 (2).jpeg,
2001,WhatsApp Image 2024-09-17 at 19_02_46 (3).jpeg,
2002,WhatsApp Image 2024-09-17 at 19_02_46.jpeg,
2003,WhatsApp Image 2024-09-18 at 17_24_45.jpeg,
2004,WhatsApp Image 2024-09-18 at 17_24_46 (1).jpeg,
2005,WhatsApp Image 2024-09-18 at 17_24_46.jpeg,
2006,WhatsApp Image 2024-09-18 at 17_24_47 (1).jpeg,
2007,WhatsApp Image 2024-09-18 at 17_24_47.jpeg,
2008,WhatsApp Image 2024-09-18 at 17_24_48 (1).jpeg,
2009,WhatsApp Image 2024-09-18 at 17_24_48.jpeg,
2010,WhatsApp Image 2024-09-18 at 17_24_49 (1).jpeg,
2011,WhatsApp Image 2024-09-18 at 17_24_49.jpeg,
2012,WhatsApp Image 2024-09-18 at 17_29_46 (2).jpeg,
2013,WhatsApp Image 2024-09-18 at 17_29_46 (3).jpeg,
2014,WhatsApp Image 2024-09-18 at 17_29_47.jpeg,
2015,WhatsApp Image 2024-09-18 at 17_59_32 (1).jpeg,
2016,WhatsApp Image 2024-09-18 at 17_59_32.jpeg,
2017,WhatsApp Image 2024-09-18 at 17_59_33.jpeg,
2018,WhatsApp Image 2024-09-18 at 18_17_58.jpeg,
2019,WhatsApp Image 2024-09-18 at 18_17_59.jpeg,
2020,WhatsApp Image 2024-09-18 at 18_18_00.jpeg,
2021,WhatsApp Image 2024-09-18 at 18_18_01.jpeg,
2022,WhatsApp Image 2024-09-18 at 18_18_02.jpeg,
2023,WhatsApp Image 2024-09-18 at 18_18_03.jpeg,
2024,WhatsApp Image 2024-09-18 at 18_18_10 (1).jpeg,
2025,WhatsApp Image 2024-09-18 at 18_18_11 (1).jpeg,
2026,WhatsApp Image 2024-09-18 at 18_18_11.jpeg,
2027,WhatsApp Image 2024-09-18 at 18_35_57.jpeg,
2028,WhatsApp Image 2024-09-18 at 18_35_58.jpeg,
2029,WhatsApp Image 2024-09-18 at 18_59_27 (1).jpeg,
2030,WhatsApp Image 2024-09-18 at 18_59_27.jpeg,
2031,WhatsApp Image 2024-09-18 at 18_59_28 (3).jpeg,
2032,WhatsApp Image 2024-09-18 at 18_59_28 (4).jpeg,
2033,WhatsApp Image 2024-09-18 at 19_14_32.jpeg,
2034,WhatsApp Image 2024-09-18 at 19_14_33 (1).jpeg,
2035,WhatsApp Image 2024-09-18 at 19_14_33.jpeg,
2036,WhatsApp Image 2024-09-18 at 19_14_34 (1).jpeg,
2037,WhatsApp Image 2024-09-18 at 19_14_34.jpeg,
2038,WhatsApp Image 2024-09-18 at 20_31_08 (1).jpeg,
2039,WhatsApp Image 2024-09-18 at 20_31_08 (2).jpeg,
2040,WhatsApp Image 2024-09-18 at 20_31_08.jpeg,
2041,WhatsApp Image 2024-09-19 at 11_43_05.jpeg,
2042,WhatsApp Image 2024-09-19 at 11_43_12 (1).jpeg,
2043,WhatsApp Image 2024-09-19 at 11_43_13.jpeg,
2044,WhatsApp Image 2024-09-19 at 16_38_52.jpeg,
2045,WhatsApp Image 2024-09-19 at 16_38_53 (1).jpeg,
2046,WhatsApp Image 2024-09-19 at 16_38_53 (2).jpeg,
2047,WhatsApp Image 2024-09-19 at 16_38_53.jpeg,
2048,WhatsApp Image 2024-09-19 at 16_38_54 (1).jpeg,
2049,WhatsApp Image 2024-09-19 at 16_38_54.jpeg,
2050,WhatsApp Image 2024-09-19 at 16_38_55.jpeg,
2051,WhatsApp Image 2024-09-19 at 16_38_56 (1).jpeg,
2052,WhatsApp Image 2024-09-19 at 16_38_56.jpeg,
2053,WhatsApp Image 2024-09-19 at 16_38_57 (1).jpeg,
2054,WhatsApp Image 2024-09-19 at 16_38_57.jpeg,
2055,WhatsApp Image 2024-09-19 at 16_38_58 (1).jpeg,
2056,WhatsApp Image 2024-09-19 at 16_38_58 (2).jpeg,
2057,WhatsApp Image 2024-09-19 at 16_38_58.jpeg,
2058,WhatsApp Image 2024-09-19 at 16_39_29 (1).jpeg,
2059,WhatsApp Image 2024-09-19 at 16_39_29.jpeg,
2060,WhatsApp Image 2024-09-19 at 16_39_30 (1).jpeg,
2061,WhatsApp Image 2024-09-19 at 16_39_30 (2).jpeg,
2062,WhatsApp Image 2024-09-19 at 16_39_30 (3).jpeg,
2063,WhatsApp Image 2024-09-19 at 16_39_30.jpeg,
2064,WhatsApp Image 2024-09-19 at 16_39_31 (1).jpeg,
2065,WhatsApp Image 2024-09-19 at 16_39_31.jpeg,
2066,WhatsApp Image 2024-09-19 at 16_39_33.jpeg,
2067,WhatsApp Image 2024-09-19 at 17_22_54.jpeg,
2068,WhatsApp Image 2024-09-19 at 17_22_55 (1).jpeg,
2069,WhatsApp Image 2024-09-19 at 17_22_55.jpeg,
2070,WhatsApp Image 2024-09-19 at 17_22_56 (1).jpeg,
2071,WhatsApp Image 2024-09-19 at 17_22_56 (2).jpeg,
2072,WhatsApp Image 2024-09-19 at 17_22_56.jpeg,
2073,WhatsApp Image 2024-09-19 at 17_22_57 (1).jpeg,
2074,WhatsApp Image 2024-09-19 at 17_22_57.jpeg,
2075,WhatsApp Image 2024-09-19 at 17_22_58 (1).jpeg,
2076,WhatsApp Image 2024-09-19 at 17_22_58.jpeg,
2077,WhatsApp Image 2024-09-19 at 17_22_59 (1).jpeg,
2078,WhatsApp Image 2024-09-19 at 17_23_00 (1).jpeg,
2079,WhatsApp Image 2024-09-19 at 17_23_00 (2).jpeg,
2080,WhatsApp Image 2024-09-19 at 17_23_01 (1).jpeg,
2081,WhatsApp Image 2024-09-19 at 17_23_01 (2).jpeg,
2082,WhatsApp Image 2024-09-19 at 17_23_01.jpeg,
2083,WhatsApp Image 2024-09-19 at 17_23_41 (1).jpeg,
2084,WhatsApp Image 2024-09-19 at 17_23_41.jpeg,
2085,WhatsApp Image 2024-09-19 at 17_23_42 (1).jpeg,
2086,WhatsApp Image 2024-09-19 at 17_23_42.jpeg,
2087,WhatsApp Image 2024-09-19 at 19_14_38 (1).jpeg,
2088,WhatsApp Image 2024-09-19 at 19_14_38 (2).jpeg,
2089,WhatsApp Image 2024-09-19 at 19_14_38.jpeg,
2090,WhatsApp Image 2024-09-19 at 19_14_39 (1).jpeg,
2091,WhatsApp Image 2024-09-19 at 19_22_38.jpeg,
2092,WhatsApp Image 2024-09-19 at 19_22_39 (1).jpeg,
2093,WhatsApp Image 2024-09-19 at 19_22_39 (3).jpeg,
2094,WhatsApp Image 2024-09-19 at 19_22_39 (4).jpeg,
2095,WhatsApp Image 2024-09-19 at 19_22_39.jpeg,
2096,WhatsApp Image 2024-09-19 at 19_22_40.jpeg,
2097,WhatsApp Image 2024-09-19 at 20_59_11.jpeg,
2098,WhatsApp Image 2024-09-19 at 20_59_15 (1).jpeg,
2099,WhatsApp Image 2024-09-19 at 20_59_15.jpeg,
2100,WhatsApp Image 2024-09-20 at 17_41_20.jpeg,
2101,WhatsApp Image 2024-09-20 at 17_41_21.jpeg,
2102,WhatsApp Image 2024-09-20 at 18_17_09 (1).jpeg,
2103,WhatsApp Image 2024-09-20 at 18_17_09.jpeg,
2104,WhatsApp Image 2024-09-20 at 18_17_10.jpeg,
2105,WhatsApp Image 2024-09-20 at 18_17_11 (1).jpeg,
2106,WhatsApp Image 2024-09-20 at 18_17_11 (2).jpeg,
2107,WhatsApp Image 2024-09-20 at 18_17_11.jpeg,
2108,WhatsApp Image 2024-09-20 at 18_29_52.jpeg,
2109,WhatsApp Image 2024-09-20 at 18_29_53.jpeg,
2110,WhatsApp Image 2024-09-20 at 18_29_54.jpeg,
2111,WhatsApp Image 2024-09-20 at 18_29_55 (1).jpeg,
2112,WhatsApp Image 2024-09-20 at 18_29_55.jpeg,
2113,WhatsApp Image 2024-09-20 at 18_29_56 (1).jpeg,
2114,WhatsApp Image 2024-09-20 at 18_29_56 (2).jpeg,
2115,WhatsApp Image 2024-09-20 at 19_36_09 (1).jpeg,
2116,WhatsApp Image 2024-09-20 at 19_36_09.jpeg,
2117,WhatsApp Image 2024-09-20 at 19_36_10.jpeg,
2118,WhatsApp Image 2024-09-20 at 19_36_11.jpeg,
2119,WhatsApp Image 2024-09-20 at 19_36_18.jpeg,
2120,WhatsApp Image 2024-09-20 at 19_36_20 (1).jpeg,
2121,WhatsApp Image 2024-09-20 at 19_36_20 (2).jpeg,
2122,WhatsApp Image 2024-09-20 at 19_36_20.jpeg,
2123,WhatsApp Image 2024-09-20 at 19_36_21 (1).jpeg,
2124,WhatsApp Image 2024-09-20 at 19_36_21 (2).jpeg,
2125,WhatsApp Image 2024-09-20 at 19_36_21.jpeg,
2126,WhatsApp Image 2024-09-20 at 21_01_51 (1).jpeg,
2127,WhatsApp Image 2024-09-20 at 21_01_51 (3).jpeg,
2128,WhatsApp Image 2024-09-23 at 18_02_44 (1).jpeg,
2129,WhatsApp Image 2024-09-23 at 18_02_44.jpeg,
2130,WhatsApp Image 2024-09-23 at 18_02_45 (1).jpeg,
2131,WhatsApp Image 2024-09-23 at 18_02_45 (2).jpeg,
2132,WhatsApp Image 2024-09-23 at 19_10_04 (1).jpeg,
2133,WhatsApp Image 2024-09-23 at 19_10_04 (2).jpeg,
2134,WhatsApp Image 2024-09-23 at 19_10_04 (3).jpeg,
2135,WhatsApp Image 2024-09-23 at 19_10_04 (4).jpeg,
2136,WhatsApp Image 2024-09-23 at 19_10_04.jpeg,
2137,WhatsApp Image 2024-09-23 at 19_10_35 (1).jpeg,
2138,WhatsApp Image 2024-09-23 at 19_10_35.jpeg,
2139,WhatsApp Image 2024-09-23 at 19_21_31.jpeg,
2140,WhatsApp Image 2024-09-23 at 19_21_33.jpeg,
2141,WhatsApp Image 2024-09-23 at 19_21_34.jpeg,
2142,WhatsApp Image 2024-09-23 at 19_21_35.jpeg,
2143,WhatsApp Image 2024-09-23 at 19_21_36 (1).jpeg,
2144,WhatsApp Image 2024-09-23 at 19_21_36 (2).jpeg,
2145,WhatsApp Image 2024-09-23 at 19_21_36 (3).jpeg,
2146,WhatsApp Image 2024-09-23 at 19_21_37 (1).jpeg,
2147,WhatsApp Image 2024-09-23 at 19_21_37 (2).jpeg,
2148,WhatsApp Image 2024-09-23 at 19_21_37 (3).jpeg,
2149,WhatsApp Image 2024-09-23 at 19_21_37.jpeg,
2150,WhatsApp Image 2024-09-23 at 19_21_38.jpeg,
2151,WhatsApp Image 2024-09-23 at 19_59_29 (1).jpeg,
2152,WhatsApp Image 2024-09-23 at 19_59_29 (2).jpeg,
2153,WhatsApp Image 2024-09-23 at 19_59_29.jpeg,
2154,WhatsApp Image 2024-09-23 at 19_59_30.jpeg,
2155,WhatsApp Image 2024-09-23 at 19_59_31 (1).jpeg,
2156,WhatsApp Image 2024-09-23 at 19_59_31.jpeg,
2157,WhatsApp Image 2024-09-23 at 19_59_32.jpeg,
2158,WhatsApp Image 2024-09-23 at 20_02_30 (1).jpeg,
2159,WhatsApp Image 2024-09-23 at 22_01_53 (1).jpeg,
2160,WhatsApp Image 2024-09-23 at 22_01_53.jpeg,
2161,WhatsApp Image 2024-09-23 at 22_01_54.jpeg,
2162,WhatsApp Image 2024-09-23 at 22_01_55.jpeg,
2163,WhatsApp Image 2024-09-23 at 22_01_56 (3).jpeg,
2164,WhatsApp Image 2024-09-23 at 22_01_56.jpeg,
2165,WhatsApp Image 2024-09-23 at 22_02_41.jpeg,
2166,WhatsApp Image 2024-09-23 at 22_02_42 (1).jpeg,
2167,WhatsApp Image 2024-09-24 at 18_25_07 (1).jpeg,
2168,WhatsApp Image 2024-09-24 at 18_25_07.jpeg,
2169,WhatsApp Image 2024-09-24 at 18_25_08 (1).jpeg,
2170,WhatsApp Image 2024-09-24 at 18_25_08.jpeg,
2171,WhatsApp Image 2024-09-24 at 18_25_09.jpeg,
2172,WhatsApp Image 2024-09-24 at 18_59_46 (1).jpeg,
2173,WhatsApp Image 2024-09-24 at 18_59_46 (3).jpeg,
2174,WhatsApp Image 2024-09-24 at 18_59_46.jpeg,
2175,WhatsApp Image 2024-09-24 at 18_59_47 (3).jpeg,
2176,WhatsApp Image 2024-09-24 at 18_59_47 (4).jpeg,
2177,WhatsApp Image 2024-09-24 at 18_59_47.jpeg,
2178,WhatsApp Image 2024-09-24 at 19_51_40 (1).jpeg,
2179,WhatsApp Image 2024-09-24 at 19_51_41 (1).jpeg,
2180,WhatsApp Image 2024-09-24 at 19_51_41 (2).jpeg,
2181,WhatsApp Image 2024-09-24 at 19_51_41.jpeg,
2182,WhatsApp Image 2024-09-24 at 19_51_42 (1).jpeg,
2183,WhatsApp Image 2024-09-24 at 19_51_42.jpeg,
2184,WhatsApp Image 2024-09-24 at 20_01_59 (1).jpeg,
2185,WhatsApp Image 2024-09-24 at 20_01_59.jpeg,
2186,WhatsApp Image 2024-09-24 at 20_02_00 (1).jpeg,
2187,WhatsApp Image 2024-09-24 at 20_02_01 (1).jpeg,
2188,WhatsApp Image 2024-09-24 at 20_02_01 (2).jpeg,
2189,WhatsApp Image 2024-09-24 at 20_02_01 (3).jpeg,
2190,WhatsApp Image 2024-09-24 at 20_02_01.jpeg,
2191,WhatsApp Image 2024-09-24 at 20_02_02.jpeg,
2192,WhatsApp Image 2024-09-24 at 20_02_04.jpeg,
2193,WhatsApp Image 2024-09-24 at 20_02_05.jpeg,
2194,WhatsApp Image 2024-09-24 at 20_13_51 (1).jpeg,
2195,WhatsApp Image 2024-09-24 at 20_13_51.jpeg,
2196,WhatsApp Image 2024-09-24 at 20_13_52 (1).jpeg,
2197,WhatsApp Image 2024-09-24 at 20_13_52 (2).jpeg,
2198,WhatsApp Image 2024-09-24 at 20_13_52.jpeg,
2199,WhatsApp Image 2024-09-24 at 20_13_53.jpeg,
2200,WhatsApp Image 2024-09-25 at 18_04_13.jpeg,
2201,WhatsApp Image 2024-09-25 at 18_04_14 (1).jpeg,
2202,WhatsApp Image 2024-09-25 at 18_04_14 (2).jpeg,
2203,WhatsApp Image 2024-09-25 at 18_04_14.jpeg,
2204,WhatsApp Image 2024-09-25 at 18_04_15 (1).jpeg,
2205,WhatsApp Image 2024-09-25 at 18_04_15.jpeg,
2206,WhatsApp Image 2024-09-25 at 18_04_16.jpeg,
2207,WhatsApp Image 2024-09-25 at 18_04_17 (1).jpeg,
2208,WhatsApp Image 2024-09-25 at 18_04_17.jpeg,
2209,WhatsApp Image 2024-09-25 at 18_14_53 (1).jpeg,
2210,WhatsApp Image 2024-09-25 at 18_14_57.jpeg,
2211,WhatsApp Image 2024-09-25 at 19_05_16 (1).jpeg,
2212,WhatsApp Image 2024-09-25 at 19_05_16.jpeg,
2213,WhatsApp Image 2024-09-25 at 19_05_17 (1).jpeg,
2214,WhatsApp Image 2024-09-25 at 19_05_17 (2).jpeg,
2215,WhatsApp Image 2024-09-25 at 19_05_18 (1).jpeg,
2216,WhatsApp Image 2024-09-25 at 19_05_18.jpeg,
2217,WhatsApp Image 2024-09-25 at 19_05_19 (1).jpeg,
2218,WhatsApp Image 2024-09-25 at 19_05_19 (2).jpeg,
2219,WhatsApp Image 2024-09-25 at 19_05_19.jpeg,
2220,WhatsApp Image 2024-09-25 at 19_05_20 (1).jpeg,
2221,WhatsApp Image 2024-09-25 at 19_05_20.jpeg,
2222,WhatsApp Image 2024-09-25 at 19_39_21.jpeg,
2223,WhatsApp Image 2024-09-25 at 19_39_22 (1).jpeg,
2224,WhatsApp Image 2024-09-25 at 19_39_22 (2).jpeg,
2225,WhatsApp Image 2024-09-25 at 19_39_22.jpeg,
2226,WhatsApp Image 2024-09-25 at 19_39_23 (2).jpeg,
2227,WhatsApp Image 2024-09-25 at 19_39_23.jpeg,
2228,WhatsApp Image 2024-09-25 at 20_46_22.jpeg,
2229,WhatsApp Image 2024-09-25 at 20_46_23 (2).jpeg,
2230,WhatsApp Image 2024-09-25 at 20_46_23.jpeg,
2231,WhatsApp Image 2024-09-25 at 20_58_17 (1).jpeg,
2232,WhatsApp Image 2024-09-25 at 20_58_17.jpeg,
2233,WhatsApp Image 2024-09-25 at 20_58_18 (1).jpeg,
2234,WhatsApp Image 2024-09-25 at 20_58_18 (2).jpeg,
2235,WhatsApp Image 2024-09-25 at 20_58_18.jpeg,
2236,WhatsApp Image 2024-09-25 at 20_58_20.jpeg,
2237,WhatsApp Image 2024-09-25 at 20_58_21 (2).jpeg,
2238,WhatsApp Image 2024-09-25 at 20_58_21 (3).jpeg,
2239,WhatsApp Image 2024-09-25 at 20_58_21.jpeg,
2240,WhatsApp Image 2024-09-25 at 20_58_22 (2).jpeg,
2241,WhatsApp Image 2024-09-25 at 20_58_22.jpeg,
2242,WhatsApp Image 2024-09-26 at 18_04_22 (1).jpeg,
2243,WhatsApp Image 2024-09-26 at 18_04_22.jpeg,
2244,WhatsApp Image 2024-09-26 at 18_04_23 (1).jpeg,
2245,WhatsApp Image 2024-09-26 at 18_04_23 (2).jpeg,
2246,WhatsApp Image 2024-09-26 at 18_04_24.jpeg,
2247,WhatsApp Image 2024-09-26 at 18_04_26.jpeg,
2248,WhatsApp Image 2024-09-26 at 18_04_28 (1).jpeg,
2249,WhatsApp Image 2024-09-26 at 18_04_28.jpeg,
2250,WhatsApp Image 2024-09-26 at 18_04_29 (1).jpeg,
2251,WhatsApp Image 2024-09-26 at 18_04_29 (2).jpeg,
2252,WhatsApp Image 2024-09-26 at 18_04_30.jpeg,
2253,WhatsApp Image 2024-09-26 at 18_31_08.jpeg,
2254,WhatsApp Image 2024-09-26 at 18_31_33 (1).jpeg,
2255,WhatsApp Image 2024-09-26 at 18_31_33.jpeg,
2256,WhatsApp Image 2024-09-26 at 18_31_36.jpeg,
2257,WhatsApp Image 2024-09-26 at 20_22_14 (2).jpeg,
2258,WhatsApp Image 2024-09-26 at 20_22_14.jpeg,
2259,WhatsApp Image 2024-09-26 at 20_28_16 (1).jpeg,
2260,WhatsApp Image 2024-09-26 at 20_28_16.jpeg,
2261,WhatsApp Image 2024-09-26 at 20_28_17 (1).jpeg,
2262,WhatsApp Image 2024-09-26 at 20_28_17 (2).jpeg,
2263,WhatsApp Image 2024-09-26 at 20_28_17 (3).jpeg,
2264,WhatsApp Image 2024-09-26 at 20_28_17.jpeg,
2265,WhatsApp Image 2024-09-26 at 20_28_18 (1).jpeg,
2266,WhatsApp Image 2024-09-26 at 20_28_18 (2).jpeg,
2267,WhatsApp Image 2024-09-26 at 20_28_18 (3).jpeg,
2268,WhatsApp Image 2024-09-26 at 20_28_18.jpeg,
2269,WhatsApp Image 2024-09-26 at 20_28_19.jpeg,
2270,WhatsApp Image 2024-09-26 at 22_24_31 (1).jpeg,
2271,WhatsApp Image 2024-09-27 at 19_41_54.jpeg,
2272,WhatsApp Image 2024-09-27 at 19_42_01 (1).jpeg,
2273,WhatsApp Image 2024-09-27 at 19_42_01.jpeg,
2274,WhatsApp Image 2024-09-27 at 19_42_02.jpeg,
2275,WhatsApp Image 2024-09-27 at 19_42_55.jpeg,
2276,WhatsApp Image 2024-09-27 at 19_45_45 (1).jpeg,
2277,WhatsApp Image 2024-09-27 at 21_31_23.jpeg,
2278,WhatsApp Image 2024-09-27 at 21_31_24.jpeg,
2279,WhatsApp Image 2024-09-28 at 12_47_20.jpeg,
2280,WhatsApp Image 2024-09-30 at 17_38_58.jpeg,
2281,WhatsApp Image 2024-09-30 at 17_38_59 (1).jpeg,
2282,WhatsApp Image 2024-09-30 at 17_38_59 (2).jpeg,
2283,WhatsApp Image 2024-09-30 at 17_38_59.jpeg,
2284,WhatsApp Image 2024-09-30 at 17_39_00 (1).jpeg,
2285,WhatsApp Image 2024-09-30 at 17_39_00.jpeg,
2286,WhatsApp Image 2024-09-30 at 17_52_23.jpeg,
2287,WhatsApp Image 2024-09-30 at 17_52_24 (1).jpeg,
2288,WhatsApp Image 2024-09-30 at 17_52_24.jpeg,
2289,WhatsApp Image 2024-09-30 at 17_52_25 (1).jpeg,
2290,WhatsApp Image 2024-09-30 at 17_52_25.jpeg,
2291,WhatsApp Image 2024-09-30 at 17_52_26 (1).jpeg,
2292,WhatsApp Image 2024-09-30 at 17_52_26.jpeg,
2293,WhatsApp Image 2024-09-30 at 18_52_44 (1).jpeg,
2294,WhatsApp Image 2024-09-30 at 18_52_44.jpeg,
2295,WhatsApp Image 2024-09-30 at 18_52_45 (1).jpeg,
2296,WhatsApp Image 2024-09-30 at 18_52_45 (2).jpeg,
2297,WhatsApp Image 2024-09-30 at 18_52_45.jpeg,
2298,WhatsApp Image 2024-09-30 at 18_52_46 (1).jpeg,
2299,WhatsApp Image 2024-09-30 at 18_52_46.jpeg,
2300,WhatsApp Image 2024-09-30 at 18_52_47 (1).jpeg,
2301,WhatsApp Image 2024-09-30 at 18_52_47.jpeg,
2302,WhatsApp Image 2024-09-30 at 19_15_37.jpeg,
2303,WhatsApp Image 2024-09-30 at 19_15_38 (1).jpeg,
2304,WhatsApp Image 2024-09-30 at 19_15_39.jpeg,
2305,WhatsApp Image 2024-09-30 at 19_15_40 (1).jpeg,
2306,WhatsApp Image 2024-09-30 at 19_15_40.jpeg,
2307,WhatsApp Image 2024-09-30 at 19_15_41.jpeg,
2308,WhatsApp Image 2024-09-30 at 20_23_25 (1).jpeg,
2309,WhatsApp Image 2024-09-30 at 20_23_25 (2).jpeg,
2310,WhatsApp Image 2024-09-30 at 20_23_25.jpeg,
2311,WhatsApp Image 2024-09-30 at 20_23_26 (3).jpeg,
2312,WhatsApp Image 2024-09-30 at 20_23_27 (2).jpeg,
2313,WhatsApp Image 2024-09-30 at 20_23_27.jpeg,
2314,WhatsApp Image 2024-09-30 at 20_23_28.jpeg,
2315,WhatsApp Image 2024-09-30 at 20_23_29.jpeg,
2316,WhatsApp Image 2024-09-30 at 20_29_54.jpeg,
2317,WhatsApp Image 2024-09-30 at 20_29_55 (1).jpeg,
2318,WhatsApp Image 2024-09-30 at 20_29_55 (2).jpeg,
2319,WhatsApp Image 2024-09-30 at 20_29_55.jpeg,
2320,WhatsApp Image 2024-09-30 at 20_29_56 (1).jpeg,
2321,WhatsApp Image 2024-09-30 at 20_29_56.jpeg,
2322,WhatsApp Image 2024-09-30 at 20_38_51 (2).jpeg,
2323,WhatsApp Image 2024-09-30 at 20_38_51 (3).jpeg,
2324,WhatsApp Image 2024-09-30 at 20_38_52 (1).jpeg,
2325,WhatsApp Image 2024-09-30 at 20_38_52 (3).jpeg,
2326,WhatsApp Image 2024-09-30 at 20_38_52 (5).jpeg,
2327,WhatsApp Image 2024-09-30 at 20_38_52 (6).jpeg,
2328,WhatsApp Image 2024-09-30 at 21_11_08 (1).jpeg,
2329,WhatsApp Image 2024-09-30 at 21_11_08.jpeg,
2330,WhatsApp Image 2024-09-30 at 21_11_09.jpeg,
2331,WhatsApp Image 2024-10-01 at 17_53_31.jpeg,
2332,WhatsApp Image 2024-10-01 at 18_10_48 (1).jpeg,
2333,WhatsApp Image 2024-10-01 at 18_10_48 (2).jpeg,
2334,WhatsApp Image 2024-10-01 at 18_10_49 (1).jpeg,
2335,WhatsApp Image 2024-10-01 at 18_10_49.jpeg,
2336,WhatsApp Image 2024-10-01 at 18_10_51.jpeg,
2337,WhatsApp Image 2024-10-01 at 18_10_52.jpeg,
2338,WhatsApp Image 2024-10-01 at 18_10_53.jpeg,
2339,WhatsApp Image 2024-10-01 at 18_10_55.jpeg,
2340,WhatsApp Image 2024-10-01 at 18_10_56 (1).jpeg,
2341,WhatsApp Image 2024-10-01 at 18_10_56 (2).jpeg,
2342,WhatsApp Image 2024-10-01 at 18_10_56.jpeg,
2343,WhatsApp Image 2024-10-01 at 18_10_57 (1).jpeg,
2344,WhatsApp Image 2024-10-01 at 18_10_57.jpeg,
2345,WhatsApp Image 2024-10-01 at 18_10_58 (1).jpeg,
2346,WhatsApp Image 2024-10-01 at 18_10_58 (2).jpeg,
2347,WhatsApp Image 2024-10-01 at 18_10_58.jpeg,
2348,WhatsApp Image 2024-10-01 at 18_10_59.jpeg,
2349,WhatsApp Image 2024-10-01 at 18_13_26 (1).jpeg,
2350,WhatsApp Image 2024-10-01 at 18_13_26 (2).jpeg,
2351,WhatsApp Image 2024-10-01 at 18_13_26 (3).jpeg,
2352,WhatsApp Image 2024-10-01 at 18_13_26.jpeg,
2353,WhatsApp Image 2024-10-01 at 18_13_27 (1).jpeg,
2354,WhatsApp Image 2024-10-01 at 18_13_27 (2).jpeg,
2355,WhatsApp Image 2024-10-01 at 18_13_27.jpeg,
2356,WhatsApp Image 2024-10-01 at 18_50_56 (1).jpeg,
2357,WhatsApp Image 2024-10-01 at 18_50_56 (2).jpeg,
2358,WhatsApp Image 2024-10-01 at 18_50_56.jpeg,
2359,WhatsApp Image 2024-10-01 at 18_51_59.jpeg,
2360,WhatsApp Image 2024-10-01 at 18_52_00.jpeg,
2361,WhatsApp Image 2024-10-01 at 18_52_01.jpeg,
2362,WhatsApp Image 2024-10-01 at 18_52_02 (1).jpeg,
2363,WhatsApp Image 2024-10-01 at 18_52_02.jpeg,
2364,WhatsApp Image 2024-10-01 at 18_52_03 (2).jpeg,
2365,WhatsApp Image 2024-10-01 at 18_52_04 (1).jpeg,
2366,WhatsApp Image 2024-10-01 at 18_52_04.jpeg,
2367,WhatsApp Image 2024-10-01 at 19_34_24.jpeg,
2368,WhatsApp Image 2024-10-01 at 19_34_25 (1).jpeg,
2369,WhatsApp Image 2024-10-01 at 19_34_25 (2).jpeg,
2370,WhatsApp Image 2024-10-01 at 19_34_25.jpeg,
2371,WhatsApp Image 2024-10-01 at 19_34_26 (1).jpeg,
2372,WhatsApp Image 2024-10-01 at 19_34_26.jpeg,
2373,WhatsApp Image 2024-10-01 at 19_34_27.jpeg,
2374,WhatsApp Image 2024-10-01 at 19_34_28 (1).jpeg,
2375,WhatsApp Image 2024-10-01 at 19_34_28.jpeg,
2376,WhatsApp Image 2024-10-01 at 19_45_15.jpeg,
2377,WhatsApp Image 2024-10-01 at 19_45_17 (1).jpeg,
2378,WhatsApp Image 2024-10-01 at 19_45_18 (1).jpeg,
2379,WhatsApp Image 2024-10-01 at 19_45_18 (2).jpeg,
2380,WhatsApp Image 2024-10-01 at 19_45_18.jpeg,
2381,WhatsApp Image 2024-10-01 at 19_45_20 (1).jpeg,
2382,WhatsApp Image 2024-10-01 at 19_45_20.jpeg,
2383,WhatsApp Image 2024-10-01 at 19_45_21 (1).jpeg,
2384,WhatsApp Image 2024-10-01 at 19_45_21 (2).jpeg,
2385,WhatsApp Image 2024-10-01 at 19_45_21.jpeg,
2386,WhatsApp Image 2024-10-01 at 20_35_03 (1).jpeg,
2387,WhatsApp Image 2024-10-01 at 20_35_03.jpeg,
2388,WhatsApp Image 2024-10-03 at 16_13_39.jpeg,
2389,WhatsApp Image 2024-10-03 at 16_13_42 (2).jpeg,
2390,WhatsApp Image 2024-10-03 at 16_13_42.jpeg,
2391,WhatsApp Image 2024-10-03 at 16_29_22.jpeg,
2392,WhatsApp Image 2024-10-03 at 16_29_23 (1).jpeg,
2393,WhatsApp Image 2024-10-03 at 16_29_23 (2).jpeg,
2394,WhatsApp Image 2024-10-03 at 16_29_23.jpeg,
2395,WhatsApp Image 2024-10-03 at 16_52_16.jpeg,
2396,WhatsApp Image 2024-10-03 at 16_52_20 (1).jpeg,
2397,WhatsApp Image 2024-10-03 at 16_52_20.jpeg,
2398,WhatsApp Image 2024-10-03 at 17_04_38 (1).jpeg,
2399,WhatsApp Image 2024-10-03 at 17_04_38 (2).jpeg,
2400,WhatsApp Image 2024-10-03 at 17_04_38 (4).jpeg,
2401,WhatsApp Image 2024-10-03 at 17_05_45 (1).jpeg,
2402,WhatsApp Image 2024-10-03 at 17_05_45 (2).jpeg,
2403,WhatsApp Image 2024-10-03 at 17_05_45 (3).jpeg,
2404,WhatsApp Image 2024-10-03 at 17_05_45.jpeg,
2405,WhatsApp Image 2024-10-03 at 17_05_46 (1).jpeg,
2406,WhatsApp Image 2024-10-03 at 17_05_46.jpeg,
2407,WhatsApp Image 2024-10-04 at 16_46_39 (1).jpeg,
2408,WhatsApp Image 2024-10-04 at 16_46_39.jpeg,
2409,WhatsApp Image 2024-10-04 at 16_57_03.jpeg,
2410,WhatsApp Image 2024-10-04 at 17_04_23 (1).jpeg,
2411,WhatsApp Image 2024-10-04 at 17_06_12 (1).jpeg,
2412,WhatsApp Image 2024-10-04 at 17_06_12 (2).jpeg,
2413,WhatsApp Image 2024-10-04 at 17_06_13 (1).jpeg,
2414,WhatsApp Image 2024-10-04 at 17_06_13 (2).jpeg,
2415,WhatsApp Image 2024-10-04 at 17_06_13.jpeg,
2416,WhatsApp Image 2024-10-04 at 17_22_20.jpeg,
2417,WhatsApp Image 2024-10-04 at 17_23_42.jpeg,
2418,WhatsApp Image 2024-10-04 at 17_23_43 (1).jpeg,
2419,WhatsApp Image 2024-10-04 at 17_23_43.jpeg,
2420,WhatsApp Image 2024-10-04 at 17_23_44 (1).jpeg,
2421,WhatsApp Image 2024-10-04 at 17_23_44.jpeg,
2422,WhatsApp Image 2024-10-04 at 17_50_49 (1).jpeg,
2423,WhatsApp Image 2024-10-04 at 17_50_49 (2).jpeg,
2424,WhatsApp Image 2024-10-04 at 17_50_49.jpeg,
2425,WhatsApp Image 2024-10-04 at 17_50_50 (2).jpeg,
2426,WhatsApp Image 2024-10-04 at 17_50_50.jpeg,
2427,WhatsApp Image 2024-10-04 at 19_22_49.jpeg,
2428,WhatsApp Image 2024-10-04 at 19_22_50 (1).jpeg,
2429,WhatsApp Image 2024-10-04 at 19_22_50 (2).jpeg,
2430,WhatsApp Image 2024-10-04 at 19_22_50 (3).jpeg,
2431,WhatsApp Image 2024-10-04 at 19_22_50 (4).jpeg,
2432,WhatsApp Image 2024-10-04 at 19_22_50.jpeg,
2433,WhatsApp Image 2024-10-05 at 18_20_21 (1).jpeg,
2434,WhatsApp Image 2024-10-05 at 18_20_22 (1).jpeg,
2435,WhatsApp Image 2024-10-05 at 18_20_22 (2).jpeg,
2436,WhatsApp Image 2024-10-05 at 18_20_22.jpeg,
2437,WhatsApp Image 2024-10-05 at 18_20_23.jpeg,
2438,WhatsApp Image 2024-10-05 at 19_45_50.jpeg,
2439,WhatsApp Image 2024-10-05 at 19_45_51 (1).jpeg,
2440,WhatsApp Image 2024-10-05 at 19_45_51 (2).jpeg,
2441,WhatsApp Image 2024-10-05 at 19_45_51 (3).jpeg,
2442,WhatsApp Image 2024-10-05 at 19_45_51 (4).jpeg,
2443,WhatsApp Image 2024-10-05 at 19_45_51 (5).jpeg,
2444,WhatsApp Image 2024-10-05 at 19_45_51 (6).jpeg,
2445,WhatsApp Image 2024-10-05 at 19_45_51.jpeg,
2446,WhatsApp Image 2024-10-05 at 19_51_45 (1).jpeg,
2447,WhatsApp Image 2024-10-05 at 19_51_45 (2).jpeg,
2448,WhatsApp Image 2024-10-05 at 19_51_45.jpeg,
2449,WhatsApp Image 2024-10-05 at 19_51_46 (1).jpeg,
2450,WhatsApp Image 2024-10-05 at 19_51_47 (1).jpeg,
2451,WhatsApp Image 2024-10-05 at 19_51_47 (2).jpeg,
2452,WhatsApp Image 2024-10-05 at 19_51_47.jpeg,
2453,WhatsApp Image 2024-10-05 at 19_51_48.jpeg,
2454,WhatsApp Image 2024-10-05 at 20_02_59.jpeg,
2455,WhatsApp Image 2024-10-05 at 20_03_00 (1).jpeg,
2456,WhatsApp Image 2024-10-05 at 20_03_00 (2).jpeg,
2457,WhatsApp Image 2024-10-05 at 20_03_00 (3).jpeg,
2458,WhatsApp Image 2024-10-05 at 20_03_01 (1).jpeg,
2459,WhatsApp Image 2024-10-05 at 20_03_01 (2).jpeg,
2460,WhatsApp Image 2024-10-05 at 20_03_01 (3).jpeg,
2461,WhatsApp Image 2024-10-05 at 20_03_01 (4).jpeg,
2462,WhatsApp Image 2024-10-05 at 20_03_01.jpeg,
2463,WhatsApp Image 2024-10-05 at 20_03_02 (1).jpeg,
2464,WhatsApp Image 2024-10-05 at 20_03_02.jpeg,
2465,WhatsApp Image 2024-10-05 at 20_22_47 (1).jpeg,
2466,WhatsApp Image 2024-10-05 at 20_22_47.jpeg,
2467,WhatsApp Image 2024-10-05 at 20_22_48 (1).jpeg,
2468,WhatsApp Image 2024-10-05 at 20_22_48.jpeg,
2469,WhatsApp Image 2024-10-05 at 20_27_56.jpeg,
2470,WhatsApp Image 2024-10-06 at 05_18_49.jpeg,
2471,WhatsApp Image 2024-10-06 at 05_18_50 (1).jpeg,
2472,WhatsApp Image 2024-10-06 at 05_18_50.jpeg,
2473,WhatsApp Image 2024-10-07 at 17_21_25 (1).jpeg,
2474,WhatsApp Image 2024-10-07 at 17_21_25 (2).jpeg,
2475,WhatsApp Image 2024-10-07 at 17_21_25.jpeg,
2476,WhatsApp Image 2024-10-07 at 17_21_26 (1).jpeg,
2477,WhatsApp Image 2024-10-07 at 17_21_26.jpeg,
2478,WhatsApp Image 2024-10-07 at 17_21_27.jpeg,
2479,WhatsApp Image 2024-10-07 at 17_27_05 (2).jpeg,
2480,WhatsApp Image 2024-10-07 at 17_27_05.jpeg,
2481,WhatsApp Image 2024-10-07 at 17_27_06 (1).jpeg,
2482,WhatsApp Image 2024-10-07 at 17_27_06 (2).jpeg,
2483,WhatsApp Image 2024-10-07 at 17_27_06.jpeg,
2484,WhatsApp Image 2024-10-07 at 17_27_07 (1).jpeg,
2485,WhatsApp Image 2024-10-07 at 17_27_07.jpeg,
2486,WhatsApp Image 2024-10-07 at 18_28_14 (1).jpeg,
2487,WhatsApp Image 2024-10-07 at 18_28_14 (2).jpeg,
2488,WhatsApp Image 2024-10-07 at 18_28_14 (3).jpeg,
2489,WhatsApp Image 2024-10-07 at 18_28_14 (5).jpeg,
2490,WhatsApp Image 2024-10-07 at 18_28_14 (6).jpeg,
2491,WhatsApp Image 2024-10-07 at 18_28_14.jpeg,
2492,WhatsApp Image 2024-10-07 at 18_28_15 (1).jpeg,
2493,WhatsApp Image 2024-10-07 at 18_28_15.jpeg,
2494,WhatsApp Image 2024-10-07 at 18_50_31 (1).jpeg,
2495,WhatsApp Image 2024-10-07 at 18_50_32 (1).jpeg,
2496,WhatsApp Image 2024-10-07 at 18_50_33 (1).jpeg,
2497,WhatsApp Image 2024-10-07 at 18_50_33.jpeg,
2498,WhatsApp Image 2024-10-07 at 18_50_34 (1).jpeg,
2499,WhatsApp Image 2024-10-07 at 18_50_34.jpeg,
2500,WhatsApp Image 2024-10-07 at 19_25_54 (1).jpeg,
2501,WhatsApp Image 2024-10-07 at 19_25_54.jpeg,
2502,WhatsApp Image 2024-10-07 at 19_25_55 (1).jpeg,
2503,WhatsApp Image 2024-10-07 at 19_25_55 (2).jpeg,
2504,WhatsApp Image 2024-10-07 at 19_25_55.jpeg,
2505,WhatsApp Image 2024-10-07 at 19_25_56 (1).jpeg,
2506,WhatsApp Image 2024-10-07 at 19_25_56.jpeg,
2507,WhatsApp Image 2024-10-07 at 19_28_39.jpeg,
2508,WhatsApp Image 2024-10-07 at 19_28_40 (1).jpeg,
2509,WhatsApp Image 2024-10-07 at 19_28_40.jpeg,
2510,WhatsApp Image 2024-10-07 at 19_28_41 (1).jpeg,
2511,WhatsApp Image 2024-10-07 at 19_28_41.jpeg,
2512,WhatsApp Image 2024-10-07 at 20_38_39.jpeg,
2513,WhatsApp Image 2024-10-07 at 20_38_40 (1).jpeg,
2514,WhatsApp Image 2024-10-07 at 20_38_40 (2).jpeg,
2515,WhatsApp Image 2024-10-07 at 20_38_40 (3).jpeg,
2516,WhatsApp Image 2024-10-07 at 20_38_41 (1).jpeg,
2517,WhatsApp Image 2024-10-07 at 20_38_41.jpeg,
2518,WhatsApp Image 2024-10-08 at 17_51_55 (1).jpeg,
2519,WhatsApp Image 2024-10-08 at 17_51_55 (2).jpeg,
2520,WhatsApp Image 2024-10-08 at 17_51_55 (3).jpeg,
2521,WhatsApp Image 2024-10-08 at 17_51_55 (4).jpeg,
2522,WhatsApp Image 2024-10-08 at 17_51_55 (5).jpeg,
2523,WhatsApp Image 2024-10-08 at 18_09_57.jpeg,
2524,WhatsApp Image 2024-10-08 at 18_10_02 (1).jpeg,
2525,WhatsApp Image 2024-10-08 at 18_10_04 (1).jpeg,
2526,WhatsApp Image 2024-10-08 at 18_10_04 (2).jpeg,
2527,WhatsApp Image 2024-10-08 at 18_10_04.jpeg,
2528,WhatsApp Image 2024-10-08 at 18_10_05 (3).jpeg,
2529,WhatsApp Image 2024-10-08 at 18_10_05.jpeg,
2530,WhatsApp Image 2024-10-08 at 18_25_35.jpeg,
2531,WhatsApp Image 2024-10-08 at 18_25_36 (1).jpeg,
2532,WhatsApp Image 2024-10-08 at 18_25_36 (2).jpeg,
2533,WhatsApp Image 2024-10-08 at 18_25_36.jpeg,
2534,WhatsApp Image 2024-10-08 at 18_25_37 (1).jpeg,
2535,WhatsApp Image 2024-10-08 at 18_25_37.jpeg,
2536,WhatsApp Image 2024-10-08 at 18_25_38 (2).jpeg,
2537,WhatsApp Image 2024-10-08 at 18_25_38.jpeg,
2538,WhatsApp Image 2024-10-08 at 18_25_40.jpeg,
2539,WhatsApp Image 2024-10-08 at 18_25_41.jpeg,
2540,WhatsApp Image 2024-10-08 at 18_35_34.jpeg,
2541,WhatsApp Image 2024-10-08 at 18_35_35.jpeg,
2542,WhatsApp Image 2024-10-08 at 19_52_18 (1).jpeg,
2543,WhatsApp Image 2024-10-08 at 19_52_18.jpeg,
2544,WhatsApp Image 2024-10-08 at 19_52_19 (1).jpeg,
2545,WhatsApp Image 2024-10-08 at 19_52_19.jpeg,
2546,WhatsApp Image 2024-10-08 at 19_52_23 (1).jpeg,
2547,WhatsApp Image 2024-10-08 at 19_52_23.jpeg,
2548,WhatsApp Image 2024-10-08 at 19_52_24.jpeg,
2549,WhatsApp Image 2024-10-08 at 20_11_43 (1).jpeg,
2550,WhatsApp Image 2024-10-08 at 20_11_43.jpeg,
2551,WhatsApp Image 2024-10-09 at 17_27_10.jpeg,
2552,WhatsApp Image 2024-10-09 at 17_27_11 (1).jpeg,
2553,WhatsApp Image 2024-10-09 at 17_27_11 (2).jpeg,
2554,WhatsApp Image 2024-10-09 at 17_27_12.jpeg,
2555,WhatsApp Image 2024-10-09 at 17_27_13 (1).jpeg,
2556,WhatsApp Image 2024-10-09 at 17_27_14 (1).jpeg,
2557,WhatsApp Image 2024-10-09 at 17_27_14.jpeg,
2558,WhatsApp Image 2024-10-09 at 17_28_18.jpeg,
2559,WhatsApp Image 2024-10-09 at 17_28_22 (1).jpeg,
2560,WhatsApp Image 2024-10-09 at 17_28_22 (2).jpeg,
2561,WhatsApp Image 2024-10-09 at 17_28_22 (3).jpeg,
2562,WhatsApp Image 2024-10-09 at 17_28_22.jpeg,
2563,WhatsApp Image 2024-10-09 at 17_28_23.jpeg,
2564,WhatsApp Image 2024-10-09 at 17_59_36 (2).jpeg,
2565,WhatsApp Image 2024-10-09 at 17_59_36.jpeg,
2566,WhatsApp Image 2024-10-09 at 17_59_37 (2).jpeg,
2567,WhatsApp Image 2024-10-09 at 17_59_37 (5).jpeg,
2568,WhatsApp Image 2024-10-09 at 18_40_19 (1).jpeg,
2569,WhatsApp Image 2024-10-09 at 18_40_19 (2).jpeg,
2570,WhatsApp Image 2024-10-09 at 18_40_19.jpeg,
2571,WhatsApp Image 2024-10-09 at 18_40_20 (1).jpeg,
2572,WhatsApp Image 2024-10-09 at 18_40_20 (2).jpeg,
2573,WhatsApp Image 2024-10-09 at 18_40_20 (3).jpeg,
2574,WhatsApp Image 2024-10-09 at 18_40_20.jpeg,
2575,WhatsApp Image 2024-10-09 at 19_20_29 (1).jpeg,
2576,WhatsApp Image 2024-10-09 at 19_20_30 (1).jpeg,
2577,WhatsApp Image 2024-10-09 at 19_20_30 (2).jpeg,
2578,WhatsApp Image 2024-10-09 at 19_20_30.jpeg,
2579,WhatsApp Image 2024-10-09 at 19_52_31 (1).jpeg,
2580,WhatsApp Image 2024-10-09 at 19_52_31 (2).jpeg,
2581,WhatsApp Image 2024-10-09 at 19_52_32 (1).jpeg,
2582,WhatsApp Image 2024-10-09 at 19_52_32.jpeg,
2583,WhatsApp Image 2024-10-09 at 19_52_33.jpeg,
2584,WhatsApp Image 2024-10-09 at 19_52_34.jpeg,
2585,WhatsApp Image 2024-10-10 at 17_13_08 (1).jpeg,
2586,WhatsApp Image 2024-10-10 at 17_13_08 (2).jpeg,
2587,WhatsApp Image 2024-10-10 at 17_13_08.jpeg,
2588,WhatsApp Image 2024-10-10 at 17_13_09 (1).jpeg,
2589,WhatsApp Image 2024-10-10 at 17_13_09.jpeg,
2590,WhatsApp Image 2024-10-10 at 18_06_06.jpeg,
2591,WhatsApp Image 2024-10-10 at 18_06_07 (1).jpeg,
2592,WhatsApp Image 2024-10-10 at 18_06_08.jpeg,
2593,WhatsApp Image 2024-10-10 at 18_06_10 (1).jpeg,
2594,WhatsApp Image 2024-10-10 at 18_06_10 (2).jpeg,
2595,WhatsApp Image 2024-10-10 at 18_06_10 (3).jpeg,
2596,WhatsApp Image 2024-10-10 at 18_06_10.jpeg,
2597,WhatsApp Image 2024-10-10 at 18_21_27 (1).jpeg,
2598,WhatsApp Image 2024-10-10 at 18_21_27.jpeg,
2599,WhatsApp Image 2024-10-10 at 18_21_28.jpeg,
2600,WhatsApp Image 2024-10-10 at 18_21_29.jpeg,
2601,WhatsApp Image 2024-10-10 at 18_31_22 (1).jpeg,
2602,WhatsApp Image 2024-10-10 at 18_31_22.jpeg,
2603,WhatsApp Image 2024-10-10 at 18_31_23 (2).jpeg,
2604,WhatsApp Image 2024-10-10 at 18_31_23.jpeg,
2605,WhatsApp Image 2024-10-10 at 18_32_43.jpeg,
2606,WhatsApp Image 2024-10-10 at 20_06_49 (2).jpeg,
2607,WhatsApp Image 2024-10-10 at 20_06_49.jpeg,
2608,WhatsApp Image 2024-10-10 at 20_07_04 (1).jpeg,
2609,WhatsApp Image 2024-10-10 at 20_07_04 (2).jpeg,
2610,WhatsApp Image 2024-10-10 at 20_07_05 (1).jpeg,
2611,WhatsApp Image 2024-10-10 at 20_07_05 (2).jpeg,
2612,WhatsApp Image 2024-10-10 at 20_07_05.jpeg,
2613,WhatsApp Image 2024-10-11 at 19_32_45 (2).jpeg,
2614,WhatsApp Image 2024-10-11 at 19_32_46.jpeg,
2615,WhatsApp Image 2024-10-11 at 20_21_02 (1).jpeg,
2616,WhatsApp Image 2024-10-11 at 20_21_02.jpeg,
2617,WhatsApp Image 2024-10-11 at 21_25_33 (1).jpeg,
2618,WhatsApp Image 2024-10-11 at 21_25_33.jpeg,
2619,WhatsApp Image 2024-10-11 at 21_25_34 (1).jpeg,
2620,WhatsApp Image 2024-10-11 at 21_25_34.jpeg,
2621,WhatsApp Image 2024-10-11 at 21_25_35.jpeg,
2622,WhatsApp Image 2024-10-11 at 21_25_36.jpeg,
2623,WhatsApp Image 2024-10-11 at 21_25_37.jpeg,
2624,WhatsApp Image 2024-10-11 at 21_25_39 (1).jpeg,
2625,WhatsApp Image 2024-10-11 at 21_25_39.jpeg,
2626,WhatsApp Image 2024-10-11 at 21_25_40 (1).jpeg,
2627,WhatsApp Image 2024-10-11 at 21_25_41.jpeg,
2628,WhatsApp Image 2024-10-11 at 21_25_42 (1).jpeg,
2629,WhatsApp Image 2024-10-11 at 21_25_42.jpeg,
2630,WhatsApp Image 2024-10-11 at 21_37_55 (1).jpeg,
2631,WhatsApp Image 2024-10-11 at 21_37_55 (2).jpeg,
2632,WhatsApp Image 2024-10-11 at 21_37_55.jpeg,
2633,WhatsApp Image 2024-10-11 at 21_37_56 (2).jpeg,
2634,WhatsApp Image 2024-10-11 at 21_37_56 (3).jpeg,
2635,WhatsApp Image 2024-10-11 at 21_37_57 (1).jpeg,
2636,WhatsApp Image 2024-10-11 at 21_37_57 (2).jpeg,
2637,WhatsApp Image 2024-10-11 at 21_37_57.jpeg,
2638,WhatsApp Image 2024-10-11 at 21_37_58.jpeg,
2639,WhatsApp Image 2024-10-12 at 14_45_42.jpeg,
2640,WhatsApp Image 2024-10-12 at 14_45_43 (2).jpeg,
2641,WhatsApp Image 2024-10-12 at 14_45_43.jpeg,
2642,WhatsApp Image 2024-10-12 at 21_02_47 (1).jpeg,
2643,WhatsApp Image 2024-10-12 at 21_02_47.jpeg,
2644,WhatsApp Image 2024-10-14 at 17_54_56 (1).jpeg,
2645,WhatsApp Image 2024-10-14 at 17_54_56.jpeg,
2646,WhatsApp Image 2024-10-14 at 17_54_57 (1).jpeg,
2647,WhatsApp Image 2024-10-14 at 17_54_57.jpeg,
2648,WhatsApp Image 2024-10-14 at 17_54_58 (1).jpeg,
2649,WhatsApp Image 2024-10-14 at 17_54_58.jpeg,
2650,WhatsApp Image 2024-10-14 at 19_05_29.jpeg,
2651,WhatsApp Image 2024-10-14 at 19_05_34.jpeg,
2652,WhatsApp Image 2024-10-14 at 19_05_37.jpeg,
2653,WhatsApp Image 2024-10-14 at 19_16_19.jpeg,
2654,WhatsApp Image 2024-10-14 at 19_16_20.jpeg,
2655,WhatsApp Image 2024-10-14 at 20_21_09.jpeg,
2656,WhatsApp Image 2024-10-14 at 20_21_10.jpeg,
2657,WhatsApp Image 2024-10-14 at 20_21_11 (2).jpeg,
2658,WhatsApp Image 2024-10-15 at 17_40_07.jpeg,
2659,WhatsApp Image 2024-10-15 at 17_40_08 (3).jpeg,
2660,WhatsApp Image 2024-10-15 at 17_40_08.jpeg,
2661,WhatsApp Image 2024-10-15 at 17_40_09 (1).jpeg,
2662,WhatsApp Image 2024-10-15 at 17_40_09.jpeg,
2663,WhatsApp Image 2024-10-15 at 17_40_10.jpeg,
2664,WhatsApp Image 2024-10-15 at 17_49_53 (1).jpeg,
2665,WhatsApp Image 2024-10-15 at 17_49_53 (2).jpeg,
2666,WhatsApp Image 2024-10-15 at 17_49_53.jpeg,
2667,WhatsApp Image 2024-10-15 at 17_49_54.jpeg,
2668,WhatsApp Image 2024-10-15 at 18_08_56.jpeg,
2669,WhatsApp Image 2024-10-15 at 18_08_57 (1).jpeg,
2670,WhatsApp Image 2024-10-15 at 18_08_57 (2).jpeg,
2671,WhatsApp Image 2024-10-15 at 18_08_57 (4).jpeg,
2672,WhatsApp Image 2024-10-15 at 18_08_58.jpeg,
2673,WhatsApp Image 2024-10-15 at 21_01_29 (1).jpeg,
2674,WhatsApp Image 2024-10-16 at 16_59_50 (1).jpeg,
2675,WhatsApp Image 2024-10-16 at 16_59_50.jpeg,
2676,WhatsApp Image 2024-10-16 at 16_59_51.jpeg,
2677,WhatsApp Image 2024-10-16 at 16_59_52 (1).jpeg,
2678,WhatsApp Image 2024-10-16 at 16_59_52.jpeg,
2679,WhatsApp Image 2024-10-16 at 19_25_48.jpeg,
2680,WhatsApp Image 2024-10-16 at 19_25_49 (4).jpeg,
2681,WhatsApp Image 2024-10-16 at 20_19_14.jpeg,
2682,WhatsApp Image 2024-10-16 at 20_19_15 (1).jpeg,
2683,WhatsApp Image 2024-10-16 at 20_19_15.jpeg,
2684,WhatsApp Image 2024-10-16 at 20_19_16 (1).jpeg,
2685,WhatsApp Image 2024-10-16 at 20_19_16.jpeg,
2686,WhatsApp Image 2024-10-16 at 20_19_17 (1).jpeg,
2687,WhatsApp Image 2024-10-16 at 20_19_17.jpeg,
2688,WhatsApp Image 2024-10-16 at 20_19_18.jpeg,
2689,WhatsApp Image 2024-10-17 at 20_26_14 (1).jpeg,
2690,WhatsApp Image 2024-10-17 at 20_26_14.jpeg,
2691,WhatsApp Image 2024-10-17 at 20_26_15 (1).jpeg,
2692,WhatsApp Image 2024-10-17 at 21_15_28 (1).jpeg,
2693,WhatsApp Image 2024-10-17 at 21_15_28 (2).jpeg,
2694,WhatsApp Image 2024-10-17 at 21_15_28.jpeg,
2695,WhatsApp Image 2024-10-17 at 21_15_29 (1).jpeg,
2696,WhatsApp Image 2024-10-17 at 21_15_29.jpeg,
2697,WhatsApp Image 2024-10-17 at 21_15_30 (1).jpeg,
2698,WhatsApp Image 2024-10-17 at 21_15_30 (2).jpeg,
2699,WhatsApp Image 2024-10-17 at 21_15_30.jpeg,
2700,WhatsApp Image 2024-10-17 at 21_15_31.jpeg,
2701,WhatsApp Image 2024-10-17 at 21_15_32.jpeg,
2702,WhatsApp Image 2024-10-17 at 21_54_20.jpeg,
2703,WhatsApp Image 2024-10-18 at 17_51_43.jpeg,
2704,WhatsApp Image 2024-10-18 at 17_51_44 (1).jpeg,
2705,WhatsApp Image 2024-10-18 at 17_51_44 (2).jpeg,
2706,WhatsApp Image 2024-10-18 at 17_51_44 (3).jpeg,
2707,WhatsApp Image 2024-10-18 at 17_51_44 (4).jpeg,
2708,WhatsApp Image 2024-10-18 at 17_51_45 (2).jpeg,
2709,WhatsApp Image 2024-10-18 at 17_51_45.jpeg,
2710,WhatsApp Image 2024-10-18 at 17_51_46 (1).jpeg,
2711,WhatsApp Image 2024-10-18 at 17_51_46 (2).jpeg,
2712,WhatsApp Image 2024-10-18 at 17_51_46.jpeg,
2713,WhatsApp Image 2024-10-18 at 17_51_47 (1).jpeg,
2714,WhatsApp Image 2024-10-18 at 17_51_47 (2).jpeg,
2715,WhatsApp Image 2024-10-18 at 18_15_33 (1).jpeg,
2716,WhatsApp Image 2024-10-18 at 18_15_33.jpeg,
2717,WhatsApp Image 2024-10-18 at 18_15_34.jpeg,
2718,WhatsApp Image 2024-10-18 at 19_45_22 (1).jpeg,
2719,WhatsApp Image 2024-10-18 at 19_45_22.jpeg,
2720,WhatsApp Image 2024-10-18 at 19_45_23 (1).jpeg,
2721,WhatsApp Image 2024-10-18 at 19_45_23 (2).jpeg,
2722,WhatsApp Image 2024-10-18 at 19_45_23.jpeg,
2723,WhatsApp Image 2024-10-18 at 22_10_06 (2).jpeg,
2724,WhatsApp Image 2024-10-18 at 22_10_07 (1).jpeg,
2725,WhatsApp Image 2024-10-18 at 22_10_08 (1).jpeg,
2726,WhatsApp Image 2024-10-18 at 22_26_24.jpeg,
2727,WhatsApp Image 2024-10-18 at 22_26_25 (1).jpeg,
2728,WhatsApp Image 2024-10-18 at 22_26_25.jpeg,
2729,WhatsApp Image 2024-10-18 at 22_26_27 (1).jpeg,
2730,WhatsApp Image 2024-10-18 at 22_26_28 (1).jpeg,
2731,WhatsApp Image 2024-10-18 at 22_26_28 (2).jpeg,
2732,WhatsApp Image 2024-10-18 at 22_26_28.jpeg,
2733,WhatsApp Image 2024-10-18 at 22_26_29.jpeg,
2734,WhatsApp Image 2024-10-18 at 22_29_55.jpeg,
2735,WhatsApp Image 2024-10-18 at 22_29_56 (1).jpeg,
2736,WhatsApp Image 2024-10-18 at 22_29_56.jpeg,
2737,WhatsApp Image 2024-10-18 at 22_29_57.jpeg,
2738,WhatsApp Image 2024-10-18 at 22_29_58 (2).jpeg,
2739,WhatsApp Image 2024-10-18 at 22_29_59.jpeg,
2740,WhatsApp Image 2024-10-18 at 22_51_14 (1).jpeg,
2741,WhatsApp Image 2024-10-18 at 22_51_14 (3).jpeg,
2742,WhatsApp Image 2024-10-21 at 18_22_53 (1).jpeg,
2743,WhatsApp Image 2024-10-21 at 18_22_53 (2).jpeg,
2744,WhatsApp Image 2024-10-21 at 18_22_53 (3).jpeg,
2745,WhatsApp Image 2024-10-21 at 18_22_53.jpeg,
2746,WhatsApp Image 2024-10-21 at 20_01_50 (1).jpeg,
2747,WhatsApp Image 2024-10-21 at 20_01_51 (2).jpeg,
2748,WhatsApp Image 2024-10-21 at 20_01_52 (1).jpeg,
2749,WhatsApp Image 2024-10-21 at 20_01_52 (2).jpeg,
2750,WhatsApp Image 2024-10-21 at 20_01_52.jpeg,
2751,WhatsApp Image 2024-10-21 at 20_35_11 (1).jpeg,
2752,WhatsApp Image 2024-10-21 at 20_35_11 (2).jpeg,
2753,WhatsApp Image 2024-10-21 at 20_35_11.jpeg,
2754,WhatsApp Image 2024-10-21 at 20_35_12 (1).jpeg,
2755,WhatsApp Image 2024-10-21 at 20_35_12.jpeg,
2756,WhatsApp Image 2024-10-21 at 20_35_13 (1).jpeg,
2757,WhatsApp Image 2024-10-21 at 20_35_14 (1).jpeg,
2758,WhatsApp Image 2024-10-21 at 20_35_14.jpeg,
2759,WhatsApp Image 2024-10-21 at 21_09_26 (1).jpeg,
2760,WhatsApp Image 2024-10-21 at 21_09_26 (2).jpeg,
2761,WhatsApp Image 2024-10-21 at 21_09_26.jpeg,
2762,WhatsApp Image 2024-10-21 at 21_09_27 (3).jpeg,
2763,WhatsApp Image 2024-10-21 at 21_09_28.jpeg,
2764,WhatsApp Image 2024-10-22 at 18_33_22.jpeg,
2765,WhatsApp Image 2024-10-22 at 18_33_23 (1).jpeg,
2766,WhatsApp Image 2024-10-22 at 18_33_23 (3).jpeg,
2767,WhatsApp Image 2024-10-22 at 18_33_23.jpeg,
2768,WhatsApp Image 2024-10-22 at 19_53_43.jpeg,
2769,WhatsApp Image 2024-10-22 at 19_56_48.jpeg,
2770,WhatsApp Image 2024-10-22 at 19_56_49.jpeg,
2771,WhatsApp Image 2024-10-22 at 20_11_26.jpeg,
2772,WhatsApp Image 2024-10-22 at 20_11_33 (1).jpeg,
2773,WhatsApp Image 2024-10-22 at 20_11_33.jpeg,
2774,WhatsApp Image 2024-10-22 at 20_11_34 (1).jpeg,
2775,WhatsApp Image 2024-10-22 at 20_11_34 (2).jpeg,
2776,WhatsApp Image 2024-10-22 at 20_11_34.jpeg,
2777,WhatsApp Image 2024-10-22 at 20_11_35 (1).jpeg,
2778,WhatsApp Image 2024-10-22 at 20_11_35 (2).jpeg,
2779,WhatsApp Image 2024-10-22 at 20_11_35.jpeg,
2780,WhatsApp Image 2024-10-22 at 20_11_36 (1).jpeg,
2781,WhatsApp Image 2024-10-22 at 20_11_36 (2).jpeg,
2782,WhatsApp Image 2024-10-22 at 20_11_36.jpeg,
2783,WhatsApp Image 2024-10-22 at 20_11_37 (1).jpeg,
2784,WhatsApp Image 2024-10-22 at 20_11_37 (2).jpeg,
2785,WhatsApp Image 2024-10-22 at 20_11_37.jpeg,
2786,WhatsApp Image 2024-10-22 at 20_11_38.jpeg,
2787,WhatsApp Image 2024-10-23 at 18_44_47.jpeg,
2788,WhatsApp Image 2024-10-23 at 18_44_49 (1).jpeg,
2789,WhatsApp Image 2024-10-23 at 18_44_49 (2).jpeg,
2790,WhatsApp Image 2024-10-23 at 18_44_49 (3).jpeg,
2791,WhatsApp Image 2024-10-23 at 19_18_30 (1).jpeg,
2792,WhatsApp Image 2024-10-23 at 19_18_31 (1).jpeg,
2793,WhatsApp Image 2024-10-23 at 19_18_33 (1).jpeg,
2794,WhatsApp Image 2024-10-23 at 19_18_33.jpeg,
2795,WhatsApp Image 2024-10-23 at 20_54_07.jpeg,
2796,WhatsApp Image 2024-10-23 at 20_54_28 (1).jpeg,
2797,WhatsApp Image 2024-10-23 at 20_54_28.jpeg,
2798,WhatsApp Image 2024-10-23 at 20_54_29 (1).jpeg,
2799,WhatsApp Image 2024-10-23 at 20_54_29 (2).jpeg,
2800,WhatsApp Image 2024-10-23 at 20_54_29.jpeg,
2801,WhatsApp Image 2024-10-23 at 20_54_30.jpeg,
2802,WhatsApp Image 2024-10-23 at 20_54_37 (1).jpeg,
2803,WhatsApp Image 2024-10-23 at 20_54_37.jpeg,
2804,WhatsApp Image 2024-10-23 at 20_54_43 (2).jpeg,
2805,WhatsApp Image 2024-10-23 at 20_54_43.jpeg,
2806,WhatsApp Image 2024-10-23 at 20_54_45 (1).jpeg,
2807,WhatsApp Image 2024-10-23 at 20_54_45.jpeg,
2808,WhatsApp Image 2024-10-23 at 21_00_52.jpeg,
2809,WhatsApp Image 2024-10-23 at 21_00_53 (1).jpeg,
2810,WhatsApp Image 2024-10-23 at 21_00_53.jpeg,
2811,WhatsApp Image 2024-10-23 at 21_07_15 (1).jpeg,
2812,WhatsApp Image 2024-10-23 at 21_07_15.jpeg,
2813,WhatsApp Image 2024-10-23 at 21_07_16 (1).jpeg,
2814,WhatsApp Image 2024-10-23 at 21_07_16.jpeg,
2815,WhatsApp Image 2024-10-23 at 21_07_17 (1).jpeg,
2816,WhatsApp Image 2024-10-23 at 21_07_17.jpeg,
2817,WhatsApp Image 2024-10-24 at 19_27_41 (1).jpeg,
2818,WhatsApp Image 2024-10-24 at 19_27_41.jpeg,
2819,WhatsApp Image 2024-10-24 at 19_27_42 (1).jpeg,
2820,WhatsApp Image 2024-10-24 at 19_27_42 (2).jpeg,
2821,WhatsApp Image 2024-10-24 at 19_37_18 (1).jpeg,
2822,WhatsApp Image 2024-10-24 at 19_37_18.jpeg,
2823,WhatsApp Image 2024-10-24 at 19_37_19 (1).jpeg,
2824,WhatsApp Image 2024-10-24 at 19_37_19 (2).jpeg,
2825,WhatsApp Image 2024-10-24 at 19_37_19.jpeg,
2826,WhatsApp Image 2024-10-24 at 19_37_20 (1).jpeg,
2827,WhatsApp Image 2024-10-24 at 19_37_20.jpeg,
2828,WhatsApp Image 2024-10-24 at 19_37_21 (1).jpeg,
2829,WhatsApp Image 2024-10-24 at 19_37_21 (2).jpeg,
2830,WhatsApp Image 2024-10-24 at 19_37_21.jpeg,
2831,WhatsApp Image 2024-10-24 at 19_37_22 (1).jpeg,
2832,WhatsApp Image 2024-10-24 at 19_37_22 (2).jpeg,
2833,WhatsApp Image 2024-10-24 at 19_37_22.jpeg,
2834,WhatsApp Image 2024-10-24 at 20_16_32.jpeg,
2835,WhatsApp Image 2024-10-24 at 20_16_33 (1).jpeg,
2836,WhatsApp Image 2024-10-24 at 20_16_33 (2).jpeg,
2837,WhatsApp Image 2024-10-24 at 20_16_33.jpeg,
2838,WhatsApp Image 2024-10-24 at 20_16_34 (1).jpeg,
2839,WhatsApp Image 2024-10-24 at 20_16_34 (2).jpeg,
2840,WhatsApp Image 2024-10-24 at 20_16_34.jpeg,
2841,WhatsApp Image 2024-10-24 at 20_16_35.jpeg,
2842,WhatsApp Image 2024-10-24 at 20_18_57.jpeg,
2843,WhatsApp Image 2024-10-24 at 20_18_58.jpeg,
2844,WhatsApp Image 2024-10-24 at 20_21_19 (1).jpeg,
2845,WhatsApp Image 2024-10-24 at 20_21_19.jpeg,
2846,WhatsApp Image 2024-10-24 at 20_21_20.jpeg,
2847,WhatsApp Image 2024-10-24 at 20_21_22.jpeg,
2848,WhatsApp Image 2024-10-24 at 20_21_25.jpeg,
2849,WhatsApp Image 2024-10-25 at 17_47_32 (1).jpeg,
2850,WhatsApp Image 2024-10-25 at 17_47_32 (2).jpeg,
2851,WhatsApp Image 2024-10-25 at 17_47_32.jpeg,
2852,WhatsApp Image 2024-10-25 at 17_48_21.jpeg,
2853,WhatsApp Image 2024-10-25 at 17_48_22 (1).jpeg,
2854,WhatsApp Image 2024-10-25 at 17_48_22.jpeg,
2855,WhatsApp Image 2024-10-25 at 17_48_23 (1).jpeg,
2856,WhatsApp Image 2024-10-28 at 18_17_16.jpeg,
2857,WhatsApp Image 2024-10-28 at 18_17_17 (1).jpeg,
2858,WhatsApp Image 2024-10-28 at 18_17_17.jpeg,
2859,WhatsApp Image 2024-10-28 at 18_17_18 (1).jpeg,
2860,WhatsApp Image 2024-10-28 at 18_17_18 (2).jpeg,
2861,WhatsApp Image 2024-10-28 at 19_26_16 (1).jpeg,
2862,WhatsApp Image 2024-10-28 at 19_26_16 (2).jpeg,
2863,WhatsApp Image 2024-10-28 at 19_26_16 (4).jpeg,
2864,WhatsApp Image 2024-10-28 at 19_26_16 (5).jpeg,
2865,WhatsApp Image 2024-10-28 at 19_26_16.jpeg,
2866,WhatsApp Image 2024-10-28 at 19_26_17 (4).jpeg,
2867,WhatsApp Image 2024-10-28 at 19_26_17 (5).jpeg,
2868,WhatsApp Image 2024-10-28 at 20_56_33 (1).jpeg,
2869,WhatsApp Image 2024-10-29 at 18_30_15 (2).jpeg,
2870,WhatsApp Image 2024-10-29 at 18_30_15 (5).jpeg,
2871,WhatsApp Image 2024-10-29 at 18_30_16 (1).jpeg,
2872,WhatsApp Image 2024-10-29 at 18_30_16 (2).jpeg,
2873,WhatsApp Image 2024-10-29 at 18_30_16 (3).jpeg,
2874,WhatsApp Image 2024-10-29 at 18_30_16 (4).jpeg,
2875,WhatsApp Image 2024-10-29 at 18_30_16 (5).jpeg,
2876,WhatsApp Image 2024-10-29 at 18_30_16 (6).jpeg,
2877,WhatsApp Image 2024-10-29 at 18_30_16.jpeg,
2878,WhatsApp Image 2024-10-29 at 19_23_50 (1).jpeg,
2879,WhatsApp Image 2024-10-29 at 19_23_51 (1).jpeg,
2880,WhatsApp Image 2024-10-29 at 19_23_51 (2).jpeg,
2881,WhatsApp Image 2024-10-29 at 19_23_51.jpeg,
2882,WhatsApp Image 2024-10-29 at 19_23_52.jpeg,
2883,WhatsApp Image 2024-10-29 at 19_38_13 (3).jpeg,
2884,WhatsApp Image 2024-10-29 at 19_38_13 (4).jpeg,
2885,WhatsApp Image 2024-10-29 at 19_38_14 (1).jpeg,
2886,WhatsApp Image 2024-10-29 at 19_38_14 (2).jpeg,
2887,WhatsApp Image 2024-10-29 at 19_38_14.jpeg,
2888,WhatsApp Image 2024-10-29 at 19_54_06.jpeg,
2889,WhatsApp Image 2024-10-29 at 19_54_07.jpeg,
2890,WhatsApp Image 2024-10-29 at 19_55_00.jpeg,
2891,WhatsApp Image 2024-10-29 at 19_55_03.jpeg,
2892,WhatsApp Image 2024-10-29 at 19_55_08.jpeg,
2893,WhatsApp Image 2024-10-29 at 19_55_11.jpeg,
2894,WhatsApp Image 2024-10-29 at 19_55_13.jpeg,
2895,WhatsApp Image 2024-10-29 at 19_55_15.jpeg,
2896,WhatsApp Image 2024-10-29 at 19_55_17 (1).jpeg,
2897,WhatsApp Image 2024-10-29 at 19_55_18 (1).jpeg,
2898,WhatsApp Image 2024-10-29 at 19_55_19 (1).jpeg,
2899,WhatsApp Image 2024-10-29 at 19_55_19 (2).jpeg,
2900,WhatsApp Image 2024-10-29 at 19_55_19.jpeg,
2901,WhatsApp Image 2024-10-29 at 19_55_20.jpeg,
2902,WhatsApp Image 2024-10-29 at 19_55_21.jpeg,
2903,WhatsApp Image 2024-10-29 at 19_55_24.jpeg,
2904,WhatsApp Image 2024-10-29 at 19_55_27.jpeg,
2905,WhatsApp Image 2024-10-29 at 19_55_29.jpeg,
2906,WhatsApp Image 2024-10-29 at 19_55_34 (1).jpeg,
2907,WhatsApp Image 2024-10-29 at 19_55_35.jpeg,
2908,WhatsApp Image 2024-10-29 at 19_55_36.jpeg,
2909,WhatsApp Image 2024-10-29 at 19_55_37.jpeg,
2910,WhatsApp Image 2024-10-30 at 19_20_30.jpeg,
2911,WhatsApp Image 2024-10-30 at 19_20_31.jpeg,
2912,WhatsApp Image 2024-10-30 at 19_20_32.jpeg,
2913,WhatsApp Image 2024-10-30 at 19_20_33.jpeg,
2914,WhatsApp Image 2024-10-30 at 19_20_34.jpeg,
2915,WhatsApp Image 2024-10-31 at 17_11_11.jpeg,
2916,WhatsApp Image 2024-10-31 at 17_11_13 (3).jpeg,
2917,WhatsApp Image 2024-10-31 at 17_11_14 (2).jpeg,
2918,WhatsApp Image 2024-10-31 at 17_11_14 (3).jpeg,
2919,WhatsApp Image 2024-10-31 at 17_11_15 (2).jpeg,
2920,WhatsApp Image 2024-10-31 at 17_11_15 (3).jpeg,
2921,WhatsApp Image 2024-10-31 at 17_11_16.jpeg,
2922,WhatsApp Image 2024-10-31 at 17_26_25.jpeg,
2923,WhatsApp Image 2024-10-31 at 17_31_21.jpeg,
2924,WhatsApp Image 2024-10-31 at 17_31_22 (1).jpeg,
2925,WhatsApp Image 2024-10-31 at 17_31_22 (2).jpeg,
2926,WhatsApp Image 2024-10-31 at 17_31_22 (3).jpeg,
2927,WhatsApp Image 2024-10-31 at 17_31_22 (4).jpeg,
2928,WhatsApp Image 2024-10-31 at 17_31_22 (5).jpeg,
2929,WhatsApp Image 2024-10-31 at 17_31_22 (6).jpeg,
2930,WhatsApp Image 2024-10-31 at 17_31_22 (7).jpeg,
2931,WhatsApp Image 2024-10-31 at 17_31_22 (8).jpeg,
2932,WhatsApp Image 2024-10-31 at 17_31_23 (1).jpeg,
2933,WhatsApp Image 2024-10-31 at 17_31_23.jpeg,
2934,WhatsApp Image 2024-10-31 at 18_20_00.jpeg,
2935,WhatsApp Image 2024-10-31 at 18_20_01 (1).jpeg,
2936,WhatsApp Image 2024-10-31 at 18_20_01 (2).jpeg,
2937,WhatsApp Image 2024-10-31 at 18_20_01 (3).jpeg,
2938,WhatsApp Image 2024-10-31 at 18_20_01.jpeg,
2939,WhatsApp Image 2024-10-31 at 18_20_02 (1).jpeg,
2940,WhatsApp Image 2024-10-31 at 18_20_02 (2).jpeg,
2941,WhatsApp Image 2024-10-31 at 18_20_02 (3).jpeg,
2942,WhatsApp Image 2024-10-31 at 18_20_02.jpeg,
2943,WhatsApp Image 2024-10-31 at 18_20_03 (1).jpeg,
2944,WhatsApp Image 2024-10-31 at 18_20_03.jpeg,
2945,WhatsApp Image 2024-11-02 at 16_57_56 (1).jpeg,
2946,WhatsApp Image 2024-11-02 at 16_57_56 (2).jpeg,
2947,WhatsApp Image 2024-11-02 at 16_57_56.jpeg,
2948,WhatsApp Image 2024-11-02 at 16_57_57 (1).jpeg,
2949,WhatsApp Image 2024-11-02 at 16_57_57.jpeg,
2950,WhatsApp Image 2024-11-02 at 19_08_05 (1).jpeg,
2951,WhatsApp Image 2024-11-02 at 19_08_05.jpeg,
2952,WhatsApp Image 2024-11-02 at 19_08_06 (1).jpeg,
2953,WhatsApp Image 2024-11-02 at 19_08_06.jpeg,
2954,WhatsApp Image 2024-11-02 at 19_08_08 (1).jpeg,
2955,WhatsApp Image 2024-11-02 at 19_08_08.jpeg,
2956,WhatsApp Image 2024-11-04 at 17_30_22 (2).jpeg,
2957,WhatsApp Image 2024-11-04 at 17_30_22.jpeg,
2958,WhatsApp Image 2024-11-04 at 17_30_23 (1).jpeg,
2959,WhatsApp Image 2024-11-04 at 17_30_23 (2).jpeg,
2960,WhatsApp Image 2024-11-04 at 17_30_23 (3).jpeg,
2961,WhatsApp Image 2024-11-04 at 17_30_23 (4).jpeg,
2962,WhatsApp Image 2024-11-04 at 17_30_23.jpeg,
2963,WhatsApp Image 2024-11-04 at 18_52_07.jpeg,
2964,WhatsApp Image 2024-11-04 at 18_52_12 (1).jpeg,
2965,WhatsApp Image 2024-11-04 at 18_52_12 (2).jpeg,
2966,WhatsApp Image 2024-11-04 at 18_52_12 (3).jpeg,
2967,WhatsApp Image 2024-11-04 at 18_52_12.jpeg,
2968,WhatsApp Image 2024-11-04 at 18_52_13 (1).jpeg,
2969,WhatsApp Image 2024-11-04 at 18_52_13.jpeg,
2970,WhatsApp Image 2024-11-04 at 19_29_41 (1).jpeg,
2971,WhatsApp Image 2024-11-04 at 19_29_41 (2).jpeg,
2972,WhatsApp Image 2024-11-04 at 19_29_41.jpeg,
2973,WhatsApp Image 2024-11-04 at 19_29_43 (1).jpeg,
2974,WhatsApp Image 2024-11-04 at 19_29_43.jpeg,
2975,WhatsApp Image 2024-11-04 at 19_29_44 (1).jpeg,
2976,WhatsApp Image 2024-11-04 at 19_29_44.jpeg,
2977,WhatsApp Image 2024-11-04 at 19_29_45 (2).jpeg,
2978,WhatsApp Image 2024-11-04 at 19_29_46 (1).jpeg,
2979,WhatsApp Image 2024-11-04 at 19_29_46.jpeg,
2980,WhatsApp Image 2024-11-04 at 19_29_47.jpeg,
2981,WhatsApp Image 2024-11-04 at 19_38_15 (1).jpeg,
2982,WhatsApp Image 2024-11-04 at 19_38_15 (2).jpeg,
2983,WhatsApp Image 2024-11-04 at 19_38_15.jpeg,
2984,WhatsApp Image 2024-11-04 at 19_38_16 (1).jpeg,
2985,WhatsApp Image 2024-11-04 at 19_38_16 (2).jpeg,
2986,WhatsApp Image 2024-11-04 at 19_38_16 (3).jpeg,
2987,WhatsApp Image 2024-11-04 at 19_38_16.jpeg,
2988,WhatsApp Image 2024-11-04 at 19_38_17 (1).jpeg,
2989,WhatsApp Image 2024-11-04 at 19_38_17 (2).jpeg,
2990,WhatsApp Image 2024-11-04 at 19_38_17.jpeg,
2991,WhatsApp Image 2024-11-05 at 18_06_53 (1).jpeg,
2992,WhatsApp Image 2024-11-05 at 18_06_53 (3).jpeg,
2993,WhatsApp Image 2024-11-05 at 18_06_53 (5).jpeg,
2994,WhatsApp Image 2024-11-05 at 18_06_53.jpeg,
2995,WhatsApp Image 2024-11-05 at 18_06_54 (1).jpeg,
2996,WhatsApp Image 2024-11-05 at 18_06_54 (3).jpeg,
2997,WhatsApp Image 2024-11-05 at 18_06_54 (5).jpeg,
2998,WhatsApp Image 2024-11-05 at 18_06_54.jpeg,
2999,WhatsApp Image 2024-11-05 at 18_59_14.jpeg,
3000,WhatsApp Image 2024-11-05 at 18_59_15 (1).jpeg,
3001,WhatsApp Image 2024-11-05 at 18_59_15.jpeg,
3002,WhatsApp Image 2024-11-05 at 18_59_16 (1).jpeg,
3003,WhatsApp Image 2024-11-05 at 18_59_16.jpeg,
3004,WhatsApp Image 2024-11-05 at 18_59_17 (1).jpeg,
3005,WhatsApp Image 2024-11-05 at 18_59_18 (1).jpeg,
3006,WhatsApp Image 2024-11-05 at 18_59_18.jpeg,
3007,WhatsApp Image 2024-11-05 at 18_59_19 (1).jpeg,
3008,WhatsApp Image 2024-11-05 at 18_59_19.jpeg,
3009,WhatsApp Image 2024-11-05 at 20_01_49 (1).jpeg,
3010,WhatsApp Image 2024-11-05 at 20_01_49.jpeg,
3011,WhatsApp Image 2024-11-05 at 20_01_50 (1).jpeg,
3012,WhatsApp Image 2024-11-05 at 20_01_50.jpeg,
3013,WhatsApp Image 2024-11-05 at 20_01_51 (1).jpeg,
3014,WhatsApp Image 2024-11-05 at 20_01_51 (2).jpeg,
3015,WhatsApp Image 2024-11-05 at 20_01_51.jpeg,
3016,WhatsApp Image 2024-11-05 at 20_01_52 (1).jpeg,
3017,WhatsApp Image 2024-11-05 at 20_01_52 (2).jpeg,
3018,WhatsApp Image 2024-11-05 at 20_01_52 (3).jpeg,
3019,WhatsApp Image 2024-11-05 at 20_01_52.jpeg,
3020,WhatsApp Image 2024-11-05 at 20_01_53.jpeg,
3021,WhatsApp Image 2024-11-05 at 20_01_54 (1).jpeg,
3022,WhatsApp Image 2024-11-05 at 20_01_54 (2).jpeg,
3023,WhatsApp Image 2024-11-05 at 20_01_54 (3).jpeg,
3024,WhatsApp Image 2024-11-05 at 20_01_54.jpeg,
3025,WhatsApp Image 2024-11-05 at 20_01_55.jpeg,
3026,WhatsApp Image 2024-11-05 at 20_11_15 (1).jpeg,
3027,WhatsApp Image 2024-11-05 at 20_11_15.jpeg,
3028,WhatsApp Image 2024-11-05 at 20_11_16 (1).jpeg,
3029,WhatsApp Image 2024-11-05 at 20_11_17 (1).jpeg,
3030,WhatsApp Image 2024-11-06 at 18_34_05 (1).jpeg,
3031,WhatsApp Image 2024-11-06 at 18_34_05 (2).jpeg,
3032,WhatsApp Image 2024-11-06 at 18_34_05 (5).jpeg,
3033,WhatsApp Image 2024-11-06 at 18_34_05.jpeg,
3034,WhatsApp Image 2024-11-06 at 18_34_06 (1).jpeg,
3035,WhatsApp Image 2024-11-06 at 18_34_06 (2).jpeg,
3036,WhatsApp Image 2024-11-06 at 18_34_06.jpeg,
3037,WhatsApp Image 2024-11-06 at 19_01_13.jpeg,
3038,WhatsApp Image 2024-11-06 at 19_01_16.jpeg,
3039,WhatsApp Image 2024-11-06 at 19_01_24.jpeg,
3040,WhatsApp Image 2024-11-06 at 19_01_27.jpeg,
3041,WhatsApp Image 2024-11-06 at 19_01_28 (1).jpeg,
3042,WhatsApp Image 2024-11-06 at 19_01_28 (2).jpeg,
3043,WhatsApp Image 2024-11-06 at 19_01_28 (3).jpeg,
3044,WhatsApp Image 2024-11-06 at 19_01_28.jpeg,
3045,WhatsApp Image 2024-11-06 at 19_01_29 (1).jpeg,
3046,WhatsApp Image 2024-11-06 at 19_01_29.jpeg,
3047,WhatsApp Image 2024-11-06 at 19_01_30.jpeg,
3048,WhatsApp Image 2024-11-06 at 19_01_31.jpeg,
3049,WhatsApp Image 2024-11-06 at 19_01_39.jpeg,
3050,WhatsApp Image 2024-11-06 at 19_01_41.jpeg,
3051,WhatsApp Image 2024-11-06 at 19_39_48 (1).jpeg,
3052,WhatsApp Image 2024-11-06 at 19_39_48.jpeg,
3053,WhatsApp Image 2024-11-06 at 19_39_49 (1).jpeg,
3054,WhatsApp Image 2024-11-06 at 19_39_49 (2).jpeg,
3055,WhatsApp Image 2024-11-06 at 19_39_49.jpeg,
3056,WhatsApp Image 2024-11-06 at 19_39_50 (1).jpeg,
3057,WhatsApp Image 2024-11-06 at 19_39_50.jpeg,
3058,WhatsApp Image 2024-11-06 at 19_39_51.jpeg,
3059,WhatsApp Image 2024-11-06 at 19_57_52 (1).jpeg,
3060,WhatsApp Image 2024-11-06 at 19_57_53 (1).jpeg,
3061,WhatsApp Image 2024-11-06 at 19_57_53 (2).jpeg,
3062,WhatsApp Image 2024-11-06 at 19_57_53.jpeg,
3063,WhatsApp Image 2024-11-06 at 19_57_54 (1).jpeg,
3064,WhatsApp Image 2024-11-06 at 19_57_54.jpeg,
3065,WhatsApp Image 2024-11-06 at 19_57_55 (1).jpeg,
3066,WhatsApp Image 2024-11-06 at 19_57_55 (2).jpeg,
3067,WhatsApp Image 2024-11-06 at 19_57_55 (3).jpeg,
3068,WhatsApp Image 2024-11-06 at 19_57_56.jpeg,
3069,WhatsApp Image 2024-11-06 at 19_57_57 (1).jpeg,
3070,WhatsApp Image 2024-11-06 at 19_57_57.jpeg,
3071,WhatsApp Image 2024-11-06 at 20_15_03 (2).jpeg,
3072,WhatsApp Image 2024-11-06 at 20_15_05 (1).jpeg,
3073,WhatsApp Image 2024-11-06 at 20_15_06.jpeg,
3074,WhatsApp Image 2024-11-07 at 17_33_20 (2).jpeg,
3075,WhatsApp Image 2024-11-07 at 17_33_20.jpeg,
3076,WhatsApp Image 2024-11-07 at 17_33_21 (1).jpeg,
3077,WhatsApp Image 2024-11-07 at 17_33_21 (2).jpeg,
3078,WhatsApp Image 2024-11-07 at 17_33_21 (4).jpeg,
3079,WhatsApp Image 2024-11-07 at 17_33_21 (5).jpeg,
3080,WhatsApp Image 2024-11-07 at 17_33_21 (6).jpeg,
3081,WhatsApp Image 2024-11-07 at 17_33_21 (7).jpeg,
3082,WhatsApp Image 2024-11-07 at 17_33_21 (8).jpeg,
3083,WhatsApp Image 2024-11-07 at 17_33_21.jpeg,
3084,WhatsApp Image 2024-11-07 at 17_33_22 (1).jpeg,
3085,WhatsApp Image 2024-11-07 at 17_33_22 (3).jpeg,
3086,WhatsApp Image 2024-11-07 at 17_33_22 (6).jpeg,
3087,WhatsApp Image 2024-11-07 at 17_33_22.jpeg,
3088,WhatsApp Image 2024-11-07 at 18_39_30.jpeg,
3089,WhatsApp Image 2024-11-07 at 18_39_31.jpeg,
3090,WhatsApp Image 2024-11-07 at 18_39_32.jpeg,
3091,WhatsApp Image 2024-11-07 at 18_39_33.jpeg,
3092,WhatsApp Image 2024-11-07 at 18_39_34.jpeg,
3093,WhatsApp Image 2024-11-07 at 18_39_37.jpeg,
3094,WhatsApp Image 2024-11-07 at 18_39_42.jpeg,
3095,WhatsApp Image 2024-11-07 at 18_39_45.jpeg,
3096,WhatsApp Image 2024-11-07 at 18_39_47.jpeg,
3097,WhatsApp Image 2024-11-07 at 18_39_49.jpeg,
3098,WhatsApp Image 2024-11-07 at 18_39_50 (1).jpeg,
3099,WhatsApp Image 2024-11-07 at 18_39_50 (2).jpeg,
3100,WhatsApp Image 2024-11-07 at 18_39_50.jpeg,
3101,WhatsApp Image 2024-11-07 at 18_39_51 (1).jpeg,
3102,WhatsApp Image 2024-11-07 at 18_39_51.jpeg,
3103,WhatsApp Image 2024-11-07 at 18_39_52.jpeg,
3104,WhatsApp Image 2024-11-07 at 18_39_53 (1).jpeg,
3105,WhatsApp Image 2024-11-07 at 18_39_53 (2).jpeg,
3106,WhatsApp Image 2024-11-07 at 18_39_53 (3).jpeg,
3107,WhatsApp Image 2024-11-07 at 18_39_53.jpeg,
3108,WhatsApp Image 2024-11-07 at 18_39_54 (1).jpeg,
3109,WhatsApp Image 2024-11-07 at 18_39_54 (2).jpeg,
3110,WhatsApp Image 2024-11-07 at 18_39_54 (3).jpeg,
3111,WhatsApp Image 2024-11-07 at 18_39_54.jpeg,
3112,WhatsApp Image 2024-11-07 at 18_39_55 (1).jpeg,
3113,WhatsApp Image 2024-11-07 at 18_39_55.jpeg,
3114,WhatsApp Image 2024-11-07 at 19_24_32.jpeg,
3115,WhatsApp Image 2024-11-07 at 19_24_34 (1).jpeg,
3116,WhatsApp Image 2024-11-07 at 19_24_34 (2).jpeg,
3117,WhatsApp Image 2024-11-07 at 19_24_34.jpeg,
3118,WhatsApp Image 2024-11-07 at 19_24_35 (1).jpeg,
3119,WhatsApp Image 2024-11-07 at 19_24_35 (2).jpeg,
3120,WhatsApp Image 2024-11-07 at 19_24_35.jpeg,
3121,WhatsApp Image 2024-11-07 at 19_30_09.jpeg,
3122,WhatsApp Image 2024-11-07 at 19_30_13.jpeg,
3123,WhatsApp Image 2024-11-07 at 19_30_15 (1).jpeg,
3124,WhatsApp Image 2024-11-07 at 19_30_15.jpeg,
3125,WhatsApp Image 2024-11-07 at 19_30_16 (1).jpeg,
3126,WhatsApp Image 2024-11-07 at 19_30_16 (2).jpeg,
3127,WhatsApp Image 2024-11-07 at 19_30_16 (3).jpeg,
3128,WhatsApp Image 2024-11-07 at 19_30_16.jpeg,
3129,WhatsApp Image 2024-11-07 at 19_30_17 (1).jpeg,
3130,WhatsApp Image 2024-11-07 at 19_30_17.jpeg,
3131,WhatsApp Image 2024-11-07 at 19_30_18 (1).jpeg,
3132,WhatsApp Image 2024-11-07 at 19_30_18 (2).jpeg,
3133,WhatsApp Image 2024-11-07 at 19_30_18.jpeg,
3134,WhatsApp Image 2024-11-07 at 19_30_19.jpeg,
3135,WhatsApp Image 2024-11-08 at 18_06_46.jpeg,
3136,WhatsApp Image 2024-11-08 at 18_06_47.jpeg,
3137,WhatsApp Image 2024-11-08 at 18_07_31 (1).jpeg,
3138,WhatsApp Image 2024-11-08 at 18_07_31 (2).jpeg,
3139,WhatsApp Image 2024-11-08 at 18_10_31.jpeg,
3140,WhatsApp Image 2024-11-08 at 18_10_32 (1).jpeg,
3141,WhatsApp Image 2024-11-08 at 18_10_32 (2).jpeg,
3142,WhatsApp Image 2024-11-08 at 18_10_32 (5).jpeg,
3143,WhatsApp Image 2024-11-08 at 18_10_32.jpeg,
3144,WhatsApp Image 2024-11-08 at 20_47_06 (2).jpeg,
3145,WhatsApp Image 2024-11-08 at 20_47_06.jpeg,
3146,WhatsApp Image 2024-11-08 at 20_47_07.jpeg,
3147,WhatsApp Image 2024-11-08 at 20_49_38 (1).jpeg,
3148,WhatsApp Image 2024-11-08 at 20_49_38.jpeg,
3149,WhatsApp Image 2024-11-08 at 20_49_39 (1).jpeg,
3150,WhatsApp Image 2024-11-08 at 20_49_39 (2).jpeg,
3151,WhatsApp Image 2024-11-08 at 20_49_39.jpeg,
3152,WhatsApp Image 2024-11-08 at 20_49_40 (1).jpeg,
3153,WhatsApp Image 2024-11-08 at 20_49_40.jpeg,
3154,WhatsApp Image 2024-11-08 at 20_49_41.jpeg,
3155,WhatsApp Image 2024-11-08 at 20_49_42.jpeg,
3156,WhatsApp Image 2024-11-08 at 20_49_43 (1).jpeg,
3157,WhatsApp Image 2024-11-08 at 20_49_43.jpeg,
3158,WhatsApp Image 2024-11-08 at 20_49_44.jpeg,
3159,WhatsApp Image 2024-11-08 at 20_49_45.jpeg,
3160,WhatsApp Image 2024-11-08 at 20_49_46 (1).jpeg,
3161,WhatsApp Image 2024-11-08 at 20_49_46.jpeg,
3162,WhatsApp Image 2024-11-11 at 17_42_58 (1).jpeg,
3163,WhatsApp Image 2024-11-11 at 17_42_58.jpeg,
3164,WhatsApp Image 2024-11-11 at 17_42_59 (1).jpeg,
3165,WhatsApp Image 2024-11-11 at 17_42_59 (2).jpeg,
3166,WhatsApp Image 2024-11-11 at 17_42_59 (4).jpeg,
3167,WhatsApp Image 2024-11-11 at 17_42_59.jpeg,
3168,WhatsApp Image 2024-11-11 at 17_43_00 (1).jpeg,
3169,WhatsApp Image 2024-11-11 at 17_43_00 (2).jpeg,
3170,WhatsApp Image 2024-11-11 at 17_43_00 (4).jpeg,
3171,WhatsApp Image 2024-11-11 at 17_43_00.jpeg,
3172,WhatsApp Image 2024-11-11 at 17_51_20.jpeg,
3173,WhatsApp Image 2024-11-11 at 17_51_22 (1).jpeg,
3174,WhatsApp Image 2024-11-11 at 17_51_22.jpeg,
3175,WhatsApp Image 2024-11-11 at 17_51_23 (1).jpeg,
3176,WhatsApp Image 2024-11-11 at 17_51_23 (2).jpeg,
3177,WhatsApp Image 2024-11-11 at 17_51_23.jpeg,
3178,WhatsApp Image 2024-11-11 at 17_51_24 (1).jpeg,
3179,WhatsApp Image 2024-11-11 at 17_51_24.jpeg,
3180,WhatsApp Image 2024-11-11 at 19_59_55.jpeg,
3181,WhatsApp Image 2024-11-11 at 19_59_56.jpeg,
3182,WhatsApp Image 2024-11-11 at 19_59_57.jpeg,
3183,WhatsApp Image 2024-11-11 at 19_59_59 (1).jpeg,
3184,WhatsApp Image 2024-11-11 at 19_59_59.jpeg,
3185,WhatsApp Image 2024-11-11 at 20_00_00 (1).jpeg,
3186,WhatsApp Image 2024-11-12 at 17_38_41 (1).jpeg,
3187,WhatsApp Image 2024-11-12 at 17_38_41 (2).jpeg,
3188,WhatsApp Image 2024-11-12 at 17_38_41.jpeg,
3189,WhatsApp Image 2024-11-12 at 18_13_10.jpeg,
3190,WhatsApp Image 2024-11-12 at 18_13_11 (1).jpeg,
3191,WhatsApp Image 2024-11-12 at 18_13_11.jpeg,
3192,WhatsApp Image 2024-11-12 at 18_13_12.jpeg,
3193,WhatsApp Image 2024-11-12 at 18_14_33.jpeg,
3194,WhatsApp Image 2024-11-12 at 18_14_34 (1).jpeg,
3195,WhatsApp Image 2024-11-12 at 18_14_34 (2).jpeg,
3196,WhatsApp Image 2024-11-12 at 18_14_34.jpeg,
3197,WhatsApp Image 2024-11-12 at 18_14_35.jpeg,
3198,WhatsApp Image 2024-11-12 at 18_24_10 (1).jpeg,
3199,WhatsApp Image 2024-11-12 at 18_24_10.jpeg,
3200,WhatsApp Image 2024-11-13 at 06_17_24.jpeg,
3201,WhatsApp Image 2024-11-13 at 06_17_25.jpeg,
3202,WhatsApp Image 2024-11-13 at 06_17_26 (1).jpeg,
3203,WhatsApp Image 2024-11-13 at 06_17_26.jpeg,
3204,WhatsApp Image 2024-11-13 at 06_17_27 (1).jpeg,
3205,WhatsApp Image 2024-11-13 at 06_17_27.jpeg,
3206,WhatsApp Image 2024-11-13 at 06_17_28 (1).jpeg,
3207,WhatsApp Image 2024-11-13 at 06_17_28 (2).jpeg,
3208,WhatsApp Image 2024-11-13 at 06_17_28.jpeg,
3209,WhatsApp Image 2024-11-13 at 06_17_29 (1).jpeg,
3210,WhatsApp Image 2024-11-13 at 06_17_29 (2).jpeg,
3211,WhatsApp Image 2024-11-13 at 06_17_29 (3).jpeg,
3212,WhatsApp Image 2024-11-13 at 06_17_29.jpeg,
3213,WhatsApp Image 2024-11-13 at 06_17_30 (1).jpeg,
3214,WhatsApp Image 2024-11-13 at 06_17_30 (2).jpeg,
3215,WhatsApp Image 2024-11-13 at 06_17_31 (1).jpeg,
3216,WhatsApp Image 2024-11-13 at 06_17_31 (2).jpeg,
3217,WhatsApp Image 2024-11-13 at 06_17_31.jpeg,
3218,WhatsApp Image 2024-11-13 at 06_17_32 (1).jpeg,
3219,WhatsApp Image 2024-11-13 at 06_17_32.jpeg,
3220,WhatsApp Image 2024-11-13 at 06_17_33 (1).jpeg,
3221,WhatsApp Image 2024-11-13 at 06_17_33 (2).jpeg,
3222,WhatsApp Image 2024-11-13 at 06_17_33 (3).jpeg,
3223,WhatsApp Image 2024-11-13 at 06_17_33.jpeg,
3224,WhatsApp Image 2024-11-13 at 06_17_34 (1).jpeg,
3225,WhatsApp Image 2024-11-13 at 06_17_34 (2).jpeg,
3226,WhatsApp Image 2024-11-13 at 06_17_34.jpeg,
3227,WhatsApp Image 2024-11-13 at 17_59_23 (1).jpeg,
3228,WhatsApp Image 2024-11-13 at 17_59_23 (4).jpeg,
3229,WhatsApp Image 2024-11-13 at 17_59_23.jpeg,
3230,WhatsApp Image 2024-11-13 at 19_33_13 (1).jpeg,
3231,WhatsApp Image 2024-11-13 at 19_33_13.jpeg,
3232,WhatsApp Image 2024-11-13 at 19_33_19.jpeg,
3233,WhatsApp Image 2024-11-13 at 19_33_25 (1).jpeg,
3234,WhatsApp Image 2024-11-13 at 19_33_25.jpeg,
3235,WhatsApp Image 2024-11-13 at 19_33_26.jpeg,
3236,WhatsApp Image 2024-11-13 at 19_33_27 (1).jpeg,
3237,WhatsApp Image 2024-11-13 at 19_33_27 (2).jpeg,
3238,WhatsApp Image 2024-11-13 at 20_29_18.jpeg,
3239,WhatsApp Image 2024-11-13 at 20_29_20 (1).jpeg,
3240,WhatsApp Image 2024-11-13 at 20_29_20.jpeg,
3241,WhatsApp Image 2024-11-13 at 20_29_21 (1).jpeg,
3242,WhatsApp Image 2024-11-13 at 20_29_21.jpeg,
3243,WhatsApp Image 2024-11-13 at 20_29_22.jpeg,
3244,WhatsApp Image 2024-11-13 at 20_29_23.jpeg,
3245,WhatsApp Image 2024-11-13 at 20_29_24.jpeg,
3246,WhatsApp Image 2024-11-13 at 20_29_25.jpeg,
3247,WhatsApp Image 2024-11-14 at 18_49_36 (1).jpeg,
3248,WhatsApp Image 2024-11-14 at 18_49_36 (2).jpeg,
3249,WhatsApp Image 2024-11-14 at 18_49_36.jpeg,
3250,WhatsApp Image 2024-11-14 at 18_49_37 (2).jpeg,
3251,WhatsApp Image 2024-11-14 at 18_49_37 (3).jpeg,
3252,WhatsApp Image 2024-11-14 at 18_49_37 (4).jpeg,
3253,WhatsApp Image 2024-11-14 at 18_49_37 (5).jpeg,
3254,WhatsApp Image 2024-11-14 at 18_49_37.jpeg,
3255,WhatsApp Image 2024-11-14 at 18_54_27 (1).jpeg,
3256,WhatsApp Image 2024-11-14 at 18_54_27.jpeg,
3257,WhatsApp Image 2024-11-14 at 18_54_28 (1).jpeg,
3258,WhatsApp Image 2024-11-14 at 18_54_28 (2).jpeg,
3259,WhatsApp Image 2024-11-14 at 18_54_28.jpeg,
3260,WhatsApp Image 2024-11-14 at 18_54_29 (1).jpeg,
3261,WhatsApp Image 2024-11-14 at 18_54_29 (2).jpeg,
3262,WhatsApp Image 2024-11-14 at 18_54_29 (3).jpeg,
3263,WhatsApp Image 2024-11-14 at 18_54_29.jpeg,
3264,WhatsApp Image 2024-11-14 at 18_54_34.jpeg,
3265,WhatsApp Image 2024-11-14 at 18_54_40.jpeg,
3266,WhatsApp Image 2024-11-14 at 18_54_41 (1).jpeg,
3267,WhatsApp Image 2024-11-14 at 18_54_41 (2).jpeg,
3268,WhatsApp Image 2024-11-14 at 18_54_41.jpeg,
3269,WhatsApp Image 2024-11-14 at 18_54_42 (1).jpeg,
3270,WhatsApp Image 2024-11-14 at 18_54_42 (2).jpeg,
3271,WhatsApp Image 2024-11-14 at 18_54_42 (3).jpeg,
3272,WhatsApp Image 2024-11-14 at 18_54_42.jpeg,
3273,WhatsApp Image 2024-11-14 at 18_54_43 (1).jpeg,
3274,WhatsApp Image 2024-11-14 at 18_54_43 (2).jpeg,
3275,WhatsApp Image 2024-11-14 at 18_54_43.jpeg,
3276,WhatsApp Image 2024-11-14 at 18_54_44.jpeg,
3277,WhatsApp Image 2024-11-14 at 18_57_37.jpeg,
3278,WhatsApp Image 2024-11-14 at 18_57_38 (1).jpeg,
3279,WhatsApp Image 2024-11-14 at 18_57_38.jpeg,
3280,WhatsApp Image 2024-11-14 at 18_57_39.jpeg,
3281,WhatsApp Image 2024-11-14 at 19_04_39.jpeg,
3282,WhatsApp Image 2024-11-14 at 19_04_40 (1).jpeg,
3283,WhatsApp Image 2024-11-14 at 19_04_40.jpeg,
3284,WhatsApp Image 2024-11-14 at 19_04_41 (2).jpeg,
3285,WhatsApp Image 2024-11-14 at 19_04_42 (1).jpeg,
3286,WhatsApp Image 2024-11-14 at 19_04_42 (2).jpeg,
3287,WhatsApp Image 2024-11-14 at 19_04_42.jpeg,
3288,WhatsApp Image 2024-11-14 at 20_08_40.jpeg,
3289,WhatsApp Image 2024-11-14 at 20_08_43 (1).jpeg,
3290,WhatsApp Image 2024-11-14 at 20_08_43.jpeg,
3291,WhatsApp Image 2024-11-14 at 20_08_44 (2).jpeg,
3292,WhatsApp Image 2024-11-14 at 20_08_44.jpeg,
3293,WhatsApp Image 2024-11-14 at 20_08_45 (1).jpeg,
3294,WhatsApp Image 2024-11-14 at 20_08_45 (2).jpeg,
3295,WhatsApp Image 2024-11-14 at 20_08_45.jpeg,
3296,WhatsApp Image 2024-11-14 at 20_08_46 (1).jpeg,
3297,WhatsApp Image 2024-11-14 at 20_08_46.jpeg,
3298,WhatsApp Image 2024-11-14 at 20_12_27 (1).jpeg,
3299,WhatsApp Image 2024-11-14 at 20_12_27.jpeg,
3300,WhatsApp Image 2024-11-15 at 17_54_07 (2).jpeg,
3301,WhatsApp Image 2024-11-15 at 17_54_08 (1).jpeg,
3302,WhatsApp Image 2024-11-15 at 17_54_08 (3).jpeg,
3303,WhatsApp Image 2024-11-15 at 17_54_08 (4).jpeg,
3304,WhatsApp Image 2024-11-15 at 17_54_08 (6).jpeg,
3305,WhatsApp Image 2024-11-15 at 17_54_08 (7).jpeg,
3306,WhatsApp Image 2024-11-15 at 17_54_08 (8).jpeg,
3307,WhatsApp Image 2024-11-15 at 20_48_40 (1).jpeg,
3308,WhatsApp Image 2024-11-15 at 20_48_40.jpeg,
3309,WhatsApp Image 2024-11-15 at 20_48_41 (1).jpeg,
3310,WhatsApp Image 2024-11-15 at 20_48_41 (2).jpeg,
3311,WhatsApp Image 2024-11-15 at 20_48_41 (3).jpeg,
3312,WhatsApp Image 2024-11-15 at 20_48_41.jpeg,
3313,WhatsApp Image 2024-11-15 at 20_48_42.jpeg,
3314,WhatsApp Image 2024-11-15 at 21_58_03 (1).jpeg,
3315,WhatsApp Image 2024-11-15 at 21_58_03 (2).jpeg,
3316,WhatsApp Image 2024-11-15 at 21_58_03.jpeg,
3317,WhatsApp Image 2024-11-15 at 21_58_04 (1).jpeg,
3318,WhatsApp Image 2024-11-15 at 21_58_04 (2).jpeg,
3319,WhatsApp Image 2024-11-15 at 21_58_04.jpeg,
3320,WhatsApp Image 2024-11-15 at 21_58_05 (1).jpeg,
3321,WhatsApp Image 2024-11-15 at 21_58_05 (2).jpeg,
3322,WhatsApp Image 2024-11-15 at 21_58_05.jpeg,
3323,WhatsApp Image 2024-11-16 at 14_19_52 (3).jpeg,
3324,WhatsApp Image 2024-11-18 at 19_25_45 (2).jpeg,
3325,WhatsApp Image 2024-11-18 at 19_25_45.jpeg,
3326,WhatsApp Image 2024-11-18 at 19_25_47 (1).jpeg,
3327,WhatsApp Image 2024-11-18 at 19_48_36 (1).jpeg,
3328,WhatsApp Image 2024-11-18 at 19_48_36 (2).jpeg,
3329,WhatsApp Image 2024-11-18 at 19_48_36.jpeg,
3330,WhatsApp Image 2024-11-18 at 19_48_37 (1).jpeg,
3331,WhatsApp Image 2024-11-18 at 19_48_37 (2).jpeg,
3332,WhatsApp Image 2024-11-18 at 19_48_37 (3).jpeg,
3333,WhatsApp Image 2024-11-18 at 19_48_37 (4).jpeg,
3334,WhatsApp Image 2024-11-18 at 19_48_37 (5).jpeg,
3335,WhatsApp Image 2024-11-18 at 19_48_37 (6).jpeg,
3336,WhatsApp Image 2024-11-18 at 19_48_37 (7).jpeg,
3337,WhatsApp Image 2024-11-18 at 19_48_37.jpeg,
3338,WhatsApp Image 2024-11-18 at 20_39_22.jpeg,
3339,WhatsApp Image 2024-11-18 at 20_39_32.jpeg,
3340,WhatsApp Image 2024-11-18 at 20_39_33 (1).jpeg,
3341,WhatsApp Image 2024-11-18 at 20_39_33 (2).jpeg,
3342,WhatsApp Image 2024-11-18 at 20_39_33 (3).jpeg,
3343,WhatsApp Image 2024-11-18 at 20_39_33.jpeg,
3344,WhatsApp Image 2024-11-18 at 20_39_34 (1).jpeg,
3345,WhatsApp Image 2024-11-18 at 20_39_34 (2).jpeg,
3346,WhatsApp Image 2024-11-18 at 20_39_34.jpeg,
3347,WhatsApp Image 2024-11-18 at 20_40_40.jpeg,
3348,WhatsApp Image 2024-11-18 at 20_40_41 (1).jpeg,
3349,WhatsApp Image 2024-11-18 at 20_40_41 (2).jpeg,
3350,WhatsApp Image 2024-11-18 at 20_40_41.jpeg,
3351,WhatsApp Image 2024-11-18 at 20_40_42 (1).jpeg,
3352,WhatsApp Image 2024-11-18 at 20_40_42 (2).jpeg,
3353,WhatsApp Image 2024-11-18 at 20_40_42.jpeg,
3354,WhatsApp Image 2024-11-18 at 20_40_43 (1).jpeg,
3355,WhatsApp Image 2024-11-18 at 20_40_43 (2).jpeg,
3356,WhatsApp Image 2024-11-18 at 20_40_43.jpeg,
3357,WhatsApp Image 2024-11-18 at 20_40_44 (1).jpeg,
3358,WhatsApp Image 2024-11-18 at 20_40_44 (2).jpeg,
3359,WhatsApp Image 2024-11-18 at 20_40_44 (3).jpeg,
3360,WhatsApp Image 2024-11-18 at 20_40_44.jpeg,
3361,WhatsApp Image 2024-11-18 at 20_40_45 (1).jpeg,
3362,WhatsApp Image 2024-11-18 at 20_40_45.jpeg,
3363,WhatsApp Image 2024-11-19 at 19_31_08.jpeg,
3364,WhatsApp Image 2024-11-19 at 19_31_13 (2).jpeg,
3365,WhatsApp Image 2024-11-19 at 19_31_14 (1).jpeg,
3366,WhatsApp Image 2024-11-19 at 19_31_14 (2).jpeg,
3367,WhatsApp Image 2024-11-19 at 19_31_14.jpeg,
3368,WhatsApp Image 2024-11-19 at 22_15_23.jpeg,
3369,WhatsApp Image 2024-11-19 at 22_15_27.jpeg,
3370,WhatsApp Image 2024-11-19 at 22_15_28.jpeg,
3371,WhatsApp Image 2024-11-19 at 22_15_29.jpeg,
3372,WhatsApp Image 2024-11-19 at 22_15_30.jpeg,
3373,WhatsApp Image 2024-11-19 at 22_15_55.jpeg,
3374,WhatsApp Image 2024-11-19 at 22_15_56.jpeg,
3375,WhatsApp Image 2024-11-19 at 22_15_57.jpeg,
3376,WhatsApp Image 2024-11-19 at 22_15_59 (1).jpeg,
3377,WhatsApp Image 2024-11-19 at 22_15_59.jpeg,
3378,WhatsApp Image 2024-11-19 at 22_16_00.jpeg,
3379,WhatsApp Image 2024-11-19 at 22_16_04.jpeg,
3380,WhatsApp Image 2024-11-19 at 22_16_05.jpeg,
3381,WhatsApp Image 2024-11-19 at 22_16_06 (1).jpeg,
3382,WhatsApp Image 2024-11-19 at 22_16_06.jpeg,
3383,WhatsApp Image 2024-11-20 at 18_09_28 (5).jpeg,
3384,WhatsApp Image 2024-11-20 at 19_52_58.jpeg,
3385,WhatsApp Image 2024-11-20 at 19_53_00 (1).jpeg,
3386,WhatsApp Image 2024-11-20 at 19_53_00.jpeg,
3387,WhatsApp Image 2024-11-20 at 19_53_01.jpeg,
3388,WhatsApp Image 2024-11-20 at 19_53_02 (1).jpeg,
3389,WhatsApp Image 2024-11-20 at 19_53_02 (2).jpeg,
3390,WhatsApp Image 2024-11-20 at 19_53_02.jpeg,
3391,WhatsApp Image 2024-11-20 at 19_53_03 (1).jpeg,
3392,WhatsApp Image 2024-11-20 at 19_53_03 (2).jpeg,
3393,WhatsApp Image 2024-11-20 at 19_53_03 (3).jpeg,
3394,WhatsApp Image 2024-11-20 at 19_53_03.jpeg,
3395,WhatsApp Image 2024-11-21 at 19_51_11.jpeg,
3396,WhatsApp Image 2024-11-21 at 20_02_54.jpeg,
3397,WhatsApp Image 2024-11-21 at 20_03_01.jpeg,
3398,WhatsApp Image 2024-11-21 at 20_03_02.jpeg,
3399,WhatsApp Image 2024-11-21 at 20_03_03 (1).jpeg,
3400,WhatsApp Image 2024-11-21 at 20_03_04.jpeg,
3401,WhatsApp Image 2024-11-21 at 20_03_05.jpeg,
3402,WhatsApp Image 2024-11-21 at 20_03_06.jpeg,
3403,WhatsApp Image 2024-11-21 at 20_25_51 (1).jpeg,
3404,WhatsApp Image 2024-11-21 at 20_25_51.jpeg,
3405,WhatsApp Image 2024-11-21 at 20_25_52 (1).jpeg,
3406,WhatsApp Image 2024-11-21 at 20_25_52 (2).jpeg,
3407,WhatsApp Image 2024-11-21 at 20_25_52.jpeg,
3408,WhatsApp Image 2024-11-21 at 20_25_53 (1).jpeg,
3409,WhatsApp Image 2024-11-21 at 20_25_53 (2).jpeg,
3410,WhatsApp Image 2024-11-21 at 20_25_53.jpeg,
3411,WhatsApp Image 2024-11-21 at 20_25_54 (1).jpeg,
3412,WhatsApp Image 2024-11-21 at 20_25_54 (2).jpeg,
3413,WhatsApp Image 2024-11-21 at 20_25_54.jpeg,
3414,WhatsApp Image 2024-11-21 at 20_25_55 (1).jpeg,
3415,WhatsApp Image 2024-11-21 at 20_25_55.jpeg,
3416,WhatsApp Image 2024-11-21 at 20_28_01 (1).jpeg,
3417,WhatsApp Image 2024-11-21 at 20_28_01 (2).jpeg,
3418,WhatsApp Image 2024-11-21 at 20_28_01 (3).jpeg,
3419,WhatsApp Image 2024-11-21 at 20_28_02.jpeg,
3420,WhatsApp Image 2024-11-23 at 19_06_39.jpeg,
3421,WhatsApp Image 2024-11-23 at 19_06_40 (1).jpeg,
3422,WhatsApp Image 2024-11-23 at 19_06_40 (2).jpeg,
3423,WhatsApp Image 2024-11-23 at 19_06_41 (2).jpeg,
3424,WhatsApp Image 2024-11-23 at 19_06_41 (4).jpeg,
3425,WhatsApp Image 2024-11-23 at 19_06_42 (1).jpeg,
3426,WhatsApp Image 2024-11-25 at 21_52_34 (1).jpeg,
3427,WhatsApp Image 2024-11-25 at 21_52_34.jpeg,
3428,WhatsApp Image 2024-11-25 at 21_52_35 (1).jpeg,
3429,WhatsApp Image 2024-11-25 at 21_52_35.jpeg,
3430,WhatsApp Image 2024-11-25 at 21_52_36 (1).jpeg,
3431,WhatsApp Image 2024-11-25 at 21_52_36 (2).jpeg,
3432,WhatsApp Image 2024-11-25 at 21_52_36.jpeg,
3433,WhatsApp Image 2024-11-25 at 21_52_37 (1).jpeg,
3434,WhatsApp Image 2024-11-25 at 21_52_37 (2).jpeg,
3435,WhatsApp Image 2024-11-25 at 21_52_37.jpeg,
3436,WhatsApp Image 2024-11-25 at 21_52_38 (1).jpeg,
3437,WhatsApp Image 2024-11-25 at 21_52_38 (2).jpeg,
3438,WhatsApp Image 2024-11-25 at 21_52_38.jpeg,
3439,WhatsApp Image 2024-11-26 at 19_58_11 (2).jpeg,
3440,WhatsApp Image 2024-11-26 at 19_58_11.jpeg,
3441,WhatsApp Image 2024-11-27 at 19_26_02.jpeg,
3442,WhatsApp Image 2024-11-27 at 19_26_03 (1).jpeg,
3443,WhatsApp Image 2024-11-27 at 19_26_03 (2).jpeg,
3444,WhatsApp Image 2024-11-27 at 19_26_03 (3).jpeg,
3445,WhatsApp Image 2024-11-27 at 19_26_03.jpeg,
3446,WhatsApp Image 2024-11-27 at 19_26_04.jpeg,
3447,WhatsApp Image 2024-11-27 at 19_58_33 (1).jpeg,
3448,WhatsApp Image 2024-11-27 at 19_58_33 (2).jpeg,
3449,WhatsApp Image 2024-11-27 at 19_58_33 (3).jpeg,
3450,WhatsApp Image 2024-11-27 at 19_58_33.jpeg,
3451,WhatsApp Image 2024-11-27 at 20_05_06 (1).jpeg,
3452,WhatsApp Image 2024-11-27 at 20_05_06.jpeg,
3453,WhatsApp Image 2024-11-27 at 20_05_07.jpeg,
3454,WhatsApp Image 2024-11-27 at 20_05_08 (1).jpeg,
3455,WhatsApp Image 2024-11-27 at 20_05_08 (2).jpeg,
3456,WhatsApp Image 2024-11-27 at 20_05_08.jpeg,
3457,WhatsApp Image 2024-11-27 at 20_05_09.jpeg,
3458,WhatsApp Image 2024-11-27 at 20_06_04.jpeg,
3459,WhatsApp Image 2024-11-27 at 20_06_05 (1).jpeg,
3460,WhatsApp Image 2024-11-27 at 20_06_06.jpeg,
3461,WhatsApp Image 2024-11-27 at 20_06_43.jpeg,
3462,WhatsApp Image 2024-11-27 at 20_06_46 (1).jpeg,
3463,WhatsApp Image 2024-11-27 at 20_06_47 (1).jpeg,
3464,WhatsApp Image 2024-11-27 at 20_06_47 (2).jpeg,
3465,WhatsApp Image 2024-11-27 at 20_06_47.jpeg,
3466,WhatsApp Image 2024-11-29 at 20_57_24.jpeg,
3467,WhatsApp Image 2024-11-29 at 20_57_26.jpeg,
3468,WhatsApp Image 2024-11-29 at 20_57_27 (1).jpeg,
3469,WhatsApp Image 2024-11-29 at 20_57_27 (2).jpeg,
3470,WhatsApp Image 2024-11-29 at 20_57_27 (3).jpeg,
3471,WhatsApp Image 2024-11-29 at 20_57_27.jpeg,
3472,WhatsApp Image 2024-11-29 at 20_57_28 (1).jpeg,
3473,WhatsApp Image 2024-11-29 at 20_57_28 (2).jpeg,
3474,WhatsApp Image 2024-11-29 at 20_57_28.jpeg,
3475,WhatsApp Image 2024-11-29 at 20_57_29 (1).jpeg,
3476,WhatsApp Image 2024-11-29 at 20_57_29 (2).jpeg,
3477,WhatsApp Image 2024-11-29 at 20_57_29 (3).jpeg,
3478,WhatsApp Image 2024-11-29 at 20_57_29 (4).jpeg,
3479,WhatsApp Image 2024-11-29 at 20_57_29.jpeg,
3480,WhatsApp Image 2024-11-29 at 20_57_30 (1).jpeg,
3481,WhatsApp Image 2024-11-29 at 20_57_30 (2).jpeg,
3482,WhatsApp Image 2024-11-29 at 20_57_30 (3).jpeg,
3483,WhatsApp Image 2024-11-29 at 20_57_30.jpeg,
3484,WhatsApp Image 2024-12-04 at 21_28_46 (1).jpeg,
3485,WhatsApp Image 2024-12-04 at 21_28_46.jpeg,
3486,WhatsApp Image 2024-12-05 at 21_49_59.jpeg,
3487,WhatsApp Image 2024-12-05 at 21_50_00 (1).jpeg,
3488,WhatsApp Image 2024-12-05 at 21_50_00 (2).jpeg,
3489,WhatsApp Image 2024-12-05 at 21_50_00 (3).jpeg,
3490,WhatsApp Image 2024-12-05 at 21_50_00.jpeg,
3491,WhatsApp Image 2024-12-05 at 21_50_01 (1).jpeg,
3492,WhatsApp Image 2024-12-05 at 21_50_01.jpeg,
3493,WhatsApp Image 2024-12-05 at 21_50_02 (1).jpeg,
3494,WhatsApp Image 2024-12-05 at 21_50_02.jpeg,
3495,WhatsApp Image 2024-12-05 at 21_50_03 (1).jpeg,
3496,WhatsApp Image 2024-12-05 at 21_50_03 (2).jpeg,
3497,WhatsApp Image 2024-12-05 at 21_50_03 (3).jpeg,
3498,WhatsApp Image 2024-12-05 at 21_50_03 (4).jpeg,
3499,WhatsApp Image 2024-12-05 at 21_50_03.jpeg,
3500,WhatsApp Image 2024-12-05 at 21_50_04 (1).jpeg,
3501,WhatsApp Image 2024-12-05 at 21_50_04 (2).jpeg,
3502,WhatsApp Image 2024-12-05 at 21_50_04 (3).jpeg,
3503,WhatsApp Image 2024-12-05 at 21_50_04.jpeg,
3504,WhatsApp Image 2024-12-05 at 21_50_05 (1).jpeg,
3505,WhatsApp Image 2024-12-05 at 21_50_05 (2).jpeg,
3506,WhatsApp Image 2024-12-05 at 21_50_05.jpeg,
3507,WhatsApp Image 2024-12-06 at 20_15_37 (1).jpeg,
3508,WhatsApp Image 2024-12-06 at 20_15_37.jpeg,
3509,WhatsApp Image 2024-12-06 at 20_15_38 (1).jpeg,
3510,WhatsApp Image 2024-12-06 at 20_15_38 (3).jpeg,
3511,WhatsApp Image 2024-12-06 at 20_15_39 (1).jpeg,
3512,WhatsApp Image 2024-12-06 at 20_15_39.jpeg,
3513,WhatsApp Image 2024-12-06 at 20_49_10 (1).jpeg,
3514,WhatsApp Image 2024-12-06 at 20_49_10 (2).jpeg,
3515,WhatsApp Image 2024-12-06 at 20_49_10 (3).jpeg,
3516,WhatsApp Image 2024-12-06 at 20_49_10.jpeg,
3517,WhatsApp Image 2024-12-06 at 20_49_11 (1).jpeg,
3518,WhatsApp Image 2024-12-06 at 20_49_11 (2).jpeg,
3519,WhatsApp Image 2024-12-06 at 20_49_11 (3).jpeg,
3520,WhatsApp Image 2024-12-06 at 20_49_11 (4).jpeg,
3521,WhatsApp Image 2024-12-06 at 20_49_11.jpeg,
3522,WhatsApp Image 2024-12-06 at 20_49_12 (1).jpeg,
3523,WhatsApp Image 2024-12-06 at 20_49_12 (2).jpeg,
3524,WhatsApp Image 2024-12-06 at 20_49_12.jpeg,
3525,WhatsApp Image 2024-12-06 at 20_49_13.jpeg,
3526,WhatsApp Image 2024-12-07 at 13_43_52 (2).jpeg,
3527,WhatsApp Image 2024-12-07 at 13_43_53 (1).jpeg,
3528,WhatsApp Image 2024-12-07 at 13_43_53 (2).jpeg,
3529,WhatsApp Image 2024-12-09 at 15_25_01.jpeg,
3530,WhatsApp Image 2024-12-09 at 15_25_02.jpeg,
3531,WhatsApp Image 2024-12-09 at 23_03_00.jpeg,
3532,WhatsApp Image 2024-12-09 at 23_03_01.jpeg,
3533,WhatsApp Image 2024-12-09 at 23_03_03 (1).jpeg,
3534,WhatsApp Image 2024-12-09 at 23_03_03 (3).jpeg,
3535,WhatsApp Image 2024-12-09 at 23_03_03 (4).jpeg,
3536,WhatsApp Image 2024-12-09 at 23_03_03.jpeg,
3537,WhatsApp Image 2024-12-10 at 22_49_20 (1).jpeg,
3538,WhatsApp Image 2024-12-10 at 22_49_20 (2).jpeg,
3539,WhatsApp Image 2024-12-10 at 22_49_20.jpeg,
3540,WhatsApp Image 2024-12-10 at 22_49_21 (1).jpeg,
3541,WhatsApp Image 2024-12-10 at 22_49_21.jpeg,
3542,WhatsApp Image 2024-12-10 at 22_49_22 (1).jpeg,
3543,WhatsApp Image 2024-12-10 at 22_49_22 (3).jpeg,
3544,WhatsApp Image 2024-12-10 at 22_49_22.jpeg,
3545,WhatsApp Image 2024-12-10 at 22_49_23 (1).jpeg,
3546,WhatsApp Image 2024-12-10 at 22_49_23.jpeg,
3547,WhatsApp Image 2024-12-10 at 22_49_24.jpeg,
3548,WhatsApp Image 2024-12-10 at 22_49_25 (1).jpeg,
3549,WhatsApp Image 2024-12-10 at 22_49_25 (2).jpeg,
3550,WhatsApp Image 2024-12-10 at 22_49_25.jpeg,
3551,WhatsApp Image 2024-12-10 at 22_49_26 (1).jpeg,
3552,WhatsApp Image 2024-12-10 at 22_49_26 (2).jpeg,
3553,WhatsApp Image 2024-12-10 at 22_49_26.jpeg,
3554,WhatsApp Image 2024-12-10 at 22_49_27 (1).jpeg,
3555,WhatsApp Image 2024-12-10 at 22_49_28 (1).jpeg,
3556,WhatsApp Image 2024-12-10 at 22_49_28 (2).jpeg,
3557,WhatsApp Image 2024-12-10 at 22_49_28.jpeg,
3558,WhatsApp Image 2024-12-10 at 22_49_29.jpeg,
3559,WhatsApp Image 2024-12-12 at 10_33_53 (1).jpeg,
3560,WhatsApp Image 2024-12-12 at 10_33_53 (2).jpeg,
3561,WhatsApp Image 2024-12-12 at 10_33_54 (2).jpeg,
3562,WhatsApp Image 2024-12-12 at 10_33_54.jpeg,
3563,WhatsApp Image 2024-12-12 at 10_33_55 (1).jpeg,
3564,WhatsApp Image 2024-12-12 at 10_33_55 (2).jpeg,
3565,WhatsApp Image 2024-12-12 at 10_33_55 (3).jpeg,
3566,WhatsApp Image 2024-12-12 at 10_33_55.jpeg,
3567,WhatsApp Image 2024-12-12 at 10_33_56 (1).jpeg,
3568,WhatsApp Image 2024-12-12 at 10_33_56 (2).jpeg,
3569,WhatsApp Image 2024-12-12 at 10_33_56.jpeg,
3570,WhatsApp Image 2024-12-12 at 10_33_57 (1).jpeg,
3571,WhatsApp Image 2024-12-12 at 10_33_57 (2).jpeg,
3572,WhatsApp Image 2024-12-12 at 10_33_57 (3).jpeg,
3573,WhatsApp Image 2024-12-12 at 10_33_57.jpeg,
3574,WhatsApp Image 2024-12-12 at 10_33_58 (1).jpeg,
3575,WhatsApp Image 2024-12-12 at 10_33_58 (2).jpeg,
3576,WhatsApp Image 2024-12-12 at 10_33_58 (3).jpeg,
3577,WhatsApp Image 2024-12-12 at 10_33_58.jpeg,
3578,WhatsApp Image 2024-12-12 at 10_33_59 (1).jpeg,
3579,WhatsApp Image 2024-12-12 at 10_33_59 (2).jpeg,
3580,WhatsApp Image 2024-12-12 at 10_33_59 (3).jpeg,
3581,WhatsApp Image 2024-12-12 at 10_33_59.jpeg,
3582,WhatsApp Image 2024-12-13 at 06_16_07 (1).jpeg,
3583,WhatsApp Image 2024-12-13 at 06_16_07.jpeg,
3584,WhatsApp Image 2024-12-13 at 06_16_08 (2).jpeg,
3585,WhatsApp Image 2024-12-13 at 06_16_09 (1).jpeg,
3586,WhatsApp Image 2024-12-13 at 06_16_09.jpeg,
3587,WhatsApp Image 2024-12-13 at 06_16_10 (1).jpeg,
3588,WhatsApp Image 2024-12-13 at 06_16_10 (2).jpeg,
3589,WhatsApp Image 2024-12-13 at 06_16_10 (3).jpeg,
3590,WhatsApp Image 2024-12-13 at 06_16_11 (1).jpeg,
3591,WhatsApp Image 2024-12-13 at 06_16_11 (2).jpeg,
3592,WhatsApp Image 2024-12-13 at 06_16_11 (3).jpeg,
3593,WhatsApp Image 2024-12-13 at 06_16_11.jpeg,
3594,WhatsApp Image 2024-12-13 at 06_16_12 (1).jpeg,
3595,WhatsApp Image 2024-12-13 at 06_16_12 (2).jpeg,
3596,WhatsApp Image 2024-12-13 at 06_16_12 (3).jpeg,
3597,WhatsApp Image 2024-12-13 at 06_16_12.jpeg,
3598,WhatsApp Image 2024-12-13 at 06_16_13 (1).jpeg,
3599,WhatsApp Image 2024-12-13 at 06_16_13 (2).jpeg,
3600,WhatsApp Image 2024-12-13 at 06_16_13.jpeg,
3601,WhatsApp Image 2024-12-13 at 06_16_14 (1).jpeg,
3602,WhatsApp Image 2024-12-13 at 06_16_14 (2).jpeg,
3603,WhatsApp Image 2024-12-13 at 06_16_14.jpeg,
3604,WhatsApp Image 2024-12-13 at 18_40_10.jpeg,
3605,WhatsApp Image 2024-12-14 at 09_32_09.jpeg,
3606,WhatsApp Image 2024-12-14 at 09_32_10.jpeg,
3607,WhatsApp Image 2024-12-14 at 09_32_11 (1).jpeg,
3608,WhatsApp Image 2024-12-14 at 09_32_11 (2).jpeg,
3609,WhatsApp Image 2024-12-14 at 09_32_11.jpeg,
3610,WhatsApp Image 2024-12-14 at 09_32_12 (1).jpeg,
3611,WhatsApp Image 2024-12-14 at 09_32_12.jpeg,
3612,WhatsApp Image 2024-12-14 at 09_32_13 (1).jpeg,
3613,WhatsApp Image 2024-12-14 at 09_32_13 (2).jpeg,
3614,WhatsApp Image 2024-12-14 at 09_32_13.jpeg,
3615,WhatsApp Image 2024-12-14 at 09_32_14 (1).jpeg,
3616,WhatsApp Image 2024-12-14 at 09_32_14 (2).jpeg,
3617,WhatsApp Image 2024-12-14 at 09_32_14.jpeg,
3618,WhatsApp Image 2024-12-14 at 09_32_15 (1).jpeg,
3619,WhatsApp Image 2024-12-14 at 09_32_15.jpeg,
3620,WhatsApp Image 2024-12-14 at 09_32_16 (1).jpeg,
3621,WhatsApp Image 2024-12-14 at 09_32_16 (2).jpeg,
3622,WhatsApp Image 2024-12-14 at 09_32_16.jpeg,
3623,WhatsApp Image 2024-12-14 at 09_32_17.jpeg,
3624,WhatsApp Image 2025-11-12 at 21_25_44 (1).jpeg,
3625,WhatsApp Image 2025-11-12 at 21_25_44 (2).jpeg,
3626,WhatsApp Image 2025-11-12 at 21_25_45 (1).jpeg,
3627,WhatsApp Image 2025-11-12 at 21_25_45.jpeg,
3628,WhatsApp Image 2025-11-12 at 21_25_46 (1).jpeg,
3629,WhatsApp Image 2025-11-12 at 21_25_46 (2).jpeg,
3630,WhatsApp Image 2025-11-12 at 21_25_46.jpeg,
3631,WhatsApp Image 2025-11-12 at 21_25_47 (1).jpeg,
3632,WhatsApp Image 2025-11-12 at 21_25_47.jpeg,
3633,WhatsApp Image 2025-11-12 at 21_25_48.jpeg,
3634,WhatsApp Image  (202).jpg,
3635,WhatsApp Image  (203).jpg,
3636,WhatsApp Image  (204).jpg,
3637,WhatsApp Image  (205).jpg,
3638,WhatsApp Image  (206).jpg,
3639,WhatsApp Image  (207).jpg,
3640,WhatsApp Image  (208).jpg,
3641,WhatsApp Image  (209).jpg,
3642,WhatsApp Image  (20).jpg,
3643,WhatsApp Image  (210).jpg,
3644,WhatsApp Image  (211).jpg,
3645,WhatsApp Image  (212).jpg,
3646,WhatsApp Image  (213).jpg,
3647,WhatsApp Image  (214).jpg,
3648,WhatsApp Image  (215).jpg,
3649,WhatsApp Image  (216).jpg,
3650,WhatsApp Image  (217).jpg,
3651,WhatsApp Image  (218).jpg,
3652,WhatsApp Image  (219).jpg,
3653,WhatsApp Image  (21).jpg,
3654,WhatsApp Image  (220).jpg,
3655,WhatsApp Image  (221).jpg,
3656,WhatsApp Image  (222).jpg,
3657,WhatsApp Image  (223).jpg,
3658,WhatsApp Image  (224).jpg,
3659,WhatsApp Image  (225).jpg,
3660,WhatsApp Image  (226).jpg,
3661,WhatsApp Image  (227).jpg,
3662,WhatsApp Image  (228).jpg,
3663,WhatsApp Image  (229).jpg,
3664,WhatsApp Image  (22).jpg,
3665,WhatsApp Image  (230).jpg,
3666,WhatsApp Image  (231).jpg,
3667,WhatsApp Image  (232).jpg,
3668,WhatsApp Image  (233).jpg,
3669,WhatsApp Image  (234).jpg,
3670,WhatsApp Image  (235).jpg,
3671,WhatsApp Image  (236).jpg,
3672,WhatsApp Image  (237).jpg,
3673,WhatsApp Image  (238).jpg,
3674,WhatsApp Image  (239).jpg,
3675,WhatsApp Image  (23).jpg,
3676,WhatsApp Image  (240).jpg,
3677,WhatsApp Image  (241).jpg,
3678,WhatsApp Image  (242).jpg,
3679,WhatsApp Image  (243).jpg,
3680,WhatsApp Image  (244).jpg,
3681,WhatsApp Image  (245).jpg,
3682,WhatsApp Image  (246).jpg,
3683,WhatsApp Image  (247).jpg,
3684,WhatsApp Image  (248).jpg,
3685,WhatsApp Image  (249).jpg,
3686,WhatsApp Image  (24).jpg,
3687,WhatsApp Image  (250).jpg,
3688,WhatsApp Image  (251).jpg,
3689,WhatsApp Image  (252).jpg,
3690,WhatsApp Image  (253).jpg,
3691,WhatsApp Image  (254).jpg,
3692,WhatsApp Image  (255).jpg,
3693,WhatsApp Image  (256).jpg,
3694,WhatsApp Image  (257).jpg,
3695,WhatsApp Image  (258).jpg,
3696,WhatsApp Image  (259).jpg,
3697,WhatsApp Image  (25).jpg,
3698,WhatsApp Image  (260).jpg,
3699,WhatsApp Image  (261).jpg,
3700,WhatsApp Image  (262).jpg,
3701,WhatsApp Image  (263).jpg,
3702,WhatsApp Image  (264).jpg,
3703,WhatsApp Image  (265).jpg,
3704,WhatsApp Image  (266).jpg,
3705,WhatsApp Image  (267).jpg,
3706,WhatsApp Image  (268).jpg,
3707,WhatsApp Image  (269).jpg,
3708,WhatsApp Image  (26).jpg,
3709,WhatsApp Image  (270).jpg,
3710,WhatsApp Image  (271).jpg,
3711,WhatsApp Image  (272).jpg,
3712,WhatsApp Image  (273).jpg,
3713,WhatsApp Image  (274).jpg,
3714,WhatsApp Image  (275).jpg,
3715,WhatsApp Image  (276).jpg,
3716,WhatsApp Image  (277).jpg,
3717,WhatsApp Image  (278).jpg,
3718,WhatsApp Image  (279).jpg,
3719,WhatsApp Image  (27).jpg,
3720,WhatsApp Image  (280).jpg,
3721,WhatsApp Image  (281).jpg,
3722,WhatsApp Image  (282).jpg,
3723,WhatsApp Image  (283).jpg,
3724,WhatsApp Image  (284).jpg,
3725,WhatsApp Image  (285).jpg,
3726,WhatsApp Image  (286).jpg,
3727,WhatsApp Image  (287).jpg,
3728,WhatsApp Image  (288).jpg,
3729,WhatsApp Image  (289).jpg,
3730,WhatsApp Image  (28).jpg,
3731,WhatsApp Image  (290).jpg,
3732,WhatsApp Image  (291).jpg,
3733,WhatsApp Image  (292).jpg,
3734,WhatsApp Image  (293).jpg,
3735,WhatsApp Image  (294).jpg,
3736,WhatsApp Image  (295).jpg,
3737,WhatsApp Image  (296).jpg,
3738,WhatsApp Image  (297).jpg,
3739,WhatsApp Image  (298).jpg,
3740,WhatsApp Image  (299).jpg,
3741,WhatsApp Image  (29).jpg,
3742,WhatsApp Image  (2).jpeg,
3743,WhatsApp Image  (300).jpg,
3744,WhatsApp Image  (301).jpg,
3745,WhatsApp Image  (302).jpg,
3746,WhatsApp Image  (303).jpg,
3747,WhatsApp Image  (304).jpg,
3748,WhatsApp Image  (305).jpg,
3749,WhatsApp Image  (306).jpg,
3750,WhatsApp Image  (307).jpg,
3751,WhatsApp Image  (308).jpg,
3752,WhatsApp Image  (309).jpg,
3753,WhatsApp Image  (30).jpg,
3754,WhatsApp Image  (310).jpg,
3755,WhatsApp Image  (311).jpg,
3756,WhatsApp Image  (312).jpg,
3757,WhatsApp Image  (313).jpg,
3758,WhatsApp Image  (314).jpg,
3759,WhatsApp Image  (315).jpg,
3760,WhatsApp Image  (316).jpg,
3761,WhatsApp Image  (317).jpg,
3762,WhatsApp Image  (318).jpg,
3763,WhatsApp Image  (319).jpg,
3764,WhatsApp Image  (31).jpg,
3765,WhatsApp Image  (320).jpg,
3766,WhatsApp Image  (321).jpg,
3767,WhatsApp Image  (322).jpg,
3768,WhatsApp Image  (323).jpg,
3769,WhatsApp Image  (324).jpg,
3770,WhatsApp Image  (325).jpg,
3771,WhatsApp Image  (326).jpg,
3772,WhatsApp Image  (327).jpg,
3773,WhatsApp Image  (328).jpg,
3774,WhatsApp Image  (329).jpg,
3775,WhatsApp Image  (32).jpg,
3776,WhatsApp Image  (330).jpg,
3777,WhatsApp Image  (331).jpg,
3778,WhatsApp Image  (332).jpg,
3779,WhatsApp Image  (333).jpg,
3780,WhatsApp Image  (334).jpg,
3781,WhatsApp Image  (335).jpg,
3782,WhatsApp Image  (336).jpg,
3783,WhatsApp Image  (337).jpg,
3784,WhatsApp Image  (338).jpg,
3785,WhatsApp Image  (339).jpg,
3786,WhatsApp Image  (33).jpg,
3787,WhatsApp Image  (340).jpg,
3788,WhatsApp Image  (341).jpg,
3789,WhatsApp Image  (342).jpg,
3790,WhatsApp Image  (343).jpg,
3791,WhatsApp Image  (344).jpg,
3792,WhatsApp Image  (345).jpg,
3793,WhatsApp Image  (346).jpg,
3794,WhatsApp Image  (347).jpg,
3795,WhatsApp Image  (348).jpg,
3796,WhatsApp Image  (349).jpg,
3797,WhatsApp Image  (34).jpg,
3798,WhatsApp Image  (350).jpg,
3799,WhatsApp Image  (351).jpg,
3800,WhatsApp Image  (352).jpg,
3801,WhatsApp Image  (353).jpg,
3802,WhatsApp Image  (354).jpg,
3803,WhatsApp Image  (355).jpg,
3804,WhatsApp Image  (356).jpg,
3805,WhatsApp Image  (357).jpg,
3806,WhatsApp Image  (358).jpg,
3807,WhatsApp Image  (359).jpg,
3808,WhatsApp Image  (35).jpg,
3809,WhatsApp Image  (360).jpg,
3810,WhatsApp Image  (361).jpg,
3811,WhatsApp Image  (362).jpg,
3812,WhatsApp Image  (363).jpg,
3813,WhatsApp Image  (364).jpg,
3814,WhatsApp Image  (365).jpg,
3815,WhatsApp Image  (366).jpg,
3816,WhatsApp Image  (367).jpg,
3817,WhatsApp Image  (368).jpg,
3818,WhatsApp Image  (369).jpg,
3819,WhatsApp Image  (36).jpg,
3820,WhatsApp Image  (370).jpg,
3821,WhatsApp Image  (371).jpg,
3822,WhatsApp Image  (372).jpg,
3823,WhatsApp Image  (373).jpg,
3824,WhatsApp Image  (374).jpg,
3825,WhatsApp Image  (375).jpg,
3826,WhatsApp Image  (376).jpg,
3827,WhatsApp Image  (377).jpg,
3828,WhatsApp Image  (378).jpg,
3829,WhatsApp Image  (379).jpg,
3830,WhatsApp Image  (37).jpg,
3831,WhatsApp Image  (380).jpg,
3832,WhatsApp Image  (381).jpg,
3833,WhatsApp Image  (382).jpg,
3834,WhatsApp Image  (383).jpg,
3835,WhatsApp Image  (384).jpg,
3836,WhatsApp Image  (38).jpg,
3837,WhatsApp Image  (39).jpg,
3838,WhatsApp Image  (3).jpeg,
3839,WhatsApp Image  (3).jpg,
3840,WhatsApp Image  (40).jpg,
3841,WhatsApp Image  (41).jpg,
3842,WhatsApp Image  (42).jpg,
3843,WhatsApp Image  (43).jpg,
3844,WhatsApp Image  (44).jpg,
3845,WhatsApp Image  (45).jpg,
3846,WhatsApp Image  (46).jpg,
3847,WhatsApp Image  (47).jpg,
3848,WhatsApp Image  (48).jpg,
3849,WhatsApp Image  (49).jpg,
3850,WhatsApp Image  (4).jpeg,
3851,WhatsApp Image  (50).jpg,
3852,WhatsApp Image  (51).jpg,
3853,WhatsApp Image  (52).jpg,
3854,WhatsApp Image  (53).jpg,
3855,WhatsApp Image  (54).jpg,
3856,WhatsApp Image  (55).jpg,
3857,WhatsApp Image  (56).jpg,
3858,WhatsApp Image  (57).jpg,
3859,WhatsApp Image  (58).jpg,
3860,WhatsApp Image  (59).jpg,
3861,WhatsApp Image  (5).jpeg,
3862,WhatsApp Image  (5).jpg,
3863,WhatsApp Image  (60).jpg,
3864,WhatsApp Image  (61).jpg,
3865,WhatsApp Image  (62).jpg,
3866,WhatsApp Image  (63).jpg,
3867,WhatsApp Image  (64).jpg,
3868,WhatsApp Image  (65).jpg,
3869,WhatsApp Image  (66).jpg,
3870,WhatsApp Image  (67).jpg,
3871,WhatsApp Image  (68).jpg,
3872,WhatsApp Image  (69).jpg,
3873,WhatsApp Image  (6).jpeg,
3874,WhatsApp Image  (6).jpg,
3875,WhatsApp Image  (70).jpg,
3876,WhatsApp Image  (71).jpg,
3877,WhatsApp Image  (72).jpg,
3878,WhatsApp Image  (73).jpg,
3879,WhatsApp Image  (74).jpg,
3880,WhatsApp Image  (75).jpg,
3881,WhatsApp Image  (76).jpg,
3882,WhatsApp Image  (77).jpg,
3883,WhatsApp Image  (78).jpg,
3884,WhatsApp Image  (79).jpg,
3885,WhatsApp Image  (7).jpeg,
3886,WhatsApp Image  (7).jpg,
3887,WhatsApp Image  (80).jpg,
3888,WhatsApp Image  (81).jpg,
3889,WhatsApp Image  (82).jpg,
3890,WhatsApp Image  (83).jpg,
3891,WhatsApp Image  (84).jpg,
3892,WhatsApp Image  (85).jpg,
3893,WhatsApp Image  (86).jpg,
3894,WhatsApp Image  (87).jpg,
3895,WhatsApp Image  (88).jpg,
3896,WhatsApp Image  (89).jpg,
3897,WhatsApp Image  (8).jpeg,
3898,WhatsApp Image  (8).jpg,
3899,WhatsApp Image  (90).jpg,
3900,WhatsApp Image  (91).jpg,
3901,WhatsApp Image  (92).jpg,
3902,WhatsApp Image  (93).jpg,
3903,WhatsApp Image  (94).jpg,
3904,WhatsApp Image  (95).jpg,
3905,WhatsApp Image  (96).jpg,
3906,WhatsApp Image  (97).jpg,
3907,WhatsApp Image  (98).jpg,
3908,WhatsApp Image  (99).jpg,
3909,WhatsApp Image  (9).jpeg,
3910,WhatsApp Image  (9).jpg,
