{"type": "FeatureCollection", "features": [{"type": "Feature", "geometry": {"type": "LineString", "coordinates": [[14.295762162655592, 46.5537041710883], [14.295738358050585, 46.553697138983466]]}, "properties": {"fillColor": "#958CCF", "executionState": "Documented", "externalID": "SDIRouteSection_10985384961_1726897473", "userLabel": "_Querung offen"}}, {"type": "Feature", "geometry": {"type": "LineString", "coordinates": [[14.295762162655592, 46.5537041710883], [14.29576300084591, 46.55369817650717]]}, "properties": {"fillColor": "#0D15FF", "executionState": "Documented", "externalID": "SDIRouteSection_12776912385_1726897455", "userLabel": "_Gemeindestrasse Asphalt"}}, {"type": "Feature", "geometry": {"type": "LineString", "coordinates": [[14.295738358050585, 46.553697138983466], [14.295730143785477, 46.553687685988656], [14.295354641323954, 46.55349217010339]]}, "properties": {"fillColor": "#FE0DFF", "executionState": "Documented", "externalID": "SDIRouteSection_15138643201_1726897478", "userLabel": "_Hausanschluss"}}, {"type": "Feature", "geometry": {"type": "LineString", "coordinates": [[14.294765219092369, 46.55484312948403], [14.294824060052633, 46.55486560868553]]}, "properties": {"fillColor": "#958CCF", "executionState": "Documented", "externalID": "SDIRouteSection_33013572097_1702622703", "userLabel": "_Querung offen"}}, {"type": "Feature", "geometry": {"type": "LineString", "coordinates": [[14.294765219092369, 46.55484312948403], [14.294824060052633, 46.554758400102486]]}, "properties": {"fillColor": "#1B7CBD", "executionState": "Documented", "externalID": "SDIRouteSection_33019158017_1702988037", "userLabel": "_Bankett"}}, {"type": "Feature", "geometry": {"type": "LineString", "coordinates": [[14.293115995824337, 46.55507166759847], [14.293103674426675, 46.55507028426851]]}, "properties": {"fillColor": "#958CCF", "executionState": "Documented", "externalID": "SDIRouteSection_33518759681_1702623273", "userLabel": "_Querung offen"}}, {"type": "Feature", "geometry": {"type": "LineString", "coordinates": [[14.297557063400745, 46.558161074150206], [14.297548680738581, 46.55815761602214], [14.29755220557189, 46.55794920576393]]}, "properties": {"fillColor": "#FE0DFF", "executionState": "Documented", "externalID": "SDIRouteSection_50461652737_1733730154", "userLabel": "_Hausanschluss"}}, {"type": "Feature", "geometry": {"type": "LineString", "coordinates": [[14.29757533594966, 46.558161881046715], [14.297557063400745, 46.558161074150206]]}, "properties": {"fillColor": "#958CCF", "executionState": "Documented", "externalID": "SDIRouteSection_50524744193_1733730152", "userLabel": "_Querung offen"}}, {"type": "Feature", "geometry": {"type": "LineString", "coordinates": [[14.294019481167197, 46.55201776556197], [14.294020906155048, 46.55201978300129], [14.293932393221462, 46.55208065291153]]}, "properties": {"fillColor": "#FE0DFF", "executionState": "Documented", "externalID": "SDIRouteSection_51259932417_0", "userLabel": "_Hausanschluss"}}, {"type": "Feature", "geometry": {"type": "LineString", "coordinates": [[14.294654577970505, 46.55217213059407], [14.294660625009897, 46.55216872972619], [14.294692737635959, 46.552092318013614]]}, "properties": {"fillColor": "#FE0DFF", "executionState": "Documented", "externalID": "SDIRouteSection_52703487489_1702967985", "userLabel": "_Hausanschluss"}}, {"type": "Feature", "geometry": {"type": "LineString", "coordinates": [[14.29471249692142, 46.55224522038142], [14.294710923581004, 46.552248505961046], [14.29467062106199, 46.55231740054291]]}, "properties": {"fillColor": "#FE0DFF", "executionState": "Documented", "externalID": "SDIRouteSection_52725642753_1702967983", "userLabel": "_Hausanschluss"}}, {"type": "Feature", "geometry": {"type": "LineString", "coordinates": [[14.294355679303408, 46.552114373452724], [14.294352187512352, 46.55211662148634], [14.294394927675668, 46.55221175967943]]}, "properties": {"fillColor": "#FE0DFF", "executionState": "Documented", "externalID": "SDIRouteSection_52770161921_1702967989", "userLabel": "_Hausanschluss"}}, {"type": "Feature", "geometry": {"type": "LineString", "coordinates": [[14.295027907937765, 46.552328051512006], [14.29503146733822, 46.5523199816788], [14.295219853545216, 46.5523149092478]]}, "properties": {"fillColor": "#FE0DFF", "executionState": "Documented", "externalID": "SDIRouteSection_52788429057_1702967982", "userLabel": "_Hausanschluss"}}, {"type": "Feature", "geometry": {"type": "LineString", "coordinates": [[14.288102947175503, 46.55979628294878], [14.288167655467987, 46.55977161570715]]}, "properties": {"fillColor": "#0D15FF", "executionState": "Documented", "externalID": "SDIRouteSection_52836795137_1733730404", "userLabel": "_Gemeindestrasse Asphalt"}}, {"type": "Feature", "geometry": {"type": "LineString", "coordinates": [[14.294270519167185, 46.55305750183422], [14.294274339864545, 46.553059634546955], [14.29430186743317, 46.55312603683036]]}, "properties": {"fillColor": "#FE0DFF", "executionState": "Documented", "externalID": "SDIRouteSection_53299652353_1702968192", "userLabel": "_Hausanschluss"}}, {"type": "Feature", "geometry": {"type": "LineString", "coordinates": [[14.29544884711504, 46.552621907906], [14.2954605634523, 46.55262248431949], [14.29572410728312, 46.55290229677265]]}, "properties": {"fillColor": "#FE0DFF", "executionState": "Documented", "externalID": "SDIRouteSection_53299958017_1702968182", "userLabel": "_Hausanschluss"}}, {"type": "Feature", "geometry": {"type": "LineString", "coordinates": [[14.294852390885353, 46.5528611189782], [14.294848999681715, 46.55285120470895], [14.29469346991777, 46.55279494702796]]}, "properties": {"fillColor": "#FE0DFF", "executionState": "Documented", "externalID": "SDIRouteSection_53330856193_1702968187", "userLabel": "_Hausanschluss"}}, {"type": "Feature", "geometry": {"type": "LineString", "coordinates": [[14.2900924757123, 46.55347614597892], [14.29010421037674, 46.55347741406862], [14.29025173187256, 46.55363511808504]]}, "properties": {"fillColor": "#FE0DFF", "executionState": "Documented", "externalID": "SDIRouteSection_53413218049_1702968333", "userLabel": "_Hausanschluss"}}, {"type": "Feature", "geometry": {"type": "LineString", "coordinates": [[14.290944328531623, 46.55330795090862], [14.290918344631791, 46.55331561711063]]}, "properties": {"fillColor": "#0D15FF", "executionState": "Documented", "externalID": "SDIRouteSection_53452237569_1702987700", "userLabel": "_Gemeindestrasse Asphalt"}}, {"type": "Feature", "geometry": {"type": "LineString", "coordinates": [[14.290944328531623, 46.55330795090862], [14.290913566946983, 46.55327780485567]]}, "properties": {"fillColor": "#958CCF", "executionState": "Documented", "externalID": "SDIRouteSection_53469366529_1702968337", "userLabel": "_Querung offen"}}, {"type": "Feature", "geometry": {"type": "LineString", "coordinates": [[14.290913566946983, 46.55327780485567], [14.290906861424448, 46.553269908085696], [14.290678203105928, 46.553159237903714]]}, "properties": {"fillColor": "#FE0DFF", "executionState": "Documented", "externalID": "SDIRouteSection_53499401985_0", "userLabel": "_Hausanschluss"}}, {"type": "Feature", "geometry": {"type": "LineString", "coordinates": [[14.29098280146718, 46.55373103141474], [14.290902165658911, 46.55368261364931], [14.290730469561582, 46.55368173968461]]}, "properties": {"fillColor": "#FE0DFF", "executionState": "Documented", "externalID": "SDIRouteSection_53584774657_1702968434", "userLabel": "_Hausanschluss"}}, {"type": "Feature", "geometry": {"type": "LineString", "coordinates": [[14.291987121105194, 46.55394925666434], [14.291975051164629, 46.553948680264966], [14.291846305334952, 46.55392839104097]]}, "properties": {"fillColor": "#FE0DFF", "executionState": "Documented", "externalID": "SDIRouteSection_54191331073_1702968817", "userLabel": "_Hausanschluss"}}, {"type": "Feature", "geometry": {"type": "LineString", "coordinates": [[14.291627369821072, 46.55337700432818], [14.291619658470156, 46.55337550567394], [14.291451043722217, 46.553361138203655]]}, "properties": {"fillColor": "#FE0DFF", "executionState": "Documented", "externalID": "SDIRouteSection_54275352321_1702968911", "userLabel": "_Hausanschluss"}}, {"type": "Feature", "geometry": {"type": "LineString", "coordinates": [[14.291936662048101, 46.55295011675619], [14.29193213582039, 46.55294066363128], [14.291875138928464, 46.55283967672485]]}, "properties": {"fillColor": "#FE0DFF", "executionState": "Documented", "externalID": "SDIRouteSection_54331245569_1702968963", "userLabel": "_Hausanschluss"}}, {"type": "Feature", "geometry": {"type": "LineString", "coordinates": [[14.285795409232378, 46.56052476839261], [14.285766575485468, 46.56043416931146]]}, "properties": {"fillColor": "#3B3B3B", "executionState": "Documented", "externalID": "SDIRouteSection_54522976257_1733730859", "userLabel": "_Pressung"}}, {"type": "Feature", "geometry": {"type": "LineString", "coordinates": [[14.285795409232378, 46.56052476839261], [14.285850059241056, 46.56051854403307]]}, "properties": {"fillColor": "#958CCF", "executionState": "Documented", "externalID": "SDIRouteSection_54549368577_1733730867", "userLabel": "_Querung offen"}}, {"type": "Feature", "geometry": {"type": "LineString", "coordinates": [[14.285850059241056, 46.56051854403307], [14.285850239950664, 46.5605127807366], [14.28605924137647, 46.56035970735793]]}, "properties": {"fillColor": "#FE0DFF", "executionState": "Documented", "externalID": "SDIRouteSection_54567277057_1733730869", "userLabel": "_Hausanschluss"}}, {"type": "Feature", "geometry": {"type": "LineString", "coordinates": [[14.292553570121527, 46.55304441735137], [14.292561113834385, 46.553034733679226], [14.292659014704794, 46.55293605242766]]}, "properties": {"fillColor": "#FE0DFF", "executionState": "Documented", "externalID": "SDIRouteSection_54851080193_0", "userLabel": "_Hausanschluss"}}, {"type": "Feature", "geometry": {"type": "LineString", "coordinates": [[14.292523059993982, 46.55307865603547], [14.292553570121527, 46.55304441735137]]}, "properties": {"fillColor": "#958CCF", "executionState": "Documented", "externalID": "SDIRouteSection_54865865729_1702969080", "userLabel": "_Querung offen"}}, {"type": "Feature", "geometry": {"type": "LineString", "coordinates": [[14.293084982782602, 46.553458738562654], [14.293090847209308, 46.553456663506026], [14.293149858713152, 46.5534709583389]]}, "properties": {"fillColor": "#FE0DFF", "executionState": "Documented", "externalID": "SDIRouteSection_54866309377_1702969092", "userLabel": "_Hausanschluss"}}, {"type": "Feature", "geometry": {"type": "LineString", "coordinates": [[14.293972793966532, 46.55487229480519], [14.2939927, 46.5548686], [14.29396741100098, 46.5549148707218], [14.293804988330468, 46.55499956144986]]}, "properties": {"fillColor": "#FE0DFF", "executionState": "Documented", "externalID": "SDIRouteSection_55076447745_1702969351", "userLabel": "_Hausanschluss"}}, {"type": "Feature", "geometry": {"type": "LineString", "coordinates": [[14.293417576700449, 46.553763540461574], [14.293414726853372, 46.553764232143244], [14.293367117661424, 46.55385922284256]]}, "properties": {"fillColor": "#FE0DFF", "executionState": "Documented", "externalID": "SDIRouteSection_55280024321_0", "userLabel": "_Hausanschluss"}}, {"type": "Feature", "geometry": {"type": "LineString", "coordinates": [[14.293415900319815, 46.553711433752966], [14.293371308594942, 46.553689184634294]]}, "properties": {"fillColor": "#0D15FF", "executionState": "Documented", "externalID": "SDIRouteSection_55285987585_1702988100", "userLabel": "_Gemeindestrasse Asphalt"}}, {"type": "Feature", "geometry": {"type": "LineString", "coordinates": [[14.293415900319815, 46.553711433752966], [14.293417576700449, 46.553763540461574]]}, "properties": {"fillColor": "#958CCF", "executionState": "Documented", "externalID": "SDIRouteSection_55287304961_1702969434", "userLabel": "_Querung offen"}}, {"type": "Feature", "geometry": {"type": "LineString", "coordinates": [[14.293761737644672, 46.55390337525313], [14.293675571680069, 46.553853689560526]]}, "properties": {"fillColor": "#0D15FF", "executionState": "Documented", "externalID": "SDIRouteSection_55363034881_1733731148", "userLabel": "_Gemeindestrasse Asphalt"}}, {"type": "Feature", "geometry": {"type": "LineString", "coordinates": [[14.293761737644672, 46.55390337525313], [14.29376408457756, 46.5539116754108]]}, "properties": {"fillColor": "#958CCF", "executionState": "Documented", "externalID": "SDIRouteSection_55380500225_1733731155", "userLabel": "_Querung offen"}}, {"type": "Feature", "geometry": {"type": "LineString", "coordinates": [[14.29376408457756, 46.5539116754108], [14.293762072446421, 46.55391594076911], [14.293688306290676, 46.554079638050794]]}, "properties": {"fillColor": "#FE0DFF", "executionState": "Documented", "externalID": "SDIRouteSection_55385293057_1733731156", "userLabel": "_Hausanschluss"}}, {"type": "Feature", "geometry": {"type": "LineString", "coordinates": [[14.292436055839062, 46.55435746118047], [14.292460698634386, 46.55430662311244]]}, "properties": {"fillColor": "#FE0DFF", "executionState": "Documented", "externalID": "SDIRouteSection_55563654145_1702969523", "userLabel": "_Hausanschluss"}}, {"type": "Feature", "geometry": {"type": "LineString", "coordinates": [[14.292424153536558, 46.55448299987913], [14.292412251234056, 46.55448173181293], [14.292318374015538, 46.55450893760576]]}, "properties": {"fillColor": "#FE0DFF", "executionState": "Documented", "externalID": "SDIRouteSection_55644621569_1702969522", "userLabel": "_Hausanschluss"}}, {"type": "Feature", "geometry": {"type": "LineString", "coordinates": [[14.293132508173585, 46.5536907985603], [14.29313083179295, 46.5536821525275]]}, "properties": {"fillColor": "#0D15FF", "executionState": "Documented", "externalID": "SDIRouteSection_56321685761_1702988100", "userLabel": "_Gemeindestrasse Asphalt"}}, {"type": "Feature", "geometry": {"type": "LineString", "coordinates": [[14.29311515763402, 46.55369512157617], [14.293108958266442, 46.553696447300986], [14.29295232596759, 46.553969037140845]]}, "properties": {"fillColor": "#FE0DFF", "executionState": "Documented", "externalID": "SDIRouteSection_56336442625_0", "userLabel": "_Hausanschluss"}}, {"type": "Feature", "geometry": {"type": "LineString", "coordinates": [[14.293132508173585, 46.5536907985603], [14.29311515763402, 46.55369512157617]]}, "properties": {"fillColor": "#958CCF", "executionState": "Documented", "externalID": "SDIRouteSection_56406777857_1702969739", "userLabel": "_Querung offen"}}, {"type": "Feature", "geometry": {"type": "LineString", "coordinates": [[14.293066374957561, 46.554264085100556], [14.293140303343534, 46.55426581428867]]}, "properties": {"fillColor": "#958CCF", "executionState": "Documented", "externalID": "SDIRouteSection_56433955329_1702969796", "userLabel": "_Querung offen"}}, {"type": "Feature", "geometry": {"type": "LineString", "coordinates": [[14.293140303343534, 46.55426581428867], [14.293157905340195, 46.55426592956787], [14.293309450081871, 46.55430281889293]]}, "properties": {"fillColor": "#FE0DFF", "executionState": "Documented", "externalID": "SDIRouteSection_56439805697_1702969801", "userLabel": "_Hausanschluss"}}, {"type": "Feature", "geometry": {"type": "LineString", "coordinates": [[14.294083770364523, 46.554410086023836], [14.29403766989708, 46.55440933671099]]}, "properties": {"fillColor": "#3B3B3B", "executionState": "Documented", "externalID": "SDIRouteSection_56511948289_1702970001", "userLabel": "_Pressung"}}, {"type": "Feature", "geometry": {"type": "LineString", "coordinates": [[14.294083770364523, 46.554410086023836], [14.294083770364523, 46.554384782299394]]}, "properties": {"fillColor": "#3B3B3B", "executionState": "Documented", "externalID": "SDIRouteSection_56605404161_1702988100", "userLabel": "_Pressung"}}, {"type": "Feature", "geometry": {"type": "LineString", "coordinates": [[14.29403766989708, 46.55440933671099], [14.294030294296672, 46.554408875595385], [14.293925064304094, 46.554410691003675]]}, "properties": {"fillColor": "#FE0DFF", "executionState": "Documented", "externalID": "SDIRouteSection_56631726337_1702970006", "userLabel": "_Hausanschluss"}}, {"type": "Feature", "geometry": {"type": "LineString", "coordinates": [[14.288236135616899, 46.56427694745335], [14.28823672683853, 46.56426755393055], [14.288189783702515, 46.564169815584144]]}, "properties": {"fillColor": "#FE0DFF", "executionState": "Documented", "externalID": "SDIRouteSection_56872017153_0", "userLabel": "_Hausanschluss"}}, {"type": "Feature", "geometry": {"type": "LineString", "coordinates": [[14.288803339004517, 46.56392091451224], [14.288793279697051, 46.56391624653489], [14.288701415084493, 46.563894578093326]]}, "properties": {"fillColor": "#FE0DFF", "executionState": "Documented", "externalID": "SDIRouteSection_56886474241_0", "userLabel": "_Hausanschluss"}}, {"type": "Feature", "geometry": {"type": "LineString", "coordinates": [[14.288235129788518, 46.564319477616095], [14.288236135616899, 46.56427694745335]]}, "properties": {"fillColor": "#958CCF", "executionState": "Documented", "externalID": "SDIRouteSection_56948257025_1703139314", "userLabel": "_Querung offen"}}, {"type": "Feature", "geometry": {"type": "LineString", "coordinates": [[14.287831792607903, 46.56373563584333], [14.287827853113413, 46.56376808126714]]}, "properties": {"fillColor": "#0D15FF", "executionState": "Documented", "externalID": "SDIRouteSection_56975395073_0", "userLabel": "_Gemeindestrasse Asphalt"}}, {"type": "Feature", "geometry": {"type": "LineString", "coordinates": [[14.287831792607903, 46.56373563584333], [14.287883592769504, 46.5637369036933]]}, "properties": {"fillColor": "#958CCF", "executionState": "Documented", "externalID": "SDIRouteSection_57023799041_1703139497", "userLabel": "_Querung offen"}}, {"type": "Feature", "geometry": {"type": "LineString", "coordinates": [[14.287895578891039, 46.56340893297235], [14.287872863933444, 46.56340731933537]]}, "properties": {"fillColor": "#958CCF", "executionState": "Documented", "externalID": "SDIRouteSection_57041214209_1703139456", "userLabel": "_Querung offen"}}, {"type": "Feature", "geometry": {"type": "LineString", "coordinates": [[14.28801049478352, 46.56319097628503], [14.288015439768024, 46.5631868845257], [14.288422465310854, 46.56318688451247]]}, "properties": {"fillColor": "#FE0DFF", "executionState": "Documented", "externalID": "SDIRouteSection_57103087873_1703139478", "userLabel": "_Hausanschluss"}}, {"type": "Feature", "geometry": {"type": "LineString", "coordinates": [[14.287964310497046, 46.56318521327242], [14.28801049478352, 46.56319097628503]]}, "properties": {"fillColor": "#958CCF", "executionState": "Documented", "externalID": "SDIRouteSection_57189986049_1703139473", "userLabel": "_Querung offen"}}, {"type": "Feature", "geometry": {"type": "LineString", "coordinates": [[14.287872863933444, 46.56340731933537], [14.287861889624862, 46.56340633962717], [14.287782758494656, 46.56337314455263]]}, "properties": {"fillColor": "#FE0DFF", "executionState": "Documented", "externalID": "SDIRouteSection_57283164417_1703139463", "userLabel": "_Hausanschluss"}}, {"type": "Feature", "geometry": {"type": "LineString", "coordinates": [[14.287883592769504, 46.5637369036933], [14.287897422637915, 46.56373321553528], [14.28822666421068, 46.563692183237]]}, "properties": {"fillColor": "#FE0DFF", "executionState": "Documented", "externalID": "SDIRouteSection_57348227073_1703139502", "userLabel": "_Hausanschluss"}}, {"type": "Feature", "geometry": {"type": "LineString", "coordinates": [[14.287911797873676, 46.56431614954562], [14.287909654562869, 46.56431826740867], [14.28785853090724, 46.564434446758526]]}, "properties": {"fillColor": "#FE0DFF", "executionState": "Documented", "externalID": "SDIRouteSection_57385613825_0", "userLabel": "_Hausanschluss"}}, {"type": "Feature", "geometry": {"type": "LineString", "coordinates": [[14.28771719103679, 46.56422384233207], [14.287700950469462, 46.5642211049533], [14.287584274964406, 46.56420946370424]]}, "properties": {"fillColor": "#FE0DFF", "executionState": "Documented", "externalID": "SDIRouteSection_57385851393_1703139578", "userLabel": "_Hausanschluss"}}, {"type": "Feature", "geometry": {"type": "LineString", "coordinates": [[14.290774259716272, 46.56156497562887], [14.290764035448044, 46.56157275592812], [14.29065674523305, 46.561692168860816]]}, "properties": {"fillColor": "#FE0DFF", "executionState": "Documented", "externalID": "SDIRouteSection_57398784001_1703140159", "userLabel": "_Hausanschluss"}}, {"type": "Feature", "geometry": {"type": "LineString", "coordinates": [[14.290874507278204, 46.562089480562435], [14.290814995765686, 46.562077723777406]]}, "properties": {"fillColor": "#958CCF", "executionState": "Documented", "externalID": "SDIRouteSection_57435875329_1703140161", "userLabel": "_Querung offen"}}, {"type": "Feature", "geometry": {"type": "LineString", "coordinates": [[14.290833519771695, 46.56156232456371], [14.290774259716272, 46.56156497562887]]}, "properties": {"fillColor": "#958CCF", "executionState": "Documented", "externalID": "SDIRouteSection_57436792321_1703140154", "userLabel": "_Querung offen"}}, {"type": "Feature", "geometry": {"type": "LineString", "coordinates": [[14.290796555578709, 46.56252528665024], [14.290730841457844, 46.56250649899641]]}, "properties": {"fillColor": "#958CCF", "executionState": "Documented", "externalID": "SDIRouteSection_57461083649_1703140197", "userLabel": "_Querung offen"}}, {"type": "Feature", "geometry": {"type": "LineString", "coordinates": [[14.290814995765686, 46.562077723777406], [14.290815666473575, 46.56207253757807], [14.29062455892563, 46.5619678783978]]}, "properties": {"fillColor": "#FE0DFF", "executionState": "Documented", "externalID": "SDIRouteSection_57465717505_0", "userLabel": "_Hausanschluss"}}, {"type": "Feature", "geometry": {"type": "LineString", "coordinates": [[14.290774259716272, 46.56156497562887], [14.290774763024189, 46.56155062529629], [14.29058164358139, 46.5614404330576]]}, "properties": {"fillColor": "#FE0DFF", "executionState": "Documented", "externalID": "SDIRouteSection_57465977345_0", "userLabel": "_Hausanschluss"}}, {"type": "Feature", "geometry": {"type": "LineString", "coordinates": [[14.290730841457844, 46.56250649899641], [14.290717088679608, 46.56249716279787], [14.290604442233958, 46.56247872101152]]}, "properties": {"fillColor": "#FE0DFF", "executionState": "Documented", "externalID": "SDIRouteSection_57693542145_0", "userLabel": "_Hausanschluss"}}, {"type": "Feature", "geometry": {"type": "LineString", "coordinates": [[14.288618266582489, 46.56208901951209], [14.288628996048486, 46.562080374817384], [14.288848936481074, 46.562037497325875]]}, "properties": {"fillColor": "#FE0DFF", "executionState": "Documented", "externalID": "SDIRouteSection_57830110465_1703140321", "userLabel": "_Hausanschluss"}}, {"type": "Feature", "geometry": {"type": "LineString", "coordinates": [[14.289738424122334, 46.5623813246456], [14.289768263697624, 46.56229211181048]]}, "properties": {"fillColor": "#0D15FF", "executionState": "Documented", "externalID": "SDIRouteSection_57864601089_0", "userLabel": "_Gemeindestrasse Asphalt"}}, {"type": "Feature", "geometry": {"type": "LineString", "coordinates": [[14.289748650044203, 46.56229003709163], [14.289734062855388, 46.56228600291587], [14.28959995508194, 46.56224819691141]]}, "properties": {"fillColor": "#FE0DFF", "executionState": "Documented", "externalID": "SDIRouteSection_57889898753_0", "userLabel": "_Hausanschluss"}}, {"type": "Feature", "geometry": {"type": "LineString", "coordinates": [[14.289768263697624, 46.56229211181048], [14.289748650044203, 46.56229003709163]]}, "properties": {"fillColor": "#958CCF", "executionState": "Documented", "externalID": "SDIRouteSection_57895245825_1703140477", "userLabel": "_Querung offen"}}, {"type": "Feature", "geometry": {"type": "LineString", "coordinates": [[14.289852920919657, 46.5620777814087], [14.289861093275249, 46.56204717917683]]}, "properties": {"fillColor": "#0D15FF", "executionState": "Documented", "externalID": "SDIRouteSection_57895338497_0", "userLabel": "_Gemeindestrasse Asphalt"}}, {"type": "Feature", "geometry": {"type": "LineString", "coordinates": [[14.289933638647199, 46.56180489649091], [14.289954090490937, 46.56180564570161]]}, "properties": {"fillColor": "#958CCF", "executionState": "Documented", "externalID": "SDIRouteSection_57896417793_1703140538", "userLabel": "_Querung offen"}}, {"type": "Feature", "geometry": {"type": "LineString", "coordinates": [[14.289954090490937, 46.56180564570161], [14.289960706131135, 46.56180420491175], [14.290053282460011, 46.56191861797957]]}, "properties": {"fillColor": "#FE0DFF", "executionState": "Documented", "externalID": "SDIRouteSection_57916752897_0", "userLabel": "_Hausanschluss"}}, {"type": "Feature", "geometry": {"type": "LineString", "coordinates": [[14.28960096091032, 46.562063200686424], [14.289406165628376, 46.56207207554627], [14.289224445819857, 46.56213570083981]]}, "properties": {"fillColor": "#FE0DFF", "executionState": "Documented", "externalID": "SDIRouteSection_57948220161_1703140761", "userLabel": "_Hausanschluss"}}, {"type": "Feature", "geometry": {"type": "LineString", "coordinates": [[14.28912403061986, 46.561409772834224], [14.289049431681635, 46.56141668868327], [14.288965914170666, 46.56163981222702]]}, "properties": {"fillColor": "#FE0DFF", "executionState": "Documented", "externalID": "SDIRouteSection_58462225153_0", "userLabel": "_Hausanschluss"}}, {"type": "Feature", "geometry": {"type": "LineString", "coordinates": [[14.28912403061986, 46.561409772834224], [14.289055466651917, 46.56141265443492]]}, "properties": {"fillColor": "#FE0DFF", "executionState": "Documented", "externalID": "SDIRouteSection_58653974017_1703140906", "userLabel": "_Hausanschluss"}}, {"type": "Feature", "geometry": {"type": "LineString", "coordinates": [[14.28412388327489, 46.56158704862304], [14.284113580361009, 46.56159142864169]]}, "properties": {"fillColor": "#3B3B3B", "executionState": "Plan released", "externalID": "SDIRouteSection_59380644353_1734417142", "userLabel": "_Pressung"}}, {"type": "Feature", "geometry": {"type": "LineString", "coordinates": [[14.28811501711607, 46.56498837241557], [14.288170379586518, 46.564990677544046]]}, "properties": {"fillColor": "#1B7CBD", "executionState": "Documented", "externalID": "SDIRouteSection_63229140225_1734418090", "userLabel": "_Bankett"}}, {"type": "Feature", "geometry": {"type": "LineString", "coordinates": [[14.28811501711607, 46.56498837241557], [14.288119040429592, 46.56503297663457]]}, "properties": {"fillColor": "#3B3B3B", "executionState": "Documented", "externalID": "SDIRouteSection_63377694977_1734418100", "userLabel": "_Pressung"}}, {"type": "Feature", "geometry": {"type": "LineString", "coordinates": [[14.288119040429592, 46.56503297663457], [14.288118045986106, 46.56504392598503], [14.288036066650955, 46.56514694689962]]}, "properties": {"fillColor": "#FE0DFF", "executionState": "Documented", "externalID": "SDIRouteSection_63423198209_1734418113", "userLabel": "_Hausanschluss"}}, {"type": "Feature", "geometry": {"type": "LineString", "coordinates": [[14.289887957274914, 46.56182080280888], [14.289886867627501, 46.56181175465031]]}, "properties": {"fillColor": "#0D15FF", "executionState": "Documented", "externalID": "SDIRouteSection_65005430785_1734418302", "userLabel": "_Gemeindestrasse Asphalt"}}, {"type": "Feature", "geometry": {"type": "LineString", "coordinates": [[14.289887957274914, 46.56182080280888], [14.28987018764019, 46.561812849650465]]}, "properties": {"fillColor": "#958CCF", "executionState": "Documented", "externalID": "SDIRouteSection_65006301697_1734418311", "userLabel": "_Querung offen"}}, {"type": "Feature", "geometry": {"type": "LineString", "coordinates": [[14.28987018764019, 46.561812849650465], [14.28985476911282, 46.56181296491364], [14.28957127106245, 46.56194962397703]]}, "properties": {"fillColor": "#FE0DFF", "executionState": "Documented", "externalID": "SDIRouteSection_65118961921_1734418326", "userLabel": "_Hausanschluss"}}, {"type": "Feature", "geometry": {"type": "LineString", "coordinates": [[14.289983259513974, 46.56139098479409], [14.289988201895762, 46.56138833372041], [14.290186022115925, 46.561464869012696]]}, "properties": {"fillColor": "#FE0DFF", "executionState": "Documented", "externalID": "SDIRouteSection_65811794433_1734418382", "userLabel": "_Hausanschluss"}}, {"type": "Feature", "geometry": {"type": "LineString", "coordinates": [[14.28996691480279, 46.561395134300426], [14.289983259513974, 46.56139098479409]]}, "properties": {"fillColor": "#958CCF", "executionState": "Documented", "externalID": "SDIRouteSection_65835666945_1734418374", "userLabel": "_Querung offen"}}, {"type": "Feature", "geometry": {"type": "LineString", "coordinates": [[14.289070051163435, 46.56256568584715], [14.289059448055923, 46.56253341259671]]}, "properties": {"fillColor": "#0D15FF", "executionState": "Documented", "externalID": "SDIRouteSection_66976160769_1734418473", "userLabel": "_Gemeindestrasse Asphalt"}}, {"type": "Feature", "geometry": {"type": "LineString", "coordinates": [[14.289040546864271, 46.56256603163189], [14.28903404085754, 46.56256585873953], [14.288853305393618, 46.56265728367648]]}, "properties": {"fillColor": "#FE0DFF", "executionState": "Documented", "externalID": "SDIRouteSection_67116406785_1734418482", "userLabel": "_Hausanschluss"}}, {"type": "Feature", "geometry": {"type": "LineString", "coordinates": [[14.289070051163435, 46.56256568584715], [14.289040546864271, 46.56256603163189]]}, "properties": {"fillColor": "#958CCF", "executionState": "Documented", "externalID": "SDIRouteSection_67206935809_1734418479", "userLabel": "_Querung offen"}}, {"type": "Feature", "geometry": {"type": "LineString", "coordinates": [[14.289169020485133, 46.56259725310167], [14.289164703805, 46.562602627169156]]}, "properties": {"fillColor": "#958CCF", "executionState": "Documented", "externalID": "SDIRouteSection_67575604737_1734418549", "userLabel": "_Querung offen"}}, {"type": "Feature", "geometry": {"type": "LineString", "coordinates": [[14.289164703805, 46.562602627169156], [14.289164098299116, 46.562603433999655], [14.28914397954941, 46.56268783416316]]}, "properties": {"fillColor": "#FE0DFF", "executionState": "Documented", "externalID": "SDIRouteSection_67801841665_1734418590", "userLabel": "_Hausanschluss"}}, {"type": "Feature", "geometry": {"type": "LineString", "coordinates": [[14.287914857268333, 46.559912530055584], [14.288043938577175, 46.55982360132941]]}, "properties": {"fillColor": "#0D15FF", "executionState": "Documented", "externalID": "SDIRouteSection_68849793281_1734418820", "userLabel": "_Gemeindestrasse Asphalt"}}, {"type": "Feature", "geometry": {"type": "LineString", "coordinates": [[14.287899183109403, 46.55989691134627], [14.287901447172024, 46.559891263251004], [14.28789262273908, 46.5597271224299]]}, "properties": {"fillColor": "#FE0DFF", "executionState": "Documented", "externalID": "SDIRouteSection_68892707585_1734418833", "userLabel": "_Hausanschluss"}}, {"type": "Feature", "geometry": {"type": "LineString", "coordinates": [[14.287914857268333, 46.559912530055584], [14.287899183109403, 46.55989691134627]]}, "properties": {"fillColor": "#958CCF", "executionState": "Documented", "externalID": "SDIRouteSection_68896726273_1734418827", "userLabel": "_Querung offen"}}, {"type": "Feature", "geometry": {"type": "LineString", "coordinates": [[14.288576440885663, 46.55963911554221], [14.288573333794162, 46.55963536933884], [14.28845996037532, 46.55955698246722]]}, "properties": {"fillColor": "#FE0DFF", "executionState": "Documented", "externalID": "SDIRouteSection_69490960385_1734418885", "userLabel": "_Hausanschluss"}}, {"type": "Feature", "geometry": {"type": "LineString", "coordinates": [[14.288620445877314, 46.55963006701981], [14.288682891055942, 46.55959456452237]]}, "properties": {"fillColor": "#0D15FF", "executionState": "Documented", "externalID": "SDIRouteSection_69496854017_1734418892", "userLabel": "_Gemeindestrasse Asphalt"}}, {"type": "Feature", "geometry": {"type": "LineString", "coordinates": [[14.293458836618811, 46.56493924434116], [14.293467008974403, 46.56494928606557]]}, "properties": {"fillColor": "#0D15FF", "executionState": "Documented", "externalID": "SDIRouteSection_69931924993_1733821113", "userLabel": "_Gemeindestrasse Asphalt"}}, {"type": "Feature", "geometry": {"type": "LineString", "coordinates": [[14.289198126643896, 46.55865431622553], [14.289218913763762, 46.55866007971943]]}, "properties": {"fillColor": "#958CCF", "executionState": "Documented", "externalID": "SDIRouteSection_70541371137_1734419034", "userLabel": "_Querung offen"}}, {"type": "Feature", "geometry": {"type": "LineString", "coordinates": [[14.289198126643896, 46.55865431622553], [14.289242214961696, 46.55857483758235]]}, "properties": {"fillColor": "#1B7CBD", "executionState": "Documented", "externalID": "SDIRouteSection_70646825729_1734419024", "userLabel": "_Bankett"}}, {"type": "Feature", "geometry": {"type": "LineString", "coordinates": [[14.289218913763762, 46.55866007971943], [14.289224444206987, 46.55865927283032], [14.289351186931903, 46.5587459557059]]}, "properties": {"fillColor": "#FE0DFF", "executionState": "Documented", "externalID": "SDIRouteSection_70724168193_1734419040", "userLabel": "_Hausanschluss"}}, {"type": "Feature", "geometry": {"type": "LineString", "coordinates": [[14.2935137799941, 46.56499707427511], [14.293519395869225, 46.564984813873224]]}, "properties": {"fillColor": "#0D15FF", "executionState": "Documented", "externalID": "SDIRouteSection_70839237633_1733821195", "userLabel": "_Befestigt"}}, {"type": "Feature", "geometry": {"type": "LineString", "coordinates": [[14.293519395869225, 46.564984813873224], [14.29352400591597, 46.56497452723545]]}, "properties": {"fillColor": "#0D15FF", "executionState": "Documented", "externalID": "SDIRouteSection_70852993537_1733821192", "userLabel": "_Befestigt"}}, {"type": "Feature", "geometry": {"type": "LineString", "coordinates": [[14.290876016020775, 46.562078991666084], [14.290875345468521, 46.562038073424674]]}, "properties": {"fillColor": "#0D15FF", "executionState": "Documented", "externalID": "SDIRouteSection_70935332609_1734419109", "userLabel": "_Gemeindestrasse Asphalt"}}, {"type": "Feature", "geometry": {"type": "LineString", "coordinates": [[14.293499572668225, 46.56496596944288], [14.293509316630661, 46.564967093193474]]}, "properties": {"fillColor": "#0D15FF", "executionState": "Documented", "externalID": "SDIRouteSection_71445345793_1733821275", "userLabel": "_Gemeindestrasse Asphalt"}}, {"type": "Feature", "geometry": {"type": "LineString", "coordinates": [[14.293486832175404, 46.564961344776606], [14.293499572668225, 46.56496596944288]]}, "properties": {"fillColor": "#0D15FF", "executionState": "Documented", "externalID": "SDIRouteSection_71448800257_1733821265", "userLabel": "_Gemeindestrasse Asphalt"}}, {"type": "Feature", "geometry": {"type": "LineString", "coordinates": [[14.293467008974403, 46.56494928606557], [14.293486832175404, 46.564961344776606]]}, "properties": {"fillColor": "#0D15FF", "executionState": "Documented", "externalID": "SDIRouteSection_71499389697_1733821265", "userLabel": "_Gemeindestrasse Asphalt"}}, {"type": "Feature", "geometry": {"type": "LineString", "coordinates": [[14.293773639947176, 46.553193361233866], [14.293805826455355, 46.55317653013452]]}, "properties": {"fillColor": "#0D15FF", "executionState": "Documented", "externalID": "SDIRouteSection_71883446785_1734419433", "userLabel": "_Gemeindestrasse Asphalt"}}, {"type": "Feature", "geometry": {"type": "LineString", "coordinates": [[14.293789230287075, 46.553207886699], [14.293793585081762, 46.55321365077137], [14.293721169181447, 46.55346358030386]]}, "properties": {"fillColor": "#FE0DFF", "executionState": "Documented", "externalID": "SDIRouteSection_71914881025_1734419446", "userLabel": "_Hausanschluss"}}, {"type": "Feature", "geometry": {"type": "LineString", "coordinates": [[14.293773639947176, 46.553193361233866], [14.293789230287075, 46.553207886699]]}, "properties": {"fillColor": "#958CCF", "executionState": "Documented", "externalID": "SDIRouteSection_71949359873_1734419439", "userLabel": "_Querung offen"}}, {"type": "Feature", "geometry": {"type": "LineString", "coordinates": [[14.293805826455355, 46.55317653013452], [14.293888807296753, 46.553147190979644]]}, "properties": {"fillColor": "#0D15FF", "executionState": "Documented", "externalID": "SDIRouteSection_72133256705_1734419470", "userLabel": "_Gemeindestrasse Asphalt"}}, {"type": "Feature", "geometry": {"type": "LineString", "coordinates": [[14.293394777923822, 46.564319074213614], [14.293381031602621, 46.56431261977369]]}, "properties": {"fillColor": "#958CCF", "executionState": "Documented", "externalID": "SDIRouteSection_74205922049_1734419842", "userLabel": "_Querung offen"}}, {"type": "Feature", "geometry": {"type": "LineString", "coordinates": [[14.293381031602621, 46.56431261977369], [14.293375842507468, 46.5643108909057], [14.293245077189576, 46.56431918961628]]}, "properties": {"fillColor": "#FE0DFF", "executionState": "Documented", "externalID": "SDIRouteSection_74214845697_1734419849", "userLabel": "_Hausanschluss"}}, {"type": "Feature", "geometry": {"type": "LineString", "coordinates": [[14.29389358498156, 46.56392604352391], [14.293891238048673, 46.563913537955244]]}, "properties": {"fillColor": "#3B3B3B", "executionState": "Documented", "externalID": "SDIRouteSection_74681606913_1734419908", "userLabel": "_Pressung"}}, {"type": "Feature", "geometry": {"type": "LineString", "coordinates": [[14.293891238048673, 46.563913537955244], [14.293890148875642, 46.563908408942375], [14.29385930298404, 46.5637963774451]]}, "properties": {"fillColor": "#FE0DFF", "executionState": "Documented", "externalID": "SDIRouteSection_74693942017_1734419914", "userLabel": "_Hausanschluss"}}, {"type": "Feature", "geometry": {"type": "LineString", "coordinates": [[14.28956332616508, 46.55936973404394], [14.289566511288285, 46.559344086826854]]}, "properties": {"fillColor": "#958CCF", "executionState": "Documented", "externalID": "SDIRouteSection_75577106433_1703059143", "userLabel": "_Querung offen"}}, {"type": "Feature", "geometry": {"type": "LineString", "coordinates": [[14.28956332616508, 46.55936973404394], [14.28962292149663, 46.55934696853723]]}, "properties": {"fillColor": "#0D15FF", "executionState": "Documented", "externalID": "SDIRouteSection_75620528641_0", "userLabel": "_Gemeindestrasse Asphalt"}}, {"type": "Feature", "geometry": {"type": "LineString", "coordinates": [[14.289566511288285, 46.559344086826854], [14.289565064126258, 46.559339821895215], [14.28951278316038, 46.55928172664895]]}, "properties": {"fillColor": "#FE0DFF", "executionState": "Documented", "externalID": "SDIRouteSection_75639639553_0", "userLabel": "_Hausanschluss"}}, {"type": "Feature", "geometry": {"type": "LineString", "coordinates": [[14.290189202874899, 46.55904012315557], [14.290206469595432, 46.559018222028925]]}, "properties": {"fillColor": "#1B7CBD", "executionState": "Documented", "externalID": "SDIRouteSection_75649753345_0", "userLabel": "_Bankett"}}, {"type": "Feature", "geometry": {"type": "LineString", "coordinates": [[14.290180653333664, 46.55890514291329], [14.29019406974281, 46.558897189327475], [14.290208816641112, 46.55881419531063]]}, "properties": {"fillColor": "#FE0DFF", "executionState": "Documented", "externalID": "SDIRouteSection_75747180801_0", "userLabel": "_Hausanschluss"}}, {"type": "Feature", "geometry": {"type": "LineString", "coordinates": [[14.290189202874899, 46.55904012315557], [14.290159195661545, 46.55902536871329]]}, "properties": {"fillColor": "#958CCF", "executionState": "Documented", "externalID": "SDIRouteSection_75750756097_1703059194", "userLabel": "_Querung offen"}}, {"type": "Feature", "geometry": {"type": "LineString", "coordinates": [[14.290159195661545, 46.55902536871329], [14.290147082361544, 46.559018913643584], [14.290001893512876, 46.558986391268874]]}, "properties": {"fillColor": "#FE0DFF", "executionState": "Documented", "externalID": "SDIRouteSection_75755717121_0", "userLabel": "_Hausanschluss"}}, {"type": "Feature", "geometry": {"type": "LineString", "coordinates": [[14.289710763841867, 46.55931457810365], [14.289749655872583, 46.55936149235529]]}, "properties": {"fillColor": "#3B3B3B", "executionState": "Documented", "externalID": "SDIRouteSection_75775949825_1703059244", "userLabel": "_Pressung"}}, {"type": "Feature", "geometry": {"type": "LineString", "coordinates": [[14.289710763841867, 46.55931457810365], [14.289724677801132, 46.55931181166005]]}, "properties": {"fillColor": "#0D15FF", "executionState": "Documented", "externalID": "SDIRouteSection_75803606785_0", "userLabel": "_Gemeindestrasse Asphalt"}}, {"type": "Feature", "geometry": {"type": "LineString", "coordinates": [[14.289749655872583, 46.55936149235529], [14.289755521640297, 46.5593582648405], [14.289988875310163, 46.55939791711461]]}, "properties": {"fillColor": "#FE0DFF", "executionState": "Documented", "externalID": "SDIRouteSection_75823411713_0", "userLabel": "_Hausanschluss"}}, {"type": "Feature", "geometry": {"type": "LineString", "coordinates": [[14.289346737787127, 46.55944742486574], [14.289375571534038, 46.55949082332532]]}, "properties": {"fillColor": "#3B3B3B", "executionState": "Documented", "externalID": "SDIRouteSection_75825217793_1703059306", "userLabel": "_Pressung"}}, {"type": "Feature", "geometry": {"type": "LineString", "coordinates": [[14.2923684976995, 46.56383959944182], [14.292357936501503, 46.56385734930461]]}, "properties": {"fillColor": "#3B3B3B", "executionState": "Documented", "externalID": "SDIRouteSection_75867888641_1734420186", "userLabel": "_Sp\u00fclbohrung"}}, {"type": "Feature", "geometry": {"type": "LineString", "coordinates": [[14.2923684976995, 46.56383959944182], [14.292310327291489, 46.56380634724823]]}, "properties": {"fillColor": "#958CCF", "executionState": "Documented", "externalID": "SDIRouteSection_75934437121_1734420193", "userLabel": "_Querung offen"}}, {"type": "Feature", "geometry": {"type": "LineString", "coordinates": [[14.292310327291489, 46.56380634724823], [14.292296257268822, 46.56380098770733], [14.292059540976455, 46.56375211786696]]}, "properties": {"fillColor": "#FE0DFF", "executionState": "Documented", "externalID": "SDIRouteSection_75943864321_1734420196", "userLabel": "_Hausanschluss"}}, {"type": "Feature", "geometry": {"type": "LineString", "coordinates": [[14.2923684976995, 46.56383959944182], [14.292376963421702, 46.563842135136866]]}, "properties": {"fillColor": "#3B3B3B", "executionState": "Documented", "externalID": "SDIRouteSection_75947975425_1734420205", "userLabel": "_Pressung"}}, {"type": "Feature", "geometry": {"type": "LineString", "coordinates": [[14.292376963421702, 46.563842135136866], [14.292382740957834, 46.563842941948906], [14.292467236441045, 46.56389872724843]]}, "properties": {"fillColor": "#FE0DFF", "executionState": "Documented", "externalID": "SDIRouteSection_75975696897_1734420217", "userLabel": "_Hausanschluss"}}, {"type": "Feature", "geometry": {"type": "LineString", "coordinates": [[14.292623768560588, 46.56351652787302], [14.292618886101991, 46.563524783337954]]}, "properties": {"fillColor": "#3B3B3B", "executionState": "Documented", "externalID": "SDIRouteSection_76413870081_1734420368", "userLabel": "_Pressung"}}, {"type": "Feature", "geometry": {"type": "LineString", "coordinates": [[14.289346737787127, 46.55944742486574], [14.28956332616508, 46.55936973404394]]}, "properties": {"fillColor": "#0D15FF", "executionState": "Documented", "externalID": "SDIRouteSection_76483909121_0", "userLabel": "_Gemeindestrasse Asphalt"}}, {"type": "Feature", "geometry": {"type": "LineString", "coordinates": [[14.289375571534038, 46.55949082332532], [14.289378011784802, 46.55949335922364], [14.289435669796685, 46.5595726635808]]}, "properties": {"fillColor": "#FE0DFF", "executionState": "Documented", "externalID": "SDIRouteSection_76604458241_1703059334", "userLabel": "_Hausanschluss"}}, {"type": "Feature", "geometry": {"type": "LineString", "coordinates": [[14.289222601801157, 46.55953906300661], [14.289224110543728, 46.559554047845126]]}, "properties": {"fillColor": "#FE0DFF", "executionState": "Documented", "externalID": "SDIRouteSection_76642701057_0", "userLabel": "_Hausanschluss"}}, {"type": "Feature", "geometry": {"type": "LineString", "coordinates": [[14.289193684235215, 46.55949756650918], [14.28923886269331, 46.559482178216655], [14.28923886269331, 46.559482178216655]]}, "properties": {"fillColor": "#0D15FF", "executionState": "Documented", "externalID": "SDIRouteSection_76642945281_0", "userLabel": "_Gemeindestrasse Asphalt"}}, {"type": "Feature", "geometry": {"type": "LineString", "coordinates": [[14.289193684235215, 46.55949756650918], [14.289222601801157, 46.55953906300661]]}, "properties": {"fillColor": "#3B3B3B", "executionState": "Documented", "externalID": "SDIRouteSection_76659604737_1703059354", "userLabel": "_Pressung"}}, {"type": "Feature", "geometry": {"type": "LineString", "coordinates": [[14.28828801959753, 46.5597215895846], [14.288284336477204, 46.55971236817448], [14.2882137822206, 46.55964899037162]]}, "properties": {"fillColor": "#FE0DFF", "executionState": "Documented", "externalID": "SDIRouteSection_76831026433_0", "userLabel": "_Hausanschluss"}}, {"type": "Feature", "geometry": {"type": "LineString", "coordinates": [[14.288236554712057, 46.56115457767126], [14.288207888603212, 46.56114535650469], [14.288344513624907, 46.5611865059484]]}, "properties": {"fillColor": "#3B3B3B", "executionState": "Documented", "externalID": "SDIRouteSection_76933918465_1703397721", "userLabel": "_Sp\u00fclbohrung"}}, {"type": "Feature", "geometry": {"type": "LineString", "coordinates": [[14.288569567725062, 46.55970718113059], [14.28856328131687, 46.559712367983394], [14.288544650469326, 46.55992510830707]]}, "properties": {"fillColor": "#FE0DFF", "executionState": "Documented", "externalID": "SDIRouteSection_77039487233_1703059483", "userLabel": "_Hausanschluss"}}, {"type": "Feature", "geometry": {"type": "LineString", "coordinates": [[14.288212079554796, 46.559826137212156], [14.28821862637936, 46.55982671354915], [14.288258722463166, 46.559981463735625]]}, "properties": {"fillColor": "#FE0DFF", "executionState": "Documented", "externalID": "SDIRouteSection_77040707841_1703059508", "userLabel": "_Hausanschluss"}}, {"type": "Feature", "geometry": {"type": "LineString", "coordinates": [[14.288569567725062, 46.55970718113059], [14.2885773627405, 46.55970914062331], [14.28877919912338, 46.55977210559408]]}, "properties": {"fillColor": "#FE0DFF", "executionState": "Documented", "externalID": "SDIRouteSection_77137317889_1703059485", "userLabel": "_Hausanschluss"}}, {"type": "Feature", "geometry": {"type": "LineString", "coordinates": [[14.287798013538122, 46.55998555178462], [14.287792158017576, 46.55997517774861], [14.287746548821836, 46.55994105856663]]}, "properties": {"fillColor": "#FE0DFF", "executionState": "Documented", "externalID": "SDIRouteSection_77139732737_0", "userLabel": "_Hausanschluss"}}, {"type": "Feature", "geometry": {"type": "LineString", "coordinates": [[14.287802875041962, 46.55998935559734], [14.287798013538122, 46.55998555178462]]}, "properties": {"fillColor": "#958CCF", "executionState": "Documented", "externalID": "SDIRouteSection_77215612417_1703059525", "userLabel": "_Querung offen"}}, {"type": "Feature", "geometry": {"type": "LineString", "coordinates": [[14.287886023521423, 46.561483772291155], [14.2878927301464, 46.56147823962497], [14.28806036715252, 46.56143489995258]]}, "properties": {"fillColor": "#FE0DFF", "executionState": "Documented", "externalID": "SDIRouteSection_78517041153_1703146776", "userLabel": "_Hausanschluss"}}, {"type": "Feature", "geometry": {"type": "LineString", "coordinates": [[14.28758142516017, 46.56145968213636], [14.287315718829632, 46.56142164502805]]}, "properties": {"fillColor": "#0D15FF", "executionState": "Documented", "externalID": "SDIRouteSection_78533220865_0", "userLabel": "_Gemeindestrasse Asphalt"}}, {"type": "Feature", "geometry": {"type": "LineString", "coordinates": [[14.287592489272356, 46.56142348925212], [14.28758142516017, 46.56145968213636]]}, "properties": {"fillColor": "#958CCF", "executionState": "Documented", "externalID": "SDIRouteSection_78556166401_1703146763", "userLabel": "_Querung offen"}}, {"type": "Feature", "geometry": {"type": "LineString", "coordinates": [[14.28765619173646, 46.5602632294117], [14.287655349608935, 46.56026749427076], [14.287806898268157, 46.56032784267634], [14.28819246584838, 46.56034541435401]]}, "properties": {"fillColor": "#FE0DFF", "executionState": "Documented", "externalID": "SDIRouteSection_78717000449_0", "userLabel": "_Hausanschluss"}}, {"type": "Feature", "geometry": {"type": "LineString", "coordinates": [[14.287592489272356, 46.56142348925212], [14.287596349515004, 46.56141553603545], [14.287336841219991, 46.56127906336367]]}, "properties": {"fillColor": "#FE0DFF", "executionState": "Documented", "externalID": "SDIRouteSection_78721318145_1703146828", "userLabel": "_Hausanschluss"}}, {"type": "Feature", "geometry": {"type": "LineString", "coordinates": [[14.287551753222942, 46.560236487585], [14.28765619173646, 46.5602632294117]]}, "properties": {"fillColor": "#3B3B3B", "executionState": "Documented", "externalID": "SDIRouteSection_78724872193_1703059949", "userLabel": "_Pressung"}}, {"type": "Feature", "geometry": {"type": "LineString", "coordinates": [[14.28765619173646, 46.5602632294117], [14.28767010034113, 46.560253662294194], [14.288030043427586, 46.5602197995709], [14.288150891606373, 46.560158682683586]]}, "properties": {"fillColor": "#FE0DFF", "executionState": "Documented", "externalID": "SDIRouteSection_78755810817_1703059958", "userLabel": "_Hausanschluss"}}, {"type": "Feature", "geometry": {"type": "LineString", "coordinates": [[14.288469068706036, 46.56188546540139], [14.288532268255949, 46.56187117278509]]}, "properties": {"fillColor": "#958CCF", "executionState": "Documented", "externalID": "SDIRouteSection_78822561537_1703146880", "userLabel": "_Querung offen"}}, {"type": "Feature", "geometry": {"type": "LineString", "coordinates": [[14.288469068706036, 46.56188546540139], [14.288425650447607, 46.56179377359183]]}, "properties": {"fillColor": "#0D15FF", "executionState": "Documented", "externalID": "SDIRouteSection_78832307713_0", "userLabel": "_Gemeindestrasse Asphalt"}}, {"type": "Feature", "geometry": {"type": "LineString", "coordinates": [[14.288532268255949, 46.56187117278509], [14.288541822838116, 46.561864602790834], [14.288893193011035, 46.56181757570616]]}, "properties": {"fillColor": "#FE0DFF", "executionState": "Documented", "externalID": "SDIRouteSection_78865403137_0", "userLabel": "_Hausanschluss"}}, {"type": "Feature", "geometry": {"type": "LineString", "coordinates": [[14.293509316630661, 46.564967093193474], [14.293519395869225, 46.564973043308555]]}, "properties": {"fillColor": "#0D15FF", "executionState": "Documented", "externalID": "SDIRouteSection_81937574145_1703234468", "userLabel": "_Befestigt"}}, {"type": "Feature", "geometry": {"type": "LineString", "coordinates": [[14.297821847721934, 46.55802586117875], [14.297793684527278, 46.558038137562164]]}, "properties": {"fillColor": "#1B7CBD", "executionState": "Documented", "externalID": "SDIRouteSection_82037220609_0", "userLabel": "_Bankett"}}, {"type": "Feature", "geometry": {"type": "LineString", "coordinates": [[14.283921970054507, 46.56093534401177], [14.283954910933971, 46.56093246238572]]}, "properties": {"fillColor": "#3B3B3B", "executionState": "Documented", "externalID": "SDIRouteSection_83016268033_1734335155", "userLabel": "_Sp\u00fclbohrung"}}, {"type": "Feature", "geometry": {"type": "LineString", "coordinates": [[14.28568460047245, 46.560225306731155], [14.285656437277794, 46.560178854292985]]}, "properties": {"fillColor": "#3B3B3B", "executionState": "Documented", "externalID": "SDIRouteSection_83024152577_1734337560", "userLabel": "_Pressung"}}, {"type": "Feature", "geometry": {"type": "LineString", "coordinates": [[14.285445045679808, 46.56083172064356], [14.284590259194374, 46.560869066574384]]}, "properties": {"fillColor": "#3B3B3B", "executionState": "Documented", "externalID": "SDIRouteSection_83101649665_1734335589", "userLabel": "_Sp\u00fclbohrung"}}, {"type": "Feature", "geometry": {"type": "LineString", "coordinates": [[14.287383696064353, 46.56077725778172], [14.28743775933981, 46.560728731037585]]}, "properties": {"fillColor": "#0D15FF", "executionState": "Documented", "externalID": "SDIRouteSection_83101767937_1734336555", "userLabel": "_Gemeindestrasse Asphalt"}}, {"type": "Feature", "geometry": {"type": "LineString", "coordinates": [[14.285541102290154, 46.559995118949416], [14.285455271601677, 46.55996053882774]]}, "properties": {"fillColor": "#3B3B3B", "executionState": "Documented", "externalID": "SDIRouteSection_83287875073_1734337578", "userLabel": "_Pressung"}}, {"type": "Feature", "geometry": {"type": "LineString", "coordinates": [[14.285512771457434, 46.56003258072306], [14.285541102290154, 46.559995118949416]]}, "properties": {"fillColor": "#3B3B3B", "executionState": "Documented", "externalID": "SDIRouteSection_83377200385_1734337575", "userLabel": "_Pressung"}}, {"type": "Feature", "geometry": {"type": "LineString", "coordinates": [[14.287486709654331, 46.560447540177705], [14.28746659308672, 46.56045007603129]]}, "properties": {"fillColor": "#958CCF", "executionState": "Documented", "externalID": "SDIRouteSection_83419620353_1734337284", "userLabel": "_Querung offen"}}, {"type": "Feature", "geometry": {"type": "LineString", "coordinates": [[14.285731371492147, 46.5603353861714], [14.285721983760595, 46.56030172839766]]}, "properties": {"fillColor": "#3B3B3B", "executionState": "Documented", "externalID": "SDIRouteSection_83440421633_1734337508", "userLabel": "_Pressung"}}, {"type": "Feature", "geometry": {"type": "LineString", "coordinates": [[14.28564352914691, 46.56018450235831], [14.28563163046663, 46.56018542449138], [14.285182617115558, 46.560078992213555]]}, "properties": {"fillColor": "#FE0DFF", "executionState": "Documented", "externalID": "SDIRouteSection_83662096897_1734337241", "userLabel": "_Hausanschluss"}}, {"type": "Feature", "geometry": {"type": "LineString", "coordinates": [[14.286713562905788, 46.56116933153453], [14.286690428853035, 46.56112795154854]]}, "properties": {"fillColor": "#1B7CBD", "executionState": "Documented", "externalID": "SDIRouteSection_83863981569_1734336701", "userLabel": "_Bankett"}}, {"type": "Feature", "geometry": {"type": "LineString", "coordinates": [[14.286660505458713, 46.5609521727047], [14.28663401864469, 46.560939954613076]]}, "properties": {"fillColor": "#1B7CBD", "executionState": "Documented", "externalID": "SDIRouteSection_84705811457_1734336528", "userLabel": "_Bankett"}}, {"type": "Feature", "geometry": {"type": "LineString", "coordinates": [[14.28663401864469, 46.560939954613076], [14.286560090258718, 46.560937130619806]]}, "properties": {"fillColor": "#1B7CBD", "executionState": "Documented", "externalID": "SDIRouteSection_84758139137_1734336433", "userLabel": "_Bankett"}}, {"type": "Feature", "geometry": {"type": "LineString", "coordinates": [[14.287656946107745, 46.56530238764279], [14.287656946107745, 46.56531457593806]]}, "properties": {"fillColor": "#3B3B3B", "executionState": "Documented", "externalID": "SDIRouteSection_85174908161_0", "userLabel": "_Sp\u00fclbohrung"}}, {"type": "Feature", "geometry": {"type": "LineString", "coordinates": [[14.287596344947815, 46.565302762224036], [14.287656946107745, 46.56530238764279]]}, "properties": {"fillColor": "#3B3B3B", "executionState": "Documented", "externalID": "SDIRouteSection_85186242817_1703234646", "userLabel": "_Pressung"}}, {"type": "Feature", "geometry": {"type": "LineString", "coordinates": [[14.29245893843472, 46.563715580758185], [14.292432116344571, 46.5637548264782]]}, "properties": {"fillColor": "#3B3B3B", "executionState": "Documented", "externalID": "SDIRouteSection_85802866433_0", "userLabel": "_Sp\u00fclbohrung"}}, {"type": "Feature", "geometry": {"type": "LineString", "coordinates": [[14.292879961431026, 46.56322169313188], [14.29289236491535, 46.56321224179623], [14.293237030445225, 46.56331320968699]]}, "properties": {"fillColor": "#FE0DFF", "executionState": "Documented", "externalID": "SDIRouteSection_85863796993_1703061820", "userLabel": "_Hausanschluss"}}, {"type": "Feature", "geometry": {"type": "LineString", "coordinates": [[14.293321100994945, 46.5648571528144], [14.293390586972237, 46.56488498730175]]}, "properties": {"fillColor": "#0D15FF", "executionState": "Documented", "externalID": "SDIRouteSection_85952153345_0", "userLabel": "_Gemeindestrasse Asphalt"}}, {"type": "Feature", "geometry": {"type": "LineString", "coordinates": [[14.292974844574928, 46.56301895009517], [14.292915416881442, 46.563081536571076]]}, "properties": {"fillColor": "#3B3B3B", "executionState": "Documented", "externalID": "SDIRouteSection_86055093761_1702979811", "userLabel": "_Sp\u00fclbohrung"}}, {"type": "Feature", "geometry": {"type": "LineString", "coordinates": [[14.292879961431026, 46.56322169313188], [14.29287359110588, 46.563226073018576], [14.293123036629758, 46.563428469463325]]}, "properties": {"fillColor": "#FE0DFF", "executionState": "Documented", "externalID": "SDIRouteSection_86072385025_1703061826", "userLabel": "_Hausanschluss"}}, {"type": "Feature", "geometry": {"type": "LineString", "coordinates": [[14.292627875693142, 46.563522636629045], [14.2926293425499, 46.56352229085044], [14.292860865561584, 46.56360438728618]]}, "properties": {"fillColor": "#FE0DFF", "executionState": "Documented", "externalID": "SDIRouteSection_86111925505_1703061888", "userLabel": "_Hausanschluss"}}, {"type": "Feature", "geometry": {"type": "LineString", "coordinates": [[14.283996149897575, 46.56082019411653], [14.283848628401756, 46.56078054284475]]}, "properties": {"fillColor": "#3B3B3B", "executionState": "Documented", "externalID": "SDIRouteSection_86607708161_1734335106", "userLabel": "_Sp\u00fclbohrung"}}, {"type": "Feature", "geometry": {"type": "LineString", "coordinates": [[14.283921970054507, 46.56093534401177], [14.284059265628457, 46.56151449010457]]}, "properties": {"fillColor": "#3B3B3B", "executionState": "Documented", "externalID": "SDIRouteSection_86644710401_1734335120", "userLabel": "_Sp\u00fclbohrung"}}, {"type": "Feature", "geometry": {"type": "LineString", "coordinates": [[14.283648133277891, 46.56076544307959], [14.283848628401756, 46.56078054284475]]}, "properties": {"fillColor": "#0D15FF", "executionState": "Gross planning", "externalID": "SDIRouteSection_87029725697_0", "userLabel": "_Landesstra\u00dfe Asphalt"}}, {"type": "Feature", "geometry": {"type": "LineString", "coordinates": [[14.284590259194374, 46.560869066574384], [14.283998580649495, 46.56081258660731]]}, "properties": {"fillColor": "#3B3B3B", "executionState": "Documented", "externalID": "SDIRouteSection_87825977089_1734335426", "userLabel": "_Sp\u00fclbohrung"}}, {"type": "Feature", "geometry": {"type": "LineString", "coordinates": [[14.285675548017025, 46.56225292266339], [14.285673202973989, 46.56223989802883], [14.285442531131402, 46.56213754544846]]}, "properties": {"fillColor": "#FE0DFF", "executionState": "Documented", "externalID": "SDIRouteSection_88460528129_1703148232", "userLabel": "_Hausanschluss"}}, {"type": "Feature", "geometry": {"type": "LineString", "coordinates": [[14.285986684262753, 46.56197715705599], [14.285981649608742, 46.56197202786005], [14.285673201199169, 46.561922696074824]]}, "properties": {"fillColor": "#FE0DFF", "executionState": "Documented", "externalID": "SDIRouteSection_88467450881_1703148232", "userLabel": "_Hausanschluss"}}, {"type": "Feature", "geometry": {"type": "LineString", "coordinates": [[14.283968741074204, 46.56092612280793], [14.283974776044488, 46.560915403156514]]}, "properties": {"fillColor": "#3B3B3B", "executionState": "Documented", "externalID": "SDIRouteSection_88506540801_1734335756", "userLabel": "_Sp\u00fclbohrung"}}, {"type": "Feature", "geometry": {"type": "LineString", "coordinates": [[14.283954910933971, 46.56093246238572], [14.283968741074204, 46.56092612280793]]}, "properties": {"fillColor": "#3B3B3B", "executionState": "Documented", "externalID": "SDIRouteSection_88507118081_1734335746", "userLabel": "_Sp\u00fclbohrung"}}, {"type": "Feature", "geometry": {"type": "LineString", "coordinates": [[14.283974776044488, 46.560915403156514], [14.283996149897575, 46.56082019411653]]}, "properties": {"fillColor": "#3B3B3B", "executionState": "Documented", "externalID": "SDIRouteSection_88544188417_1734335761", "userLabel": "_Sp\u00fclbohrung"}}, {"type": "Feature", "geometry": {"type": "LineString", "coordinates": [[14.283891711384058, 46.56078567215337], [14.283896824344993, 46.56077720014903]]}, "properties": {"fillColor": "#1B7CBD", "executionState": "Documented", "externalID": "SDIRouteSection_89386077953_1734336025", "userLabel": "_Bankett"}}, {"type": "Feature", "geometry": {"type": "LineString", "coordinates": [[14.285319317132235, 46.562664983602644], [14.285256620496511, 46.562630289921174]]}, "properties": {"fillColor": "#958CCF", "executionState": "Documented", "externalID": "SDIRouteSection_89566834945_1703148367", "userLabel": "_Querung offen"}}, {"type": "Feature", "geometry": {"type": "LineString", "coordinates": [[14.285319317132235, 46.562664983602644], [14.285394586622715, 46.56259340624871]]}, "properties": {"fillColor": "#0D15FF", "executionState": "Documented", "externalID": "SDIRouteSection_89567398913_0", "userLabel": "_Gemeindestrasse Asphalt"}}, {"type": "Feature", "geometry": {"type": "LineString", "coordinates": [[14.285831116139889, 46.56080814889313], [14.285824997350574, 46.56078803509311]]}, "properties": {"fillColor": "#958CCF", "executionState": "Documented", "externalID": "SDIRouteSection_89694094081_1734336210", "userLabel": "_Querung offen"}}, {"type": "Feature", "geometry": {"type": "LineString", "coordinates": [[14.285824997350574, 46.56078803509311], [14.285821397620621, 46.560783424478885], [14.285402232945632, 46.56070688122433]]}, "properties": {"fillColor": "#FE0DFF", "executionState": "Documented", "externalID": "SDIRouteSection_89747160321_1734336236", "userLabel": "_Hausanschluss"}}, {"type": "Feature", "geometry": {"type": "LineString", "coordinates": [[14.285954497754574, 46.56080290432135], [14.285873277112842, 46.560805440158305]]}, "properties": {"fillColor": "#3B3B3B", "executionState": "Documented", "externalID": "SDIRouteSection_89816370689_1734336330", "userLabel": "_Sp\u00fclbohrung"}}, {"type": "Feature", "geometry": {"type": "LineString", "coordinates": [[14.285969082266092, 46.5608090710156], [14.285954497754574, 46.56080290432135]]}, "properties": {"fillColor": "#3B3B3B", "executionState": "Documented", "externalID": "SDIRouteSection_89818381569_1734336338", "userLabel": "_Sp\u00fclbohrung"}}, {"type": "Feature", "geometry": {"type": "LineString", "coordinates": [[14.285994060337543, 46.56081189501552], [14.285969082266092, 46.5608090710156]]}, "properties": {"fillColor": "#3B3B3B", "executionState": "Documented", "externalID": "SDIRouteSection_89839411457_1734336342", "userLabel": "_Sp\u00fclbohrung"}}, {"type": "Feature", "geometry": {"type": "LineString", "coordinates": [[14.286265214905143, 46.56081189501552], [14.285994060337543, 46.56081189501552]]}, "properties": {"fillColor": "#3B3B3B", "executionState": "Documented", "externalID": "SDIRouteSection_89844579841_1734336345", "userLabel": "_Sp\u00fclbohrung"}}, {"type": "Feature", "geometry": {"type": "LineString", "coordinates": [[14.285871181637049, 46.56074561742733], [14.285857351496816, 46.56070066388668]]}, "properties": {"fillColor": "#0D15FF", "executionState": "Documented", "externalID": "SDIRouteSection_89892863233_1734336382", "userLabel": "_Gemeindestrasse Asphalt"}}, {"type": "Feature", "geometry": {"type": "LineString", "coordinates": [[14.285871433094144, 46.560793452564354], [14.285871181637049, 46.56074561742733]]}, "properties": {"fillColor": "#0D15FF", "executionState": "Documented", "externalID": "SDIRouteSection_89980740097_1734336379", "userLabel": "_Gemeindestrasse Asphalt"}}, {"type": "Feature", "geometry": {"type": "LineString", "coordinates": [[14.286560090258718, 46.560937130619806], [14.286465626209974, 46.56094583312921]]}, "properties": {"fillColor": "#1B7CBD", "executionState": "Documented", "externalID": "SDIRouteSection_90021259009_1734336422", "userLabel": "_Bankett"}}, {"type": "Feature", "geometry": {"type": "LineString", "coordinates": [[14.284848254173994, 46.56306747479087], [14.28482966146786, 46.56305226040164], [14.28477466106415, 46.56291948009628]]}, "properties": {"fillColor": "#FE0DFF", "executionState": "Documented", "externalID": "SDIRouteSection_90023944961_1703148382", "userLabel": "_Hausanschluss"}}, {"type": "Feature", "geometry": {"type": "LineString", "coordinates": [[14.286465626209974, 46.56094583312921], [14.286456489935517, 46.56080192456611]]}, "properties": {"fillColor": "#1B7CBD", "executionState": "Documented", "externalID": "SDIRouteSection_90026185985_1734336418", "userLabel": "_Bankett"}}, {"type": "Feature", "geometry": {"type": "LineString", "coordinates": [[14.285256620496511, 46.562630289921174], [14.285242036182398, 46.56265253513375], [14.28499728450599, 46.56269817855851]]}, "properties": {"fillColor": "#FE0DFF", "executionState": "Documented", "externalID": "SDIRouteSection_90042411777_1703148376", "userLabel": "_Hausanschluss"}}, {"type": "Feature", "geometry": {"type": "LineString", "coordinates": [[14.285256620496511, 46.562630289921174], [14.285247847669128, 46.562646491072], [14.2850335, 46.562552], [14.284851104159804, 46.56253957920668]]}, "properties": {"fillColor": "#FE0DFF", "executionState": "Documented", "externalID": "SDIRouteSection_90050731521_0", "userLabel": "_Hausanschluss"}}, {"type": "Feature", "geometry": {"type": "LineString", "coordinates": [[14.285827931016684, 46.56060528157124], [14.285806976258755, 46.560560616078874]]}, "properties": {"fillColor": "#3B3B3B", "executionState": "Documented", "externalID": "SDIRouteSection_90198689025_1734336511", "userLabel": "_Pressung"}}, {"type": "Feature", "geometry": {"type": "LineString", "coordinates": [[14.28743775933981, 46.560728731037585], [14.287461396306753, 46.56061611654968]]}, "properties": {"fillColor": "#0D15FF", "executionState": "Documented", "externalID": "SDIRouteSection_90336811521_1734336564", "userLabel": "_Gemeindestrasse Asphalt"}}, {"type": "Feature", "geometry": {"type": "LineString", "coordinates": [[14.28667458705604, 46.56096773347778], [14.286660505458713, 46.5609521727047]]}, "properties": {"fillColor": "#1B7CBD", "executionState": "Documented", "externalID": "SDIRouteSection_90341755905_1734336587", "userLabel": "_Bankett"}}, {"type": "Feature", "geometry": {"type": "LineString", "coordinates": [[14.287461396306753, 46.56061611654968], [14.287469359114766, 46.56060095910584]]}, "properties": {"fillColor": "#0D15FF", "executionState": "Documented", "externalID": "SDIRouteSection_90356131841_1734336575", "userLabel": "_Gemeindestrasse Asphalt"}}, {"type": "Feature", "geometry": {"type": "LineString", "coordinates": [[14.291405668482184, 46.56486879374046], [14.291431903839111, 46.56487150227241]]}, "properties": {"fillColor": "#958CCF", "executionState": "Documented", "externalID": "SDIRouteSection_90360016129_1703063084", "userLabel": "_Querung offen"}}, {"type": "Feature", "geometry": {"type": "LineString", "coordinates": [[14.287469359114766, 46.56060095910584], [14.287477321922779, 46.56055243220402]]}, "properties": {"fillColor": "#0D15FF", "executionState": "Documented", "externalID": "SDIRouteSection_90363751425_1734336631", "userLabel": "_Gemeindestrasse Asphalt"}}, {"type": "Feature", "geometry": {"type": "LineString", "coordinates": [[14.291405668482184, 46.56486879374046], [14.291396368034416, 46.564863203791134], [14.291303157930455, 46.56478160201956]]}, "properties": {"fillColor": "#FE0DFF", "executionState": "Documented", "externalID": "SDIRouteSection_90379601409_1703063110", "userLabel": "_Hausanschluss"}}, {"type": "Feature", "geometry": {"type": "LineString", "coordinates": [[14.28667701780796, 46.561013205489104], [14.28667458705604, 46.56096773347778]]}, "properties": {"fillColor": "#1B7CBD", "executionState": "Documented", "externalID": "SDIRouteSection_90434694145_1734336663", "userLabel": "_Bankett"}}, {"type": "Feature", "geometry": {"type": "LineString", "coordinates": [[14.286690428853035, 46.56112795154854], [14.28667701780796, 46.561013205489104]]}, "properties": {"fillColor": "#1B7CBD", "executionState": "Documented", "externalID": "SDIRouteSection_90443101185_1734336710", "userLabel": "_Bankett"}}, {"type": "Feature", "geometry": {"type": "LineString", "coordinates": [[14.285806976258755, 46.560560616078874], [14.285795409232378, 46.56052476839261]]}, "properties": {"fillColor": "#3B3B3B", "executionState": "Documented", "externalID": "SDIRouteSection_90462297345_1734336721", "userLabel": "_Pressung"}}, {"type": "Feature", "geometry": {"type": "LineString", "coordinates": [[14.289099052548409, 46.56131721573905], [14.28912403061986, 46.561409772834224]]}, "properties": {"fillColor": "#3B3B3B", "executionState": "Documented", "externalID": "SDIRouteSection_90554562049_1703063170", "userLabel": "_Sp\u00fclbohrung"}}, {"type": "Feature", "geometry": {"type": "LineString", "coordinates": [[14.285766575485468, 46.56043416931146], [14.285731371492147, 46.5603353861714]]}, "properties": {"fillColor": "#3B3B3B", "executionState": "Documented", "externalID": "SDIRouteSection_90890170369_1734337197", "userLabel": "_Pressung"}}, {"type": "Feature", "geometry": {"type": "LineString", "coordinates": [[14.285656437277794, 46.560178854292985], [14.28564352914691, 46.56018450235831]]}, "properties": {"fillColor": "#3B3B3B", "executionState": "Documented", "externalID": "SDIRouteSection_90907825409_1734337222", "userLabel": "_Pressung"}}, {"type": "Feature", "geometry": {"type": "LineString", "coordinates": [[14.285656437277794, 46.560178854292985], [14.285614527761936, 46.56013597508402]]}, "properties": {"fillColor": "#3B3B3B", "executionState": "Documented", "externalID": "SDIRouteSection_90919693313_1734337210", "userLabel": "_Pressung"}}, {"type": "Feature", "geometry": {"type": "LineString", "coordinates": [[14.28746659308672, 46.56045007603129], [14.287455533226733, 46.56044915390274], [14.287366531554314, 46.5604206880804]]}, "properties": {"fillColor": "#FE0DFF", "executionState": "Documented", "externalID": "SDIRouteSection_90999969025_1734337383", "userLabel": "_Hausanschluss"}}, {"type": "Feature", "geometry": {"type": "LineString", "coordinates": [[14.285614527761936, 46.56013597508402], [14.285580329596996, 46.560090675237745]]}, "properties": {"fillColor": "#3B3B3B", "executionState": "Documented", "externalID": "SDIRouteSection_91221683713_1734337567", "userLabel": "_Pressung"}}, {"type": "Feature", "geometry": {"type": "LineString", "coordinates": [[14.285560883581638, 46.56006831346764], [14.285512771457434, 46.56003258072306]]}, "properties": {"fillColor": "#3B3B3B", "executionState": "Documented", "externalID": "SDIRouteSection_91240027137_1734337572", "userLabel": "_Pressung"}}, {"type": "Feature", "geometry": {"type": "LineString", "coordinates": [[14.285580329596996, 46.560090675237745], [14.285560883581638, 46.56006831346764]]}, "properties": {"fillColor": "#3B3B3B", "executionState": "Documented", "externalID": "SDIRouteSection_91250664705_1734337570", "userLabel": "_Pressung"}}, {"type": "Feature", "geometry": {"type": "LineString", "coordinates": [[14.292590953409672, 46.565352293363986], [14.29258961376192, 46.565350276390014], [14.292393475874707, 46.56547083372351]]}, "properties": {"fillColor": "#FE0DFF", "executionState": "Documented", "externalID": "SDIRouteSection_91310411265_1703063389", "userLabel": "_Hausanschluss"}}, {"type": "Feature", "geometry": {"type": "LineString", "coordinates": [[14.292114526033401, 46.556919130918374], [14.292053505778313, 46.556888583413695]]}, "properties": {"fillColor": "#958CCF", "executionState": "Documented", "externalID": "SDIRouteSection_91352510977_1664282025", "userLabel": "_Querung offen"}}, {"type": "Feature", "geometry": {"type": "LineString", "coordinates": [[14.292590953409672, 46.565352293363986], [14.292594850994647, 46.565351054365664]]}, "properties": {"fillColor": "#958CCF", "executionState": "Documented", "externalID": "SDIRouteSection_91361097217_1703063374", "userLabel": "_Querung offen"}}, {"type": "Feature", "geometry": {"type": "LineString", "coordinates": [[14.286618176847696, 46.56139455798012], [14.28660125123039, 46.56137588519879], [14.286456098823377, 46.5613098506365]]}, "properties": {"fillColor": "#FE0DFF", "executionState": "Documented", "externalID": "SDIRouteSection_91466400513_0", "userLabel": "_Hausanschluss"}}, {"type": "Feature", "geometry": {"type": "LineString", "coordinates": [[14.292590953409672, 46.565352293363986], [14.292593301917464, 46.56535465610485], [14.29225534211272, 46.56565893017849]]}, "properties": {"fillColor": "#FE0DFF", "executionState": "Documented", "externalID": "SDIRouteSection_91520335873_1703063419", "userLabel": "_Hausanschluss"}}, {"type": "Feature", "geometry": {"type": "LineString", "coordinates": [[14.286836609244347, 46.56120252771217], [14.28685873463391, 46.561185929625886], [14.286957979202272, 46.5610642101713]]}, "properties": {"fillColor": "#FE0DFF", "executionState": "Documented", "externalID": "SDIRouteSection_91531337985_0", "userLabel": "_Hausanschluss"}}, {"type": "Feature", "geometry": {"type": "LineString", "coordinates": [[14.286622703075409, 46.561395480092614], [14.286618176847696, 46.56139455798012]]}, "properties": {"fillColor": "#958CCF", "executionState": "Documented", "externalID": "SDIRouteSection_91603673857_1703148548", "userLabel": "_Querung offen"}}, {"type": "Feature", "geometry": {"type": "LineString", "coordinates": [[14.286915734410286, 46.56134557073145], [14.28686410188675, 46.561331047444526]]}, "properties": {"fillColor": "#0D15FF", "executionState": "Documented", "externalID": "SDIRouteSection_91626422529_0", "userLabel": "_Gemeindestrasse Asphalt"}}, {"type": "Feature", "geometry": {"type": "LineString", "coordinates": [[14.29237243719399, 46.56468351830884], [14.29237805133674, 46.56468063688189], [14.292711317232424, 46.56487058019879]]}, "properties": {"fillColor": "#FE0DFF", "executionState": "Documented", "externalID": "SDIRouteSection_91708312577_1703063505", "userLabel": "_Hausanschluss"}}, {"type": "Feature", "geometry": {"type": "LineString", "coordinates": [[14.29237243719399, 46.56468351830884], [14.292363973912876, 46.56468248099515], [14.292395654647432, 46.56499310634567], [14.292402863403264, 46.56506421098393]]}, "properties": {"fillColor": "#FE0DFF", "executionState": "Documented", "externalID": "SDIRouteSection_91728604161_0", "userLabel": "_Hausanschluss"}}, {"type": "Feature", "geometry": {"type": "LineString", "coordinates": [[14.286915734410286, 46.56134557073145], [14.286907855421305, 46.56134902865634]]}, "properties": {"fillColor": "#958CCF", "executionState": "Documented", "externalID": "SDIRouteSection_92018404609_1703148591", "userLabel": "_Querung offen"}}, {"type": "Feature", "geometry": {"type": "LineString", "coordinates": [[14.286907855421305, 46.56134902865634], [14.28690302887994, 46.56135375448666], [14.28684063267178, 46.56150544170073]]}, "properties": {"fillColor": "#FE0DFF", "executionState": "Documented", "externalID": "SDIRouteSection_92056099073_0", "userLabel": "_Hausanschluss"}}, {"type": "Feature", "geometry": {"type": "LineString", "coordinates": [[14.287472125142813, 46.560542288808165], [14.287486709654331, 46.560447540177705]]}, "properties": {"fillColor": "#0D15FF", "executionState": "Documented", "externalID": "SDIRouteSection_92372325889_1734338193", "userLabel": "_Gemeindestrasse Asphalt"}}, {"type": "Feature", "geometry": {"type": "LineString", "coordinates": [[14.287477321922779, 46.56055243220402], [14.287472125142813, 46.560542288808165]]}, "properties": {"fillColor": "#0D15FF", "executionState": "Documented", "externalID": "SDIRouteSection_92403099137_1734338189", "userLabel": "_Gemeindestrasse Asphalt"}}, {"type": "Feature", "geometry": {"type": "LineString", "coordinates": [[14.291508430615067, 46.56567189635126], [14.291501305997372, 46.565662099677525]]}, "properties": {"fillColor": "#0D15FF", "executionState": "Documented", "externalID": "SDIRouteSection_92507792897_0", "userLabel": "_Gemeindestrasse Asphalt"}}, {"type": "Feature", "geometry": {"type": "LineString", "coordinates": [[14.291508430615067, 46.56567189635126], [14.291552435606718, 46.56565553014232]]}, "properties": {"fillColor": "#3B3B3B", "executionState": "Documented", "externalID": "SDIRouteSection_92539276801_1703063671", "userLabel": "_Pressung"}}, {"type": "Feature", "geometry": {"type": "LineString", "coordinates": [[14.291552435606718, 46.56565553014232], [14.291558638293806, 46.565654319964736], [14.291710853576662, 46.565713330498966]]}, "properties": {"fillColor": "#FE0DFF", "executionState": "Documented", "externalID": "SDIRouteSection_92658657025_0", "userLabel": "_Hausanschluss"}}, {"type": "Feature", "geometry": {"type": "LineString", "coordinates": [[14.287504814565182, 46.560343109013814], [14.287534318864346, 46.56026818586949]]}, "properties": {"fillColor": "#0D15FF", "executionState": "Documented", "externalID": "SDIRouteSection_92694945281_1734338255", "userLabel": "_Gemeindestrasse Asphalt"}}, {"type": "Feature", "geometry": {"type": "LineString", "coordinates": [[14.287470113486052, 46.560274640790624], [14.287402220070362, 46.56025758135456]]}, "properties": {"fillColor": "#CC6E84", "executionState": "Documented", "externalID": "SDIRouteSection_92740315649_1734338272", "userLabel": "_Asphaltiert PrStr,IW"}}, {"type": "Feature", "geometry": {"type": "LineString", "coordinates": [[14.287517219781876, 46.56027314232685], [14.287470113486052, 46.560274640790624]]}, "properties": {"fillColor": "#CC6E84", "executionState": "Documented", "externalID": "SDIRouteSection_92742488577_1734338266", "userLabel": "_Asphaltiert PrStr,IW"}}, {"type": "Feature", "geometry": {"type": "LineString", "coordinates": [[14.287402220070362, 46.56025758135456], [14.287339523434639, 46.560220811335654]]}, "properties": {"fillColor": "#CC6E84", "executionState": "Documented", "externalID": "SDIRouteSection_92804879617_1734338273", "userLabel": "_Asphaltiert PrStr,IW"}}, {"type": "Feature", "geometry": {"type": "LineString", "coordinates": [[14.291624100878835, 46.56528233313685], [14.29162971665808, 46.56527489918336], [14.291751086685949, 46.56521035593035]]}, "properties": {"fillColor": "#FE0DFF", "executionState": "Documented", "externalID": "SDIRouteSection_93070073345_1703063965", "userLabel": "_Hausanschluss"}}, {"type": "Feature", "geometry": {"type": "LineString", "coordinates": [[14.290924463421106, 46.56549474916537], [14.29093167174956, 46.565491579697834], [14.291064441179252, 46.56542888074424]]}, "properties": {"fillColor": "#FE0DFF", "executionState": "Documented", "externalID": "SDIRouteSection_93090895105_1703064006", "userLabel": "_Hausanschluss"}}, {"type": "Feature", "geometry": {"type": "LineString", "coordinates": [[14.290924463421106, 46.56549474916537], [14.29092362533119, 46.56549157970964], [14.290830418553256, 46.56542841970042]]}, "properties": {"fillColor": "#FE0DFF", "executionState": "Documented", "externalID": "SDIRouteSection_93217604353_1703064009", "userLabel": "_Hausanschluss"}}, {"type": "Feature", "geometry": {"type": "LineString", "coordinates": [[14.290383411571383, 46.565516762933015], [14.29062221199274, 46.5655118069547]]}, "properties": {"fillColor": "#3B3B3B", "executionState": "Documented", "externalID": "SDIRouteSection_93247408385_0", "userLabel": "_Sp\u00fclbohrung"}}, {"type": "Feature", "geometry": {"type": "LineString", "coordinates": [[14.290326749905944, 46.56550339331605], [14.290328845474226, 46.56550218322173], [14.290221557082056, 46.56545008778756]]}, "properties": {"fillColor": "#FE0DFF", "executionState": "Documented", "externalID": "SDIRouteSection_93275981057_1703064037", "userLabel": "_Hausanschluss"}}, {"type": "Feature", "geometry": {"type": "LineString", "coordinates": [[14.28758192807436, 46.56018807562384], [14.287630207836628, 46.56012502474297]]}, "properties": {"fillColor": "#0D15FF", "executionState": "Documented", "externalID": "SDIRouteSection_93334239233_1734338370", "userLabel": "_Gemeindestrasse Asphalt"}}, {"type": "Feature", "geometry": {"type": "LineString", "coordinates": [[14.287630207836628, 46.56012502474297], [14.287678487598896, 46.560073615743846]]}, "properties": {"fillColor": "#0D15FF", "executionState": "Documented", "externalID": "SDIRouteSection_93362844417_1734338375", "userLabel": "_Gemeindestrasse Asphalt"}}, {"type": "Feature", "geometry": {"type": "LineString", "coordinates": [[14.287727270275354, 46.56003857460442], [14.287764485925436, 46.560011947934015]]}, "properties": {"fillColor": "#0D15FF", "executionState": "Documented", "externalID": "SDIRouteSection_93388793089_1734338382", "userLabel": "_Gemeindestrasse Asphalt"}}, {"type": "Feature", "geometry": {"type": "LineString", "coordinates": [[14.287678487598896, 46.560073615743846], [14.287727270275354, 46.56003857460442]]}, "properties": {"fillColor": "#0D15FF", "executionState": "Documented", "externalID": "SDIRouteSection_93389593345_1734338377", "userLabel": "_Gemeindestrasse Asphalt"}}, {"type": "Feature", "geometry": {"type": "LineString", "coordinates": [[14.287764485925436, 46.560011947934015], [14.287780243903399, 46.560004686112535]]}, "properties": {"fillColor": "#0D15FF", "executionState": "Documented", "externalID": "SDIRouteSection_93399931393_1734338384", "userLabel": "_Gemeindestrasse Asphalt"}}, {"type": "Feature", "geometry": {"type": "LineString", "coordinates": [[14.287780243903399, 46.560004686112535], [14.287802875041962, 46.55998935559734]]}, "properties": {"fillColor": "#0D15FF", "executionState": "Documented", "externalID": "SDIRouteSection_93744200961_1734338435", "userLabel": "_Gemeindestrasse Asphalt"}}, {"type": "Feature", "geometry": {"type": "LineString", "coordinates": [[14.288901910185814, 46.559295789337966], [14.288951195776463, 46.55914132929965]]}, "properties": {"fillColor": "#1B7CBD", "executionState": "Documented", "externalID": "SDIRouteSection_94397294849_1734338545", "userLabel": "_Bankett"}}, {"type": "Feature", "geometry": {"type": "LineString", "coordinates": [[14.283896824344993, 46.56077720014903], [14.28389556831943, 46.56076959263381], [14.284476935696553, 46.56046944091144]]}, "properties": {"fillColor": "#FE0DFF", "executionState": "Executed", "externalID": "SDIRouteSection_95594005505_1703149606", "userLabel": "_Hausanschluss"}}, {"type": "Feature", "geometry": {"type": "LineString", "coordinates": [[14.283896824344993, 46.56077720014903], [14.283875485375644, 46.56076728732595], [14.283935129635733, 46.56058839558759]]}, "properties": {"fillColor": "#FE0DFF", "executionState": "Executed", "externalID": "SDIRouteSection_95645279489_1703149598", "userLabel": "_Hausanschluss"}}, {"type": "Feature", "geometry": {"type": "LineString", "coordinates": [[14.283896824344993, 46.56077720014903], [14.283904283215154, 46.56077189794155], [14.284140318593796, 46.560668620017125]]}, "properties": {"fillColor": "#FE0DFF", "executionState": "Executed", "externalID": "SDIRouteSection_95651217153_1703149600", "userLabel": "_Hausanschluss"}}, {"type": "Feature", "geometry": {"type": "LineString", "coordinates": [[14.283896824344993, 46.56077720014903], [14.283887554922485, 46.56076959263381], [14.284416409558512, 46.560265263779584]]}, "properties": {"fillColor": "#FE0DFF", "executionState": "Executed", "externalID": "SDIRouteSection_95664883969_1703149610", "userLabel": "_Hausanschluss"}}, {"type": "Feature", "geometry": {"type": "LineString", "coordinates": [[14.283896824344993, 46.56077720014903], [14.283916385992097, 46.56077512537227], [14.284421950578691, 46.56063357930286]]}, "properties": {"fillColor": "#FE0DFF", "executionState": "Executed", "externalID": "SDIRouteSection_95665163521_1703149603", "userLabel": "_Hausanschluss"}}, {"type": "Feature", "geometry": {"type": "LineString", "coordinates": [[14.288043938577175, 46.55982360132941], [14.288102947175503, 46.55979628294878]]}, "properties": {"fillColor": "#0D15FF", "executionState": "Documented", "externalID": "SDIRouteSection_95670741505_1734338821", "userLabel": "_Gemeindestrasse Asphalt"}}, {"type": "Feature", "geometry": {"type": "LineString", "coordinates": [[14.288578201085329, 46.5596436686198], [14.288620445877314, 46.55963006701981]]}, "properties": {"fillColor": "#0D15FF", "executionState": "Documented", "externalID": "SDIRouteSection_96112642817_1734338914", "userLabel": "_Gemeindestrasse Asphalt"}}, {"type": "Feature", "geometry": {"type": "LineString", "coordinates": [[14.288578201085329, 46.5596436686198], [14.288576440885663, 46.55963911554221]]}, "properties": {"fillColor": "#FE0DFF", "executionState": "Documented", "externalID": "SDIRouteSection_96187162369_1734338928", "userLabel": "_Hausanschluss"}}, {"type": "Feature", "geometry": {"type": "LineString", "coordinates": [[14.288272093981504, 46.55973334688025], [14.288295060396194, 46.55973011938755]]}, "properties": {"fillColor": "#0D15FF", "executionState": "Documented", "externalID": "SDIRouteSection_96469683201_1734338960", "userLabel": "_Gemeindestrasse Asphalt"}}, {"type": "Feature", "geometry": {"type": "LineString", "coordinates": [[14.288229010999203, 46.55974821639751], [14.288272093981504, 46.55973334688025]]}, "properties": {"fillColor": "#0D15FF", "executionState": "Documented", "externalID": "SDIRouteSection_96530038273_1734338961", "userLabel": "_Gemeindestrasse Asphalt"}}, {"type": "Feature", "geometry": {"type": "LineString", "coordinates": [[14.288322050124407, 46.559721935387444], [14.288538858037551, 46.559655860040344], [14.28853863850236, 46.55965554120007]]}, "properties": {"fillColor": "#0D15FF", "executionState": "Documented", "externalID": "SDIRouteSection_96695834625_1734338977", "userLabel": "_Gemeindestrasse Asphalt"}}, {"type": "Feature", "geometry": {"type": "LineString", "coordinates": [[14.287912028376013, 46.56431006969342], [14.287911797873676, 46.56431614954562]]}, "properties": {"fillColor": "#958CCF", "executionState": "Documented", "externalID": "SDIRouteSection_96705003009_1703065084", "userLabel": "_Querung offen"}}, {"type": "Feature", "geometry": {"type": "LineString", "coordinates": [[14.288902832195163, 46.55954701649836], [14.288894701749086, 46.55955358677326]]}, "properties": {"fillColor": "#0D15FF", "executionState": "Documented", "externalID": "SDIRouteSection_97321624577_1734339062", "userLabel": "_Gemeindestrasse Asphalt"}}, {"type": "Feature", "geometry": {"type": "LineString", "coordinates": [[14.28895547054708, 46.559568456339804], [14.289193684235215, 46.55949756650918]]}, "properties": {"fillColor": "#0D15FF", "executionState": "Documented", "externalID": "SDIRouteSection_97346315265_1734339070", "userLabel": "_Gemeindestrasse Asphalt"}}, {"type": "Feature", "geometry": {"type": "LineString", "coordinates": [[14.28890367038548, 46.559565747543076], [14.288915740326047, 46.559572894155394]]}, "properties": {"fillColor": "#0D15FF", "executionState": "Documented", "externalID": "SDIRouteSection_97347836417_1734339068", "userLabel": "_Gemeindestrasse Asphalt"}}, {"type": "Feature", "geometry": {"type": "LineString", "coordinates": [[14.288894701749086, 46.55955358677326], [14.28890367038548, 46.559565747543076]]}, "properties": {"fillColor": "#0D15FF", "executionState": "Documented", "externalID": "SDIRouteSection_97383316737_1734339066", "userLabel": "_Gemeindestrasse Asphalt"}}, {"type": "Feature", "geometry": {"type": "LineString", "coordinates": [[14.288915740326047, 46.559572894155394], [14.28895547054708, 46.559568456339804]]}, "properties": {"fillColor": "#0D15FF", "executionState": "Documented", "externalID": "SDIRouteSection_97389888769_1734339069", "userLabel": "_Gemeindestrasse Asphalt"}}, {"type": "Feature", "geometry": {"type": "LineString", "coordinates": [[14.288707114756107, 46.55957226018174], [14.288717675954103, 46.55956707312447]]}, "properties": {"fillColor": "#0D15FF", "executionState": "Documented", "externalID": "SDIRouteSection_97413623297_1734339082", "userLabel": "_Gemeindestrasse Asphalt"}}, {"type": "Feature", "geometry": {"type": "LineString", "coordinates": [[14.288717675954103, 46.55956707312447], [14.288846170529723, 46.55952914995734]]}, "properties": {"fillColor": "#0D15FF", "executionState": "Documented", "externalID": "SDIRouteSection_97419277313_1734339081", "userLabel": "_Gemeindestrasse Asphalt"}}, {"type": "Feature", "geometry": {"type": "LineString", "coordinates": [[14.288846170529723, 46.55952914995734], [14.288924625143409, 46.55955099324376]]}, "properties": {"fillColor": "#0D15FF", "executionState": "Documented", "externalID": "SDIRouteSection_97421770753_1734339080", "userLabel": "_Gemeindestrasse Asphalt"}}, {"type": "Feature", "geometry": {"type": "LineString", "coordinates": [[14.288682891055942, 46.55959456452237], [14.288707114756107, 46.55957226018174]]}, "properties": {"fillColor": "#0D15FF", "executionState": "Documented", "externalID": "SDIRouteSection_97437466881_1734339083", "userLabel": "_Gemeindestrasse Asphalt"}}, {"type": "Feature", "geometry": {"type": "LineString", "coordinates": [[14.289224110543728, 46.559554047845126], [14.289224435091759, 46.55955606503461], [14.289190247695524, 46.55964966249446]]}, "properties": {"fillColor": "#FE0DFF", "executionState": "Documented", "externalID": "SDIRouteSection_98053656321_1734339129", "userLabel": "_Hausanschluss"}}, {"type": "Feature", "geometry": {"type": "LineString", "coordinates": [[14.288875171914697, 46.559537333986555], [14.288856396451592, 46.55952488504025]]}, "properties": {"fillColor": "#1B7CBD", "executionState": "Documented", "externalID": "SDIRouteSection_98223711489_1734339155", "userLabel": "_Bankett"}}, {"type": "Feature", "geometry": {"type": "LineString", "coordinates": [[14.288856396451592, 46.55952488504025], [14.288848601281643, 46.55949998713908]]}, "properties": {"fillColor": "#1B7CBD", "executionState": "Documented", "externalID": "SDIRouteSection_98244231937_1734339161", "userLabel": "_Bankett"}}, {"type": "Feature", "geometry": {"type": "LineString", "coordinates": [[14.288848601281643, 46.55949998713908], [14.288901910185814, 46.559295789337966]]}, "properties": {"fillColor": "#1B7CBD", "executionState": "Documented", "externalID": "SDIRouteSection_98253390337_1734339162", "userLabel": "_Bankett"}}, {"type": "Feature", "geometry": {"type": "LineString", "coordinates": [[14.28923886269331, 46.559482178216655], [14.289346737787127, 46.55944742486574]]}, "properties": {"fillColor": "#0D15FF", "executionState": "Documented", "externalID": "SDIRouteSection_98465710081_1734339209", "userLabel": "_Gemeindestrasse Asphalt"}}, {"type": "Feature", "geometry": {"type": "LineString", "coordinates": [[14.28962292149663, 46.55934696853723], [14.289710763841867, 46.55931457810365]]}, "properties": {"fillColor": "#0D15FF", "executionState": "Documented", "externalID": "SDIRouteSection_98543630849_1734339215", "userLabel": "_Gemeindestrasse Asphalt"}}, {"type": "Feature", "geometry": {"type": "LineString", "coordinates": [[14.28962292149663, 46.55934696853723], [14.289657790213823, 46.55938500710005]]}, "properties": {"fillColor": "#3B3B3B", "executionState": "Documented", "externalID": "SDIRouteSection_98551504897_1734339221", "userLabel": "_Pressung"}}, {"type": "Feature", "geometry": {"type": "LineString", "coordinates": [[14.289657790213823, 46.55938500710005], [14.2895824977026, 46.55943618621518], [14.28960800156914, 46.55950765250676]]}, "properties": {"fillColor": "#FE0DFF", "executionState": "Documented", "externalID": "SDIRouteSection_98572011009_1734339225", "userLabel": "_Hausanschluss"}}, {"type": "Feature", "geometry": {"type": "LineString", "coordinates": [[14.28923886269331, 46.559482178216655], [14.289237521588802, 46.559471054841424]]}, "properties": {"fillColor": "#958CCF", "executionState": "Documented", "externalID": "SDIRouteSection_98600517633_1734339239", "userLabel": "_Querung offen"}}, {"type": "Feature", "geometry": {"type": "LineString", "coordinates": [[14.289237521588802, 46.559471054841424], [14.289233170821737, 46.55946338950896], [14.2892277986364, 46.559349504480146]]}, "properties": {"fillColor": "#FE0DFF", "executionState": "Documented", "externalID": "SDIRouteSection_98614413313_1734339247", "userLabel": "_Hausanschluss"}}, {"type": "Feature", "geometry": {"type": "LineString", "coordinates": [[14.293436184530009, 46.55747428558887], [14.293298051028527, 46.55754437106714]]}, "properties": {"fillColor": "#0D15FF", "executionState": "Gross planning", "externalID": "SDIRouteSection_99288643841_0", "userLabel": "_Gemeindestrasse Asphalt"}}, {"type": "Feature", "geometry": {"type": "LineString", "coordinates": [[14.293436184530009, 46.55747428558887], [14.293425120421778, 46.55746275834855]]}, "properties": {"fillColor": "#958CCF", "executionState": "Gross planning", "externalID": "SDIRouteSection_99288645377_1650961205", "userLabel": "_Querung offen"}}, {"type": "Feature", "geometry": {"type": "LineString", "coordinates": [[14.288995787501335, 46.55903897046491], [14.289029482752085, 46.55896969371153]]}, "properties": {"fillColor": "#1B7CBD", "executionState": "Documented", "externalID": "SDIRouteSection_99312524289_1734339339", "userLabel": "_Bankett"}}, {"type": "Feature", "geometry": {"type": "LineString", "coordinates": [[14.288951195776463, 46.55914132929965], [14.288995787501335, 46.55903897046491]]}, "properties": {"fillColor": "#1B7CBD", "executionState": "Documented", "externalID": "SDIRouteSection_99337629697_1734339339", "userLabel": "_Bankett"}}, {"type": "Feature", "geometry": {"type": "LineString", "coordinates": [[14.289029482752085, 46.55896969371153], [14.289066530764103, 46.558893154899465]]}, "properties": {"fillColor": "#1B7CBD", "executionState": "Documented", "externalID": "SDIRouteSection_99338701313_1734339340", "userLabel": "_Bankett"}}, {"type": "Feature", "geometry": {"type": "LineString", "coordinates": [[14.289066530764103, 46.558893154899465], [14.289096370339394, 46.558838056109465]]}, "properties": {"fillColor": "#1B7CBD", "executionState": "Documented", "externalID": "SDIRouteSection_99346825729_1734339341", "userLabel": "_Bankett"}}, {"type": "Feature", "geometry": {"type": "LineString", "coordinates": [[14.289096370339394, 46.558838056109465], [14.289198126643896, 46.55865431622553]]}, "properties": {"fillColor": "#1B7CBD", "executionState": "Documented", "externalID": "SDIRouteSection_99792465665_1734339362", "userLabel": "_Bankett"}}, {"type": "Feature", "geometry": {"type": "LineString", "coordinates": [[14.289958197623491, 46.55918870477609], [14.290059953927994, 46.55913153144658]]}, "properties": {"fillColor": "#0D15FF", "executionState": "Documented", "externalID": "SDIRouteSection_100505282049_1734339438", "userLabel": "_Gemeindestrasse Asphalt"}}, {"type": "Feature", "geometry": {"type": "LineString", "coordinates": [[14.290059953927994, 46.55913153144658], [14.29012231528759, 46.55909049571329]]}, "properties": {"fillColor": "#0D15FF", "executionState": "Documented", "externalID": "SDIRouteSection_100506884865_1734339440", "userLabel": "_Gemeindestrasse Asphalt"}}, {"type": "Feature", "geometry": {"type": "LineString", "coordinates": [[14.289724677801132, 46.55931181166005], [14.289944283664227, 46.559213718088785]]}, "properties": {"fillColor": "#0D15FF", "executionState": "Documented", "externalID": "SDIRouteSection_100528324353_1734339437", "userLabel": "_Gemeindestrasse Asphalt"}}, {"type": "Feature", "geometry": {"type": "LineString", "coordinates": [[14.289944283664227, 46.559213718088785], [14.289958197623491, 46.55918870477609]]}, "properties": {"fillColor": "#0D15FF", "executionState": "Documented", "externalID": "SDIRouteSection_100532094977_1734339438", "userLabel": "_Gemeindestrasse Asphalt"}}, {"type": "Feature", "geometry": {"type": "LineString", "coordinates": [[14.29012231528759, 46.55909049571329], [14.290189202874899, 46.55904012315557]]}, "properties": {"fillColor": "#0D15FF", "executionState": "Documented", "externalID": "SDIRouteSection_100577489921_1734339441", "userLabel": "_Gemeindestrasse Asphalt"}}, {"type": "Feature", "geometry": {"type": "LineString", "coordinates": [[14.291623262688518, 46.56502243067911], [14.29162535816431, 46.564992636903185]]}, "properties": {"fillColor": "#0D15FF", "executionState": "Documented", "externalID": "SDIRouteSection_100760717057_0", "userLabel": "_Gemeindestrasse Asphalt"}}, {"type": "Feature", "geometry": {"type": "LineString", "coordinates": [[14.291623262688518, 46.56502243067911], [14.291603397578001, 46.56502052894922]]}, "properties": {"fillColor": "#958CCF", "executionState": "Documented", "externalID": "SDIRouteSection_100809306113_1707734486", "userLabel": "_Querung offen"}}, {"type": "Feature", "geometry": {"type": "LineString", "coordinates": [[14.291603397578001, 46.56502052894922], [14.2915935059086, 46.56501856959108], [14.291425274635591, 46.56503773190763]]}, "properties": {"fillColor": "#FE0DFF", "executionState": "Documented", "externalID": "SDIRouteSection_100843208193_0", "userLabel": "_Hausanschluss"}}, {"type": "Feature", "geometry": {"type": "LineString", "coordinates": [[14.290210995823145, 46.55900438973384], [14.290205966681242, 46.558993554433584]]}, "properties": {"fillColor": "#1B7CBD", "executionState": "Documented", "externalID": "SDIRouteSection_100845271809_1734339468", "userLabel": "_Bankett"}}, {"type": "Feature", "geometry": {"type": "LineString", "coordinates": [[14.290205966681242, 46.558993554433584], [14.290130194276571, 46.55894318178582]]}, "properties": {"fillColor": "#1B7CBD", "executionState": "Documented", "externalID": "SDIRouteSection_100854967041_1734339469", "userLabel": "_Bankett"}}, {"type": "Feature", "geometry": {"type": "LineString", "coordinates": [[14.296189807355404, 46.55316454085508], [14.296179413795471, 46.553159468466816]]}, "properties": {"fillColor": "#958CCF", "executionState": "Documented", "externalID": "SDIRouteSection_100899552001_1702985773", "userLabel": "_Querung offen"}}, {"type": "Feature", "geometry": {"type": "LineString", "coordinates": [[14.296179413795471, 46.553159468466816], [14.296165987105233, 46.553155548893756], [14.296116381926469, 46.55310113603688]]}, "properties": {"fillColor": "#FE0DFF", "executionState": "Documented", "externalID": "SDIRouteSection_100902696705_0", "userLabel": "_Hausanschluss"}}, {"type": "Feature", "geometry": {"type": "LineString", "coordinates": [[14.291111044585705, 46.56496122952012], [14.291115407585028, 46.5649637075345], [14.291154593288512, 46.565134697327], [14.291096396853602, 46.56519727578598]]}, "properties": {"fillColor": "#FE0DFF", "executionState": "Documented", "externalID": "SDIRouteSection_100952719105_1707734601", "userLabel": "_Hausanschluss"}}, {"type": "Feature", "geometry": {"type": "LineString", "coordinates": [[14.29352400591597, 46.56497452723545], [14.293519395869225, 46.564973043308555]]}, "properties": {"fillColor": "#0D15FF", "executionState": "Documented", "externalID": "SDIRouteSection_100972876289_1708073305", "userLabel": "_Befestigt"}}, {"type": "Feature", "geometry": {"type": "LineString", "coordinates": [[14.291095035150647, 46.564952297141815], [14.291111044585705, 46.56496122952012]]}, "properties": {"fillColor": "#958CCF", "executionState": "Documented", "externalID": "SDIRouteSection_100991010049_1707734545", "userLabel": "_Querung offen"}}, {"type": "Feature", "geometry": {"type": "LineString", "coordinates": [[14.295166712254286, 46.554205523230166], [14.295189009806652, 46.554210134403384], [14.295479356967368, 46.55426961848551]]}, "properties": {"fillColor": "#FE0DFF", "executionState": "Documented", "externalID": "SDIRouteSection_100995372545_0", "userLabel": "_Hausanschluss"}}, {"type": "Feature", "geometry": {"type": "LineString", "coordinates": [[14.291095035150647, 46.564952297141815], [14.29099503904581, 46.56495875150566]]}, "properties": {"fillColor": "#1B7CBD", "executionState": "Documented", "externalID": "SDIRouteSection_100996731137_0", "userLabel": "_Bankett"}}, {"type": "Feature", "geometry": {"type": "LineString", "coordinates": [[14.290033970028162, 46.55887863095606], [14.289987869560719, 46.55885350221942]]}, "properties": {"fillColor": "#1B7CBD", "executionState": "Documented", "externalID": "SDIRouteSection_101024884481_1734339491", "userLabel": "_Bankett"}}, {"type": "Feature", "geometry": {"type": "LineString", "coordinates": [[14.293846227228642, 46.553960784651025], [14.29384220391512, 46.55394879554484]]}, "properties": {"fillColor": "#0D15FF", "executionState": "Documented", "externalID": "SDIRouteSection_101028135425_1702988100", "userLabel": "_Gemeindestrasse Asphalt"}}, {"type": "Feature", "geometry": {"type": "LineString", "coordinates": [[14.289987869560719, 46.55885350221942], [14.289940930902958, 46.55883194682599]]}, "properties": {"fillColor": "#1B7CBD", "executionState": "Documented", "externalID": "SDIRouteSection_101041913601_1734339492", "userLabel": "_Bankett"}}, {"type": "Feature", "geometry": {"type": "LineString", "coordinates": [[14.289925172924995, 46.55882652915889], [14.28990924730897, 46.558825722272246]]}, "properties": {"fillColor": "#FE0DFF", "executionState": "Documented", "externalID": "SDIRouteSection_101112685569_1734339499", "userLabel": "_Hausanschluss"}}, {"type": "Feature", "geometry": {"type": "LineString", "coordinates": [[14.28990924730897, 46.558825722272246], [14.28988141939044, 46.55882998724431]]}, "properties": {"fillColor": "#FE0DFF", "executionState": "Documented", "externalID": "SDIRouteSection_101150314753_1734339501", "userLabel": "_Hausanschluss"}}, {"type": "Feature", "geometry": {"type": "LineString", "coordinates": [[14.28988141939044, 46.55882998724431], [14.289852084740852, 46.55883171628696], [14.289686899306089, 46.55887207097793]]}, "properties": {"fillColor": "#FE0DFF", "executionState": "Documented", "externalID": "SDIRouteSection_101172314113_1734339501", "userLabel": "_Hausanschluss"}}, {"type": "Feature", "geometry": {"type": "LineString", "coordinates": [[14.289979487657547, 46.558792178831595], [14.289924167096615, 46.55873477454489]]}, "properties": {"fillColor": "#FE0DFF", "executionState": "Documented", "externalID": "SDIRouteSection_101326545665_1734339513", "userLabel": "_Hausanschluss"}}, {"type": "Feature", "geometry": {"type": "LineString", "coordinates": [[14.29590524174273, 46.554376021098165], [14.295911187306414, 46.55437613637715], [14.295947267939894, 46.55446570874684]]}, "properties": {"fillColor": "#FE0DFF", "executionState": "Documented", "externalID": "SDIRouteSection_101422827009_1702986357", "userLabel": "_Hausanschluss"}}, {"type": "Feature", "geometry": {"type": "LineString", "coordinates": [[14.289924167096615, 46.55873477454489], [14.289921811894143, 46.558725668236804], [14.28990304470062, 46.5586747478086]]}, "properties": {"fillColor": "#FE0DFF", "executionState": "Documented", "externalID": "SDIRouteSection_101439492865_1734339514", "userLabel": "_Hausanschluss"}}, {"type": "Feature", "geometry": {"type": "LineString", "coordinates": [[14.295637775212526, 46.55547807688413], [14.295625529188934, 46.55547311998873], [14.295502156053066, 46.55542608703785]]}, "properties": {"fillColor": "#FE0DFF", "executionState": "Documented", "externalID": "SDIRouteSection_101443124737_1702986418", "userLabel": "_Hausanschluss"}}, {"type": "Feature", "geometry": {"type": "LineString", "coordinates": [[14.294459614902735, 46.55538147498106], [14.294472185298982, 46.555379054167446], [14.294829909216261, 46.555320601584384]]}, "properties": {"fillColor": "#FE0DFF", "executionState": "Documented", "externalID": "SDIRouteSection_101598900225_1702987006", "userLabel": "_Hausanschluss"}}, {"type": "Feature", "geometry": {"type": "LineString", "coordinates": [[14.288344513624907, 46.5611865059484], [14.288371503353119, 46.56119284549578]]}, "properties": {"fillColor": "#3B3B3B", "executionState": "Documented", "externalID": "SDIRouteSection_102117491457_0", "userLabel": "_Sp\u00fclbohrung"}}, {"type": "Feature", "geometry": {"type": "LineString", "coordinates": [[14.288635198026896, 46.55844971179573], [14.288660511374474, 46.55845628220351]]}, "properties": {"fillColor": "#0D15FF", "executionState": "Documented", "externalID": "SDIRouteSection_102201177601_1734339557", "userLabel": "_Gemeindestrasse Asphalt"}}, {"type": "Feature", "geometry": {"type": "LineString", "coordinates": [[14.288660511374474, 46.55845628220351], [14.28898623213172, 46.558448443822215]]}, "properties": {"fillColor": "#0D15FF", "executionState": "Documented", "externalID": "SDIRouteSection_102208812289_1734339558", "userLabel": "_Gemeindestrasse Asphalt"}}, {"type": "Feature", "geometry": {"type": "LineString", "coordinates": [[14.28898623213172, 46.558448443822215], [14.28906049579382, 46.55846884666525]]}, "properties": {"fillColor": "#0D15FF", "executionState": "Documented", "externalID": "SDIRouteSection_102254450689_1734339559", "userLabel": "_Gemeindestrasse Asphalt"}}, {"type": "Feature", "geometry": {"type": "LineString", "coordinates": [[14.29696748033166, 46.554829353763665], [14.29696127336504, 46.55482618361831], [14.296748042305152, 46.55479897799295]]}, "properties": {"fillColor": "#FE0DFF", "executionState": "Documented", "externalID": "SDIRouteSection_102851664897_1702987404", "userLabel": "_Hausanschluss"}}, {"type": "Feature", "geometry": {"type": "LineString", "coordinates": [[14.297101590782404, 46.55466975112495], [14.29710811805053, 46.5546689441765], [14.29727911944194, 46.55480635579929]]}, "properties": {"fillColor": "#FE0DFF", "executionState": "Documented", "externalID": "SDIRouteSection_102870002433_1702987403", "userLabel": "_Hausanschluss"}}, {"type": "Feature", "geometry": {"type": "LineString", "coordinates": [[14.297059429809451, 46.55456628870857], [14.297054487503848, 46.55456288799072], [14.2968875172822, 46.55459239929464]]}, "properties": {"fillColor": "#FE0DFF", "executionState": "Documented", "externalID": "SDIRouteSection_102876889345_1702987402", "userLabel": "_Hausanschluss"}}, {"type": "Feature", "geometry": {"type": "LineString", "coordinates": [[14.29721424356103, 46.554355962553274], [14.297220779210491, 46.554354925042134], [14.297469556236871, 46.55451308758623]]}, "properties": {"fillColor": "#FE0DFF", "executionState": "Documented", "externalID": "SDIRouteSection_102917437953_1702987400", "userLabel": "_Hausanschluss"}}, {"type": "Feature", "geometry": {"type": "LineString", "coordinates": [[14.295799378305674, 46.55487241008311], [14.295858722180128, 46.55486802952203]]}, "properties": {"fillColor": "#958CCF", "executionState": "Documented", "externalID": "SDIRouteSection_102976916737_1702987606", "userLabel": "_Querung offen"}}, {"type": "Feature", "geometry": {"type": "LineString", "coordinates": [[14.295799378305674, 46.55487241008311], [14.295785464346409, 46.554776614048734]]}, "properties": {"fillColor": "#1B7CBD", "executionState": "Documented", "externalID": "SDIRouteSection_102990304001_1702987975", "userLabel": "_Bankett"}}, {"type": "Feature", "geometry": {"type": "LineString", "coordinates": [[14.295858722180128, 46.55486802952203], [14.29587766394029, 46.55486445590618], [14.295975565768211, 46.55493131704867]]}, "properties": {"fillColor": "#FE0DFF", "executionState": "Documented", "externalID": "SDIRouteSection_103008813569_0", "userLabel": "_Hausanschluss"}}, {"type": "Feature", "geometry": {"type": "LineString", "coordinates": [[14.29796140640974, 46.55599797200105], [14.297965765222893, 46.55600523435877], [14.29791882634163, 46.55608454385276]]}, "properties": {"fillColor": "#FE0DFF", "executionState": "Documented", "externalID": "SDIRouteSection_103172859649_1702987840", "userLabel": "_Hausanschluss"}}, {"type": "Feature", "geometry": {"type": "LineString", "coordinates": [[14.29796140640974, 46.55599797200105], [14.297946987971779, 46.555998778929755], [14.297806173563005, 46.55615647561915]]}, "properties": {"fillColor": "#FE0DFF", "executionState": "Documented", "externalID": "SDIRouteSection_103176922113_1702987895", "userLabel": "_Hausanschluss"}}, {"type": "Feature", "geometry": {"type": "LineString", "coordinates": [[14.28412388327489, 46.56158704862304], [14.28413662742311, 46.56157713594791], [14.2842750986675, 46.56148285018016]]}, "properties": {"fillColor": "#FE0DFF", "executionState": "Plan released", "externalID": "SDIRouteSection_103370240001_0", "userLabel": "_Hausanschluss"}}, {"type": "Feature", "geometry": {"type": "LineString", "coordinates": [[14.28412388327489, 46.56158704862304], [14.284140984453845, 46.56158451282259], [14.284789413220487, 46.56136574237595]]}, "properties": {"fillColor": "#FE0DFF", "executionState": "Plan released", "externalID": "SDIRouteSection_103402649089_1703151628", "userLabel": "_Hausanschluss"}}, {"type": "Feature", "geometry": {"type": "LineString", "coordinates": [[14.29670269601047, 46.555378593060055], [14.296701116411981, 46.55538366524092], [14.296775534525691, 46.55552245826969]]}, "properties": {"fillColor": "#FE0DFF", "executionState": "Documented", "externalID": "SDIRouteSection_103468980481_1702988323", "userLabel": "_Hausanschluss"}}, {"type": "Feature", "geometry": {"type": "LineString", "coordinates": [[14.28412388327489, 46.56158704862304], [14.284126568494258, 46.56157321698285], [14.284324049949648, 46.56129658343855]]}, "properties": {"fillColor": "#FE0DFF", "executionState": "Plan released", "externalID": "SDIRouteSection_103470467329_1703151625", "userLabel": "_Hausanschluss"}}, {"type": "Feature", "geometry": {"type": "LineString", "coordinates": [[14.28412388327489, 46.56158704862304], [14.284133609776736, 46.56157367803756], [14.284529238941525, 46.5611352135979]]}, "properties": {"fillColor": "#FE0DFF", "executionState": "Plan released", "externalID": "SDIRouteSection_103506920961_1703151623", "userLabel": "_Hausanschluss"}}, {"type": "Feature", "geometry": {"type": "LineString", "coordinates": [[14.28412388327489, 46.56158704862304], [14.284143330687932, 46.561589353896046], [14.2853674291572, 46.56137588521923]]}, "properties": {"fillColor": "#FE0DFF", "executionState": "Plan released", "externalID": "SDIRouteSection_103541095681_1703151636", "userLabel": "_Hausanschluss"}}, {"type": "Feature", "geometry": {"type": "LineString", "coordinates": [[14.28412388327489, 46.56158704862304], [14.28414366451262, 46.561593964441805], [14.28514748811722, 46.56152157882832]]}, "properties": {"fillColor": "#FE0DFF", "executionState": "Plan released", "externalID": "SDIRouteSection_103562000897_1703151633", "userLabel": "_Hausanschluss"}}, {"type": "Feature", "geometry": {"type": "LineString", "coordinates": [[14.28412388327489, 46.56158704862304], [14.284140650306615, 46.56157921069403], [14.285034835288954, 46.56117670856687]]}, "properties": {"fillColor": "#FE0DFF", "executionState": "Plan released", "externalID": "SDIRouteSection_103562350849_1703151631", "userLabel": "_Hausanschluss"}}, {"type": "Feature", "geometry": {"type": "LineString", "coordinates": [[14.289445225149393, 46.55831680495561], [14.28945142775774, 46.55829813111504]]}, "properties": {"fillColor": "#0D15FF", "executionState": "Documented", "externalID": "SDIRouteSection_103740884225_1734339677", "userLabel": "_Gemeindestrasse Asphalt"}}, {"type": "Feature", "geometry": {"type": "LineString", "coordinates": [[14.289445225149393, 46.55831680495561], [14.289358723908663, 46.55829386610114]]}, "properties": {"fillColor": "#3B3B3B", "executionState": "Documented", "externalID": "SDIRouteSection_103983654145_1734339689", "userLabel": "_Pressung"}}, {"type": "Feature", "geometry": {"type": "LineString", "coordinates": [[14.289358723908663, 46.55829386610114], [14.28931798785925, 46.558284413907046]]}, "properties": {"fillColor": "#FE0DFF", "executionState": "Documented", "externalID": "SDIRouteSection_104023896577_1734339693", "userLabel": "_Hausanschluss"}}, {"type": "Feature", "geometry": {"type": "LineString", "coordinates": [[14.297606097534299, 46.55578730556667], [14.297601644022661, 46.5557871326527], [14.29753728208784, 46.55583093746084]]}, "properties": {"fillColor": "#FE0DFF", "executionState": "Documented", "externalID": "SDIRouteSection_104151468545_0", "userLabel": "_Hausanschluss"}}, {"type": "Feature", "geometry": {"type": "LineString", "coordinates": [[14.297053897753358, 46.555594102689525], [14.297060603275895, 46.55560176856855]]}, "properties": {"fillColor": "#3B3B3B", "executionState": "Documented", "externalID": "SDIRouteSection_104310426625_0", "userLabel": "_Pressung"}}, {"type": "Feature", "geometry": {"type": "LineString", "coordinates": [[14.294424494728446, 46.557015384264076], [14.294427929891363, 46.55702011047184], [14.294476211071016, 46.55726495052678]]}, "properties": {"fillColor": "#FE0DFF", "executionState": "Documented", "externalID": "SDIRouteSection_104343280641_1708074332", "userLabel": "_Hausanschluss"}}, {"type": "Feature", "geometry": {"type": "LineString", "coordinates": [[14.289133083075285, 46.55850285138658], [14.289185889065266, 46.55853017041849]]}, "properties": {"fillColor": "#0D15FF", "executionState": "Documented", "externalID": "SDIRouteSection_104351541761_1734339734", "userLabel": "_Gemeindestrasse Asphalt"}}, {"type": "Feature", "geometry": {"type": "LineString", "coordinates": [[14.28906049579382, 46.55846884666525], [14.289133083075285, 46.55850285138658]]}, "properties": {"fillColor": "#0D15FF", "executionState": "Documented", "externalID": "SDIRouteSection_104356566273_1734339735", "userLabel": "_Gemeindestrasse Asphalt"}}, {"type": "Feature", "geometry": {"type": "LineString", "coordinates": [[14.292053505778313, 46.556888583413695], [14.29205280728829, 46.55687578803872], [14.29199248552323, 46.55683962091516]]}, "properties": {"fillColor": "#FE0DFF", "executionState": "Documented", "externalID": "SDIRouteSection_104411975425_1708074369", "userLabel": "_Hausanschluss"}}, {"type": "Feature", "geometry": {"type": "LineString", "coordinates": [[14.297053897753358, 46.555594102689525], [14.297058340162039, 46.55558591806559]]}, "properties": {"fillColor": "#958CCF", "executionState": "Documented", "externalID": "SDIRouteSection_104422745089_1702988737", "userLabel": "_Querung offen"}}, {"type": "Feature", "geometry": {"type": "LineString", "coordinates": [[14.287537839263678, 46.5657094406464], [14.287433526478708, 46.56566930311428]]}, "properties": {"fillColor": "#958CCF", "executionState": "Documented", "externalID": "SDIRouteSection_104463745281_1703151745", "userLabel": "_Querung offen"}}, {"type": "Feature", "geometry": {"type": "LineString", "coordinates": [[14.298171289265156, 46.55597606964653], [14.298169626071175, 46.55596650177309], [14.298187144001329, 46.555769288208005]]}, "properties": {"fillColor": "#FE0DFF", "executionState": "Documented", "externalID": "SDIRouteSection_104464849409_0", "userLabel": "_Hausanschluss"}}, {"type": "Feature", "geometry": {"type": "LineString", "coordinates": [[14.296385440975428, 46.555136741705184], [14.296361971646547, 46.55517974014211]]}, "properties": {"fillColor": "#958CCF", "executionState": "Documented", "externalID": "SDIRouteSection_104469223425_1702989049", "userLabel": "_Querung offen"}}, {"type": "Feature", "geometry": {"type": "LineString", "coordinates": [[14.287433526478708, 46.56566930311428], [14.287430718541149, 46.56566976413417], [14.28716170376406, 46.56586489269819]]}, "properties": {"fillColor": "#FE0DFF", "executionState": "Documented", "externalID": "SDIRouteSection_104475088641_0", "userLabel": "_Hausanschluss"}}, {"type": "Feature", "geometry": {"type": "LineString", "coordinates": [[14.296361971646547, 46.55517974014211], [14.296357110114492, 46.55520152742888], [14.296366685680557, 46.55532579376422]]}, "properties": {"fillColor": "#FE0DFF", "executionState": "Documented", "externalID": "SDIRouteSection_104490693889_0", "userLabel": "_Hausanschluss"}}, {"type": "Feature", "geometry": {"type": "LineString", "coordinates": [[14.287433526478708, 46.56566930311428], [14.287429042160515, 46.56566377087491], [14.287184642005773, 46.56568478467275]]}, "properties": {"fillColor": "#FE0DFF", "executionState": "Documented", "externalID": "SDIRouteSection_104490759169_1703151751", "userLabel": "_Hausanschluss"}}, {"type": "Feature", "geometry": {"type": "LineString", "coordinates": [[14.28931798785925, 46.558284413907046], [14.289311114698648, 46.558188047541535]]}, "properties": {"fillColor": "#FE0DFF", "executionState": "Documented", "externalID": "SDIRouteSection_104491549185_1734339753", "userLabel": "_Hausanschluss"}}, {"type": "Feature", "geometry": {"type": "LineString", "coordinates": [[14.289311114698648, 46.558188047541535], [14.28929653018713, 46.558190122417244]]}, "properties": {"fillColor": "#FE0DFF", "executionState": "Documented", "externalID": "SDIRouteSection_104502283009_1734339754", "userLabel": "_Hausanschluss"}}, {"type": "Feature", "geometry": {"type": "LineString", "coordinates": [[14.28929653018713, 46.558190122417244], [14.289282094539496, 46.558186203207526], [14.289173483880148, 46.558293174512606]]}, "properties": {"fillColor": "#FE0DFF", "executionState": "Documented", "externalID": "SDIRouteSection_104515833089_1734339755", "userLabel": "_Hausanschluss"}}, {"type": "Feature", "geometry": {"type": "LineString", "coordinates": [[14.296361971646547, 46.55517974014211], [14.296354428154755, 46.55519461082981], [14.296065848396486, 46.555274343328115]]}, "properties": {"fillColor": "#FE0DFF", "executionState": "Documented", "externalID": "SDIRouteSection_104549365761_1702989054", "userLabel": "_Hausanschluss"}}, {"type": "Feature", "geometry": {"type": "LineString", "coordinates": [[14.285256620496511, 46.562630289921174], [14.2852504, 46.562644000000006], [14.285054355804798, 46.5624472664248], [14.284951015619988, 46.56240034201825]]}, "properties": {"fillColor": "#FE0DFF", "executionState": "Documented", "externalID": "SDIRouteSection_104642305281_1708074522", "userLabel": "_Hausanschluss"}}, {"type": "Feature", "geometry": {"type": "LineString", "coordinates": [[14.2894103564322, 46.55836176047134], [14.289445225149393, 46.55831680495561]]}, "properties": {"fillColor": "#0D15FF", "executionState": "Documented", "externalID": "SDIRouteSection_104781361665_1734339783", "userLabel": "_Gemeindestrasse Asphalt"}}, {"type": "Feature", "geometry": {"type": "LineString", "coordinates": [[14.289308935403824, 46.558481065313316], [14.2894103564322, 46.55836176047134]]}, "properties": {"fillColor": "#0D15FF", "executionState": "Documented", "externalID": "SDIRouteSection_104871669505_1734339782", "userLabel": "_Gemeindestrasse Asphalt"}}, {"type": "Feature", "geometry": {"type": "LineString", "coordinates": [[14.296668749302626, 46.55622368101342], [14.29669171618978, 46.55621826308593], [14.296786751780399, 46.556221855212705]]}, "properties": {"fillColor": "#FE0DFF", "executionState": "Documented", "externalID": "SDIRouteSection_104881398529_1702989460", "userLabel": "_Hausanschluss"}}, {"type": "Feature", "geometry": {"type": "LineString", "coordinates": [[14.296574536710978, 46.555583439622865], [14.296571018323158, 46.555575485550186], [14.296416789309076, 46.55556580230189]]}, "properties": {"fillColor": "#FE0DFF", "executionState": "Documented", "externalID": "SDIRouteSection_104976352257_1702989555", "userLabel": "_Hausanschluss"}}, {"type": "Feature", "geometry": {"type": "LineString", "coordinates": [[14.286710545420647, 46.56120091400956], [14.286836609244347, 46.56120252771217]]}, "properties": {"fillColor": "#3B3B3B", "executionState": "Documented", "externalID": "SDIRouteSection_105171987713_1708075083", "userLabel": "_Pressung"}}, {"type": "Feature", "geometry": {"type": "LineString", "coordinates": [[14.286710545420647, 46.56120091400956], [14.286713562905788, 46.56116933153453]]}, "properties": {"fillColor": "#1B7CBD", "executionState": "Documented", "externalID": "SDIRouteSection_105188503297_0", "userLabel": "_Bankett"}}, {"type": "Feature", "geometry": {"type": "LineString", "coordinates": [[14.292943747714162, 46.55553830889056], [14.292955398559572, 46.55554044150585], [14.29327994591804, 46.55554044148901]]}, "properties": {"fillColor": "#FE0DFF", "executionState": "Documented", "externalID": "SDIRouteSection_105419203841_1702990105", "userLabel": "_Hausanschluss"}}, {"type": "Feature", "geometry": {"type": "LineString", "coordinates": [[14.292943747714162, 46.55553830889056], [14.29288356564939, 46.55551923062592]]}, "properties": {"fillColor": "#958CCF", "executionState": "Documented", "externalID": "SDIRouteSection_105419999233_1702990046", "userLabel": "_Querung offen"}}, {"type": "Feature", "geometry": {"type": "LineString", "coordinates": [[14.293103674426675, 46.55507028426851], [14.293094873428348, 46.55507103357223], [14.292917847867976, 46.55513835558481]]}, "properties": {"fillColor": "#FE0DFF", "executionState": "Documented", "externalID": "SDIRouteSection_105487200769_1702990084", "userLabel": "_Hausanschluss"}}, {"type": "Feature", "geometry": {"type": "LineString", "coordinates": [[14.289248082786798, 46.55856440564156], [14.289308935403824, 46.558481065313316]]}, "properties": {"fillColor": "#0D15FF", "executionState": "Documented", "externalID": "SDIRouteSection_105762560001_0", "userLabel": "_Gemeindestrasse Asphalt"}}, {"type": "Feature", "geometry": {"type": "LineString", "coordinates": [[14.292750041931868, 46.55573439386856], [14.292823551222682, 46.555755258836285]]}, "properties": {"fillColor": "#958CCF", "executionState": "Documented", "externalID": "SDIRouteSection_105847894529_1702990331", "userLabel": "_Querung offen"}}, {"type": "Feature", "geometry": {"type": "LineString", "coordinates": [[14.292750041931868, 46.55573439386856], [14.292755322530866, 46.55572586343749]]}, "properties": {"fillColor": "#0D15FF", "executionState": "Documented", "externalID": "SDIRouteSection_105849684481_0", "userLabel": "_Gemeindestrasse Asphalt"}}, {"type": "Feature", "geometry": {"type": "LineString", "coordinates": [[14.292823551222682, 46.555755258836285], [14.2928253, 46.5557572], [14.2932911, 46.55594260000001], [14.293253123854988, 46.55602183404]]}, "properties": {"fillColor": "#FE0DFF", "executionState": "Documented", "externalID": "SDIRouteSection_105856216577_0", "userLabel": "_Hausanschluss"}}, {"type": "Feature", "geometry": {"type": "LineString", "coordinates": [[14.292798908427358, 46.55565289361397], [14.292803686112165, 46.5556462652286]]}, "properties": {"fillColor": "#0D15FF", "executionState": "Documented", "externalID": "SDIRouteSection_105856618241_0", "userLabel": "_Gemeindestrasse Asphalt"}}, {"type": "Feature", "geometry": {"type": "LineString", "coordinates": [[14.292866885662079, 46.55567318223194], [14.29287225008011, 46.55567416207977], [14.293191433052124, 46.55573595018665]]}, "properties": {"fillColor": "#FE0DFF", "executionState": "Documented", "externalID": "SDIRouteSection_105857919745_0", "userLabel": "_Hausanschluss"}}, {"type": "Feature", "geometry": {"type": "LineString", "coordinates": [[14.292798908427358, 46.55565289361397], [14.292866885662079, 46.55567318223194]]}, "properties": {"fillColor": "#958CCF", "executionState": "Documented", "externalID": "SDIRouteSection_105858620929_1702990327", "userLabel": "_Querung offen"}}, {"type": "Feature", "geometry": {"type": "LineString", "coordinates": [[14.296507565304637, 46.55669717120517], [14.296509994087932, 46.55669918850087], [14.296474112702867, 46.55698013431848]]}, "properties": {"fillColor": "#FE0DFF", "executionState": "Documented", "externalID": "SDIRouteSection_105913638657_0", "userLabel": "_Hausanschluss"}}, {"type": "Feature", "geometry": {"type": "LineString", "coordinates": [[14.296493902802467, 46.55669129222872], [14.296507565304637, 46.55669717120517]]}, "properties": {"fillColor": "#958CCF", "executionState": "Documented", "externalID": "SDIRouteSection_105935600385_1702990560", "userLabel": "_Querung offen"}}, {"type": "Feature", "geometry": {"type": "LineString", "coordinates": [[14.2882171086967, 46.56114662441519], [14.288236554712057, 46.56115457767126]]}, "properties": {"fillColor": "#958CCF", "executionState": "Documented", "externalID": "SDIRouteSection_106082888705_1708076026", "userLabel": "_Querung offen"}}, {"type": "Feature", "geometry": {"type": "LineString", "coordinates": [[14.2882171086967, 46.56114662441519], [14.288232028484346, 46.56112691416686], [14.287919551070962, 46.56064925583164]]}, "properties": {"fillColor": "#FE0DFF", "executionState": "Documented", "externalID": "SDIRouteSection_106105908737_1708076052", "userLabel": "_Hausanschluss"}}, {"type": "Feature", "geometry": {"type": "LineString", "coordinates": [[14.29488348774612, 46.556281376144], [14.29487922552235, 46.55628512257893], [14.294792711734774, 46.5564368241576]]}, "properties": {"fillColor": "#FE0DFF", "executionState": "Documented", "externalID": "SDIRouteSection_106110109185_1702991043", "userLabel": "_Hausanschluss"}}, {"type": "Feature", "geometry": {"type": "LineString", "coordinates": [[14.2882171086967, 46.56114662441519], [14.28821995854378, 46.56112691416686], [14.288012087281976, 46.56091482624842]]}, "properties": {"fillColor": "#FE0DFF", "executionState": "Documented", "externalID": "SDIRouteSection_106110590977_0", "userLabel": "_Hausanschluss"}}, {"type": "Feature", "geometry": {"type": "LineString", "coordinates": [[14.295065626502037, 46.556275036022754], [14.295070328088958, 46.556262067590666], [14.295132681672138, 46.55621780201348]]}, "properties": {"fillColor": "#FE0DFF", "executionState": "Documented", "externalID": "SDIRouteSection_106123789057_1702991043", "userLabel": "_Hausanschluss"}}, {"type": "Feature", "geometry": {"type": "LineString", "coordinates": [[14.2882171086967, 46.56114662441519], [14.288206547498705, 46.56112599204981], [14.287752692774822, 46.56081590364598]]}, "properties": {"fillColor": "#FE0DFF", "executionState": "Documented", "externalID": "SDIRouteSection_106131270401_1708076048", "userLabel": "_Hausanschluss"}}, {"type": "Feature", "geometry": {"type": "LineString", "coordinates": [[14.294093828648329, 46.55575623868265], [14.294088612088427, 46.5557534720576], [14.293936396375537, 46.55579596220484]]}, "properties": {"fillColor": "#FE0DFF", "executionState": "Documented", "externalID": "SDIRouteSection_106145076993_1702991035", "userLabel": "_Hausanschluss"}}, {"type": "Feature", "geometry": {"type": "LineString", "coordinates": [[14.293797528371215, 46.55622690871465], [14.293784183041495, 46.55622425738866], [14.293553621699617, 46.5562759482349]]}, "properties": {"fillColor": "#FE0DFF", "executionState": "Documented", "externalID": "SDIRouteSection_106207324161_1702991058", "userLabel": "_Hausanschluss"}}, {"type": "Feature", "geometry": {"type": "LineString", "coordinates": [[14.2941540107131, 46.55599413908968], [14.294160345490605, 46.55598702082489], [14.29428040983887, 46.55594851876568]]}, "properties": {"fillColor": "#FE0DFF", "executionState": "Documented", "externalID": "SDIRouteSection_106225600001_1702991055", "userLabel": "_Hausanschluss"}}, {"type": "Feature", "geometry": {"type": "LineString", "coordinates": [[14.294362301006913, 46.55554107552658], [14.294366211334376, 46.55554044150585], [14.294677376747131, 46.55575623868266]]}, "properties": {"fillColor": "#FE0DFF", "executionState": "Documented", "externalID": "SDIRouteSection_106378389505_0", "userLabel": "_Hausanschluss"}}, {"type": "Feature", "geometry": {"type": "LineString", "coordinates": [[14.294824060052633, 46.55486560868553], [14.2948329, 46.5548645], [14.295074343609155, 46.5550369114227]]}, "properties": {"fillColor": "#FE0DFF", "executionState": "Documented", "externalID": "SDIRouteSection_106551666945_0", "userLabel": "_Hausanschluss"}}, {"type": "Feature", "geometry": {"type": "LineString", "coordinates": [[14.284005872905254, 46.56153731233374], [14.284000175791395, 46.56153633259177], [14.28377285603094, 46.56137773034439]]}, "properties": {"fillColor": "#FE0DFF", "executionState": "Documented", "externalID": "SDIRouteSection_106650056193_0", "userLabel": "_Hausanschluss"}}, {"type": "Feature", "geometry": {"type": "LineString", "coordinates": [[14.292369084432721, 46.56466525005939], [14.292454663664103, 46.56465879566062]]}, "properties": {"fillColor": "#1B7CBD", "executionState": "Documented", "externalID": "SDIRouteSection_106705602305_0", "userLabel": "_Bankett"}}, {"type": "Feature", "geometry": {"type": "LineString", "coordinates": [[14.29237243719399, 46.56468351830884], [14.292369084432721, 46.56466525005939]]}, "properties": {"fillColor": "#958CCF", "executionState": "Documented", "externalID": "SDIRouteSection_106710522625_1703071110", "userLabel": "_Querung offen"}}, {"type": "Feature", "geometry": {"type": "LineString", "coordinates": [[14.289973955601454, 46.55808568690844], [14.28995467722416, 46.55807946226912]]}, "properties": {"fillColor": "#958CCF", "executionState": "Documented", "externalID": "SDIRouteSection_107170580481_1708076563", "userLabel": "_Querung offen"}}, {"type": "Feature", "geometry": {"type": "LineString", "coordinates": [[14.289898686110973, 46.558105167719475], [14.289866331964731, 46.558065860277]]}, "properties": {"fillColor": "#0D15FF", "executionState": "Documented", "externalID": "SDIRouteSection_107208238849_1708076607", "userLabel": "_Gemeindestrasse Asphalt"}}, {"type": "Feature", "geometry": {"type": "LineString", "coordinates": [[14.293798031285405, 46.55649547007596], [14.293834660202265, 46.5564563055606]]}, "properties": {"fillColor": "#958CCF", "executionState": "Documented", "externalID": "SDIRouteSection_107246171137_1702992304", "userLabel": "_Querung offen"}}, {"type": "Feature", "geometry": {"type": "LineString", "coordinates": [[14.29384199436754, 46.556446219036246], [14.293848241237924, 46.55643820745272], [14.293971955706272, 46.55636074268907]]}, "properties": {"fillColor": "#FE0DFF", "executionState": "Documented", "externalID": "SDIRouteSection_107283214337_0", "userLabel": "_Hausanschluss"}}, {"type": "Feature", "geometry": {"type": "LineString", "coordinates": [[14.292605370283127, 46.56459459740262], [14.292630180722153, 46.56459165846186], [14.292621463512395, 46.56448608263064]]}, "properties": {"fillColor": "#FE0DFF", "executionState": "Documented", "externalID": "SDIRouteSection_107340512257_0", "userLabel": "_Hausanschluss"}}, {"type": "Feature", "geometry": {"type": "LineString", "coordinates": [[14.292599419131875, 46.56465677866083], [14.292605370283127, 46.56459459740262]]}, "properties": {"fillColor": "#3B3B3B", "executionState": "Documented", "externalID": "SDIRouteSection_107345618689_1709098509", "userLabel": "_Pressung"}}, {"type": "Feature", "geometry": {"type": "LineString", "coordinates": [[14.292599419131875, 46.56465677866083], [14.292704612016678, 46.56466473140236]]}, "properties": {"fillColor": "#1B7CBD", "executionState": "Documented", "externalID": "SDIRouteSection_107349239297_0", "userLabel": "_Bankett"}}, {"type": "Feature", "geometry": {"type": "LineString", "coordinates": [[14.294442012906075, 46.55672720008471], [14.294462632387877, 46.55674068713844]]}, "properties": {"fillColor": "#1B7CBD", "executionState": "Documented", "externalID": "SDIRouteSection_107456612353_0", "userLabel": "_Bankett"}}, {"type": "Feature", "geometry": {"type": "LineString", "coordinates": [[14.293916970563592, 46.55723313517193], [14.293902888861387, 46.55722114683332]]}, "properties": {"fillColor": "#958CCF", "executionState": "Gross planning", "externalID": "SDIRouteSection_107921447169_1702992651", "userLabel": "_Querung offen"}}, {"type": "Feature", "geometry": {"type": "LineString", "coordinates": [[14.293902888861387, 46.55722114683332], [14.293894842342617, 46.55722022460187], [14.293748661827246, 46.55721791909355]]}, "properties": {"fillColor": "#FE0DFF", "executionState": "Gross planning", "externalID": "SDIRouteSection_108006607105_1702992656", "userLabel": "_Hausanschluss"}}, {"type": "Feature", "geometry": {"type": "LineString", "coordinates": [[14.293425120421778, 46.55746275834855], [14.293417409325176, 46.55746368052367], [14.293222949077991, 46.5574535365436]]}, "properties": {"fillColor": "#FE0DFF", "executionState": "Gross planning", "externalID": "SDIRouteSection_108054565377_1702992678", "userLabel": "_Hausanschluss"}}, {"type": "Feature", "geometry": {"type": "LineString", "coordinates": [[14.293569624416069, 46.55744938677368], [14.29357565921381, 46.557452153251646], [14.293789565558688, 46.5575305385302]]}, "properties": {"fillColor": "#FE0DFF", "executionState": "Gross planning", "externalID": "SDIRouteSection_108082498561_0", "userLabel": "_Hausanschluss"}}, {"type": "Feature", "geometry": {"type": "LineString", "coordinates": [[14.293902888861387, 46.55722114683332], [14.293904900477544, 46.55721561384106], [14.29394580418984, 46.55712016770782]]}, "properties": {"fillColor": "#FE0DFF", "executionState": "Gross planning", "externalID": "SDIRouteSection_108101427969_0", "userLabel": "_Hausanschluss"}}, {"type": "Feature", "geometry": {"type": "LineString", "coordinates": [[14.293569624416069, 46.55744938677368], [14.293568283293537, 46.557455841881975], [14.293593764305115, 46.557611690108104]]}, "properties": {"fillColor": "#FE0DFF", "executionState": "Gross planning", "externalID": "SDIRouteSection_108157856769_1702992671", "userLabel": "_Hausanschluss"}}, {"type": "Feature", "geometry": {"type": "LineString", "coordinates": [[14.293535426266956, 46.55742402681416], [14.293569624416069, 46.55744938677368]]}, "properties": {"fillColor": "#958CCF", "executionState": "Gross planning", "externalID": "SDIRouteSection_108158260737_1702992666", "userLabel": "_Querung offen"}}, {"type": "Feature", "geometry": {"type": "LineString", "coordinates": [[14.293323531811176, 46.55757157537757], [14.293325543505146, 46.55757526398213], [14.293245876585619, 46.55770823880589]]}, "properties": {"fillColor": "#FE0DFF", "executionState": "Gross planning", "externalID": "SDIRouteSection_108162291713_1702992683", "userLabel": "_Hausanschluss"}}, {"type": "Feature", "geometry": {"type": "LineString", "coordinates": [[14.287731209769845, 46.56422974930692], [14.287726683542132, 46.564237759740024]]}, "properties": {"fillColor": "#0D15FF", "executionState": "Documented", "externalID": "SDIRouteSection_108181571585_1650888582", "userLabel": "_Gemeindestrasse Asphalt"}}, {"type": "Feature", "geometry": {"type": "LineString", "coordinates": [[14.287819638848305, 46.5638293414016], [14.28781502880156, 46.56385596619859]]}, "properties": {"fillColor": "#0D15FF", "executionState": "Documented", "externalID": "SDIRouteSection_108181577217_1650888582", "userLabel": "_Gemeindestrasse Asphalt"}}, {"type": "Feature", "geometry": {"type": "LineString", "coordinates": [[14.287895578891039, 46.56340893297235], [14.287893483415246, 46.56342034368967]]}, "properties": {"fillColor": "#0D15FF", "executionState": "Documented", "externalID": "SDIRouteSection_108181579521_1650888582", "userLabel": "_Gemeindestrasse Asphalt"}}, {"type": "Feature", "geometry": {"type": "LineString", "coordinates": [[14.287964310497046, 46.56318521327242], [14.28795333020389, 46.563205095663335]]}, "properties": {"fillColor": "#0D15FF", "executionState": "Documented", "externalID": "SDIRouteSection_108181583361_1650888582", "userLabel": "_Gemeindestrasse Asphalt"}}, {"type": "Feature", "geometry": {"type": "LineString", "coordinates": [[14.287731209769845, 46.56422974930692], [14.28771719103679, 46.56422384233207]]}, "properties": {"fillColor": "#958CCF", "executionState": "Documented", "externalID": "SDIRouteSection_108181587201_1650888582", "userLabel": "_Querung offen"}}, {"type": "Feature", "geometry": {"type": "LineString", "coordinates": [[14.289641445502639, 46.56306643744628], [14.289637673646212, 46.563049839930216]]}, "properties": {"fillColor": "#0D15FF", "executionState": "Documented", "externalID": "SDIRouteSection_108181637377_1650888582", "userLabel": "_Gemeindestrasse Asphalt"}}, {"type": "Feature", "geometry": {"type": "LineString", "coordinates": [[14.289641445502639, 46.56306643744628], [14.289609091356397, 46.563095944128975]]}, "properties": {"fillColor": "#958CCF", "executionState": "Documented", "externalID": "SDIRouteSection_108181641473_1650888582", "userLabel": "_Querung offen"}}, {"type": "Feature", "geometry": {"type": "LineString", "coordinates": [[14.292193609289825, 46.56470048991048], [14.292257940396667, 46.56468740823496]]}, "properties": {"fillColor": "#0D15FF", "executionState": "Documented", "externalID": "SDIRouteSection_108181660161_1650888582", "userLabel": "_Gemeindestrasse Asphalt"}}, {"type": "Feature", "geometry": {"type": "LineString", "coordinates": [[14.290535459294915, 46.56483260313044], [14.290534369647503, 46.564794337873224]]}, "properties": {"fillColor": "#0D15FF", "executionState": "Documented", "externalID": "SDIRouteSection_108181676033_1650888582", "userLabel": "_Gemeindestrasse Asphalt"}}, {"type": "Feature", "geometry": {"type": "LineString", "coordinates": [[14.290535459294915, 46.56483260313044], [14.290552977472544, 46.564831738704726]]}, "properties": {"fillColor": "#958CCF", "executionState": "Documented", "externalID": "SDIRouteSection_108181680641_1650888582", "userLabel": "_Querung offen"}}, {"type": "Feature", "geometry": {"type": "LineString", "coordinates": [[14.29141966626048, 46.56550460349703], [14.291504826396704, 46.56550177974134]]}, "properties": {"fillColor": "#0D15FF", "executionState": "Documented", "externalID": "SDIRouteSection_108181720833_1650888582", "userLabel": "_Gemeindestrasse Asphalt"}}, {"type": "Feature", "geometry": {"type": "LineString", "coordinates": [[14.290922787040472, 46.56550293229469], [14.291037451475859, 46.565501491603015]]}, "properties": {"fillColor": "#3B3B3B", "executionState": "Documented", "externalID": "SDIRouteSection_108181735425_1650888582", "userLabel": "_Sp\u00fclbohrung"}}, {"type": "Feature", "geometry": {"type": "LineString", "coordinates": [[14.290671329945326, 46.56551203746531], [14.290757160633802, 46.56550552553966]]}, "properties": {"fillColor": "#3B3B3B", "executionState": "Documented", "externalID": "SDIRouteSection_108181797889_1650888582", "userLabel": "_Sp\u00fclbohrung"}}, {"type": "Feature", "geometry": {"type": "LineString", "coordinates": [[14.29033094085753, 46.5655150917311], [14.290383411571383, 46.565516762933015]]}, "properties": {"fillColor": "#3B3B3B", "executionState": "Documented", "externalID": "SDIRouteSection_108181929217_1650888582", "userLabel": "_Sp\u00fclbohrung"}}, {"type": "Feature", "geometry": {"type": "LineString", "coordinates": [[14.290922787040472, 46.56550293229469], [14.290924463421106, 46.56549474916537]]}, "properties": {"fillColor": "#958CCF", "executionState": "Documented", "externalID": "SDIRouteSection_108182266881_1650888582", "userLabel": "_Querung offen"}}, {"type": "Feature", "geometry": {"type": "LineString", "coordinates": [[14.29033094085753, 46.5655150917311], [14.290326749905944, 46.56550339331605]]}, "properties": {"fillColor": "#3B3B3B", "executionState": "Documented", "externalID": "SDIRouteSection_108182274817_1650888582", "userLabel": "_Pressung"}}, {"type": "Feature", "geometry": {"type": "LineString", "coordinates": [[14.287940924987197, 46.5649794400417], [14.287914354354143, 46.565030729136026]]}, "properties": {"fillColor": "#3B3B3B", "executionState": "Documented", "externalID": "SDIRouteSection_108184807681_1650888583", "userLabel": "_Pressung"}}, {"type": "Feature", "geometry": {"type": "LineString", "coordinates": [[14.295821338891983, 46.55495644762024], [14.29581580683589, 46.55499287537364]]}, "properties": {"fillColor": "#0D15FF", "executionState": "Documented", "externalID": "SDIRouteSection_108187254529_1650888582", "userLabel": "_Gemeindestrasse Asphalt"}}, {"type": "Feature", "geometry": {"type": "LineString", "coordinates": [[14.295658227056265, 46.55547554079817], [14.295637775212526, 46.55547807688413]]}, "properties": {"fillColor": "#958CCF", "executionState": "Documented", "externalID": "SDIRouteSection_108187256321_1650888582", "userLabel": "_Querung offen"}}, {"type": "Feature", "geometry": {"type": "LineString", "coordinates": [[14.293535426266956, 46.55742402681416], [14.293454960000986, 46.557465063814504], [14.293436184530009, 46.55747428558887]]}, "properties": {"fillColor": "#0D15FF", "executionState": "Gross planning", "externalID": "SDIRouteSection_108187346177_1650888582", "userLabel": "_Gemeindestrasse Asphalt"}}, {"type": "Feature", "geometry": {"type": "LineString", "coordinates": [[14.293916970563592, 46.55723313517193], [14.293802306051507, 46.55729123272185], [14.293655549875254, 46.557364180205816], [14.293535426266956, 46.55742402681416]]}, "properties": {"fillColor": "#0D15FF", "executionState": "Gross planning", "externalID": "SDIRouteSection_108187347201_1650888582", "userLabel": "_Gemeindestrasse Asphalt"}}, {"type": "Feature", "geometry": {"type": "LineString", "coordinates": [[14.294533040374517, 46.55690080241763], [14.294467, 46.5569329], [14.294388787820935, 46.55697463511402]]}, "properties": {"fillColor": "#1B7CBD", "executionState": "Documented", "externalID": "SDIRouteSection_108187351553_1650888582", "userLabel": "_Bankett"}}, {"type": "Feature", "geometry": {"type": "LineString", "coordinates": [[14.29457863792777, 46.55682794944781], [14.294575620442629, 46.55684235866639]]}, "properties": {"fillColor": "#1B7CBD", "executionState": "Documented", "externalID": "SDIRouteSection_108187352577_1650888582", "userLabel": "_Bankett"}}, {"type": "Feature", "geometry": {"type": "LineString", "coordinates": [[14.293298051028527, 46.55754437106714], [14.293323531811176, 46.55757157537757]]}, "properties": {"fillColor": "#958CCF", "executionState": "Gross planning", "externalID": "SDIRouteSection_108187353345_1650888582", "userLabel": "_Querung offen"}}, {"type": "Feature", "geometry": {"type": "LineString", "coordinates": [[14.289898686110973, 46.558105167719475], [14.289912767708302, 46.558098481998144]]}, "properties": {"fillColor": "#3B3B3B", "executionState": "Documented", "externalID": "SDIRouteSection_108187382785_1650888582", "userLabel": "_Sp\u00fclbohrung"}}, {"type": "Feature", "geometry": {"type": "LineString", "coordinates": [[14.28945142775774, 46.55829813111504], [14.289465844631195, 46.558292943935925]]}, "properties": {"fillColor": "#0D15FF", "executionState": "Documented", "externalID": "SDIRouteSection_108187387137_1650888582", "userLabel": "_Gemeindestrasse Asphalt"}}, {"type": "Feature", "geometry": {"type": "LineString", "coordinates": [[14.289768263697624, 46.56229211181048], [14.289778908714652, 46.56226024181507]]}, "properties": {"fillColor": "#0D15FF", "executionState": "Documented", "externalID": "SDIRouteSection_108187459073_1650888582", "userLabel": "_Gemeindestrasse Asphalt"}}, {"type": "Feature", "geometry": {"type": "LineString", "coordinates": [[14.289640439674258, 46.56256067196844], [14.289662316441536, 46.56252643926686]]}, "properties": {"fillColor": "#0D15FF", "executionState": "Documented", "externalID": "SDIRouteSection_108187460353_1650888582", "userLabel": "_Gemeindestrasse Asphalt"}}, {"type": "Feature", "geometry": {"type": "LineString", "coordinates": [[14.289845041930676, 46.56210872941091], [14.28960096091032, 46.562063200686424]]}, "properties": {"fillColor": "#CC6E84", "executionState": "Documented", "externalID": "SDIRouteSection_108187492609_1650888582", "userLabel": "_Asphaltiert PrStr,IW"}}, {"type": "Feature", "geometry": {"type": "LineString", "coordinates": [[14.286583811044693, 46.56143824304223], [14.286607280373573, 46.561413346019066]]}, "properties": {"fillColor": "#0D15FF", "executionState": "Documented", "externalID": "SDIRouteSection_108187529217_1650888582", "userLabel": "_Gemeindestrasse Asphalt"}}, {"type": "Feature", "geometry": {"type": "LineString", "coordinates": [[14.286000933498144, 46.56198620518697], [14.28605935536325, 46.561932838481766]]}, "properties": {"fillColor": "#1B7CBD", "executionState": "Documented", "externalID": "SDIRouteSection_108187533825_1650888582", "userLabel": "_Bankett"}}, {"type": "Feature", "geometry": {"type": "LineString", "coordinates": [[14.285696502774954, 46.56226087575732], [14.285773364827037, 46.56219707807992]]}, "properties": {"fillColor": "#1B7CBD", "executionState": "Documented", "externalID": "SDIRouteSection_108187534849_1650888582", "userLabel": "_Bankett"}}, {"type": "Feature", "geometry": {"type": "LineString", "coordinates": [[14.286000933498144, 46.56198620518697], [14.285986684262753, 46.56197715705599]]}, "properties": {"fillColor": "#958CCF", "executionState": "Documented", "externalID": "SDIRouteSection_108187540737_1650888582", "userLabel": "_Querung offen"}}, {"type": "Feature", "geometry": {"type": "LineString", "coordinates": [[14.285696502774954, 46.56226087575732], [14.285675548017025, 46.56225292266339]]}, "properties": {"fillColor": "#958CCF", "executionState": "Documented", "externalID": "SDIRouteSection_108187542529_1650888582", "userLabel": "_Querung offen"}}, {"type": "Feature", "geometry": {"type": "LineString", "coordinates": [[14.284901730716228, 46.56308441808295], [14.284848254173994, 46.56306747479087]]}, "properties": {"fillColor": "#958CCF", "executionState": "Documented", "externalID": "SDIRouteSection_108187547905_1650888582", "userLabel": "_Querung offen"}}, {"type": "Feature", "geometry": {"type": "LineString", "coordinates": [[14.298167517408729, 46.55776955501784], [14.298164332285523, 46.557776932410235]]}, "properties": {"fillColor": "#0D15FF", "executionState": "Documented", "externalID": "SDIRouteSection_108188637697_1650888582", "userLabel": "_Gemeindestrasse Asphalt"}}, {"type": "Feature", "geometry": {"type": "LineString", "coordinates": [[14.297031601890922, 46.5548415155923], [14.296999666839838, 46.554927051788695]]}, "properties": {"fillColor": "#3B3B3B", "executionState": "Documented", "externalID": "SDIRouteSection_108188825345_1650888582", "userLabel": "_Pressung"}}, {"type": "Feature", "geometry": {"type": "LineString", "coordinates": [[14.297088012099266, 46.55466784903217], [14.297031601890922, 46.5548415155923]]}, "properties": {"fillColor": "#3B3B3B", "executionState": "Documented", "externalID": "SDIRouteSection_108188826625_1650888582", "userLabel": "_Pressung"}}, {"type": "Feature", "geometry": {"type": "LineString", "coordinates": [[14.297115923836827, 46.55458917149957], [14.297088012099266, 46.55466784903217]]}, "properties": {"fillColor": "#3B3B3B", "executionState": "Documented", "externalID": "SDIRouteSection_108188827905_1650888582", "userLabel": "_Pressung"}}, {"type": "Feature", "geometry": {"type": "LineString", "coordinates": [[14.297198066487908, 46.554351985427104], [14.297167053446174, 46.554435216818206]]}, "properties": {"fillColor": "#3B3B3B", "executionState": "Documented", "externalID": "SDIRouteSection_108188847617_1650888582", "userLabel": "_Pressung"}}, {"type": "Feature", "geometry": {"type": "LineString", "coordinates": [[14.297031601890922, 46.5548415155923], [14.29696748033166, 46.554829353763665]]}, "properties": {"fillColor": "#958CCF", "executionState": "Documented", "externalID": "SDIRouteSection_108188853505_1650888582", "userLabel": "_Querung offen"}}, {"type": "Feature", "geometry": {"type": "LineString", "coordinates": [[14.297088012099266, 46.55466784903217], [14.297101590782404, 46.55466975112495]]}, "properties": {"fillColor": "#958CCF", "executionState": "Documented", "externalID": "SDIRouteSection_108188855809_1650888582", "userLabel": "_Querung offen"}}, {"type": "Feature", "geometry": {"type": "LineString", "coordinates": [[14.297115923836827, 46.55458917149957], [14.297059429809451, 46.55456628870857]]}, "properties": {"fillColor": "#958CCF", "executionState": "Documented", "externalID": "SDIRouteSection_108188858625_1650888582", "userLabel": "_Querung offen"}}, {"type": "Feature", "geometry": {"type": "LineString", "coordinates": [[14.297198066487908, 46.554351985427104], [14.29721424356103, 46.554355962553274]]}, "properties": {"fillColor": "#958CCF", "executionState": "Documented", "externalID": "SDIRouteSection_108188860929_1650888582", "userLabel": "_Querung offen"}}, {"type": "Feature", "geometry": {"type": "LineString", "coordinates": [[14.292933940887451, 46.55466502471245], [14.292968306690454, 46.55464427460396]]}, "properties": {"fillColor": "#1B7CBD", "executionState": "Documented", "externalID": "SDIRouteSection_108188982529_1650888582", "userLabel": "_Bankett"}}, {"type": "Feature", "geometry": {"type": "LineString", "coordinates": [[14.292721208184958, 46.55481753776641], [14.292784407734871, 46.55477684460499]]}, "properties": {"fillColor": "#1B7CBD", "executionState": "Documented", "externalID": "SDIRouteSection_108188984833_1650888582", "userLabel": "_Bankett"}}, {"type": "Feature", "geometry": {"type": "LineString", "coordinates": [[14.287537839263678, 46.5657094406464], [14.287534235045314, 46.56572606616248]]}, "properties": {"fillColor": "#1B7CBD", "executionState": "Documented", "externalID": "SDIRouteSection_108189073665_1650888582", "userLabel": "_Bankett"}}, {"type": "Feature", "geometry": {"type": "LineString", "coordinates": [[14.287335039116442, 46.5660149805133], [14.28727950900793, 46.56604972965738]]}, "properties": {"fillColor": "#FE0DFF", "executionState": "Documented", "externalID": "SDIRouteSection_108189075457_1650888582", "userLabel": "_Hausanschluss"}}, {"type": "Feature", "geometry": {"type": "LineString", "coordinates": [[14.287335039116442, 46.5660149805133], [14.287370410747826, 46.56604128728861]]}, "properties": {"fillColor": "#958CCF", "executionState": "Documented", "externalID": "SDIRouteSection_108189076225_1650888582", "userLabel": "_Querung offen"}}, {"type": "Feature", "geometry": {"type": "LineString", "coordinates": [[14.288747264072299, 46.56498335876074], [14.28895060904324, 46.56497938241347]]}, "properties": {"fillColor": "#1B7CBD", "executionState": "Documented", "externalID": "SDIRouteSection_108189453057_1650888582", "userLabel": "_Bankett"}}, {"type": "Feature", "geometry": {"type": "LineString", "coordinates": [[14.287940924987197, 46.5649794400417], [14.28794838488102, 46.56498232145276]]}, "properties": {"fillColor": "#1B7CBD", "executionState": "Documented", "externalID": "SDIRouteSection_108189460481_1650888582", "userLabel": "_Bankett"}}, {"type": "Feature", "geometry": {"type": "LineString", "coordinates": [[14.288747264072299, 46.56498335876074], [14.288749862462282, 46.565028251124716]]}, "properties": {"fillColor": "#958CCF", "executionState": "Documented", "externalID": "SDIRouteSection_108189464833_1650888582", "userLabel": "_Querung offen"}}, {"type": "Feature", "geometry": {"type": "LineString", "coordinates": [[14.288747264072299, 46.56498335876074], [14.28874927572906, 46.56497730779739]]}, "properties": {"fillColor": "#3B3B3B", "executionState": "Documented", "externalID": "SDIRouteSection_108189465601_1650888582", "userLabel": "_Pressung"}}, {"type": "Feature", "geometry": {"type": "LineString", "coordinates": [[14.288235129788518, 46.564319477616095], [14.288297491148114, 46.56431895895577]]}, "properties": {"fillColor": "#0D15FF", "executionState": "Documented", "externalID": "SDIRouteSection_108189480705_1650888582", "userLabel": "_Gemeindestrasse Asphalt"}}, {"type": "Feature", "geometry": {"type": "LineString", "coordinates": [[14.28814334794879, 46.56431561647801], [14.288186766207218, 46.564316711427665]]}, "properties": {"fillColor": "#0D15FF", "executionState": "Documented", "externalID": "SDIRouteSection_108189482753_1650888582", "userLabel": "_Gemeindestrasse Asphalt"}}, {"type": "Feature", "geometry": {"type": "LineString", "coordinates": [[14.29218870587647, 46.56409409042533], [14.292165571823716, 46.564126362747345]]}, "properties": {"fillColor": "#3B3B3B", "executionState": "Documented", "externalID": "SDIRouteSection_108189648129_1650888582", "userLabel": "_Sp\u00fclbohrung"}}, {"type": "Feature", "geometry": {"type": "LineString", "coordinates": [[14.293902553617954, 46.56114362753581], [14.293856956064701, 46.56120736881971]]}, "properties": {"fillColor": "#3B3B3B", "executionState": "Documented", "externalID": "SDIRouteSection_108189652737_1650888582", "userLabel": "_Sp\u00fclbohrung"}}, {"type": "Feature", "geometry": {"type": "LineString", "coordinates": [[14.292357936501503, 46.56385734930461], [14.292298424988985, 46.56394503238883]]}, "properties": {"fillColor": "#3B3B3B", "executionState": "Documented", "externalID": "SDIRouteSection_108189656065_1650888582", "userLabel": "_Sp\u00fclbohrung"}}, {"type": "Feature", "geometry": {"type": "LineString", "coordinates": [[14.292618886101991, 46.563524783337954], [14.29259795229882, 46.563541251041784]]}, "properties": {"fillColor": "#1B7CBD", "executionState": "Documented", "externalID": "SDIRouteSection_108189660417_1650888582", "userLabel": "_Bankett"}}, {"type": "Feature", "geometry": {"type": "LineString", "coordinates": [[14.292820449918509, 46.563206709306314], [14.292768985033035, 46.56325465753355]]}, "properties": {"fillColor": "#3B3B3B", "executionState": "Documented", "externalID": "SDIRouteSection_108189662721_1650888582", "userLabel": "_Sp\u00fclbohrung"}}, {"type": "Feature", "geometry": {"type": "LineString", "coordinates": [[14.292618886101991, 46.563524783337954], [14.292627875693142, 46.563522636629045]]}, "properties": {"fillColor": "#958CCF", "executionState": "Documented", "externalID": "SDIRouteSection_108189677825_1650888582", "userLabel": "_Querung offen"}}, {"type": "Feature", "geometry": {"type": "LineString", "coordinates": [[14.292820449918509, 46.563206709306314], [14.292879961431026, 46.56322169313188]]}, "properties": {"fillColor": "#3B3B3B", "executionState": "Documented", "externalID": "SDIRouteSection_108189705985_1650888582", "userLabel": "_Pressung"}}, {"type": "Feature", "geometry": {"type": "LineString", "coordinates": [[14.29302987176925, 46.56479234969271], [14.293032512068748, 46.56478422408463]]}, "properties": {"fillColor": "#0D15FF", "executionState": "Documented", "externalID": "SDIRouteSection_108196677633_1650888582", "userLabel": "_Gemeindestrasse Asphalt"}}, {"type": "Feature", "geometry": {"type": "LineString", "coordinates": [[14.292914997786283, 46.56479064965424], [14.292889181524515, 46.56498814190269]]}, "properties": {"fillColor": "#3B3B3B", "executionState": "Documented", "externalID": "SDIRouteSection_108196942337_1650888582", "userLabel": "_Sp\u00fclbohrung"}}, {"type": "Feature", "geometry": {"type": "LineString", "coordinates": [[14.289922825992107, 46.56499620985201], [14.289959957823157, 46.564995979339216]]}, "properties": {"fillColor": "#1B7CBD", "executionState": "Documented", "externalID": "SDIRouteSection_108197978113_1650888582", "userLabel": "_Bankett"}}, {"type": "Feature", "geometry": {"type": "LineString", "coordinates": [[14.289352772757411, 46.564951086948525], [14.289378798566759, 46.56495561076619]]}, "properties": {"fillColor": "#1B7CBD", "executionState": "Documented", "externalID": "SDIRouteSection_108197980161_1650888582", "userLabel": "_Bankett"}}, {"type": "Feature", "geometry": {"type": "LineString", "coordinates": [[14.289922825992107, 46.56499620985201], [14.289921652525663, 46.56500266421065]]}, "properties": {"fillColor": "#3B3B3B", "executionState": "Documented", "externalID": "SDIRouteSection_108197986305_1650888582", "userLabel": "_Pressung"}}, {"type": "Feature", "geometry": {"type": "LineString", "coordinates": [[14.289352772757411, 46.564951086948525], [14.289359268732369, 46.56501027113231]]}, "properties": {"fillColor": "#3B3B3B", "executionState": "Documented", "externalID": "SDIRouteSection_108197993985_1650888582", "userLabel": "_Pressung"}}, {"type": "Feature", "geometry": {"type": "LineString", "coordinates": [[14.28592013195157, 46.5606902323546], [14.285924660856582, 46.560687984676164], [14.286066479613794, 46.560656387907265]]}, "properties": {"fillColor": "#FE0DFF", "executionState": "Documented", "externalID": "SDIRouteSection_108250217217_1703071814", "userLabel": "_Hausanschluss"}}, {"type": "Feature", "geometry": {"type": "LineString", "coordinates": [[14.28592013195157, 46.5606902323546], [14.285857351496816, 46.56070066388668]]}, "properties": {"fillColor": "#3B3B3B", "executionState": "Documented", "externalID": "SDIRouteSection_108256894209_1703071802", "userLabel": "_Pressung"}}, {"type": "Feature", "geometry": {"type": "LineString", "coordinates": [[14.285711757838726, 46.56030414899166], [14.285694658900622, 46.560307606868456], [14.285515355437145, 46.56046305386023]]}, "properties": {"fillColor": "#FE0DFF", "executionState": "Documented", "externalID": "SDIRouteSection_108258672129_1703071818", "userLabel": "_Hausanschluss"}}, {"type": "Feature", "geometry": {"type": "LineString", "coordinates": [[14.298314787447453, 46.55727849508327], [14.298309339210391, 46.55729924418449]]}, "properties": {"fillColor": "#1B7CBD", "executionState": "Documented", "externalID": "SDIRouteSection_108336703745_1650888583", "userLabel": "_Bankett"}}, {"type": "Feature", "geometry": {"type": "LineString", "coordinates": [[14.29817983880639, 46.55773232222546], [14.29817103780806, 46.557757105665985]]}, "properties": {"fillColor": "#0D15FF", "executionState": "Documented", "externalID": "SDIRouteSection_108336705793_1650888583", "userLabel": "_Gemeindestrasse Asphalt"}}, {"type": "Feature", "geometry": {"type": "LineString", "coordinates": [[14.29823256097734, 46.55753987554294], [14.298229543492198, 46.557550134772356]]}, "properties": {"fillColor": "#1B7CBD", "executionState": "Documented", "externalID": "SDIRouteSection_108336706817_1650888583", "userLabel": "_Bankett"}}, {"type": "Feature", "geometry": {"type": "LineString", "coordinates": [[14.29823256097734, 46.55753987554294], [14.298290312290192, 46.55754777169159]]}, "properties": {"fillColor": "#958CCF", "executionState": "Documented", "externalID": "SDIRouteSection_108336711169_1650888583", "userLabel": "_Querung offen"}}, {"type": "Feature", "geometry": {"type": "LineString", "coordinates": [[14.297707937657833, 46.55708719952332], [14.29773274809122, 46.55709215627127]]}, "properties": {"fillColor": "#1B7CBD", "executionState": "Documented", "externalID": "SDIRouteSection_108336736513_1650888583", "userLabel": "_Bankett"}}, {"type": "Feature", "geometry": {"type": "LineString", "coordinates": [[14.295970788225532, 46.55725578633556], [14.295986546203494, 46.5572528468777]]}, "properties": {"fillColor": "#0D15FF", "executionState": "Documented", "externalID": "SDIRouteSection_108336739073_1650888583", "userLabel": "_Gemeindestrasse Asphalt"}}, {"type": "Feature", "geometry": {"type": "LineString", "coordinates": [[14.29741779807955, 46.557031695442845], [14.297426221892238, 46.55703449082105]]}, "properties": {"fillColor": "#1B7CBD", "executionState": "Documented", "externalID": "SDIRouteSection_108336741377_1650888583", "userLabel": "_Bankett"}}, {"type": "Feature", "geometry": {"type": "LineString", "coordinates": [[14.297707937657833, 46.55708719952332], [14.29769117385149, 46.557118669101385]]}, "properties": {"fillColor": "#958CCF", "executionState": "Documented", "externalID": "SDIRouteSection_108336743681_1650888583", "userLabel": "_Querung offen"}}, {"type": "Feature", "geometry": {"type": "LineString", "coordinates": [[14.29741779807955, 46.557031695442845], [14.297418929636478, 46.557028179606135]]}, "properties": {"fillColor": "#958CCF", "executionState": "Documented", "externalID": "SDIRouteSection_108336745473_1650888583", "userLabel": "_Querung offen"}}, {"type": "Feature", "geometry": {"type": "LineString", "coordinates": [[14.297959059476852, 46.55598413893608], [14.29800532758236, 46.55596892256048]]}, "properties": {"fillColor": "#3B3B3B", "executionState": "Documented", "externalID": "SDIRouteSection_108336790017_1650888583", "userLabel": "_Pressung"}}, {"type": "Feature", "geometry": {"type": "LineString", "coordinates": [[14.297607941552997, 46.555783443821355], [14.297726461663842, 46.55583347357478]]}, "properties": {"fillColor": "#3B3B3B", "executionState": "Documented", "externalID": "SDIRouteSection_108336795905_1650888583", "userLabel": "_Pressung"}}, {"type": "Feature", "geometry": {"type": "LineString", "coordinates": [[14.296739911660552, 46.55534291486555], [14.296755334362388, 46.55535749739377]]}, "properties": {"fillColor": "#3B3B3B", "executionState": "Documented", "externalID": "SDIRouteSection_108336799745_1650888583", "userLabel": "_Pressung"}}, {"type": "Feature", "geometry": {"type": "LineString", "coordinates": [[14.297959059476852, 46.55598413893608], [14.29796140640974, 46.55599797200105]]}, "properties": {"fillColor": "#958CCF", "executionState": "Documented", "externalID": "SDIRouteSection_108336801281_1650888583", "userLabel": "_Querung offen"}}, {"type": "Feature", "geometry": {"type": "LineString", "coordinates": [[14.297607941552997, 46.555783443821355], [14.297606097534299, 46.55578730556667]]}, "properties": {"fillColor": "#958CCF", "executionState": "Documented", "externalID": "SDIRouteSection_108336806657_1650888583", "userLabel": "_Querung offen"}}, {"type": "Feature", "geometry": {"type": "LineString", "coordinates": [[14.296739911660552, 46.55534291486555], [14.29670269601047, 46.555378593060055]]}, "properties": {"fillColor": "#958CCF", "executionState": "Documented", "externalID": "SDIRouteSection_108336812033_1650888583", "userLabel": "_Querung offen"}}, {"type": "Feature", "geometry": {"type": "LineString", "coordinates": [[14.291630303487182, 46.55310545903066], [14.291603062301874, 46.55312557567859]]}, "properties": {"fillColor": "#1B7CBD", "executionState": "Documented", "externalID": "SDIRouteSection_108336975105_1650888583", "userLabel": "_Bankett"}}, {"type": "Feature", "geometry": {"type": "LineString", "coordinates": [[14.291954766958952, 46.552994961436184], [14.291934818029404, 46.55299646010093]]}, "properties": {"fillColor": "#0D15FF", "executionState": "Documented", "externalID": "SDIRouteSection_108336979969_1650888583", "userLabel": "_Gemeindestrasse Asphalt"}}, {"type": "Feature", "geometry": {"type": "LineString", "coordinates": [[14.292046967893839, 46.55298366380822], [14.292004220187664, 46.55298573888294]]}, "properties": {"fillColor": "#0D15FF", "executionState": "Documented", "externalID": "SDIRouteSection_108336980993_1650888583", "userLabel": "_Gemeindestrasse Asphalt"}}, {"type": "Feature", "geometry": {"type": "LineString", "coordinates": [[14.291954766958952, 46.552994961436184], [14.291936662048101, 46.55295011675619]]}, "properties": {"fillColor": "#958CCF", "executionState": "Documented", "externalID": "SDIRouteSection_108336983553_1650888583", "userLabel": "_Querung offen"}}, {"type": "Feature", "geometry": {"type": "LineString", "coordinates": [[14.291589064523578, 46.55316131297167], [14.2915896512568, 46.55317405158175]]}, "properties": {"fillColor": "#0D15FF", "executionState": "Documented", "externalID": "SDIRouteSection_108336998913_1650888583", "userLabel": "_Gemeindestrasse Asphalt"}}, {"type": "Feature", "geometry": {"type": "LineString", "coordinates": [[14.295410457998514, 46.5525990819269], [14.29544884711504, 46.552621907906]]}, "properties": {"fillColor": "#958CCF", "executionState": "Documented", "externalID": "SDIRouteSection_108337017089_1650888583", "userLabel": "_Querung offen"}}, {"type": "Feature", "geometry": {"type": "LineString", "coordinates": [[14.293115995824337, 46.55507166759847], [14.293117923662066, 46.555056450967015]]}, "properties": {"fillColor": "#0D15FF", "executionState": "Documented", "externalID": "SDIRouteSection_108338345729_1650888583", "userLabel": "_Gemeindestrasse Asphalt"}}, {"type": "Feature", "geometry": {"type": "LineString", "coordinates": [[14.29288356564939, 46.55551923062592], [14.292889097705483, 46.55551098835238]]}, "properties": {"fillColor": "#0D15FF", "executionState": "Documented", "externalID": "SDIRouteSection_108338348545_1650888583", "userLabel": "_Gemeindestrasse Asphalt"}}, {"type": "Feature", "geometry": {"type": "LineString", "coordinates": [[14.292683321982622, 46.55586655774121], [14.29270670749247, 46.55582580772847]]}, "properties": {"fillColor": "#0D15FF", "executionState": "Documented", "externalID": "SDIRouteSection_108338440705_1650888583", "userLabel": "_Gemeindestrasse Asphalt"}}, {"type": "Feature", "geometry": {"type": "LineString", "coordinates": [[14.292423650622368, 46.55639532528764], [14.29242616519332, 46.55639123303624]]}, "properties": {"fillColor": "#0D15FF", "executionState": "Documented", "externalID": "SDIRouteSection_108338442753_1650888583", "userLabel": "_Gemeindestrasse Asphalt"}}, {"type": "Feature", "geometry": {"type": "LineString", "coordinates": [[14.295045426115394, 46.55631768773321], [14.29506336338818, 46.55632180880886]]}, "properties": {"fillColor": "#0D15FF", "executionState": "Documented", "externalID": "SDIRouteSection_108338680065_1650888583", "userLabel": "_Gemeindestrasse Asphalt"}}, {"type": "Feature", "geometry": {"type": "LineString", "coordinates": [[14.294886253774166, 46.55627659223441], [14.29490846581757, 46.55628270180563]]}, "properties": {"fillColor": "#0D15FF", "executionState": "Documented", "externalID": "SDIRouteSection_108338681089_1650888583", "userLabel": "_Gemeindestrasse Asphalt"}}, {"type": "Feature", "geometry": {"type": "LineString", "coordinates": [[14.294133055955172, 46.556026848512886], [14.294161973521113, 46.556036387556816]]}, "properties": {"fillColor": "#0D15FF", "executionState": "Documented", "externalID": "SDIRouteSection_108338684929_1650888583", "userLabel": "_Gemeindestrasse Asphalt"}}, {"type": "Feature", "geometry": {"type": "LineString", "coordinates": [[14.294029707089067, 46.55599324570426], [14.29402886889875, 46.55599526302612]]}, "properties": {"fillColor": "#0D15FF", "executionState": "Documented", "externalID": "SDIRouteSection_108338709761_1650888583", "userLabel": "_Gemeindestrasse Asphalt"}}, {"type": "Feature", "geometry": {"type": "LineString", "coordinates": [[14.29517861455679, 46.55635382638596], [14.29518297181938, 46.5563509445166], [14.295626878738405, 46.55607532182454]]}, "properties": {"fillColor": "#FE0DFF", "executionState": "Documented", "externalID": "SDIRouteSection_108338710529_1650888583", "userLabel": "_Hausanschluss"}}, {"type": "Feature", "geometry": {"type": "LineString", "coordinates": [[14.295045426115394, 46.55631768773321], [14.295065626502037, 46.556275036022754]]}, "properties": {"fillColor": "#958CCF", "executionState": "Documented", "externalID": "SDIRouteSection_108338713857_1650888583", "userLabel": "_Querung offen"}}, {"type": "Feature", "geometry": {"type": "LineString", "coordinates": [[14.294886253774166, 46.55627659223441], [14.29488348774612, 46.556281376144]]}, "properties": {"fillColor": "#958CCF", "executionState": "Documented", "externalID": "SDIRouteSection_108338716417_1650888583", "userLabel": "_Querung offen"}}, {"type": "Feature", "geometry": {"type": "LineString", "coordinates": [[14.294133055955172, 46.556026848512886], [14.2941540107131, 46.55599413908968]]}, "properties": {"fillColor": "#958CCF", "executionState": "Documented", "externalID": "SDIRouteSection_108338722561_1650888583", "userLabel": "_Querung offen"}}, {"type": "Feature", "geometry": {"type": "LineString", "coordinates": [[14.29511809721589, 46.5577041382526], [14.295097477734089, 46.55771105456634]]}, "properties": {"fillColor": "#1B7CBD", "executionState": "Documented", "externalID": "SDIRouteSection_108338807553_1650888583", "userLabel": "_Bankett"}}, {"type": "Feature", "geometry": {"type": "LineString", "coordinates": [[14.295467287302017, 46.557252385786256], [14.295451194047928, 46.55727716944597]]}, "properties": {"fillColor": "#1B7CBD", "executionState": "Documented", "externalID": "SDIRouteSection_108338809601_1650888583", "userLabel": "_Bankett"}}, {"type": "Feature", "geometry": {"type": "LineString", "coordinates": [[14.295444153249264, 46.557295152001274], [14.295431077480316, 46.55732742836764]]}, "properties": {"fillColor": "#1B7CBD", "executionState": "Documented", "externalID": "SDIRouteSection_108338811905_1650888583", "userLabel": "_Bankett"}}, {"type": "Feature", "geometry": {"type": "LineString", "coordinates": [[14.29511809721589, 46.5577041382526], [14.295084904879332, 46.55766898031098]]}, "properties": {"fillColor": "#958CCF", "executionState": "Documented", "externalID": "SDIRouteSection_108338812673_1650888583", "userLabel": "_Querung offen"}}, {"type": "Feature", "geometry": {"type": "LineString", "coordinates": [[14.295444153249264, 46.557295152001274], [14.29539805278182, 46.557286045451576]]}, "properties": {"fillColor": "#958CCF", "executionState": "Documented", "externalID": "SDIRouteSection_108338814465_1650888583", "userLabel": "_Querung offen"}}, {"type": "Feature", "geometry": {"type": "LineString", "coordinates": [[14.290130194276571, 46.55894318178582], [14.290033970028162, 46.55887863095606]]}, "properties": {"fillColor": "#1B7CBD", "executionState": "Documented", "externalID": "SDIRouteSection_108338844673_1650888583", "userLabel": "_Bankett"}}, {"type": "Feature", "geometry": {"type": "LineString", "coordinates": [[14.290206469595432, 46.559018222028925], [14.290210995823145, 46.55900438973384]]}, "properties": {"fillColor": "#1B7CBD", "executionState": "Documented", "externalID": "SDIRouteSection_108338845697_1650888583", "userLabel": "_Bankett"}}, {"type": "Feature", "geometry": {"type": "LineString", "coordinates": [[14.289940930902958, 46.55883194682599], [14.289925172924995, 46.55882652915889]]}, "properties": {"fillColor": "#FE0DFF", "executionState": "Documented", "externalID": "SDIRouteSection_108338846465_1650888583", "userLabel": "_Hausanschluss"}}, {"type": "Feature", "geometry": {"type": "LineString", "coordinates": [[14.289940930902958, 46.55883194682599], [14.289979487657547, 46.558792178831595]]}, "properties": {"fillColor": "#FE0DFF", "executionState": "Documented", "externalID": "SDIRouteSection_108338847233_1650888583", "userLabel": "_Hausanschluss"}}, {"type": "Feature", "geometry": {"type": "LineString", "coordinates": [[14.290130194276571, 46.55894318178582], [14.290180653333664, 46.55890514291329]]}, "properties": {"fillColor": "#3B3B3B", "executionState": "Documented", "externalID": "SDIRouteSection_108338849025_1650888583", "userLabel": "_Pressung"}}, {"type": "Feature", "geometry": {"type": "LineString", "coordinates": [[14.286700319498777, 46.561291742338966], [14.286696296185255, 46.561265807869546]]}, "properties": {"fillColor": "#0D15FF", "executionState": "Documented", "externalID": "SDIRouteSection_108338892033_1650888583", "userLabel": "_Gemeindestrasse Asphalt"}}, {"type": "Feature", "geometry": {"type": "LineString", "coordinates": [[14.288924625143409, 46.55955099324376], [14.288875171914697, 46.559537333986555]]}, "properties": {"fillColor": "#1B7CBD", "executionState": "Documented", "externalID": "SDIRouteSection_108338951937_1650888583", "userLabel": "_Bankett"}}, {"type": "Feature", "geometry": {"type": "LineString", "coordinates": [[14.285873277112842, 46.560805440158305], [14.285871433094144, 46.560793452564354]]}, "properties": {"fillColor": "#0D15FF", "executionState": "Documented", "externalID": "SDIRouteSection_108338983169_1650888583", "userLabel": "_Gemeindestrasse Asphalt"}}, {"type": "Feature", "geometry": {"type": "LineString", "coordinates": [[14.285857351496816, 46.56070066388668], [14.285827931016684, 46.56060528157124]]}, "properties": {"fillColor": "#3B3B3B", "executionState": "Documented", "externalID": "SDIRouteSection_108338985217_1650888583", "userLabel": "_Pressung"}}, {"type": "Feature", "geometry": {"type": "LineString", "coordinates": [[14.285808568820357, 46.560811203423725], [14.285445045679808, 46.56083172064356]]}, "properties": {"fillColor": "#3B3B3B", "executionState": "Documented", "externalID": "SDIRouteSection_108339046657_1650888583", "userLabel": "_Sp\u00fclbohrung"}}, {"type": "Feature", "geometry": {"type": "LineString", "coordinates": [[14.285831116139889, 46.56080814889313], [14.285808568820357, 46.560811203423725]]}, "properties": {"fillColor": "#3B3B3B", "executionState": "Documented", "externalID": "SDIRouteSection_108339051265_1650888583", "userLabel": "_Sp\u00fclbohrung"}}, {"type": "Feature", "geometry": {"type": "LineString", "coordinates": [[14.287434741854668, 46.5645871921229], [14.287408841773868, 46.564618167507945]]}, "properties": {"fillColor": "#0D15FF", "executionState": "Documented", "externalID": "SDIRouteSection_108339631361_1650888583", "userLabel": "_Gemeindestrasse Asphalt"}}, {"type": "Feature", "geometry": {"type": "LineString", "coordinates": [[14.287715430837125, 46.56431728771693], [14.287680310662836, 46.56435551008897]]}, "properties": {"fillColor": "#0D15FF", "executionState": "Documented", "externalID": "SDIRouteSection_108339632641_1650888583", "userLabel": "_Gemeindestrasse Asphalt"}}, {"type": "Feature", "geometry": {"type": "LineString", "coordinates": [[14.287434741854668, 46.5645871921229], [14.287434741854668, 46.5645871921229]]}, "properties": {"fillColor": "#958CCF", "executionState": "Documented", "externalID": "SDIRouteSection_108339642881_1650888583", "userLabel": "_Querung offen"}}, {"type": "Feature", "geometry": {"type": "LineString", "coordinates": [[14.28962585516274, 46.56274952774689], [14.289596350863576, 46.56273875082513]]}, "properties": {"fillColor": "#0D15FF", "executionState": "Documented", "externalID": "SDIRouteSection_108339670273_1650888583", "userLabel": "_Gemeindestrasse Asphalt"}}, {"type": "Feature", "geometry": {"type": "LineString", "coordinates": [[14.28914395859465, 46.56258945854168], [14.289074535481632, 46.562568063117084]]}, "properties": {"fillColor": "#0D15FF", "executionState": "Documented", "externalID": "SDIRouteSection_108339673857_1650888583", "userLabel": "_Gemeindestrasse Asphalt"}}, {"type": "Feature", "geometry": {"type": "LineString", "coordinates": [[14.289761390537024, 46.56277194604252], [14.28975678049028, 46.562770851061686]]}, "properties": {"fillColor": "#0D15FF", "executionState": "Documented", "externalID": "SDIRouteSection_108339693825_1650888583", "userLabel": "_Gemeindestrasse Asphalt"}}, {"type": "Feature", "geometry": {"type": "LineString", "coordinates": [[14.290510900318623, 46.563080729747725], [14.290506206452847, 46.56308130605012]]}, "properties": {"fillColor": "#0D15FF", "executionState": "Documented", "externalID": "SDIRouteSection_108339696897_1650888583", "userLabel": "_Gemeindestrasse Asphalt"}}, {"type": "Feature", "geometry": {"type": "LineString", "coordinates": [[14.289761390537024, 46.56277194604252], [14.289778657257557, 46.562738866086335]]}, "properties": {"fillColor": "#958CCF", "executionState": "Documented", "externalID": "SDIRouteSection_108339699713_1650888583", "userLabel": "_Querung offen"}}, {"type": "Feature", "geometry": {"type": "LineString", "coordinates": [[14.289916958659887, 46.56377666806341], [14.289916958659887, 46.56380323525681]]}, "properties": {"fillColor": "#CC6E84", "executionState": "Documented", "externalID": "SDIRouteSection_108339738881_1650888583", "userLabel": "_Asphaltiert PrStr,IW"}}, {"type": "Feature", "geometry": {"type": "LineString", "coordinates": [[14.289906229823828, 46.56360844728971], [14.289909331128001, 46.563641065678524]]}, "properties": {"fillColor": "#CC6E84", "executionState": "Documented", "externalID": "SDIRouteSection_108339740673_1650888583", "userLabel": "_Asphaltiert PrStr,IW"}}, {"type": "Feature", "geometry": {"type": "LineString", "coordinates": [[14.289926178753376, 46.56410054489129], [14.289939925074577, 46.5641008906662]]}, "properties": {"fillColor": "#958CCF", "executionState": "Documented", "externalID": "SDIRouteSection_108339741697_1650888583", "userLabel": "_Querung offen"}}, {"type": "Feature", "geometry": {"type": "LineString", "coordinates": [[14.289916958659887, 46.56377666806341], [14.289931375533342, 46.56377390184733]]}, "properties": {"fillColor": "#958CCF", "executionState": "Documented", "externalID": "SDIRouteSection_108339747841_1650888583", "userLabel": "_Querung offen"}}, {"type": "Feature", "geometry": {"type": "LineString", "coordinates": [[14.289916958659887, 46.56377666806341], [14.28988292813301, 46.56377574599142]]}, "properties": {"fillColor": "#958CCF", "executionState": "Documented", "externalID": "SDIRouteSection_108339748865_1650888583", "userLabel": "_Querung offen"}}, {"type": "Feature", "geometry": {"type": "LineString", "coordinates": [[14.292689776048064, 46.56535442559354], [14.292594850994647, 46.565351054365664]]}, "properties": {"fillColor": "#3B3B3B", "executionState": "Documented", "externalID": "SDIRouteSection_108339784193_1650888583", "userLabel": "_Pressung"}}, {"type": "Feature", "geometry": {"type": "LineString", "coordinates": [[14.291197042912245, 46.56493927315532], [14.29128522053361, 46.564931550967145]]}, "properties": {"fillColor": "#0D15FF", "executionState": "Documented", "externalID": "SDIRouteSection_108340019969_1650888583", "userLabel": "_Gemeindestrasse Asphalt"}}, {"type": "Feature", "geometry": {"type": "LineString", "coordinates": [[14.29095740430057, 46.56441992473796], [14.291080785915256, 46.56443364039481]]}, "properties": {"fillColor": "#0D15FF", "executionState": "Documented", "externalID": "SDIRouteSection_108340048385_1650888583", "userLabel": "_Gemeindestrasse Asphalt"}}, {"type": "Feature", "geometry": {"type": "LineString", "coordinates": [[14.29054400883615, 46.56452988041036], [14.290548115417508, 46.5645008355374]]}, "properties": {"fillColor": "#0D15FF", "executionState": "Documented", "externalID": "SDIRouteSection_108340051201_1650888583", "userLabel": "_Gemeindestrasse Asphalt"}}, {"type": "Feature", "geometry": {"type": "LineString", "coordinates": [[14.29095740430057, 46.56441992473796], [14.290955895558, 46.56442528421775]]}, "properties": {"fillColor": "#958CCF", "executionState": "Documented", "externalID": "SDIRouteSection_108340054017_1650888583", "userLabel": "_Querung offen"}}, {"type": "Feature", "geometry": {"type": "LineString", "coordinates": [[14.293397376313806, 46.55353194189806], [14.29345378652215, 46.553484792044515]]}, "properties": {"fillColor": "#0D15FF", "executionState": "Documented", "externalID": "SDIRouteSection_108344800769_1650888583", "userLabel": "_Gemeindestrasse Asphalt"}}, {"type": "Feature", "geometry": {"type": "LineString", "coordinates": [[14.294860102236271, 46.55287518340364], [14.294876027852297, 46.55287403058199]]}, "properties": {"fillColor": "#0D15FF", "executionState": "Documented", "externalID": "SDIRouteSection_108344802817_1650888583", "userLabel": "_Gemeindestrasse Asphalt"}}, {"type": "Feature", "geometry": {"type": "LineString", "coordinates": [[14.294250654056668, 46.55302418539151], [14.294276889413595, 46.55301922827198]]}, "properties": {"fillColor": "#0D15FF", "executionState": "Documented", "externalID": "SDIRouteSection_108344804097_1650888583", "userLabel": "_Gemeindestrasse Asphalt"}}, {"type": "Feature", "geometry": {"type": "LineString", "coordinates": [[14.293669620528817, 46.55327417349446], [14.293690072372556, 46.553253826338874]]}, "properties": {"fillColor": "#0D15FF", "executionState": "Documented", "externalID": "SDIRouteSection_108344806145_1650888583", "userLabel": "_Gemeindestrasse Asphalt"}}, {"type": "Feature", "geometry": {"type": "LineString", "coordinates": [[14.294860102236271, 46.55287518340364], [14.294852390885353, 46.5528611189782]]}, "properties": {"fillColor": "#958CCF", "executionState": "Documented", "externalID": "SDIRouteSection_108346931457_1650888583", "userLabel": "_Querung offen"}}, {"type": "Feature", "geometry": {"type": "LineString", "coordinates": [[14.294250654056668, 46.55302418539151], [14.294270519167185, 46.55305750183422]]}, "properties": {"fillColor": "#958CCF", "executionState": "Documented", "externalID": "SDIRouteSection_108346933249_1650888583", "userLabel": "_Querung offen"}}, {"type": "Feature", "geometry": {"type": "LineString", "coordinates": [[14.29197907447815, 46.55265464818251], [14.292054008692503, 46.55263712522009]]}, "properties": {"fillColor": "#0D15FF", "executionState": "Documented", "externalID": "SDIRouteSection_108346956801_1650888583", "userLabel": "_Gemeindestrasse Asphalt"}}, {"type": "Feature", "geometry": {"type": "LineString", "coordinates": [[14.292054008692503, 46.55263712522009], [14.292097109156064, 46.552649229898684], [14.2924377, 46.5525837], [14.292574379756202, 46.552496872403744]]}, "properties": {"fillColor": "#FE0DFF", "executionState": "Documented", "externalID": "SDIRouteSection_108346958593_1650888583", "userLabel": "_Hausanschluss"}}, {"type": "Feature", "geometry": {"type": "LineString", "coordinates": [[14.296385440975428, 46.555136741705184], [14.296336155384779, 46.55512544452307]]}, "properties": {"fillColor": "#0D15FF", "executionState": "Documented", "externalID": "SDIRouteSection_108357155585_1650888583", "userLabel": "_Gemeindestrasse Asphalt"}}, {"type": "Feature", "geometry": {"type": "LineString", "coordinates": [[14.29656581953168, 46.55529617005496], [14.296653997153044, 46.55525968486657]]}, "properties": {"fillColor": "#1B7CBD", "executionState": "Documented", "externalID": "SDIRouteSection_108357157121_1650888583", "userLabel": "_Bankett"}}, {"type": "Feature", "geometry": {"type": "LineString", "coordinates": [[14.294893462210894, 46.55705780484601], [14.29491626098752, 46.55707313618953]]}, "properties": {"fillColor": "#1B7CBD", "executionState": "Documented", "externalID": "SDIRouteSection_108357181441_1650888583", "userLabel": "_Bankett"}}, {"type": "Feature", "geometry": {"type": "LineString", "coordinates": [[14.29457863792777, 46.55682794944781], [14.294620547443628, 46.55686368430281]]}, "properties": {"fillColor": "#0D15FF", "executionState": "Documented", "externalID": "SDIRouteSection_108357185793_1650888583", "userLabel": "_Gemeindestrasse Asphalt"}}, {"type": "Feature", "geometry": {"type": "LineString", "coordinates": [[14.294893462210894, 46.55705780484601], [14.294871836900711, 46.557074980561396]]}, "properties": {"fillColor": "#958CCF", "executionState": "Documented", "externalID": "SDIRouteSection_108357186561_1650888583", "userLabel": "_Querung offen"}}, {"type": "Feature", "geometry": {"type": "LineString", "coordinates": [[14.295978834852576, 46.558228738144976], [14.295977242290974, 46.55822355095927]]}, "properties": {"fillColor": "#1B7CBD", "executionState": "Documented", "externalID": "SDIRouteSection_108357218305_1650888583", "userLabel": "_Bankett"}}, {"type": "Feature", "geometry": {"type": "LineString", "coordinates": [[14.294217880815268, 46.55804787797709], [14.294248726218939, 46.55803508287548]]}, "properties": {"fillColor": "#1B7CBD", "executionState": "Documented", "externalID": "SDIRouteSection_108366690305_1650888583", "userLabel": "_Bankett"}}, {"type": "Feature", "geometry": {"type": "LineString", "coordinates": [[14.293812280520797, 46.55795427770448], [14.293826948851347, 46.55797099205074]]}, "properties": {"fillColor": "#1B7CBD", "executionState": "Documented", "externalID": "SDIRouteSection_108366691841_1650888583", "userLabel": "_Bankett"}}, {"type": "Feature", "geometry": {"type": "LineString", "coordinates": [[14.294930510222912, 46.55776880575141], [14.29490452632308, 46.557734454754524]]}, "properties": {"fillColor": "#958CCF", "executionState": "Documented", "externalID": "SDIRouteSection_108366752257_1650888583", "userLabel": "_Querung offen"}}, {"type": "Feature", "geometry": {"type": "LineString", "coordinates": [[14.294217880815268, 46.55804787797709], [14.29418670013547, 46.55801225917318]]}, "properties": {"fillColor": "#958CCF", "executionState": "Documented", "externalID": "SDIRouteSection_108366755841_1650888583", "userLabel": "_Querung offen"}}, {"type": "Feature", "geometry": {"type": "LineString", "coordinates": [[14.292450807988644, 46.55712685349414], [14.292886164039373, 46.55691561507439]]}, "properties": {"fillColor": "#1B7CBD", "executionState": "Documented", "externalID": "SDIRouteSection_108367123201_1650888583", "userLabel": "_Bankett"}}, {"type": "Feature", "geometry": {"type": "LineString", "coordinates": [[14.29176265373826, 46.557299647639184], [14.29178075864911, 46.55731866764151]]}, "properties": {"fillColor": "#0D15FF", "executionState": "Documented", "externalID": "SDIRouteSection_108367124737_1650888583", "userLabel": "_Gemeindestrasse Asphalt"}}, {"type": "Feature", "geometry": {"type": "LineString", "coordinates": [[14.292450807988644, 46.55712685349414], [14.292445443570614, 46.55712045583513]]}, "properties": {"fillColor": "#958CCF", "executionState": "Documented", "externalID": "SDIRouteSection_108367140353_1650888583", "userLabel": "_Querung offen"}}, {"type": "Feature", "geometry": {"type": "LineString", "coordinates": [[14.298129547387362, 46.5560129578175], [14.298165086656809, 46.555997280347896]]}, "properties": {"fillColor": "#3B3B3B", "executionState": "Documented", "externalID": "SDIRouteSection_108370668033_1650888583", "userLabel": "_Pressung"}}, {"type": "Feature", "geometry": {"type": "LineString", "coordinates": [[14.290940053761005, 46.564961344776606], [14.290751712396741, 46.564972178885114]]}, "properties": {"fillColor": "#0D15FF", "executionState": "Documented", "externalID": "SDIRouteSection_108370828289_1650888583", "userLabel": "_Gemeindestrasse Asphalt"}}, {"type": "Feature", "geometry": {"type": "LineString", "coordinates": [[14.291197042912245, 46.56493927315532], [14.29110542871058, 46.564946246175026]]}, "properties": {"fillColor": "#0D15FF", "executionState": "Documented", "externalID": "SDIRouteSection_108370830337_1650888583", "userLabel": "_Gemeindestrasse Asphalt"}}, {"type": "Feature", "geometry": {"type": "LineString", "coordinates": [[14.290940053761005, 46.564961344776606], [14.290932090952992, 46.564907750484736]]}, "properties": {"fillColor": "#3B3B3B", "executionState": "Documented", "externalID": "SDIRouteSection_108370839553_1650888583", "userLabel": "_Pressung"}}, {"type": "Feature", "geometry": {"type": "LineString", "coordinates": [[14.293812280520797, 46.55795427770448], [14.293766263872385, 46.55797318220607]]}, "properties": {"fillColor": "#3B3B3B", "executionState": "Documented", "externalID": "SDIRouteSection_108374801921_1650888583", "userLabel": "_Pressung"}}, {"type": "Feature", "geometry": {"type": "LineString", "coordinates": [[14.293565601087918, 46.55802712917056], [14.29355755460072, 46.55803081793607], [14.293465688940842, 46.55798701485915]]}, "properties": {"fillColor": "#FE0DFF", "executionState": "Documented", "externalID": "SDIRouteSection_108374803713_1650888583", "userLabel": "_Hausanschluss"}}, {"type": "Feature", "geometry": {"type": "LineString", "coordinates": [[14.296756088733673, 46.5587652057406], [14.296765769831836, 46.55877079631824]]}, "properties": {"fillColor": "#1B7CBD", "executionState": "Documented", "externalID": "SDIRouteSection_108374834689_1650888583", "userLabel": "_Gr\u00fcnfl\u00e4che"}}, {"type": "Feature", "geometry": {"type": "LineString", "coordinates": [[14.296529442071915, 46.55862400023756], [14.296756088733673, 46.5587652057406]]}, "properties": {"fillColor": "#1B7CBD", "executionState": "Documented", "externalID": "SDIRouteSection_108374838785_1650888583", "userLabel": "_Gr\u00fcnfl\u00e4che"}}, {"type": "Feature", "geometry": {"type": "LineString", "coordinates": [[14.296756088733673, 46.5587652057406], [14.296772475354373, 46.558756329976944]]}, "properties": {"fillColor": "#3B3B3B", "executionState": "Documented", "externalID": "SDIRouteSection_108374840577_1650888583", "userLabel": "_Pressung"}}, {"type": "Feature", "geometry": {"type": "LineString", "coordinates": [[14.296529442071915, 46.55862400023756], [14.296490885317326, 46.55865915756041]]}, "properties": {"fillColor": "#3B3B3B", "executionState": "Documented", "externalID": "SDIRouteSection_108374849793_1650888583", "userLabel": "_Pressung"}}, {"type": "Feature", "geometry": {"type": "LineString", "coordinates": [[14.287912028376013, 46.56431006969342], [14.287935979664326, 46.564310314616364]]}, "properties": {"fillColor": "#0D15FF", "executionState": "Documented", "externalID": "SDIRouteSection_108379040001_1650888583", "userLabel": "_Gemeindestrasse Asphalt"}}, {"type": "Feature", "geometry": {"type": "LineString", "coordinates": [[14.287715430837125, 46.56431728771693], [14.287735295947641, 46.564307649278106]]}, "properties": {"fillColor": "#0D15FF", "executionState": "Documented", "externalID": "SDIRouteSection_108379042049_1650888583", "userLabel": "_Gemeindestrasse Asphalt"}}, {"type": "Feature", "geometry": {"type": "LineString", "coordinates": [[14.291098220273852, 46.563578364588665], [14.291044995188713, 46.5635335286546]]}, "properties": {"fillColor": "#0D15FF", "executionState": "Documented", "externalID": "SDIRouteSection_108379066369_1650888583", "userLabel": "_Gemeindestrasse Asphalt"}}, {"type": "Feature", "geometry": {"type": "LineString", "coordinates": [[14.290791191160679, 46.563308368718566], [14.290773589164019, 46.563295056187314]]}, "properties": {"fillColor": "#0D15FF", "executionState": "Documented", "externalID": "SDIRouteSection_108379068673_1650888583", "userLabel": "_Gemeindestrasse Asphalt"}}, {"type": "Feature", "geometry": {"type": "LineString", "coordinates": [[14.29085380397737, 46.56335931361309], [14.29084843955934, 46.5633556829265]]}, "properties": {"fillColor": "#0D15FF", "executionState": "Documented", "externalID": "SDIRouteSection_108379069697_1650888583", "userLabel": "_Gemeindestrasse Asphalt"}}, {"type": "Feature", "geometry": {"type": "LineString", "coordinates": [[14.29085380397737, 46.56335931361309], [14.290849529206753, 46.56336207985035]]}, "properties": {"fillColor": "#958CCF", "executionState": "Documented", "externalID": "SDIRouteSection_108379074049_1650888583", "userLabel": "_Querung offen"}}, {"type": "Feature", "geometry": {"type": "LineString", "coordinates": [[14.28976709023118, 46.56335337772853], [14.28981201723218, 46.56344201251997]]}, "properties": {"fillColor": "#0D15FF", "executionState": "Documented", "externalID": "SDIRouteSection_108379090177_1650888583", "userLabel": "_Gemeindestrasse Asphalt"}}, {"type": "Feature", "geometry": {"type": "LineString", "coordinates": [[14.289709506556392, 46.56324647406507], [14.28976709023118, 46.56335337772853]]}, "properties": {"fillColor": "#0D15FF", "executionState": "Documented", "externalID": "SDIRouteSection_108379092225_1650888583", "userLabel": "_Gemeindestrasse Asphalt"}}, {"type": "Feature", "geometry": {"type": "LineString", "coordinates": [[14.28976709023118, 46.56335337772853], [14.289786703884602, 46.56334957415169]]}, "properties": {"fillColor": "#958CCF", "executionState": "Documented", "externalID": "SDIRouteSection_108379094017_1650888583", "userLabel": "_Querung offen"}}, {"type": "Feature", "geometry": {"type": "LineString", "coordinates": [[14.291075337678194, 46.5636857862645], [14.291076678782701, 46.563630288933865]]}, "properties": {"fillColor": "#0D15FF", "executionState": "Documented", "externalID": "SDIRouteSection_108379115265_1650888583", "userLabel": "_Gemeindestrasse Asphalt"}}, {"type": "Feature", "geometry": {"type": "LineString", "coordinates": [[14.291080785915256, 46.56443364039481], [14.291081288829446, 46.5643941070216]]}, "properties": {"fillColor": "#0D15FF", "executionState": "Documented", "externalID": "SDIRouteSection_108379117569_1650888583", "userLabel": "_Gemeindestrasse Asphalt"}}, {"type": "Feature", "geometry": {"type": "LineString", "coordinates": [[14.291075337678194, 46.5636857862645], [14.291008869186044, 46.56368693885642]]}, "properties": {"fillColor": "#958CCF", "executionState": "Documented", "externalID": "SDIRouteSection_108379119361_1650888583", "userLabel": "_Querung offen"}}, {"type": "Feature", "geometry": {"type": "LineString", "coordinates": [[14.291503904387355, 46.56569892363618], [14.291502411654896, 46.56570347298673], [14.291485296562314, 46.56577009350113]]}, "properties": {"fillColor": "#1B7CBD", "executionState": "Documented", "externalID": "SDIRouteSection_108379374849_1650888583", "userLabel": "_Bankett"}}, {"type": "Feature", "geometry": {"type": "LineString", "coordinates": [[14.291378762573004, 46.564480089190084], [14.291383624076843, 46.5645422129509]]}, "properties": {"fillColor": "#0D15FF", "executionState": "Documented", "externalID": "SDIRouteSection_108379432705_1650888583", "userLabel": "_Gemeindestrasse Asphalt"}}, {"type": "Feature", "geometry": {"type": "LineString", "coordinates": [[14.291569869965315, 46.56527662797433], [14.291582023724914, 46.565231793443814]]}, "properties": {"fillColor": "#1B7CBD", "executionState": "Documented", "externalID": "SDIRouteSection_108379455489_1650888583", "userLabel": "_Bankett"}}, {"type": "Feature", "geometry": {"type": "LineString", "coordinates": [[14.291504826396704, 46.56550177974134], [14.291520207189023, 46.565468557380456]]}, "properties": {"fillColor": "#0D15FF", "executionState": "Documented", "externalID": "SDIRouteSection_108379457537_1650888583", "userLabel": "_Gemeindestrasse Asphalt"}}, {"type": "Feature", "geometry": {"type": "LineString", "coordinates": [[14.291569869965315, 46.56527662797433], [14.291624100878835, 46.56528233313685]]}, "properties": {"fillColor": "#3B3B3B", "executionState": "Documented", "externalID": "SDIRouteSection_108379468033_1650888583", "userLabel": "_Pressung"}}, {"type": "Feature", "geometry": {"type": "LineString", "coordinates": [[14.290524395182729, 46.56515872114758], [14.290513247388004, 46.56515641597237], [14.290341577236719, 46.56522516450935]]}, "properties": {"fillColor": "#FE0DFF", "executionState": "Documented", "externalID": "SDIRouteSection_108379497217_1650888583", "userLabel": "_Hausanschluss"}}, {"type": "Feature", "geometry": {"type": "LineString", "coordinates": [[14.291589064523578, 46.55316131297167], [14.291603397578001, 46.55319791485232]]}, "properties": {"fillColor": "#1B7CBD", "executionState": "Documented", "externalID": "SDIRouteSection_108380158977_1650888583", "userLabel": "_Bankett"}}, {"type": "Feature", "geometry": {"type": "LineString", "coordinates": [[14.291686043143272, 46.55336172958101], [14.291699454188347, 46.55338795603106]]}, "properties": {"fillColor": "#1B7CBD", "executionState": "Documented", "externalID": "SDIRouteSection_108382527233_1650888583", "userLabel": "_Bankett"}}, {"type": "Feature", "geometry": {"type": "LineString", "coordinates": [[14.292035903781652, 46.55392620068366], [14.291987121105194, 46.55394925666434]]}, "properties": {"fillColor": "#3B3B3B", "executionState": "Documented", "externalID": "SDIRouteSection_108382853889_1650888583", "userLabel": "_Pressung"}}, {"type": "Feature", "geometry": {"type": "LineString", "coordinates": [[14.291686043143272, 46.55336172958101], [14.291627369821072, 46.55337700432818]]}, "properties": {"fillColor": "#3B3B3B", "executionState": "Documented", "externalID": "SDIRouteSection_108382855681_1650888583", "userLabel": "_Pressung"}}, {"type": "Feature", "geometry": {"type": "LineString", "coordinates": [[14.29197907447815, 46.55265464818251], [14.291972033679485, 46.55264335048369]]}, "properties": {"fillColor": "#0D15FF", "executionState": "Documented", "externalID": "SDIRouteSection_108382892033_1650888583", "userLabel": "_Gemeindestrasse Asphalt"}}, {"type": "Feature", "geometry": {"type": "LineString", "coordinates": [[14.291914701461792, 46.55251838394403], [14.291903972625734, 46.5525118128173], [14.291661572697594, 46.55249550485019]]}, "properties": {"fillColor": "#FE0DFF", "executionState": "Documented", "externalID": "SDIRouteSection_108382892801_1650888583", "userLabel": "_Hausanschluss"}}, {"type": "Feature", "geometry": {"type": "LineString", "coordinates": [[14.29406113922596, 46.551975168113984], [14.294057786464691, 46.55196075760304]]}, "properties": {"fillColor": "#0D15FF", "executionState": "Documented", "externalID": "SDIRouteSection_108383552513_1650888583", "userLabel": "_Gemeindestrasse Asphalt"}}, {"type": "Feature", "geometry": {"type": "LineString", "coordinates": [[14.294216120615602, 46.55203281011953], [14.294191813096404, 46.552023472118776]]}, "properties": {"fillColor": "#0D15FF", "executionState": "Documented", "externalID": "SDIRouteSection_108383702785_1650888583", "userLabel": "_Gemeindestrasse Asphalt"}}, {"type": "Feature", "geometry": {"type": "LineString", "coordinates": [[14.294375125318766, 46.5520907402734], [14.294216120615602, 46.55203281011953]]}, "properties": {"fillColor": "#0D15FF", "executionState": "Documented", "externalID": "SDIRouteSection_108383704833_1650888583", "userLabel": "_Gemeindestrasse Asphalt"}}, {"type": "Feature", "geometry": {"type": "LineString", "coordinates": [[14.294640747830272, 46.55219121003546], [14.294621385633945, 46.55218388952548]]}, "properties": {"fillColor": "#0D15FF", "executionState": "Documented", "externalID": "SDIRouteSection_108383705857_1650888583", "userLabel": "_Gemeindestrasse Asphalt"}}, {"type": "Feature", "geometry": {"type": "LineString", "coordinates": [[14.294728757813573, 46.55222591039197], [14.294640747830272, 46.55219121003546]]}, "properties": {"fillColor": "#0D15FF", "executionState": "Documented", "externalID": "SDIRouteSection_108383706881_1650888583", "userLabel": "_Gemeindestrasse Asphalt"}}, {"type": "Feature", "geometry": {"type": "LineString", "coordinates": [[14.2950174305588, 46.552339695126335], [14.294949788600206, 46.5523135258114]]}, "properties": {"fillColor": "#0D15FF", "executionState": "Documented", "externalID": "SDIRouteSection_108383710721_1650888583", "userLabel": "_Gemeindestrasse Asphalt"}}, {"type": "Feature", "geometry": {"type": "LineString", "coordinates": [[14.295410457998514, 46.5525990819269], [14.295424371957779, 46.552586285540485]]}, "properties": {"fillColor": "#0D15FF", "executionState": "Documented", "externalID": "SDIRouteSection_108383712513_1650888583", "userLabel": "_Gemeindestrasse Asphalt"}}, {"type": "Feature", "geometry": {"type": "LineString", "coordinates": [[14.294017972424626, 46.55187025950681], [14.29400146007538, 46.551861152046754], [14.293906201025809, 46.55185601712507]]}, "properties": {"fillColor": "#FE0DFF", "executionState": "Documented", "externalID": "SDIRouteSection_108383713281_1650888583", "userLabel": "_Hausanschluss"}}, {"type": "Feature", "geometry": {"type": "LineString", "coordinates": [[14.294017972424626, 46.55187025950681], [14.293897524476051, 46.55196951919416], [14.293785542306075, 46.55195660734318]]}, "properties": {"fillColor": "#FE0DFF", "executionState": "Documented", "externalID": "SDIRouteSection_108383714049_1650888583", "userLabel": "_Hausanschluss"}}, {"type": "Feature", "geometry": {"type": "LineString", "coordinates": [[14.29406113922596, 46.551975168113984], [14.294019481167197, 46.55201776556197]]}, "properties": {"fillColor": "#958CCF", "executionState": "Documented", "externalID": "SDIRouteSection_108383717121_1650888583", "userLabel": "_Querung offen"}}, {"type": "Feature", "geometry": {"type": "LineString", "coordinates": [[14.294375125318766, 46.5520907402734], [14.294355679303408, 46.552114373452724]]}, "properties": {"fillColor": "#958CCF", "executionState": "Documented", "externalID": "SDIRouteSection_108383722497_1650888583", "userLabel": "_Querung offen"}}, {"type": "Feature", "geometry": {"type": "LineString", "coordinates": [[14.294640747830272, 46.55219121003546], [14.294654577970505, 46.55217213059407]]}, "properties": {"fillColor": "#958CCF", "executionState": "Documented", "externalID": "SDIRouteSection_108383724289_1650888583", "userLabel": "_Querung offen"}}, {"type": "Feature", "geometry": {"type": "LineString", "coordinates": [[14.294728757813573, 46.55222591039197], [14.29471249692142, 46.55224522038142]]}, "properties": {"fillColor": "#958CCF", "executionState": "Documented", "externalID": "SDIRouteSection_108383774209_1650888583", "userLabel": "_Querung offen"}}, {"type": "Feature", "geometry": {"type": "LineString", "coordinates": [[14.2950174305588, 46.552339695126335], [14.295027907937765, 46.552328051512006]]}, "properties": {"fillColor": "#958CCF", "executionState": "Documented", "externalID": "SDIRouteSection_108383781889_1650888583", "userLabel": "_Querung offen"}}, {"type": "Feature", "geometry": {"type": "LineString", "coordinates": [[14.288924625143409, 46.55955099324376], [14.288902832195163, 46.55954701649836]]}, "properties": {"fillColor": "#0D15FF", "executionState": "Documented", "externalID": "SDIRouteSection_108387518465_1650888583", "userLabel": "_Gemeindestrasse Asphalt"}}, {"type": "Feature", "geometry": {"type": "LineString", "coordinates": [[14.293902553617954, 46.56114362753581], [14.293941110372543, 46.561096138501625]]}, "properties": {"fillColor": "#3B3B3B", "executionState": "Documented", "externalID": "SDIRouteSection_108387538177_1650888583", "userLabel": "_Sp\u00fclbohrung"}}, {"type": "Feature", "geometry": {"type": "LineString", "coordinates": [[14.290874507278204, 46.562089480562435], [14.290876016020775, 46.562078991666084]]}, "properties": {"fillColor": "#0D15FF", "executionState": "Documented", "externalID": "SDIRouteSection_108387598593_1650888583", "userLabel": "_Gemeindestrasse Asphalt"}}, {"type": "Feature", "geometry": {"type": "LineString", "coordinates": [[14.290796555578709, 46.56252528665024], [14.290800578892231, 46.56251203155773]]}, "properties": {"fillColor": "#0D15FF", "executionState": "Documented", "externalID": "SDIRouteSection_108387601409_1650888583", "userLabel": "_Gemeindestrasse Asphalt"}}, {"type": "Feature", "geometry": {"type": "LineString", "coordinates": [[14.290510900318623, 46.563080729747725], [14.290553061291575, 46.56305133831731]]}, "properties": {"fillColor": "#0D15FF", "executionState": "Documented", "externalID": "SDIRouteSection_108387602689_1650888583", "userLabel": "_Gemeindestrasse Asphalt"}}, {"type": "Feature", "geometry": {"type": "LineString", "coordinates": [[14.287315718829632, 46.56142164502805], [14.287161156535149, 46.56140009065487]]}, "properties": {"fillColor": "#0D15FF", "executionState": "Documented", "externalID": "SDIRouteSection_108387639809_1650888583", "userLabel": "_Gemeindestrasse Asphalt"}}, {"type": "Feature", "geometry": {"type": "LineString", "coordinates": [[14.287866912782192, 46.56151420194507], [14.287760546430945, 46.5614910915466]]}, "properties": {"fillColor": "#0D15FF", "executionState": "Documented", "externalID": "SDIRouteSection_108387651329_1650888583", "userLabel": "_Gemeindestrasse Asphalt"}}, {"type": "Feature", "geometry": {"type": "LineString", "coordinates": [[14.288570322096348, 46.56210043050703], [14.288542494177818, 46.56204239577556]]}, "properties": {"fillColor": "#0D15FF", "executionState": "Documented", "externalID": "SDIRouteSection_108387660545_1650888583", "userLabel": "_Gemeindestrasse Asphalt"}}, {"type": "Feature", "geometry": {"type": "LineString", "coordinates": [[14.288677610456944, 46.562342711873214], [14.288675682619214, 46.56233349090857]]}, "properties": {"fillColor": "#0D15FF", "executionState": "Documented", "externalID": "SDIRouteSection_108387661825_1650888583", "userLabel": "_Gemeindestrasse Asphalt"}}, {"type": "Feature", "geometry": {"type": "LineString", "coordinates": [[14.287866912782192, 46.56151420194507], [14.287886023521423, 46.561483772291155]]}, "properties": {"fillColor": "#958CCF", "executionState": "Documented", "externalID": "SDIRouteSection_108387665665_1650888583", "userLabel": "_Querung offen"}}, {"type": "Feature", "geometry": {"type": "LineString", "coordinates": [[14.288570322096348, 46.56210043050703], [14.288618266582489, 46.56208901951209]]}, "properties": {"fillColor": "#958CCF", "executionState": "Documented", "externalID": "SDIRouteSection_108387667457_1650888583", "userLabel": "_Querung offen"}}, {"type": "Feature", "geometry": {"type": "LineString", "coordinates": [[14.28853863850236, 46.55965554120007], [14.288578201085329, 46.5596436686198]]}, "properties": {"fillColor": "#0D15FF", "executionState": "Documented", "externalID": "SDIRouteSection_108388124417_1650888583", "userLabel": "_Gemeindestrasse Asphalt"}}, {"type": "Feature", "geometry": {"type": "LineString", "coordinates": [[14.287534318864346, 46.56026818586949], [14.287551753222942, 46.560236487585]]}, "properties": {"fillColor": "#0D15FF", "executionState": "Documented", "externalID": "SDIRouteSection_108388134401_1650888583", "userLabel": "_Gemeindestrasse Asphalt"}}, {"type": "Feature", "geometry": {"type": "LineString", "coordinates": [[14.288295060396194, 46.55973011938755], [14.288322050124407, 46.559721935387444]]}, "properties": {"fillColor": "#0D15FF", "executionState": "Documented", "externalID": "SDIRouteSection_108388140033_1650888583", "userLabel": "_Gemeindestrasse Asphalt"}}, {"type": "Feature", "geometry": {"type": "LineString", "coordinates": [[14.288167655467987, 46.55977161570715], [14.288229010999203, 46.55974821639751]]}, "properties": {"fillColor": "#0D15FF", "executionState": "Documented", "externalID": "SDIRouteSection_108388141569_1650888583", "userLabel": "_Gemeindestrasse Asphalt"}}, {"type": "Feature", "geometry": {"type": "LineString", "coordinates": [[14.287802875041962, 46.55998935559734], [14.287914857268333, 46.559912530055584]]}, "properties": {"fillColor": "#0D15FF", "executionState": "Documented", "externalID": "SDIRouteSection_108388142849_1650888583", "userLabel": "_Gemeindestrasse Asphalt"}}, {"type": "Feature", "geometry": {"type": "LineString", "coordinates": [[14.287551753222942, 46.560236487585], [14.28758192807436, 46.56018807562384]]}, "properties": {"fillColor": "#0D15FF", "executionState": "Documented", "externalID": "SDIRouteSection_108388143873_1650888583", "userLabel": "_Gemeindestrasse Asphalt"}}, {"type": "Feature", "geometry": {"type": "LineString", "coordinates": [[14.28853863850236, 46.55965554120007], [14.288569567725062, 46.55970718113059]]}, "properties": {"fillColor": "#3B3B3B", "executionState": "Documented", "externalID": "SDIRouteSection_108388148481_1650888583", "userLabel": "_Pressung"}}, {"type": "Feature", "geometry": {"type": "LineString", "coordinates": [[14.288295060396194, 46.55973011938755], [14.28828801959753, 46.5597215895846]]}, "properties": {"fillColor": "#958CCF", "executionState": "Documented", "externalID": "SDIRouteSection_108388150273_1650888583", "userLabel": "_Querung offen"}}, {"type": "Feature", "geometry": {"type": "LineString", "coordinates": [[14.288167655467987, 46.55977161570715], [14.288212079554796, 46.559826137212156]]}, "properties": {"fillColor": "#3B3B3B", "executionState": "Documented", "externalID": "SDIRouteSection_108388152065_1650888583", "userLabel": "_Pressung"}}, {"type": "Feature", "geometry": {"type": "LineString", "coordinates": [[14.296872848644853, 46.55785116736507], [14.29683513008058, 46.55781572133952]]}, "properties": {"fillColor": "#3B3B3B", "executionState": "Documented", "externalID": "SDIRouteSection_108390367489_1650888583", "userLabel": "_Pressung"}}, {"type": "Feature", "geometry": {"type": "LineString", "coordinates": [[14.29732907563448, 46.55835928215541], [14.297309797257185, 46.5583445851633]]}, "properties": {"fillColor": "#1B7CBD", "executionState": "Documented", "externalID": "SDIRouteSection_108391805441_1650888583", "userLabel": "_Bankett"}}, {"type": "Feature", "geometry": {"type": "LineString", "coordinates": [[14.297462264075875, 46.558454841324675], [14.297439213842154, 46.55844406354984]]}, "properties": {"fillColor": "#1B7CBD", "executionState": "Documented", "externalID": "SDIRouteSection_108391807489_1650888583", "userLabel": "_Bankett"}}, {"type": "Feature", "geometry": {"type": "LineString", "coordinates": [[14.296773187816143, 46.55775589531217], [14.296769491333784, 46.55773987253065], [14.296612590610012, 46.55765872109648]]}, "properties": {"fillColor": "#FE0DFF", "executionState": "Documented", "externalID": "SDIRouteSection_108391808257_1650888583", "userLabel": "_Hausanschluss"}}, {"type": "Feature", "geometry": {"type": "LineString", "coordinates": [[14.29732907563448, 46.55835928215541], [14.297297978773713, 46.55838884903338]]}, "properties": {"fillColor": "#958CCF", "executionState": "Documented", "externalID": "SDIRouteSection_108391855105_1650888583", "userLabel": "_Querung offen"}}, {"type": "Feature", "geometry": {"type": "LineString", "coordinates": [[14.295885544270277, 46.55437383079766], [14.295931225642562, 46.55423860838911]]}, "properties": {"fillColor": "#1B7CBD", "executionState": "Documented", "externalID": "SDIRouteSection_108391965697_1650888583", "userLabel": "_Bankett"}}, {"type": "Feature", "geometry": {"type": "LineString", "coordinates": [[14.295821338891983, 46.55495644762024], [14.295808095484972, 46.55491356428422]]}, "properties": {"fillColor": "#0D15FF", "executionState": "Documented", "externalID": "SDIRouteSection_108391968513_1650888583", "userLabel": "_Gemeindestrasse Asphalt"}}, {"type": "Feature", "geometry": {"type": "LineString", "coordinates": [[14.295885544270277, 46.55437383079766], [14.29590524174273, 46.554376021098165]]}, "properties": {"fillColor": "#958CCF", "executionState": "Documented", "externalID": "SDIRouteSection_108391970305_1650888583", "userLabel": "_Querung offen"}}, {"type": "Feature", "geometry": {"type": "LineString", "coordinates": [[14.292997140437365, 46.55349447563637], [14.29299060255289, 46.55348559901057]]}, "properties": {"fillColor": "#0D15FF", "executionState": "Documented", "externalID": "SDIRouteSection_108392292865_1650888583", "userLabel": "_Gemeindestrasse Asphalt"}}, {"type": "Feature", "geometry": {"type": "LineString", "coordinates": [[14.293281119316816, 46.55369022215814], [14.293194031342864, 46.55365558037812]]}, "properties": {"fillColor": "#0D15FF", "executionState": "Documented", "externalID": "SDIRouteSection_108392295937_1650888583", "userLabel": "_Gemeindestrasse Asphalt"}}, {"type": "Feature", "geometry": {"type": "LineString", "coordinates": [[14.292997140437365, 46.55349447563637], [14.293032847344875, 46.55347533901272]]}, "properties": {"fillColor": "#958CCF", "executionState": "Documented", "externalID": "SDIRouteSection_108392298241_1650888583", "userLabel": "_Querung offen"}}, {"type": "Feature", "geometry": {"type": "LineString", "coordinates": [[14.294781144708395, 46.554663641372116], [14.294733200222254, 46.55464415932556]]}, "properties": {"fillColor": "#1B7CBD", "executionState": "Documented", "externalID": "SDIRouteSection_108392345089_1650888583", "userLabel": "_Bankett"}}, {"type": "Feature", "geometry": {"type": "LineString", "coordinates": [[14.294083770364523, 46.554384782299394], [14.29408360272646, 46.55435065971835]]}, "properties": {"fillColor": "#3B3B3B", "executionState": "Documented", "externalID": "SDIRouteSection_108392755713_1650888583", "userLabel": "_Pressung"}}, {"type": "Feature", "geometry": {"type": "LineString", "coordinates": [[14.293972793966532, 46.55487229480519], [14.293976984918118, 46.5548659545193]]}, "properties": {"fillColor": "#3B3B3B", "executionState": "Documented", "externalID": "SDIRouteSection_108392760321_1650888583", "userLabel": "_Pressung"}}, {"type": "Feature", "geometry": {"type": "LineString", "coordinates": [[14.284625798306353, 46.56320163785672], [14.284442275904272, 46.56306864661045]]}, "properties": {"fillColor": "#1B7CBD", "executionState": "Documented", "externalID": "SDIRouteSection_108395432961_1650888583", "userLabel": "_Bankett"}}, {"type": "Feature", "geometry": {"type": "LineString", "coordinates": [[14.288295228034258, 46.56164617884508], [14.288345770910382, 46.561607335022245]]}, "properties": {"fillColor": "#CC6E84", "executionState": "Documented", "externalID": "SDIRouteSection_108395449857_1650888583", "userLabel": "_Asphaltiert PrStr,IW"}}, {"type": "Feature", "geometry": {"type": "LineString", "coordinates": [[14.288345770910382, 46.561607335022245], [14.288521103941916, 46.56162720853337], [14.288612231676517, 46.56164836894407]]}, "properties": {"fillColor": "#CC6E84", "executionState": "Documented", "externalID": "SDIRouteSection_108395452161_1650888583", "userLabel": "_Asphaltiert PrStr,IW"}}, {"type": "Feature", "geometry": {"type": "LineString", "coordinates": [[14.294422902166843, 46.55541628857452], [14.29436456412077, 46.555400380378956]]}, "properties": {"fillColor": "#0D15FF", "executionState": "Documented", "externalID": "SDIRouteSection_108395624961_1650888583", "userLabel": "_Gemeindestrasse Asphalt"}}, {"type": "Feature", "geometry": {"type": "LineString", "coordinates": [[14.29434360936284, 46.55553277561813], [14.294422902166843, 46.55541628857452]]}, "properties": {"fillColor": "#0D15FF", "executionState": "Documented", "externalID": "SDIRouteSection_108395629057_1650888583", "userLabel": "_Gemeindestrasse Asphalt"}}, {"type": "Feature", "geometry": {"type": "LineString", "coordinates": [[14.294138168916106, 46.55577318425793], [14.294278230518103, 46.55561191288808]]}, "properties": {"fillColor": "#0D15FF", "executionState": "Documented", "externalID": "SDIRouteSection_108395630081_1650888583", "userLabel": "_Gemeindestrasse Asphalt"}}, {"type": "Feature", "geometry": {"type": "LineString", "coordinates": [[14.294029707089067, 46.55599324570426], [14.294046051800251, 46.55595716444918]]}, "properties": {"fillColor": "#0D15FF", "executionState": "Documented", "externalID": "SDIRouteSection_108395631105_1650888583", "userLabel": "_Gemeindestrasse Asphalt"}}, {"type": "Feature", "geometry": {"type": "LineString", "coordinates": [[14.294422902166843, 46.55541628857452], [14.294445868581533, 46.555378593060055]]}, "properties": {"fillColor": "#958CCF", "executionState": "Documented", "externalID": "SDIRouteSection_108395634177_1650888583", "userLabel": "_Querung offen"}}, {"type": "Feature", "geometry": {"type": "LineString", "coordinates": [[14.29434360936284, 46.55553277561813], [14.294362301006913, 46.55554107552658]]}, "properties": {"fillColor": "#958CCF", "executionState": "Documented", "externalID": "SDIRouteSection_108395640321_1650888583", "userLabel": "_Querung offen"}}, {"type": "Feature", "geometry": {"type": "LineString", "coordinates": [[14.294138168916106, 46.55577318425793], [14.294093828648329, 46.55575623868265]]}, "properties": {"fillColor": "#958CCF", "executionState": "Documented", "externalID": "SDIRouteSection_108395644417_1650888583", "userLabel": "_Querung offen"}}, {"type": "Feature", "geometry": {"type": "LineString", "coordinates": [[14.293619999662042, 46.5564655275241], [14.293641960248351, 46.55645745830614]]}, "properties": {"fillColor": "#0D15FF", "executionState": "Documented", "externalID": "SDIRouteSection_108395740417_1650888583", "userLabel": "_Gemeindestrasse Asphalt"}}, {"type": "Feature", "geometry": {"type": "LineString", "coordinates": [[14.293808257207274, 46.55622817674009], [14.293843880295753, 46.55615745545822]]}, "properties": {"fillColor": "#0D15FF", "executionState": "Documented", "externalID": "SDIRouteSection_108395758081_1650888583", "userLabel": "_Gemeindestrasse Asphalt"}}, {"type": "Feature", "geometry": {"type": "LineString", "coordinates": [[14.293808257207274, 46.55622817674009], [14.293797528371215, 46.55622690871465]]}, "properties": {"fillColor": "#958CCF", "executionState": "Documented", "externalID": "SDIRouteSection_108396488705_1650888583", "userLabel": "_Querung offen"}}, {"type": "Feature", "geometry": {"type": "LineString", "coordinates": [[14.292114526033401, 46.556919130918374], [14.292223323136568, 46.55681515405851]]}, "properties": {"fillColor": "#0D15FF", "executionState": "Documented", "externalID": "SDIRouteSection_108396505857_1650888583", "userLabel": "_Gemeindestrasse Asphalt"}}, {"type": "Feature", "geometry": {"type": "LineString", "coordinates": [[14.29176265373826, 46.557299647639184], [14.291822332888842, 46.55721607482255]]}, "properties": {"fillColor": "#0D15FF", "executionState": "Documented", "externalID": "SDIRouteSection_108396510465_1650888583", "userLabel": "_Gemeindestrasse Asphalt"}}, {"type": "Feature", "geometry": {"type": "LineString", "coordinates": [[14.289710763841867, 46.55931457810365], [14.289710763841867, 46.55931457810365]]}, "properties": {"fillColor": "#0D15FF", "executionState": "Documented", "externalID": "SDIRouteSection_108396747521_1650888583", "userLabel": "_Gemeindestrasse Asphalt"}}, {"type": "Feature", "geometry": {"type": "LineString", "coordinates": [[14.287940924987197, 46.5649794400417], [14.28790052421391, 46.564929418720965]]}, "properties": {"fillColor": "#1B7CBD", "executionState": "Documented", "externalID": "SDIRouteSection_108397637377_1650888584", "userLabel": "_Bankett"}}, {"type": "Feature", "geometry": {"type": "LineString", "coordinates": [[14.28927004338438, 46.56471567517138], [14.289274586, 46.564744722], [14.289293554611504, 46.56485110183698]]}, "properties": {"fillColor": "#0D15FF", "executionState": "Documented", "externalID": "SDIRouteSection_108397844993_1650888584", "userLabel": "_Gemeindestrasse Asphalt"}}, {"type": "Feature", "geometry": {"type": "LineString", "coordinates": [[14.28884508088231, 46.564362065374354], [14.288861341774464, 46.56437243857158]]}, "properties": {"fillColor": "#0D15FF", "executionState": "Documented", "externalID": "SDIRouteSection_108397862913_1650888584", "userLabel": "_Gemeindestrasse Asphalt"}}, {"type": "Feature", "geometry": {"type": "LineString", "coordinates": [[14.288720106706023, 46.56435209557739], [14.288781378418207, 46.56435676351725]]}, "properties": {"fillColor": "#0D15FF", "executionState": "Documented", "externalID": "SDIRouteSection_108397864449_1650888584", "userLabel": "_Gemeindestrasse Asphalt"}}, {"type": "Feature", "geometry": {"type": "LineString", "coordinates": [[14.28927004338438, 46.56471567517138], [14.289293512698592, 46.56471429194922]]}, "properties": {"fillColor": "#958CCF", "executionState": "Documented", "externalID": "SDIRouteSection_108397865729_1650888584", "userLabel": "_Querung offen"}}, {"type": "Feature", "geometry": {"type": "LineString", "coordinates": [[14.288720106706023, 46.56435209557739], [14.28874391131103, 46.56427544910014]]}, "properties": {"fillColor": "#0D15FF", "executionState": "Documented", "externalID": "SDIRouteSection_108397899265_1650888584", "userLabel": "_Gemeindestrasse Asphalt"}}, {"type": "Feature", "geometry": {"type": "LineString", "coordinates": [[14.288986064493656, 46.563450541738035], [14.289043061435223, 46.56343319515122]]}, "properties": {"fillColor": "#0D15FF", "executionState": "Documented", "externalID": "SDIRouteSection_108397901313_1650888584", "userLabel": "_Gemeindestrasse Asphalt"}}, {"type": "Feature", "geometry": {"type": "LineString", "coordinates": [[14.288838123902678, 46.56394800029881], [14.288841309025884, 46.56390011031377]]}, "properties": {"fillColor": "#0D15FF", "executionState": "Documented", "externalID": "SDIRouteSection_108397903105_1650888584", "userLabel": "_Gemeindestrasse Asphalt"}}, {"type": "Feature", "geometry": {"type": "LineString", "coordinates": [[14.288837788626552, 46.56395122754057], [14.288838123902678, 46.56394800029881]]}, "properties": {"fillColor": "#0D15FF", "executionState": "Documented", "externalID": "SDIRouteSection_108397904129_1650888584", "userLabel": "_Gemeindestrasse Asphalt"}}, {"type": "Feature", "geometry": {"type": "LineString", "coordinates": [[14.288986064493656, 46.563450541738035], [14.288961505517364, 46.5634099126805]]}, "properties": {"fillColor": "#958CCF", "executionState": "Documented", "externalID": "SDIRouteSection_108397906689_1650888584", "userLabel": "_Querung offen"}}, {"type": "Feature", "geometry": {"type": "LineString", "coordinates": [[14.288838123902678, 46.56394800029881], [14.288803339004517, 46.56392091451224]]}, "properties": {"fillColor": "#958CCF", "executionState": "Documented", "externalID": "SDIRouteSection_108397908737_1650888584", "userLabel": "_Querung offen"}}, {"type": "Feature", "geometry": {"type": "LineString", "coordinates": [[14.293211549520493, 46.56446752612035], [14.293299056589603, 46.56439678676281]]}, "properties": {"fillColor": "#3B3B3B", "executionState": "Documented", "externalID": "SDIRouteSection_108398026241_1650888584", "userLabel": "_Sp\u00fclbohrung"}}, {"type": "Feature", "geometry": {"type": "LineString", "coordinates": [[14.29389358498156, 46.56392604352391], [14.293877072632313, 46.56392558248919]]}, "properties": {"fillColor": "#3B3B3B", "executionState": "Documented", "externalID": "SDIRouteSection_108398035713_1650888584", "userLabel": "_Pressung"}}, {"type": "Feature", "geometry": {"type": "LineString", "coordinates": [[14.29054400883615, 46.56452988041036], [14.290505535900593, 46.564526998975225]]}, "properties": {"fillColor": "#CC6E84", "executionState": "Documented", "externalID": "SDIRouteSection_108398071041_1650888583", "userLabel": "_Asphaltiert PrStr,IW"}}, {"type": "Feature", "geometry": {"type": "LineString", "coordinates": [[14.29106729105115, 46.55384066290972], [14.29099403321743, 46.553726766041905]]}, "properties": {"fillColor": "#3B3B3B", "executionState": "Documented", "externalID": "SDIRouteSection_108400040449_1650888584", "userLabel": "_Pressung"}}, {"type": "Feature", "geometry": {"type": "LineString", "coordinates": [[14.291171561926603, 46.55392314576548], [14.291093610227108, 46.553877840732355]]}, "properties": {"fillColor": "#3B3B3B", "executionState": "Documented", "externalID": "SDIRouteSection_108400042497_1650888584", "userLabel": "_Pressung"}}, {"type": "Feature", "geometry": {"type": "LineString", "coordinates": [[14.291171561926603, 46.55392314576548], [14.29117575086668, 46.55392147420642], [14.291411457102065, 46.553995948595336]]}, "properties": {"fillColor": "#FE0DFF", "executionState": "Documented", "externalID": "SDIRouteSection_108400070657_1650888584", "userLabel": "_Hausanschluss"}}, {"type": "Feature", "geometry": {"type": "LineString", "coordinates": [[14.290773756802082, 46.55334628190778], [14.290763782337308, 46.553347550000524]]}, "properties": {"fillColor": "#0D15FF", "executionState": "Documented", "externalID": "SDIRouteSection_108400097537_1650888584", "userLabel": "_Gemeindestrasse Asphalt"}}, {"type": "Feature", "geometry": {"type": "LineString", "coordinates": [[14.292523059993982, 46.55307865603547], [14.292499423027039, 46.5530671278614]]}, "properties": {"fillColor": "#0D15FF", "executionState": "Documented", "externalID": "SDIRouteSection_108400164097_1650888584", "userLabel": "_Gemeindestrasse Asphalt"}}, {"type": "Feature", "geometry": {"type": "LineString", "coordinates": [[14.292848780751228, 46.55333873099127], [14.292859509587288, 46.55331924846908]]}, "properties": {"fillColor": "#0D15FF", "executionState": "Documented", "externalID": "SDIRouteSection_108400171777_1650888584", "userLabel": "_Gemeindestrasse Asphalt"}}, {"type": "Feature", "geometry": {"type": "LineString", "coordinates": [[14.294965546578169, 46.559935525859316], [14.294914584606886, 46.55997114340073]]}, "properties": {"fillColor": "#0D15FF", "executionState": "Documented", "externalID": "SDIRouteSection_108406716417_1650888584", "userLabel": "_Gemeindestrasse Asphalt"}}, {"type": "Feature", "geometry": {"type": "LineString", "coordinates": [[14.29410807788372, 46.56030714591742], [14.29413640871644, 46.56034460747563]]}, "properties": {"fillColor": "#958CCF", "executionState": "Documented", "externalID": "SDIRouteSection_108406727681_1650888584", "userLabel": "_Querung offen"}}, {"type": "Feature", "geometry": {"type": "LineString", "coordinates": [[14.29160725325346, 46.56102467434275], [14.291636925190687, 46.561117577730926]]}, "properties": {"fillColor": "#3B3B3B", "executionState": "Documented", "externalID": "SDIRouteSection_108406756865_1650888584", "userLabel": "_Sp\u00fclbohrung"}}, {"type": "Feature", "geometry": {"type": "LineString", "coordinates": [[14.291549250483513, 46.56113509795503], [14.291532456057345, 46.56113705745346], [14.29128371179104, 46.56149437656643]]}, "properties": {"fillColor": "#FE0DFF", "executionState": "Documented", "externalID": "SDIRouteSection_108406758657_1650888584", "userLabel": "_Hausanschluss"}}, {"type": "Feature", "geometry": {"type": "LineString", "coordinates": [[14.289954844862223, 46.56152203988347], [14.289957694709301, 46.56149080338693]]}, "properties": {"fillColor": "#0D15FF", "executionState": "Documented", "externalID": "SDIRouteSection_108406785537_1650888584", "userLabel": "_Gemeindestrasse Asphalt"}}, {"type": "Feature", "geometry": {"type": "LineString", "coordinates": [[14.289845041930676, 46.56210872941091], [14.289852920919657, 46.5620777814087]]}, "properties": {"fillColor": "#0D15FF", "executionState": "Documented", "externalID": "SDIRouteSection_108406787585_1650888584", "userLabel": "_Gemeindestrasse Asphalt"}}, {"type": "Feature", "geometry": {"type": "LineString", "coordinates": [[14.289933638647199, 46.56180489649091], [14.289933471009135, 46.56174789881311]]}, "properties": {"fillColor": "#0D15FF", "executionState": "Documented", "externalID": "SDIRouteSection_108406791425_1650888584", "userLabel": "_Gemeindestrasse Asphalt"}}, {"type": "Feature", "geometry": {"type": "LineString", "coordinates": [[14.289099052548409, 46.56131721573905], [14.289124868810177, 46.56131940575935]]}, "properties": {"fillColor": "#3B3B3B", "executionState": "Documented", "externalID": "SDIRouteSection_108406817537_1650888584", "userLabel": "_Sp\u00fclbohrung"}}, {"type": "Feature", "geometry": {"type": "LineString", "coordinates": [[14.287486709654331, 46.560447540177705], [14.287504814565182, 46.560343109013814]]}, "properties": {"fillColor": "#0D15FF", "executionState": "Documented", "externalID": "SDIRouteSection_108406844673_1650888584", "userLabel": "_Gemeindestrasse Asphalt"}}, {"type": "Feature", "geometry": {"type": "LineString", "coordinates": [[14.287230558693409, 46.560833795418176], [14.287383696064353, 46.56077725778172]]}, "properties": {"fillColor": "#0D15FF", "executionState": "Documented", "externalID": "SDIRouteSection_108406849025_1650888584", "userLabel": "_Gemeindestrasse Asphalt"}}, {"type": "Feature", "geometry": {"type": "LineString", "coordinates": [[14.296189807355404, 46.55316454085508], [14.296232052147388, 46.55307266138527]]}, "properties": {"fillColor": "#3B3B3B", "executionState": "Documented", "externalID": "SDIRouteSection_108409862913_1650888584", "userLabel": "_Pressung"}}, {"type": "Feature", "geometry": {"type": "LineString", "coordinates": [[14.295919155701995, 46.55396101521072], [14.295909432694316, 46.553951389342046]]}, "properties": {"fillColor": "#3B3B3B", "executionState": "Documented", "externalID": "SDIRouteSection_108409865729_1650888584", "userLabel": "_Pressung"}}, {"type": "Feature", "geometry": {"type": "LineString", "coordinates": [[14.2962746322155, 46.55290573316756], [14.296278659552046, 46.55289547306008], [14.29643422357519, 46.55279033555266]]}, "properties": {"fillColor": "#FE0DFF", "executionState": "Documented", "externalID": "SDIRouteSection_108409867265_1650888584", "userLabel": "_Hausanschluss"}}, {"type": "Feature", "geometry": {"type": "LineString", "coordinates": [[14.293016083538532, 46.55462721339768], [14.292977023869753, 46.55457948810306]]}, "properties": {"fillColor": "#0D15FF", "executionState": "Documented", "externalID": "SDIRouteSection_108409946113_1650888584", "userLabel": "_Gemeindestrasse Asphalt"}}, {"type": "Feature", "geometry": {"type": "LineString", "coordinates": [[14.293066374957561, 46.554264085100556], [14.29306872189045, 46.554195839765185]]}, "properties": {"fillColor": "#0D15FF", "executionState": "Documented", "externalID": "SDIRouteSection_108409957377_1650888584", "userLabel": "_Gemeindestrasse Asphalt"}}, {"type": "Feature", "geometry": {"type": "LineString", "coordinates": [[14.292491544038057, 46.55445821494325], [14.292498081922531, 46.5544662844585]]}, "properties": {"fillColor": "#1B7CBD", "executionState": "Documented", "externalID": "SDIRouteSection_108410063105_1650888584", "userLabel": "_Bankett"}}, {"type": "Feature", "geometry": {"type": "LineString", "coordinates": [[14.292471259832382, 46.55442743549551], [14.292470254004002, 46.55443066330358]]}, "properties": {"fillColor": "#0D15FF", "executionState": "Documented", "externalID": "SDIRouteSection_108410084609_1650888584", "userLabel": "_Gemeindestrasse Asphalt"}}, {"type": "Feature", "geometry": {"type": "LineString", "coordinates": [[14.292491544038057, 46.55445821494325], [14.292442426085472, 46.55447527620265]]}, "properties": {"fillColor": "#3B3B3B", "executionState": "Documented", "externalID": "SDIRouteSection_108410085377_1650888584", "userLabel": "_Pressung"}}, {"type": "Feature", "geometry": {"type": "LineString", "coordinates": [[14.292471259832382, 46.55442743549551], [14.292436055839062, 46.55435746118047]]}, "properties": {"fillColor": "#958CCF", "executionState": "Documented", "externalID": "SDIRouteSection_108410087169_1650888584", "userLabel": "_Querung offen"}}, {"type": "Feature", "geometry": {"type": "LineString", "coordinates": [[14.294010009616613, 46.558135138184355], [14.293989557772875, 46.55814459040445]]}, "properties": {"fillColor": "#CC6E84", "executionState": "Documented", "externalID": "SDIRouteSection_108410298113_1650888584", "userLabel": "_Asphaltiert PrStr,IW"}}, {"type": "Feature", "geometry": {"type": "LineString", "coordinates": [[14.293715804801746, 46.55824522186938], [14.293707758285253, 46.55824706626202], [14.293629303663652, 46.5582203234509]]}, "properties": {"fillColor": "#FE0DFF", "executionState": "Documented", "externalID": "SDIRouteSection_108410299905_1650888584", "userLabel": "_Hausanschluss"}}, {"type": "Feature", "geometry": {"type": "LineString", "coordinates": [[14.296632371842861, 46.55558171047673], [14.296630192548037, 46.55554078733533]]}, "properties": {"fillColor": "#0D15FF", "executionState": "Documented", "externalID": "SDIRouteSection_108415452673_1650888584", "userLabel": "_Gemeindestrasse Asphalt"}}, {"type": "Feature", "geometry": {"type": "LineString", "coordinates": [[14.296671263873577, 46.556013188368496], [14.296673443168402, 46.55598517641607]]}, "properties": {"fillColor": "#0D15FF", "executionState": "Documented", "externalID": "SDIRouteSection_108415458305_1650888584", "userLabel": "_Gemeindestrasse Asphalt"}}, {"type": "Feature", "geometry": {"type": "LineString", "coordinates": [[14.296654500067234, 46.55622091441222], [14.296657014638186, 46.55620419952689]]}, "properties": {"fillColor": "#0D15FF", "executionState": "Documented", "externalID": "SDIRouteSection_108415466241_1650888584", "userLabel": "_Gemeindestrasse Asphalt"}}, {"type": "Feature", "geometry": {"type": "LineString", "coordinates": [[14.296493902802467, 46.55669129222872], [14.296511085703969, 46.5566618396999]]}, "properties": {"fillColor": "#0D15FF", "executionState": "Documented", "externalID": "SDIRouteSection_108415468545_1650888584", "userLabel": "_Gemeindestrasse Asphalt"}}, {"type": "Feature", "geometry": {"type": "LineString", "coordinates": [[14.296632371842861, 46.55558171047673], [14.296574536710978, 46.555583439622865]]}, "properties": {"fillColor": "#958CCF", "executionState": "Documented", "externalID": "SDIRouteSection_108415471617_1650888584", "userLabel": "_Querung offen"}}, {"type": "Feature", "geometry": {"type": "LineString", "coordinates": [[14.296654500067234, 46.55622091441222], [14.296668749302626, 46.55622368101342]]}, "properties": {"fillColor": "#958CCF", "executionState": "Documented", "externalID": "SDIRouteSection_108415478785_1650888584", "userLabel": "_Querung offen"}}, {"type": "Feature", "geometry": {"type": "LineString", "coordinates": [[14.293014826253057, 46.556851926385406], [14.293095795437694, 46.55681071601737]]}, "properties": {"fillColor": "#1B7CBD", "executionState": "Documented", "externalID": "SDIRouteSection_108415506433_1650888584", "userLabel": "_Bankett"}}, {"type": "Feature", "geometry": {"type": "LineString", "coordinates": [[14.293014826253057, 46.556851926385406], [14.29299688898027, 46.55683694080065]]}, "properties": {"fillColor": "#958CCF", "executionState": "Documented", "externalID": "SDIRouteSection_108415508993_1650888584", "userLabel": "_Querung offen"}}, {"type": "Feature", "geometry": {"type": "LineString", "coordinates": [[14.293619999662042, 46.5564655275241], [14.293648498132825, 46.55648160831916]]}, "properties": {"fillColor": "#0D15FF", "executionState": "Documented", "externalID": "SDIRouteSection_108415528961_1650888584", "userLabel": "_Gemeindestrasse Asphalt"}}, {"type": "Feature", "geometry": {"type": "LineString", "coordinates": [[14.293798031285405, 46.55649547007596], [14.29380658082664, 46.556497083918515]]}, "properties": {"fillColor": "#1B7CBD", "executionState": "Documented", "externalID": "SDIRouteSection_108415531009_1650888584", "userLabel": "_Bankett"}}, {"type": "Feature", "geometry": {"type": "LineString", "coordinates": [[14.292423650622368, 46.55639532528764], [14.292394984513521, 46.55641365395914]]}, "properties": {"fillColor": "#0D15FF", "executionState": "Documented", "externalID": "SDIRouteSection_108415597825_1650888584", "userLabel": "_Gemeindestrasse Asphalt"}}, {"type": "Feature", "geometry": {"type": "LineString", "coordinates": [[14.291490912437439, 46.55734909963144], [14.291504491120577, 46.55736396980211]]}, "properties": {"fillColor": "#0D15FF", "executionState": "Documented", "externalID": "SDIRouteSection_108415601409_1650888584", "userLabel": "_Gemeindestrasse Asphalt"}}, {"type": "Feature", "geometry": {"type": "LineString", "coordinates": [[14.29091926664114, 46.55688351137351], [14.29089630022645, 46.55689031251819]]}, "properties": {"fillColor": "#1B7CBD", "executionState": "Documented", "externalID": "SDIRouteSection_108415605761_1650888584", "userLabel": "_Bankett"}}, {"type": "Feature", "geometry": {"type": "LineString", "coordinates": [[14.291536342352629, 46.55667590314033], [14.291514633223414, 46.55668328068137]]}, "properties": {"fillColor": "#1B7CBD", "executionState": "Documented", "externalID": "SDIRouteSection_108415608833_1650888584", "userLabel": "_Bankett"}}, {"type": "Feature", "geometry": {"type": "LineString", "coordinates": [[14.291490912437439, 46.55734909963144], [14.291476160287857, 46.55732373964102]]}, "properties": {"fillColor": "#958CCF", "executionState": "Documented", "externalID": "SDIRouteSection_108415622401_1650888584", "userLabel": "_Querung offen"}}, {"type": "Feature", "geometry": {"type": "LineString", "coordinates": [[14.290573010221124, 46.55732137655042], [14.290567226707935, 46.557324143095514]]}, "properties": {"fillColor": "#958CCF", "executionState": "Documented", "externalID": "SDIRouteSection_108415657217_1650888584", "userLabel": "_Querung offen"}}, {"type": "Feature", "geometry": {"type": "LineString", "coordinates": [[14.29091926664114, 46.55688351137351], [14.290935527533293, 46.55690944793764]]}, "properties": {"fillColor": "#3B3B3B", "executionState": "Documented", "externalID": "SDIRouteSection_108415659009_1650888584", "userLabel": "_Pressung"}}, {"type": "Feature", "geometry": {"type": "LineString", "coordinates": [[14.291536342352629, 46.55667590314033], [14.29156282916665, 46.556703223092]]}, "properties": {"fillColor": "#3B3B3B", "executionState": "Documented", "externalID": "SDIRouteSection_108415677697_1650888584", "userLabel": "_Pressung"}}, {"type": "Feature", "geometry": {"type": "LineString", "coordinates": [[14.296269603073597, 46.558483485988575], [14.296391140669584, 46.55854285013325]]}, "properties": {"fillColor": "#1B7CBD", "executionState": "Documented", "externalID": "SDIRouteSection_108415771649_1650888584", "userLabel": "_Gr\u00fcnfl\u00e4che"}}, {"type": "Feature", "geometry": {"type": "LineString", "coordinates": [[14.295510789379478, 46.55902853861335], [14.295533294789493, 46.55901928826816]]}, "properties": {"fillColor": "#1B7CBD", "executionState": "Documented", "externalID": "SDIRouteSection_108415774977_1650888584", "userLabel": "_Gr\u00fcnfl\u00e4che"}}, {"type": "Feature", "geometry": {"type": "LineString", "coordinates": [[14.296269603073597, 46.558483485988575], [14.296278487890959, 46.5584757628815]]}, "properties": {"fillColor": "#3B3B3B", "executionState": "Documented", "externalID": "SDIRouteSection_108415782145_1650888584", "userLabel": "_Pressung"}}, {"type": "Feature", "geometry": {"type": "LineString", "coordinates": [[14.294010009616613, 46.558135138184355], [14.294011853635311, 46.55813433128745]]}, "properties": {"fillColor": "#1B7CBD", "executionState": "Documented", "externalID": "SDIRouteSection_108416705537_0", "userLabel": "_Bankett"}}, {"type": "Feature", "geometry": {"type": "LineString", "coordinates": [[14.284625798306353, 46.56320163785672], [14.284690017036322, 46.56315727113816], [14.284710288047792, 46.56314334496746], [14.284884966909885, 46.563103666578456]]}, "properties": {"fillColor": "#0D15FF", "executionState": "Documented", "externalID": "SDIRouteSection_108423276801_0", "userLabel": "_Gemeindestrasse Asphalt"}}, {"type": "Feature", "geometry": {"type": "LineString", "coordinates": [[14.288295228034258, 46.56164617884508], [14.288252647966146, 46.56162001401793]]}, "properties": {"fillColor": "#0D15FF", "executionState": "Documented", "externalID": "SDIRouteSection_108423278337_0", "userLabel": "_Gemeindestrasse Asphalt"}}, {"type": "Feature", "geometry": {"type": "LineString", "coordinates": [[14.284884966909885, 46.563103666578456], [14.284901730716228, 46.56308441808295]]}, "properties": {"fillColor": "#0D15FF", "executionState": "Documented", "externalID": "SDIRouteSection_108430077441_0", "userLabel": "_Gemeindestrasse Asphalt"}}, {"type": "Feature", "geometry": {"type": "LineString", "coordinates": [[14.291378762573004, 46.564480089190084], [14.29134531877935, 46.564469139725816]]}, "properties": {"fillColor": "#0D15FF", "executionState": "Documented", "externalID": "SDIRouteSection_108441275393_1650888589", "userLabel": "_Gemeindestrasse Asphalt"}}, {"type": "Feature", "geometry": {"type": "LineString", "coordinates": [[14.291503904387355, 46.56569892363618], [14.291508430615067, 46.56567189635126]]}, "properties": {"fillColor": "#1B7CBD", "executionState": "Documented", "externalID": "SDIRouteSection_108441290241_1650888589", "userLabel": "_Bankett"}}, {"type": "Feature", "geometry": {"type": "LineString", "coordinates": [[14.287744453176856, 46.565121435797636], [14.287709249183536, 46.565175490902504]]}, "properties": {"fillColor": "#3B3B3B", "executionState": "Documented", "externalID": "SDIRouteSection_108441302017_1650888589", "userLabel": "_Sp\u00fclbohrung"}}, {"type": "Feature", "geometry": {"type": "LineString", "coordinates": [[14.290286935865879, 46.56121566786021], [14.290358684957027, 46.56121082675341]]}, "properties": {"fillColor": "#3B3B3B", "executionState": "Documented", "externalID": "SDIRouteSection_108474239745_1650888589", "userLabel": "_Sp\u00fclbohrung"}}, {"type": "Feature", "geometry": {"type": "LineString", "coordinates": [[14.289957862347364, 46.56125186088309], [14.289988372474909, 46.56124874874513]]}, "properties": {"fillColor": "#3B3B3B", "executionState": "Documented", "externalID": "SDIRouteSection_108474243841_1650888589", "userLabel": "_Sp\u00fclbohrung"}}, {"type": "Feature", "geometry": {"type": "LineString", "coordinates": [[14.290731512010098, 46.56117209788343], [14.290771409869194, 46.56116702624365]]}, "properties": {"fillColor": "#3B3B3B", "executionState": "Documented", "externalID": "SDIRouteSection_108474260993_1650888589", "userLabel": "_Sp\u00fclbohrung"}}, {"type": "Feature", "geometry": {"type": "LineString", "coordinates": [[14.294969737529755, 46.55993114570697], [14.295069985091686, 46.55983074790777]]}, "properties": {"fillColor": "#0D15FF", "executionState": "Documented", "externalID": "SDIRouteSection_108479149825_1650888589", "userLabel": "_Gemeindestrasse Asphalt"}}, {"type": "Feature", "geometry": {"type": "LineString", "coordinates": [[14.29518012329936, 46.559665454226234], [14.29522454738617, 46.55956666968666]]}, "properties": {"fillColor": "#0D15FF", "executionState": "Documented", "externalID": "SDIRouteSection_108479153921_1650888589", "userLabel": "_Gemeindestrasse Asphalt"}}, {"type": "Feature", "geometry": {"type": "LineString", "coordinates": [[14.295467287302017, 46.557252385786256], [14.295481536537409, 46.557241550136126]]}, "properties": {"fillColor": "#0D15FF", "executionState": "Documented", "externalID": "SDIRouteSection_108489859073_1650888589", "userLabel": "_Gemeindestrasse Asphalt"}}, {"type": "Feature", "geometry": {"type": "LineString", "coordinates": [[14.292046967893839, 46.55298366380822], [14.29202551022172, 46.55294250814356]]}, "properties": {"fillColor": "#0D15FF", "executionState": "Documented", "externalID": "SDIRouteSection_108490006273_1650888589", "userLabel": "_Gemeindestrasse Asphalt"}}, {"type": "Feature", "geometry": {"type": "LineString", "coordinates": [[14.293581526726484, 46.55379708701079], [14.29357155226171, 46.55378434854697]]}, "properties": {"fillColor": "#0D15FF", "executionState": "Documented", "externalID": "SDIRouteSection_108490013185_1650888589", "userLabel": "_Gemeindestrasse Asphalt"}}, {"type": "Feature", "geometry": {"type": "LineString", "coordinates": [[14.294131211936474, 46.554178893697355], [14.294067341834307, 46.554136009746884]]}, "properties": {"fillColor": "#1B7CBD", "executionState": "Documented", "externalID": "SDIRouteSection_108490017025_1650888589", "userLabel": "_Bankett"}}, {"type": "Feature", "geometry": {"type": "LineString", "coordinates": [[14.295931225642562, 46.55423860838911], [14.295940613374114, 46.554176299911006]]}, "properties": {"fillColor": "#1B7CBD", "executionState": "Documented", "externalID": "SDIRouteSection_108490023681_1650888589", "userLabel": "_Bankett"}}, {"type": "Feature", "geometry": {"type": "LineString", "coordinates": [[14.29496856406331, 46.554337402628676], [14.294935707002878, 46.55447354702122]]}, "properties": {"fillColor": "#0D15FF", "executionState": "Documented", "externalID": "SDIRouteSection_108490027265_1650888589", "userLabel": "_Gemeindestrasse Asphalt"}}, {"type": "Feature", "geometry": {"type": "LineString", "coordinates": [[14.283998580649495, 46.56081258660731], [14.283996149897575, 46.56082019411653]]}, "properties": {"fillColor": "#3B3B3B", "executionState": "Documented", "externalID": "SDIRouteSection_108490029569_0", "userLabel": "_Sp\u00fclbohrung"}}, {"type": "Feature", "geometry": {"type": "LineString", "coordinates": [[14.28985623177141, 46.56499762174303], [14.28987777326256, 46.56499704546101]]}, "properties": {"fillColor": "#0D15FF", "executionState": "Documented", "externalID": "SDIRouteSection_108490350593_0", "userLabel": "_Gemeindestrasse Asphalt"}}, {"type": "Feature", "geometry": {"type": "LineString", "coordinates": [[14.283998580649495, 46.56081258660731], [14.283891711384058, 46.56078567215337]]}, "properties": {"fillColor": "#1B7CBD", "executionState": "Documented", "externalID": "SDIRouteSection_108491498497_1650888589", "userLabel": "_Bankett"}}, {"type": "Feature", "geometry": {"type": "LineString", "coordinates": [[14.284066893160343, 46.561519331184314], [14.284113580361009, 46.56159142864169]]}, "properties": {"fillColor": "#3B3B3B", "executionState": "Documented", "externalID": "SDIRouteSection_108491505409_1650888589", "userLabel": "_Pressung"}}, {"type": "Feature", "geometry": {"type": "LineString", "coordinates": [[14.287534318864346, 46.56026818586949], [14.287517219781876, 46.56027314232685]]}, "properties": {"fillColor": "#CC6E84", "executionState": "Documented", "externalID": "SDIRouteSection_108491525889_1650888589", "userLabel": "_Asphaltiert PrStr,IW"}}, {"type": "Feature", "geometry": {"type": "LineString", "coordinates": [[14.287230558693409, 46.560833795418176], [14.286456489935517, 46.56080192456611]]}, "properties": {"fillColor": "#3B3B3B", "executionState": "Documented", "externalID": "SDIRouteSection_108491529473_1650888589", "userLabel": "_Sp\u00fclbohrung"}}, {"type": "Feature", "geometry": {"type": "LineString", "coordinates": [[14.286456489935517, 46.56080192456611], [14.286265214905143, 46.56081189501552]]}, "properties": {"fillColor": "#3B3B3B", "executionState": "Documented", "externalID": "SDIRouteSection_108491533057_1650888589", "userLabel": "_Sp\u00fclbohrung"}}, {"type": "Feature", "geometry": {"type": "LineString", "coordinates": [[14.285873277112842, 46.560805440158305], [14.285831116139889, 46.56080814889313]]}, "properties": {"fillColor": "#3B3B3B", "executionState": "Documented", "externalID": "SDIRouteSection_108491537665_1650888589", "userLabel": "_Sp\u00fclbohrung"}}, {"type": "Feature", "geometry": {"type": "LineString", "coordinates": [[14.286622703075409, 46.561395480092614], [14.28665891289711, 46.56135444607153]]}, "properties": {"fillColor": "#0D15FF", "executionState": "Documented", "externalID": "SDIRouteSection_108491540993_1650888589", "userLabel": "_Gemeindestrasse Asphalt"}}, {"type": "Feature", "geometry": {"type": "LineString", "coordinates": [[14.294388787820935, 46.55697463511402], [14.294386776164174, 46.55698016823942]]}, "properties": {"fillColor": "#3B3B3B", "executionState": "Documented", "externalID": "SDIRouteSection_108689799169_1702993248", "userLabel": "_Pressung"}}, {"type": "Feature", "geometry": {"type": "LineString", "coordinates": [[14.294388787820935, 46.55697463511402], [14.294341430068016, 46.55699872726018]]}, "properties": {"fillColor": "#0D15FF", "executionState": "Documented", "externalID": "SDIRouteSection_108690379777_0", "userLabel": "_Gemeindestrasse Asphalt"}}, {"type": "Feature", "geometry": {"type": "LineString", "coordinates": [[14.290932090952992, 46.564907750484736], [14.290932346977277, 46.564897780788066], [14.2909115553218, 46.56485306126683]]}, "properties": {"fillColor": "#FE0DFF", "executionState": "Documented", "externalID": "SDIRouteSection_108708378369_1703072189", "userLabel": "_Hausanschluss"}}, {"type": "Feature", "geometry": {"type": "LineString", "coordinates": [[14.290935527533293, 46.55690944793764], [14.29094508290291, 46.55690806465452], [14.291106685922758, 46.55707359730355]]}, "properties": {"fillColor": "#FE0DFF", "executionState": "Documented", "externalID": "SDIRouteSection_108783610369_1702994229", "userLabel": "_Hausanschluss"}}, {"type": "Feature", "geometry": {"type": "LineString", "coordinates": [[14.294424494728446, 46.557015384264076], [14.294417203338874, 46.55701918828502], [14.294358193869845, 46.55718472059923]]}, "properties": {"fillColor": "#FE0DFF", "executionState": "Documented", "externalID": "SDIRouteSection_108803284737_1702993280", "userLabel": "_Hausanschluss"}}, {"type": "Feature", "geometry": {"type": "LineString", "coordinates": [[14.289359268732369, 46.56501027113231], [14.289358220994476, 46.56501303728537], [14.289307594299318, 46.56512045612039]]}, "properties": {"fillColor": "#FE0DFF", "executionState": "Documented", "externalID": "SDIRouteSection_108824272129_1703072379", "userLabel": "_Hausanschluss"}}, {"type": "Feature", "geometry": {"type": "LineString", "coordinates": [[14.289921652525663, 46.56500266421065], [14.289925200485513, 46.56500658292799], [14.290019050249551, 46.565098326974464]]}, "properties": {"fillColor": "#FE0DFF", "executionState": "Documented", "externalID": "SDIRouteSection_108841018369_1703072379", "userLabel": "_Hausanschluss"}}, {"type": "Feature", "geometry": {"type": "LineString", "coordinates": [[14.293425120421778, 46.55746275834855], [14.293426796766882, 46.55745953079998], [14.293462336063385, 46.55734794690486]]}, "properties": {"fillColor": "#FE0DFF", "executionState": "Gross planning", "externalID": "SDIRouteSection_108887716865_1702993276", "userLabel": "_Hausanschluss"}}, {"type": "Feature", "geometry": {"type": "LineString", "coordinates": [[14.29418670013547, 46.55801225917318], [14.294186532497408, 46.55799808080785], [14.294188864060175, 46.55789303688682]]}, "properties": {"fillColor": "#FE0DFF", "executionState": "Documented", "externalID": "SDIRouteSection_109067559169_1702993537", "userLabel": "_Hausanschluss"}}, {"type": "Feature", "geometry": {"type": "LineString", "coordinates": [[14.29490452632308, 46.557734454754524], [14.294748455414604, 46.55778044831038], [14.294627755914211, 46.55769560822294]]}, "properties": {"fillColor": "#FE0DFF", "executionState": "Documented", "externalID": "SDIRouteSection_109075385345_1702993537", "userLabel": "_Hausanschluss"}}, {"type": "Feature", "geometry": {"type": "LineString", "coordinates": [[14.29539805278182, 46.557286045451576], [14.295385479927065, 46.55728339417734], [14.295237287957928, 46.5573774566479]]}, "properties": {"fillColor": "#FE0DFF", "executionState": "Documented", "externalID": "SDIRouteSection_109075837185_1702993537", "userLabel": "_Hausanschluss"}}, {"type": "Feature", "geometry": {"type": "LineString", "coordinates": [[14.28874927572906, 46.56497730779739], [14.288749024271969, 46.56496601266405], [14.288646429856083, 46.56486504780222]]}, "properties": {"fillColor": "#FE0DFF", "executionState": "Documented", "externalID": "SDIRouteSection_109081331713_1703072686", "userLabel": "_Hausanschluss"}}, {"type": "Feature", "geometry": {"type": "LineString", "coordinates": [[14.295084904879332, 46.55766898031098], [14.295081049203874, 46.557656876752034], [14.294989854172949, 46.55755774281729]]}, "properties": {"fillColor": "#FE0DFF", "executionState": "Documented", "externalID": "SDIRouteSection_109081470721_1702993537", "userLabel": "_Hausanschluss"}}, {"type": "Feature", "geometry": {"type": "LineString", "coordinates": [[14.289055466651917, 46.56141265443492], [14.2890588192677, 46.56141737984569], [14.289299556780188, 46.56160226342318]]}, "properties": {"fillColor": "#FE0DFF", "executionState": "Documented", "externalID": "SDIRouteSection_109086082049_1734339985", "userLabel": "_Hausanschluss"}}, {"type": "Feature", "geometry": {"type": "LineString", "coordinates": [[14.288295898586512, 46.56503412919787], [14.288296066224577, 46.56503678009339], [14.288296401475884, 46.56520344039328]]}, "properties": {"fillColor": "#FE0DFF", "executionState": "Documented", "externalID": "SDIRouteSection_109133019905_1703072708", "userLabel": "_Hausanschluss"}}, {"type": "Feature", "geometry": {"type": "LineString", "coordinates": [[14.288749862462282, 46.565028251124716], [14.288748353719711, 46.56503240035291], [14.288653135297446, 46.56520712870543]]}, "properties": {"fillColor": "#FE0DFF", "executionState": "Documented", "externalID": "SDIRouteSection_109159162369_1703072685", "userLabel": "_Hausanschluss"}}, {"type": "Feature", "geometry": {"type": "LineString", "coordinates": [[14.294871836900711, 46.557074980561396], [14.29485977637026, 46.557078669304886], [14.294706881046295, 46.55713400042769]]}, "properties": {"fillColor": "#FE0DFF", "executionState": "Documented", "externalID": "SDIRouteSection_109163174657_1702993643", "userLabel": "_Hausanschluss"}}, {"type": "Feature", "geometry": {"type": "LineString", "coordinates": [[14.29299688898027, 46.55683694080065], [14.292994289137532, 46.55683290621944], [14.292952716318982, 46.55674207047801]]}, "properties": {"fillColor": "#FE0DFF", "executionState": "Documented", "externalID": "SDIRouteSection_109349297153_1702994073", "userLabel": "_Hausanschluss"}}, {"type": "Feature", "geometry": {"type": "LineString", "coordinates": [[14.293014826253057, 46.556851926385406], [14.292886164039373, 46.55691561507439]]}, "properties": {"fillColor": "#1B7CBD", "executionState": "Documented", "externalID": "SDIRouteSection_109352530689_1702994126", "userLabel": "_Bankett"}}, {"type": "Feature", "geometry": {"type": "LineString", "coordinates": [[14.291476160287857, 46.55732373964102], [14.29112881437043, 46.5574314042998], [14.291004762121158, 46.55736316288448]]}, "properties": {"fillColor": "#FE0DFF", "executionState": "Documented", "externalID": "SDIRouteSection_109378421249_1702994271", "userLabel": "_Hausanschluss"}}, {"type": "Feature", "geometry": {"type": "LineString", "coordinates": [[14.287370410747826, 46.56604128728861], [14.287373715181914, 46.566047107624904], [14.287376403699204, 46.56615636840392]]}, "properties": {"fillColor": "#FE0DFF", "executionState": "Documented", "externalID": "SDIRouteSection_109379162113_0", "userLabel": "_Hausanschluss"}}, {"type": "Feature", "geometry": {"type": "LineString", "coordinates": [[14.290567226707935, 46.557324143095514], [14.29055951535702, 46.557321203641344], [14.290417358326591, 46.55729630475339]]}, "properties": {"fillColor": "#FE0DFF", "executionState": "Documented", "externalID": "SDIRouteSection_109379463169_1702994258", "userLabel": "_Hausanschluss"}}, {"type": "Feature", "geometry": {"type": "LineString", "coordinates": [[14.28794645704329, 46.564850352668316], [14.28798258304596, 46.564798890518176]]}, "properties": {"fillColor": "#3B3B3B", "executionState": "Documented", "externalID": "SDIRouteSection_109383825153_1729488569", "userLabel": "_Pressung"}}, {"type": "Feature", "geometry": {"type": "LineString", "coordinates": [[14.290935527533293, 46.55690944793764], [14.290930330753328, 46.55691175340939], [14.291020184682028, 46.55709296320812]]}, "properties": {"fillColor": "#FE0DFF", "executionState": "Documented", "externalID": "SDIRouteSection_109385778177_1702994227", "userLabel": "_Hausanschluss"}}, {"type": "Feature", "geometry": {"type": "LineString", "coordinates": [[14.291476160287857, 46.55732373964102], [14.291136860749354, 46.55742817674934], [14.291220009233331, 46.55730875424722]]}, "properties": {"fillColor": "#FE0DFF", "executionState": "Documented", "externalID": "SDIRouteSection_109399571201_1702994239", "userLabel": "_Hausanschluss"}}, {"type": "Feature", "geometry": {"type": "LineString", "coordinates": [[14.290567226707935, 46.557324143095514], [14.290569573575398, 46.55732489226628], [14.29053805748526, 46.55743140419962]]}, "properties": {"fillColor": "#FE0DFF", "executionState": "Documented", "externalID": "SDIRouteSection_109410217473_1702994237", "userLabel": "_Hausanschluss"}}, {"type": "Feature", "geometry": {"type": "LineString", "coordinates": [[14.292053505778313, 46.556888583413695], [14.292042079569736, 46.5568831655526], [14.291867762586326, 46.55695094645903]]}, "properties": {"fillColor": "#FE0DFF", "executionState": "Documented", "externalID": "SDIRouteSection_109464985089_1702994418", "userLabel": "_Hausanschluss"}}, {"type": "Feature", "geometry": {"type": "LineString", "coordinates": [[14.29156282916665, 46.556703223092], [14.291563332080845, 46.55670057178929], [14.291684409697115, 46.55676835902517]]}, "properties": {"fillColor": "#FE0DFF", "executionState": "Documented", "externalID": "SDIRouteSection_109479107585_1702994431", "userLabel": "_Hausanschluss"}}, {"type": "Feature", "geometry": {"type": "LineString", "coordinates": [[14.28794645704329, 46.564850352668316], [14.287895746529102, 46.56483496589394]]}, "properties": {"fillColor": "#3B3B3B", "executionState": "Documented", "externalID": "SDIRouteSection_109513601281_1729488573", "userLabel": "_Pressung"}}, {"type": "Feature", "geometry": {"type": "LineString", "coordinates": [[14.292445443570614, 46.55712045583513], [14.29244443770954, 46.55711924556644], [14.292462542616995, 46.5570136551804]]}, "properties": {"fillColor": "#FE0DFF", "executionState": "Documented", "externalID": "SDIRouteSection_109551962625_1702994576", "userLabel": "_Hausanschluss"}}, {"type": "Feature", "geometry": {"type": "LineString", "coordinates": [[14.287895746529102, 46.56483496589394], [14.287883329028276, 46.56483277601557], [14.287667619005775, 46.56496109898001]]}, "properties": {"fillColor": "#FE0DFF", "executionState": "Documented", "externalID": "SDIRouteSection_109656596225_1729488593", "userLabel": "_Hausanschluss"}}, {"type": "Feature", "geometry": {"type": "LineString", "coordinates": [[14.298290312290192, 46.55754777169159], [14.298295676708223, 46.55754667660537], [14.2984029648703, 46.5576043126158]]}, "properties": {"fillColor": "#FE0DFF", "executionState": "Documented", "externalID": "SDIRouteSection_109703903489_1702994795", "userLabel": "_Hausanschluss"}}, {"type": "Feature", "geometry": {"type": "LineString", "coordinates": [[14.29820816963911, 46.55778010238319], [14.298213198781015, 46.55778044819843], [14.29843233176683, 46.557836278691454]]}, "properties": {"fillColor": "#FE0DFF", "executionState": "Documented", "externalID": "SDIRouteSection_109706515713_1702994820", "userLabel": "_Hausanschluss"}}, {"type": "Feature", "geometry": {"type": "LineString", "coordinates": [[14.298167517408729, 46.55776955501784], [14.29820816963911, 46.55778010238319]]}, "properties": {"fillColor": "#958CCF", "executionState": "Documented", "externalID": "SDIRouteSection_109729168897_1702994814", "userLabel": "_Querung offen"}}, {"type": "Feature", "geometry": {"type": "LineString", "coordinates": [[14.297821847721934, 46.55802586117875], [14.29783140309155, 46.55802989567124]]}, "properties": {"fillColor": "#958CCF", "executionState": "Documented", "externalID": "SDIRouteSection_109737139969_1702994844", "userLabel": "_Querung offen"}}, {"type": "Feature", "geometry": {"type": "LineString", "coordinates": [[14.287903793156147, 46.56491414722561], [14.28794645704329, 46.564850352668316]]}, "properties": {"fillColor": "#1B7CBD", "executionState": "Documented", "externalID": "SDIRouteSection_109749964801_1729488639", "userLabel": "_Bankett"}}, {"type": "Feature", "geometry": {"type": "LineString", "coordinates": [[14.29783140309155, 46.55802989567124], [14.297837018966677, 46.55803127892577], [14.297942249505478, 46.55814626018946]]}, "properties": {"fillColor": "#FE0DFF", "executionState": "Documented", "externalID": "SDIRouteSection_109766191105_0", "userLabel": "_Hausanschluss"}}, {"type": "Feature", "geometry": {"type": "LineString", "coordinates": [[14.29687712341547, 46.55784817030363], [14.296883475565478, 46.55784453924824], [14.297140507773673, 46.55779316310865]]}, "properties": {"fillColor": "#FE0DFF", "executionState": "Documented", "externalID": "SDIRouteSection_109777928705_1702994915", "userLabel": "_Hausanschluss"}}, {"type": "Feature", "geometry": {"type": "LineString", "coordinates": [[14.28790052421391, 46.564929418720965], [14.287903793156147, 46.56491414722561]]}, "properties": {"fillColor": "#1B7CBD", "executionState": "Documented", "externalID": "SDIRouteSection_109794048257_1729488638", "userLabel": "_Bankett"}}, {"type": "Feature", "geometry": {"type": "LineString", "coordinates": [[14.297297978773713, 46.55838884903338], [14.297285153738002, 46.55838446875618], [14.297085633468654, 46.558378356253144]]}, "properties": {"fillColor": "#FE0DFF", "executionState": "Documented", "externalID": "SDIRouteSection_109827847169_1702994887", "userLabel": "_Hausanschluss"}}, {"type": "Feature", "geometry": {"type": "LineString", "coordinates": [[14.296872848644853, 46.55785116736507], [14.29687712341547, 46.55784817030363]]}, "properties": {"fillColor": "#958CCF", "executionState": "Documented", "externalID": "SDIRouteSection_109834152193_1702994908", "userLabel": "_Querung offen"}}, {"type": "Feature", "geometry": {"type": "LineString", "coordinates": [[14.297297978773713, 46.55838884903338], [14.297298566472085, 46.55839184606493], [14.297270882691281, 46.558529729887795]]}, "properties": {"fillColor": "#FE0DFF", "executionState": "Documented", "externalID": "SDIRouteSection_109834434817_1702994891", "userLabel": "_Hausanschluss"}}, {"type": "Feature", "geometry": {"type": "LineString", "coordinates": [[14.29155059158802, 46.56112944998867], [14.291549250483513, 46.56113509795503]]}, "properties": {"fillColor": "#3B3B3B", "executionState": "Documented", "externalID": "SDIRouteSection_110005378817_1734340044", "userLabel": "_Sp\u00fclbohrung"}}, {"type": "Feature", "geometry": {"type": "LineString", "coordinates": [[14.296766147017479, 46.55712719931353], [14.296768158674242, 46.55713215605782], [14.296809732913973, 46.557333192002474]]}, "properties": {"fillColor": "#FE0DFF", "executionState": "Documented", "externalID": "SDIRouteSection_110127847425_1702995144", "userLabel": "_Hausanschluss"}}, {"type": "Feature", "geometry": {"type": "LineString", "coordinates": [[14.288039496168494, 46.56472420404103], [14.288062211126089, 46.56470138315251]]}, "properties": {"fillColor": "#3B3B3B", "executionState": "Documented", "externalID": "SDIRouteSection_110129517569_1729488717", "userLabel": "_Pressung"}}, {"type": "Feature", "geometry": {"type": "LineString", "coordinates": [[14.291636925190687, 46.561117577730926], [14.29155059158802, 46.56112944998867]]}, "properties": {"fillColor": "#3B3B3B", "executionState": "Documented", "externalID": "SDIRouteSection_110132038913_1734340043", "userLabel": "_Sp\u00fclbohrung"}}, {"type": "Feature", "geometry": {"type": "LineString", "coordinates": [[14.297418929636478, 46.557028179606135], [14.297419264912609, 46.55702149375212], [14.297409206513775, 46.55692189750757]]}, "properties": {"fillColor": "#FE0DFF", "executionState": "Documented", "externalID": "SDIRouteSection_110143649537_1702995144", "userLabel": "_Hausanschluss"}}, {"type": "Feature", "geometry": {"type": "LineString", "coordinates": [[14.297681450843811, 46.55713526843189], [14.297674745321276, 46.55713953353684], [14.297629147813145, 46.55725849511629]]}, "properties": {"fillColor": "#FE0DFF", "executionState": "Documented", "externalID": "SDIRouteSection_110149308929_1702995144", "userLabel": "_Hausanschluss"}}, {"type": "Feature", "geometry": {"type": "LineString", "coordinates": [[14.295510789379478, 46.55902853861335], [14.295579520985484, 46.55905127543639]]}, "properties": {"fillColor": "#958CCF", "executionState": "Documented", "externalID": "SDIRouteSection_110205200641_1702995262", "userLabel": "_Querung offen"}}, {"type": "Feature", "geometry": {"type": "LineString", "coordinates": [[14.295978834852576, 46.558228738144976], [14.29591504856944, 46.55822072682463]]}, "properties": {"fillColor": "#3B3B3B", "executionState": "Documented", "externalID": "SDIRouteSection_110234331137_1702995311", "userLabel": "_Pressung"}}, {"type": "Feature", "geometry": {"type": "LineString", "coordinates": [[14.295749254524708, 46.55877615635609], [14.29578647017479, 46.55878618481256]]}, "properties": {"fillColor": "#3B3B3B", "executionState": "Documented", "externalID": "SDIRouteSection_110266299905_1702995418", "userLabel": "_Pressung"}}, {"type": "Feature", "geometry": {"type": "LineString", "coordinates": [[14.295749254524708, 46.55877615635609], [14.295897781848907, 46.55854077527101]]}, "properties": {"fillColor": "#1B7CBD", "executionState": "Documented", "externalID": "SDIRouteSection_110266462977_0", "userLabel": "_Gr\u00fcnfl\u00e4che"}}, {"type": "Feature", "geometry": {"type": "LineString", "coordinates": [[14.295896021649241, 46.558218075596045], [14.295885713235402, 46.55821386821129], [14.295782446928936, 46.55815715501163]]}, "properties": {"fillColor": "#FE0DFF", "executionState": "Documented", "externalID": "SDIRouteSection_110266799873_1702995322", "userLabel": "_Hausanschluss"}}, {"type": "Feature", "geometry": {"type": "LineString", "coordinates": [[14.288039496168494, 46.56472420404103], [14.288076795637608, 46.56475382507901]]}, "properties": {"fillColor": "#3B3B3B", "executionState": "Documented", "externalID": "SDIRouteSection_110279286529_1729488720", "userLabel": "_Pressung"}}, {"type": "Feature", "geometry": {"type": "LineString", "coordinates": [[14.296278487890959, 46.5584757628815], [14.296285372548246, 46.55847022990857], [14.296349063526938, 46.55841397802223]]}, "properties": {"fillColor": "#FE0DFF", "executionState": "Documented", "externalID": "SDIRouteSection_110293330945_1702995496", "userLabel": "_Hausanschluss"}}, {"type": "Feature", "geometry": {"type": "LineString", "coordinates": [[14.288076795637608, 46.56475382507901], [14.288082487221095, 46.56475347930824], [14.288158267551465, 46.564765465015306]]}, "properties": {"fillColor": "#FE0DFF", "executionState": "Documented", "externalID": "SDIRouteSection_110293786881_1729488726", "userLabel": "_Hausanschluss"}}, {"type": "Feature", "geometry": {"type": "LineString", "coordinates": [[14.296772475354373, 46.558756329976944], [14.296775534749033, 46.558755868898274], [14.296928420668518, 46.55875241074078]]}, "properties": {"fillColor": "#FE0DFF", "executionState": "Documented", "externalID": "SDIRouteSection_110352287233_1702995489", "userLabel": "_Hausanschluss"}}, {"type": "Feature", "geometry": {"type": "LineString", "coordinates": [[14.29578647017479, 46.55878618481256], [14.295794181525707, 46.55880537719821]]}, "properties": {"fillColor": "#FE0DFF", "executionState": "Documented", "externalID": "SDIRouteSection_110361361409_0", "userLabel": "_Hausanschluss"}}, {"type": "Feature", "geometry": {"type": "LineString", "coordinates": [[14.296490885317326, 46.55865915756041], [14.296490214331978, 46.558660425529055], [14.2965710161718, 46.558841398969314]]}, "properties": {"fillColor": "#FE0DFF", "executionState": "Documented", "externalID": "SDIRouteSection_110367011841_1702995489", "userLabel": "_Hausanschluss"}}, {"type": "Feature", "geometry": {"type": "LineString", "coordinates": [[14.29578647017479, 46.55878618481256], [14.295812747441232, 46.55877941272291]]}, "properties": {"fillColor": "#FE0DFF", "executionState": "Documented", "externalID": "SDIRouteSection_110367778049_1702995507", "userLabel": "_Hausanschluss"}}, {"type": "Feature", "geometry": {"type": "LineString", "coordinates": [[14.295579520985484, 46.55905127543639], [14.2955856274513, 46.55905211113692], [14.295693251785247, 46.55928963208129]]}, "properties": {"fillColor": "#FE0DFF", "executionState": "Documented", "externalID": "SDIRouteSection_110367971841_0", "userLabel": "_Hausanschluss"}}, {"type": "Feature", "geometry": {"type": "LineString", "coordinates": [[14.295554459095001, 46.5587567910556], [14.29558178409934, 46.55876393777447]]}, "properties": {"fillColor": "#958CCF", "executionState": "Documented", "externalID": "SDIRouteSection_110480982273_1702995654", "userLabel": "_Querung offen"}}, {"type": "Feature", "geometry": {"type": "LineString", "coordinates": [[14.295554459095001, 46.5587567910556], [14.295546392923873, 46.55875333296554], [14.295356646220762, 46.5588146563947]]}, "properties": {"fillColor": "#FE0DFF", "executionState": "Documented", "externalID": "SDIRouteSection_110498628097_1702995659", "userLabel": "_Hausanschluss"}}, {"type": "Feature", "geometry": {"type": "LineString", "coordinates": [[14.295631907880306, 46.558779268635874], [14.295640960335732, 46.55875990333652]]}, "properties": {"fillColor": "#3B3B3B", "executionState": "Documented", "externalID": "SDIRouteSection_110502754049_0", "userLabel": "_Sp\u00fclbohrung"}}, {"type": "Feature", "geometry": {"type": "LineString", "coordinates": [[14.29413640871644, 46.56034460747563], [14.294147664877444, 46.560344953274516], [14.294334054047384, 46.56042241217779]]}, "properties": {"fillColor": "#FE0DFF", "executionState": "Documented", "externalID": "SDIRouteSection_110601591297_1702995740", "userLabel": "_Hausanschluss"}}, {"type": "Feature", "geometry": {"type": "LineString", "coordinates": [[14.29413640871644, 46.56034460747563], [14.29413559540934, 46.560351408186506], [14.2942482232912, 46.56044454318562]]}, "properties": {"fillColor": "#FE0DFF", "executionState": "Documented", "externalID": "SDIRouteSection_110603660545_1702995738", "userLabel": "_Hausanschluss"}}, {"type": "Feature", "geometry": {"type": "LineString", "coordinates": [[14.289242214961696, 46.55857483758235], [14.289248082786798, 46.55856440564156]]}, "properties": {"fillColor": "#1B7CBD", "executionState": "Documented", "externalID": "SDIRouteSection_111041128449_0", "userLabel": "_Bankett"}}, {"type": "Feature", "geometry": {"type": "LineString", "coordinates": [[14.28798258304596, 46.564798890518176], [14.288039496168494, 46.56472420404103]]}, "properties": {"fillColor": "#3B3B3B", "executionState": "Documented", "externalID": "SDIRouteSection_111147015681_1729488787", "userLabel": "_Pressung"}}, {"type": "Feature", "geometry": {"type": "LineString", "coordinates": [[14.288062211126089, 46.56470138315251], [14.288082160055637, 46.5646719926001]]}, "properties": {"fillColor": "#3B3B3B", "executionState": "Documented", "externalID": "SDIRouteSection_111782423041_1729488797", "userLabel": "_Pressung"}}, {"type": "Feature", "geometry": {"type": "LineString", "coordinates": [[14.288082160055637, 46.5646719926001], [14.28811033, 46.56463049]]}, "properties": {"fillColor": "#3B3B3B", "executionState": "Documented", "externalID": "SDIRouteSection_111790827777_1729488798", "userLabel": "_Pressung"}}, {"type": "Feature", "geometry": {"type": "LineString", "coordinates": [[14.289866331964731, 46.558065860277], [14.289845359110402, 46.55803681194344], [14.289776980967174, 46.55768361998649]]}, "properties": {"fillColor": "#FE0DFF", "executionState": "Documented", "externalID": "SDIRouteSection_111920950273_0", "userLabel": "_Hausanschluss"}}, {"type": "Feature", "geometry": {"type": "LineString", "coordinates": [[14.289866331964731, 46.558065860277], [14.289844019212326, 46.558037734112986], [14.289771616192708, 46.55792522947452]]}, "properties": {"fillColor": "#FE0DFF", "executionState": "Documented", "externalID": "SDIRouteSection_111928735745_1702996611", "userLabel": "_Hausanschluss"}}, {"type": "Feature", "geometry": {"type": "LineString", "coordinates": [[14.289973955601454, 46.55808568690844], [14.290000874150564, 46.55808107606457], [14.290402597320869, 46.55803848215526]]}, "properties": {"fillColor": "#FE0DFF", "executionState": "Documented", "externalID": "SDIRouteSection_111951591169_0", "userLabel": "_Hausanschluss"}}, {"type": "Feature", "geometry": {"type": "LineString", "coordinates": [[14.291674979031086, 46.55733457527475], [14.29167715832591, 46.557325007640856]]}, "properties": {"fillColor": "#0D15FF", "executionState": "Documented", "externalID": "SDIRouteSection_111966029313_1734340186", "userLabel": "_Gemeindestrasse Asphalt"}}, {"type": "Feature", "geometry": {"type": "LineString", "coordinates": [[14.291665758937597, 46.55736235598533], [14.291663244366646, 46.55735186617514]]}, "properties": {"fillColor": "#0D15FF", "executionState": "Documented", "externalID": "SDIRouteSection_111970256385_1734340188", "userLabel": "_Gemeindestrasse Asphalt"}}, {"type": "Feature", "geometry": {"type": "LineString", "coordinates": [[14.291590824723244, 46.557397859943336], [14.291648156940937, 46.55737757197019]]}, "properties": {"fillColor": "#0D15FF", "executionState": "Documented", "externalID": "SDIRouteSection_112018138625_1734340190", "userLabel": "_Gemeindestrasse Asphalt"}}, {"type": "Feature", "geometry": {"type": "LineString", "coordinates": [[14.291663244366646, 46.55735186617514], [14.291674979031086, 46.55733457527475]]}, "properties": {"fillColor": "#0D15FF", "executionState": "Documented", "externalID": "SDIRouteSection_112020911361_1734340187", "userLabel": "_Gemeindestrasse Asphalt"}}, {"type": "Feature", "geometry": {"type": "LineString", "coordinates": [[14.291559644043446, 46.55739313376844], [14.291590824723244, 46.557397859943336]]}, "properties": {"fillColor": "#0D15FF", "executionState": "Documented", "externalID": "SDIRouteSection_112037752833_1734340192", "userLabel": "_Gemeindestrasse Asphalt"}}, {"type": "Feature", "geometry": {"type": "LineString", "coordinates": [[14.291648156940937, 46.55737757197019], [14.291665758937597, 46.55736235598533]]}, "properties": {"fillColor": "#0D15FF", "executionState": "Documented", "externalID": "SDIRouteSection_112051495937_1734340189", "userLabel": "_Gemeindestrasse Asphalt"}}, {"type": "Feature", "geometry": {"type": "LineString", "coordinates": [[14.291534498333931, 46.55737561233599], [14.291559644043446, 46.55739313376844]]}, "properties": {"fillColor": "#0D15FF", "executionState": "Documented", "externalID": "SDIRouteSection_112075403777_1734340193", "userLabel": "_Gemeindestrasse Asphalt"}}, {"type": "Feature", "geometry": {"type": "LineString", "coordinates": [[14.291504491120577, 46.55736396980211], [14.291534498333931, 46.55737561233599]]}, "properties": {"fillColor": "#0D15FF", "executionState": "Documented", "externalID": "SDIRouteSection_112220941313_1734340208", "userLabel": "_Gemeindestrasse Asphalt"}}, {"type": "Feature", "geometry": {"type": "LineString", "coordinates": [[14.28805849, 46.56461291], [14.288047614094229, 46.56461286567586], [14.287727947586896, 46.56468172525288]]}, "properties": {"fillColor": "#FE0DFF", "executionState": "Documented", "externalID": "SDIRouteSection_112332235009_0", "userLabel": "_Hausanschluss"}}, {"type": "Feature", "geometry": {"type": "LineString", "coordinates": [[14.29167715832591, 46.557325007640856], [14.291709009557962, 46.55728097344854]]}, "properties": {"fillColor": "#0D15FF", "executionState": "Documented", "externalID": "SDIRouteSection_112632874753_1734340231", "userLabel": "_Gemeindestrasse Asphalt"}}, {"type": "Feature", "geometry": {"type": "LineString", "coordinates": [[14.29178075864911, 46.55731866764151], [14.291831888258457, 46.55734114581753]]}, "properties": {"fillColor": "#0D15FF", "executionState": "Documented", "externalID": "SDIRouteSection_112647581185_1734340235", "userLabel": "_Gemeindestrasse Asphalt"}}, {"type": "Feature", "geometry": {"type": "LineString", "coordinates": [[14.291867595165968, 46.557347024723555], [14.291922245174646, 46.55733192400288]]}, "properties": {"fillColor": "#0D15FF", "executionState": "Documented", "externalID": "SDIRouteSection_112672457729_1734340237", "userLabel": "_Gemeindestrasse Asphalt"}}, {"type": "Feature", "geometry": {"type": "LineString", "coordinates": [[14.287125449627638, 46.5649729280521], [14.28712088149041, 46.5649818316129]]}, "properties": {"fillColor": "#0D15FF", "executionState": "Documented", "externalID": "SDIRouteSection_112715559425_0", "userLabel": "_Gemeindestrasse Asphalt"}}, {"type": "Feature", "geometry": {"type": "LineString", "coordinates": [[14.2871179478243, 46.564966243177], [14.287113547390565, 46.564958175317486], [14.287039300755643, 46.56483138551936]]}, "properties": {"fillColor": "#FE0DFF", "executionState": "Documented", "externalID": "SDIRouteSection_112721723137_1703075949", "userLabel": "_Hausanschluss"}}, {"type": "Feature", "geometry": {"type": "LineString", "coordinates": [[14.287125449627638, 46.5649729280521], [14.2871179478243, 46.564966243177]]}, "properties": {"fillColor": "#958CCF", "executionState": "Documented", "externalID": "SDIRouteSection_112721985793_1703075840", "userLabel": "_Querung offen"}}, {"type": "Feature", "geometry": {"type": "LineString", "coordinates": [[14.291831888258457, 46.55734114581753], [14.291867595165968, 46.557347024723555]]}, "properties": {"fillColor": "#0D15FF", "executionState": "Documented", "externalID": "SDIRouteSection_112755693569_1734340236", "userLabel": "_Gemeindestrasse Asphalt"}}, {"type": "Feature", "geometry": {"type": "LineString", "coordinates": [[14.291922245174646, 46.55733192400288], [14.291933812201023, 46.55732201055034]]}, "properties": {"fillColor": "#0D15FF", "executionState": "Documented", "externalID": "SDIRouteSection_112831474689_1734340238", "userLabel": "_Gemeindestrasse Asphalt"}}, {"type": "Feature", "geometry": {"type": "LineString", "coordinates": [[14.287434741854668, 46.5645871921229], [14.287441174965352, 46.56456257028097]]}, "properties": {"fillColor": "#958CCF", "executionState": "Documented", "externalID": "SDIRouteSection_112832496385_1703075981", "userLabel": "_Querung offen"}}, {"type": "Feature", "geometry": {"type": "LineString", "coordinates": [[14.291933812201023, 46.55732201055034], [14.292183425277472, 46.55723682394765]]}, "properties": {"fillColor": "#0D15FF", "executionState": "Documented", "externalID": "SDIRouteSection_112864030209_1734340239", "userLabel": "_Gemeindestrasse Asphalt"}}, {"type": "Feature", "geometry": {"type": "LineString", "coordinates": [[14.290552977472544, 46.564831738704726], [14.290559513939634, 46.56483139293447], [14.290648833013808, 46.56484405507097]]}, "properties": {"fillColor": "#FE0DFF", "executionState": "Documented", "externalID": "SDIRouteSection_112944721921_1703076428", "userLabel": "_Hausanschluss"}}, {"type": "Feature", "geometry": {"type": "LineString", "coordinates": [[14.290524646639824, 46.56476039472338], [14.290524143725634, 46.56467787071185]]}, "properties": {"fillColor": "#0D15FF", "executionState": "Documented", "externalID": "SDIRouteSection_112944898817_0", "userLabel": "_Gemeindestrasse Asphalt"}}, {"type": "Feature", "geometry": {"type": "LineString", "coordinates": [[14.290548115417508, 46.5645008355374], [14.290483715330764, 46.56449553052226]]}, "properties": {"fillColor": "#958CCF", "executionState": "Documented", "externalID": "SDIRouteSection_113092447489_1703076462", "userLabel": "_Querung offen"}}, {"type": "Feature", "geometry": {"type": "LineString", "coordinates": [[14.290481647476554, 46.5647493300587], [14.290467649826835, 46.5647516352824], [14.290346950354618, 46.56469723395036]]}, "properties": {"fillColor": "#FE0DFF", "executionState": "Documented", "externalID": "SDIRouteSection_113101281025_0", "userLabel": "_Hausanschluss"}}, {"type": "Feature", "geometry": {"type": "LineString", "coordinates": [[14.290524646639824, 46.56476039472338], [14.290481647476554, 46.5647493300587]]}, "properties": {"fillColor": "#958CCF", "executionState": "Documented", "externalID": "SDIRouteSection_113101428993_1703076423", "userLabel": "_Querung offen"}}, {"type": "Feature", "geometry": {"type": "LineString", "coordinates": [[14.290548115417508, 46.5645008355374], [14.290552139282227, 46.56446862106691]]}, "properties": {"fillColor": "#0D15FF", "executionState": "Documented", "externalID": "SDIRouteSection_113114400001_0", "userLabel": "_Gemeindestrasse Asphalt"}}, {"type": "Feature", "geometry": {"type": "LineString", "coordinates": [[14.290483715330764, 46.56449553052226], [14.290479049217428, 46.564493459102216], [14.290319276431001, 46.56444423928591]]}, "properties": {"fillColor": "#FE0DFF", "executionState": "Documented", "externalID": "SDIRouteSection_113134589441_0", "userLabel": "_Hausanschluss"}}, {"type": "Feature", "geometry": {"type": "LineString", "coordinates": [[14.288345770910382, 46.561607335022245], [14.288348033964448, 46.561552930412425], [14.288533776933095, 46.56151696817419]]}, "properties": {"fillColor": "#FE0DFF", "executionState": "Documented", "externalID": "SDIRouteSection_113169330177_1650890547", "userLabel": "_Hausanschluss"}}, {"type": "Feature", "geometry": {"type": "LineString", "coordinates": [[14.288612231676517, 46.56164836894407], [14.288620278086976, 46.56164744687165], [14.288734271996049, 46.561634537355275]]}, "properties": {"fillColor": "#FE0DFF", "executionState": "Documented", "externalID": "SDIRouteSection_113197801217_1650890597", "userLabel": "_Hausanschluss"}}, {"type": "Feature", "geometry": {"type": "LineString", "coordinates": [[14.291008869186044, 46.56368693885642], [14.2910014110246, 46.56368803381877], [14.290749952282807, 46.56379084491372]]}, "properties": {"fillColor": "#FE0DFF", "executionState": "Documented", "externalID": "SDIRouteSection_113235534849_1703076774", "userLabel": "_Hausanschluss"}}, {"type": "Feature", "geometry": {"type": "LineString", "coordinates": [[14.290787000209093, 46.563312748598236], [14.290785491679715, 46.563307677221694], [14.290493130638776, 46.56329615124928]]}, "properties": {"fillColor": "#FE0DFF", "executionState": "Documented", "externalID": "SDIRouteSection_113240562689_0", "userLabel": "_Hausanschluss"}}, {"type": "Feature", "geometry": {"type": "LineString", "coordinates": [[14.290791191160679, 46.563308368718566], [14.290787000209093, 46.563312748598236]]}, "properties": {"fillColor": "#958CCF", "executionState": "Documented", "externalID": "SDIRouteSection_113249038081_1703076746", "userLabel": "_Querung offen"}}, {"type": "Feature", "geometry": {"type": "LineString", "coordinates": [[14.290849529206753, 46.56336207985035], [14.29084316644104, 46.56336346296894], [14.290510892415, 46.56347108692384]]}, "properties": {"fillColor": "#FE0DFF", "executionState": "Documented", "externalID": "SDIRouteSection_113252798721_1703076749", "userLabel": "_Hausanschluss"}}, {"type": "Feature", "geometry": {"type": "LineString", "coordinates": [[14.291003672406077, 46.564345180110195], [14.290999400470277, 46.56434131897398], [14.29081150998371, 46.56425121921625]]}, "properties": {"fillColor": "#FE0DFF", "executionState": "Documented", "externalID": "SDIRouteSection_113279592705_0", "userLabel": "_Hausanschluss"}}, {"type": "Feature", "geometry": {"type": "LineString", "coordinates": [[14.290955895558, 46.56442528421775], [14.29095579567514, 46.56442983689369], [14.290919601917269, 46.56456261350246]]}, "properties": {"fillColor": "#FE0DFF", "executionState": "Documented", "externalID": "SDIRouteSection_113280721153_0", "userLabel": "_Hausanschluss"}}, {"type": "Feature", "geometry": {"type": "LineString", "coordinates": [[14.29218870587647, 46.56409409042533], [14.292134223505855, 46.5640710963842]]}, "properties": {"fillColor": "#958CCF", "executionState": "Documented", "externalID": "SDIRouteSection_113546350081_1707738801", "userLabel": "_Querung offen"}}, {"type": "Feature", "geometry": {"type": "LineString", "coordinates": [[14.292134223505855, 46.5640710963842], [14.292127266526224, 46.56406838781227], [14.291734993593128, 46.563989090151146]]}, "properties": {"fillColor": "#FE0DFF", "executionState": "Documented", "externalID": "SDIRouteSection_113565582593_0", "userLabel": "_Hausanschluss"}}, {"type": "Feature", "geometry": {"type": "LineString", "coordinates": [[14.287596344947815, 46.565302762224036], [14.28759165108204, 46.56530279103799], [14.28738176822663, 46.5654411265866]]}, "properties": {"fillColor": "#FE0DFF", "executionState": "Documented", "externalID": "SDIRouteSection_113772811777_0", "userLabel": "_Hausanschluss"}}, {"type": "Feature", "geometry": {"type": "LineString", "coordinates": [[14.291709009557962, 46.55728097344854], [14.29176265373826, 46.557299647639184]]}, "properties": {"fillColor": "#0D15FF", "executionState": "Documented", "externalID": "SDIRouteSection_113816999425_1734340310", "userLabel": "_Gemeindestrasse Asphalt"}}, {"type": "Feature", "geometry": {"type": "LineString", "coordinates": [[14.285721983760595, 46.56030172839766], [14.285711757838726, 46.56030414899166]]}, "properties": {"fillColor": "#3B3B3B", "executionState": "Documented", "externalID": "SDIRouteSection_114206163713_1650890901", "userLabel": "_Pressung"}}, {"type": "Feature", "geometry": {"type": "LineString", "coordinates": [[14.285721983760595, 46.56030172839766], [14.28568460047245, 46.560225306731155]]}, "properties": {"fillColor": "#3B3B3B", "executionState": "Documented", "externalID": "SDIRouteSection_114206168321_0", "userLabel": "_Pressung"}}, {"type": "Feature", "geometry": {"type": "LineString", "coordinates": [[14.289293512698592, 46.56471429194922], [14.289300888509475, 46.56471383100366], [14.289624094963074, 46.56461793699354]]}, "properties": {"fillColor": "#FE0DFF", "executionState": "Documented", "externalID": "SDIRouteSection_114300475137_1703077970", "userLabel": "_Hausanschluss"}}, {"type": "Feature", "geometry": {"type": "LineString", "coordinates": [[14.29007789120078, 46.5534369504642], [14.2900924757123, 46.55347614597892]]}, "properties": {"fillColor": "#1B7CBD", "executionState": "Documented", "externalID": "SDIRouteSection_114720225793_1650891771", "userLabel": "_Bankett"}}, {"type": "Feature", "geometry": {"type": "LineString", "coordinates": [[14.285570103675127, 46.56243837928881], [14.285612516105175, 46.56239815289004]]}, "properties": {"fillColor": "#1B7CBD", "executionState": "Documented", "externalID": "SDIRouteSection_114794327809_0", "userLabel": "_Bankett"}}, {"type": "Feature", "geometry": {"type": "LineString", "coordinates": [[14.291709009557962, 46.55728097344854], [14.291717056185007, 46.55725411487916]]}, "properties": {"fillColor": "#FE0DFF", "executionState": "Documented", "externalID": "SDIRouteSection_114844108545_1734340399", "userLabel": "_Hausanschluss"}}, {"type": "Feature", "geometry": {"type": "LineString", "coordinates": [[14.284901730716228, 46.56308441808295], [14.284977838397026, 46.56299094175935]]}, "properties": {"fillColor": "#0D15FF", "executionState": "Documented", "externalID": "SDIRouteSection_114902749953_0", "userLabel": "_Gemeindestrasse Asphalt"}}, {"type": "Feature", "geometry": {"type": "LineString", "coordinates": [[14.292008075863123, 46.5643344035054], [14.29197572171688, 46.56432564391062]]}, "properties": {"fillColor": "#958CCF", "executionState": "Documented", "externalID": "SDIRouteSection_114980933889_1724646469", "userLabel": "_Querung offen"}}, {"type": "Feature", "geometry": {"type": "LineString", "coordinates": [[14.291953928768635, 46.56432114885487], [14.291940045035911, 46.56431263238763], [14.29172640955494, 46.564360526663776]]}, "properties": {"fillColor": "#FE0DFF", "executionState": "Documented", "externalID": "SDIRouteSection_115027071745_1724646480", "userLabel": "_Hausanschluss"}}, {"type": "Feature", "geometry": {"type": "LineString", "coordinates": [[14.291953928768635, 46.56432114885487], [14.291947044228138, 46.56430679354143], [14.291814377390718, 46.56417087854519]]}, "properties": {"fillColor": "#FE0DFF", "executionState": "Documented", "externalID": "SDIRouteSection_115061048065_1724647297", "userLabel": "_Hausanschluss"}}, {"type": "Feature", "geometry": {"type": "LineString", "coordinates": [[14.292008075863123, 46.5643344035054], [14.291904894635081, 46.56446706509021]]}, "properties": {"fillColor": "#3B3B3B", "executionState": "Documented", "externalID": "SDIRouteSection_115061338881_0", "userLabel": "_Sp\u00fclbohrung"}}, {"type": "Feature", "geometry": {"type": "LineString", "coordinates": [[14.292769152671099, 46.55570188600234], [14.292791448533535, 46.55566609274413]]}, "properties": {"fillColor": "#0D15FF", "executionState": "Documented", "externalID": "SDIRouteSection_115165499905_0", "userLabel": "_Gemeindestrasse Asphalt"}}, {"type": "Feature", "geometry": {"type": "LineString", "coordinates": [[14.29180950857699, 46.56460825538667], [14.291768353432417, 46.56467510454169]]}, "properties": {"fillColor": "#3B3B3B", "executionState": "Documented", "externalID": "SDIRouteSection_115167130881_0", "userLabel": "_Sp\u00fclbohrung"}}, {"type": "Feature", "geometry": {"type": "LineString", "coordinates": [[14.29180950857699, 46.56460825538667], [14.291779501363635, 46.56459563471799]]}, "properties": {"fillColor": "#958CCF", "executionState": "Documented", "externalID": "SDIRouteSection_115169643521_1724646676", "userLabel": "_Querung offen"}}, {"type": "Feature", "geometry": {"type": "LineString", "coordinates": [[14.291717056185007, 46.55725411487916], [14.291714881360248, 46.5572391294055], [14.291653186193392, 46.55718103178464]]}, "properties": {"fillColor": "#FE0DFF", "executionState": "Documented", "externalID": "SDIRouteSection_115169646593_1734340411", "userLabel": "_Hausanschluss"}}, {"type": "Feature", "geometry": {"type": "LineString", "coordinates": [[14.29099403321743, 46.553726766041905], [14.290947848930955, 46.55366036451878]]}, "properties": {"fillColor": "#3B3B3B", "executionState": "Documented", "externalID": "SDIRouteSection_115179695617_0", "userLabel": "_Pressung"}}, {"type": "Feature", "geometry": {"type": "LineString", "coordinates": [[14.29099403321743, 46.553726766041905], [14.29098280146718, 46.55373103141474]]}, "properties": {"fillColor": "#3B3B3B", "executionState": "Documented", "externalID": "SDIRouteSection_115179696385_1650891756", "userLabel": "_Pressung"}}, {"type": "Feature", "geometry": {"type": "LineString", "coordinates": [[14.289931375533342, 46.56377390184733], [14.289943276575935, 46.56377240348022], [14.2900639769663, 46.5637585724241]]}, "properties": {"fillColor": "#FE0DFF", "executionState": "Documented", "externalID": "SDIRouteSection_115200542465_0", "userLabel": "_Hausanschluss"}}, {"type": "Feature", "geometry": {"type": "LineString", "coordinates": [[14.28988292813301, 46.56377574599142], [14.289872201029327, 46.56377240348022], [14.289795756484391, 46.56376041660237]]}, "properties": {"fillColor": "#FE0DFF", "executionState": "Documented", "externalID": "SDIRouteSection_115206074625_0", "userLabel": "_Hausanschluss"}}, {"type": "Feature", "geometry": {"type": "LineString", "coordinates": [[14.288886403664947, 46.563642045382466], [14.288904424756765, 46.56364509975353]]}, "properties": {"fillColor": "#958CCF", "executionState": "Documented", "externalID": "SDIRouteSection_115243118593_1703078658", "userLabel": "_Querung offen"}}, {"type": "Feature", "geometry": {"type": "LineString", "coordinates": [[14.288886403664947, 46.563642045382466], [14.288894031196833, 46.563603894544855]]}, "properties": {"fillColor": "#0D15FF", "executionState": "Documented", "externalID": "SDIRouteSection_115257868801_0", "userLabel": "_Gemeindestrasse Asphalt"}}, {"type": "Feature", "geometry": {"type": "LineString", "coordinates": [[14.289786703884602, 46.56334957415169], [14.289793747281829, 46.56334502138508], [14.28989768011113, 46.563292001874]]}, "properties": {"fillColor": "#FE0DFF", "executionState": "Documented", "externalID": "SDIRouteSection_115259995137_1703078674", "userLabel": "_Hausanschluss"}}, {"type": "Feature", "geometry": {"type": "LineString", "coordinates": [[14.289939925074577, 46.5641008906662], [14.289955346988965, 46.56409789395], [14.290080070427942, 46.56417903573591]]}, "properties": {"fillColor": "#FE0DFF", "executionState": "Documented", "externalID": "SDIRouteSection_115449626881_0", "userLabel": "_Hausanschluss"}}, {"type": "Feature", "geometry": {"type": "LineString", "coordinates": [[14.288961505517364, 46.5634099126805], [14.28895890563126, 46.56340541754888], [14.288972318199514, 46.56330859934627]]}, "properties": {"fillColor": "#FE0DFF", "executionState": "Documented", "externalID": "SDIRouteSection_115450851585_0", "userLabel": "_Hausanschluss"}}, {"type": "Feature", "geometry": {"type": "LineString", "coordinates": [[14.29175091907382, 46.56458802773818], [14.291743705046247, 46.56458474290568], [14.29163859903904, 46.564559169262886]]}, "properties": {"fillColor": "#FE0DFF", "executionState": "Documented", "externalID": "SDIRouteSection_115470870017_1724647305", "userLabel": "_Hausanschluss"}}, {"type": "Feature", "geometry": {"type": "LineString", "coordinates": [[14.288904424756765, 46.56364509975353], [14.288912636423314, 46.563644696346024], [14.289235174610791, 46.563607352245]]}, "properties": {"fillColor": "#FE0DFF", "executionState": "Documented", "externalID": "SDIRouteSection_115481644545_0", "userLabel": "_Hausanschluss"}}, {"type": "Feature", "geometry": {"type": "LineString", "coordinates": [[14.288866915740073, 46.56245056822755], [14.288828149414204, 46.562429388852394], [14.288828174, 46.562429646], [14.288803800009191, 46.56241763215277]]}, "properties": {"fillColor": "#0D15FF", "executionState": "Documented", "externalID": "SDIRouteSection_115600487681_0", "userLabel": "_Gemeindestrasse Asphalt"}}, {"type": "Feature", "geometry": {"type": "LineString", "coordinates": [[14.291066033765674, 46.56403807484935], [14.2910663690418, 46.56397865908778]]}, "properties": {"fillColor": "#0D15FF", "executionState": "Documented", "externalID": "SDIRouteSection_115819401729_0", "userLabel": "_Gemeindestrasse Asphalt"}}, {"type": "Feature", "geometry": {"type": "LineString", "coordinates": [[14.291066033765674, 46.56403807484935], [14.29107902571559, 46.564042569928574]]}, "properties": {"fillColor": "#958CCF", "executionState": "Documented", "externalID": "SDIRouteSection_115853425921_1724647056", "userLabel": "_Querung offen"}}, {"type": "Feature", "geometry": {"type": "LineString", "coordinates": [[14.29107902571559, 46.564042569928574], [14.29109529511214, 46.56403703752334], [14.291250472554859, 46.56399567071579]]}, "properties": {"fillColor": "#FE0DFF", "executionState": "Documented", "externalID": "SDIRouteSection_115856849921_1724647285", "userLabel": "_Hausanschluss"}}, {"type": "Feature", "geometry": {"type": "LineString", "coordinates": [[14.289778657257557, 46.562738866086335], [14.289781659230073, 46.5627336793318], [14.289801120772726, 46.56265437951576]]}, "properties": {"fillColor": "#FE0DFF", "executionState": "Documented", "externalID": "SDIRouteSection_115914436353_1703079168", "userLabel": "_Hausanschluss"}}, {"type": "Feature", "geometry": {"type": "LineString", "coordinates": [[14.290259862318635, 46.5629545193751], [14.290108066052198, 46.56289325825276]]}, "properties": {"fillColor": "#0D15FF", "executionState": "Documented", "externalID": "SDIRouteSection_115916999425_0", "userLabel": "_Gemeindestrasse Asphalt"}}, {"type": "Feature", "geometry": {"type": "LineString", "coordinates": [[14.294057786464691, 46.55196075760304], [14.294056361541152, 46.551937412567185]]}, "properties": {"fillColor": "#0D15FF", "executionState": "Documented", "externalID": "SDIRouteSection_116056515585_1729573939", "userLabel": "_Gemeindestrasse Asphalt"}}, {"type": "Feature", "geometry": {"type": "LineString", "coordinates": [[14.294064994901419, 46.551915681500105], [14.294017972424626, 46.55187025950681]]}, "properties": {"fillColor": "#0D15FF", "executionState": "Documented", "externalID": "SDIRouteSection_116056760577_1729573935", "userLabel": "_Gemeindestrasse Asphalt"}}, {"type": "Feature", "geometry": {"type": "LineString", "coordinates": [[14.290259862318635, 46.5629545193751], [14.290287103503942, 46.56292599233237]]}, "properties": {"fillColor": "#958CCF", "executionState": "Documented", "externalID": "SDIRouteSection_116081223169_1703079173", "userLabel": "_Querung offen"}}, {"type": "Feature", "geometry": {"type": "LineString", "coordinates": [[14.290287103503942, 46.56292599233237], [14.29028993838959, 46.56291948009628], [14.290355934679956, 46.56281568102572]]}, "properties": {"fillColor": "#FE0DFF", "executionState": "Documented", "externalID": "SDIRouteSection_116086159105_0", "userLabel": "_Hausanschluss"}}, {"type": "Feature", "geometry": {"type": "LineString", "coordinates": [[14.294056361541152, 46.551937412567185], [14.294064994901419, 46.551915681500105]]}, "properties": {"fillColor": "#0D15FF", "executionState": "Documented", "externalID": "SDIRouteSection_116128999425_1729573944", "userLabel": "_Gemeindestrasse Asphalt"}}, {"type": "Feature", "geometry": {"type": "LineString", "coordinates": [[14.294095672667027, 46.5519926336481], [14.29406113922596, 46.551975168113984]]}, "properties": {"fillColor": "#0D15FF", "executionState": "Documented", "externalID": "SDIRouteSection_116248394753_1729573950", "userLabel": "_Gemeindestrasse Asphalt"}}, {"type": "Feature", "geometry": {"type": "LineString", "coordinates": [[14.294191813096404, 46.552023472118776], [14.294095672667027, 46.5519926336481]]}, "properties": {"fillColor": "#0D15FF", "executionState": "Documented", "externalID": "SDIRouteSection_116301509377_1729573954", "userLabel": "_Gemeindestrasse Asphalt"}}, {"type": "Feature", "geometry": {"type": "LineString", "coordinates": [[14.294191813096404, 46.552023472118776], [14.294201033189893, 46.55201205900457]]}, "properties": {"fillColor": "#958CCF", "executionState": "Documented", "externalID": "SDIRouteSection_116334894593_1729573958", "userLabel": "_Querung offen"}}, {"type": "Feature", "geometry": {"type": "LineString", "coordinates": [[14.287039283663034, 46.565104723654116], [14.286994872726549, 46.56509187258852], [14.286782569560996, 46.56506741183942]]}, "properties": {"fillColor": "#FE0DFF", "executionState": "Documented", "externalID": "SDIRouteSection_116365251841_1729489155", "userLabel": "_Hausanschluss"}}, {"type": "Feature", "geometry": {"type": "LineString", "coordinates": [[14.289609091356397, 46.563095944128975], [14.289595260901178, 46.56309836459832], [14.289370626235987, 46.56305871504206]]}, "properties": {"fillColor": "#FE0DFF", "executionState": "Documented", "externalID": "SDIRouteSection_116384104449_1703079238", "userLabel": "_Hausanschluss"}}, {"type": "Feature", "geometry": {"type": "LineString", "coordinates": [[14.28704984486103, 46.56510259141473], [14.287039283663034, 46.565104723654116]]}, "properties": {"fillColor": "#958CCF", "executionState": "Documented", "externalID": "SDIRouteSection_116384680193_1729489152", "userLabel": "_Querung offen"}}, {"type": "Feature", "geometry": {"type": "LineString", "coordinates": [[14.294201033189893, 46.55201205900457], [14.294201281853223, 46.55200641008858], [14.294214695706732, 46.5518745250643]]}, "properties": {"fillColor": "#FE0DFF", "executionState": "Documented", "externalID": "SDIRouteSection_116448453121_1729573969", "userLabel": "_Hausanschluss"}}, {"type": "Feature", "geometry": {"type": "LineString", "coordinates": [[14.287101686932147, 46.56500845584429], [14.28708718623966, 46.56503617499769]]}, "properties": {"fillColor": "#0D15FF", "executionState": "Documented", "externalID": "SDIRouteSection_116691111937_1729489239", "userLabel": "_Gemeindestrasse Asphalt"}}, {"type": "Feature", "geometry": {"type": "LineString", "coordinates": [[14.287075996398926, 46.5650553939866], [14.28704984486103, 46.56510259141473]]}, "properties": {"fillColor": "#0D15FF", "executionState": "Documented", "externalID": "SDIRouteSection_116723085569_1729489237", "userLabel": "_Gemeindestrasse Asphalt"}}, {"type": "Feature", "geometry": {"type": "LineString", "coordinates": [[14.28708718623966, 46.56503617499769], [14.287075996398926, 46.5650553939866]]}, "properties": {"fillColor": "#0D15FF", "executionState": "Documented", "externalID": "SDIRouteSection_116745552129_1729489237", "userLabel": "_Gemeindestrasse Asphalt"}}, {"type": "Feature", "geometry": {"type": "LineString", "coordinates": [[14.28712088149041, 46.5649818316129], [14.287101686932147, 46.56500845584429]]}, "properties": {"fillColor": "#0D15FF", "executionState": "Documented", "externalID": "SDIRouteSection_117019565825_1729489283", "userLabel": "_Gemeindestrasse Asphalt"}}, {"type": "Feature", "geometry": {"type": "LineString", "coordinates": [[14.287131526507437, 46.5649639668616], [14.287125449627638, 46.5649729280521]]}, "properties": {"fillColor": "#0D15FF", "executionState": "Documented", "externalID": "SDIRouteSection_117244198401_1729489288", "userLabel": "_Gemeindestrasse Asphalt"}}, {"type": "Feature", "geometry": {"type": "LineString", "coordinates": [[14.287153403274715, 46.564918642232215], [14.287131526507437, 46.5649639668616]]}, "properties": {"fillColor": "#0D15FF", "executionState": "Documented", "externalID": "SDIRouteSection_117262144513_1729489289", "userLabel": "_Gemeindestrasse Asphalt"}}, {"type": "Feature", "geometry": {"type": "LineString", "coordinates": [[14.287171005271375, 46.56489648415109], [14.287153403274715, 46.564918642232215]]}, "properties": {"fillColor": "#0D15FF", "executionState": "Documented", "externalID": "SDIRouteSection_117276259329_1729489291", "userLabel": "_Gemeindestrasse Asphalt"}}, {"type": "Feature", "geometry": {"type": "LineString", "coordinates": [[14.293766263872385, 46.55797318220607], [14.293565601087918, 46.55802712917056]]}, "properties": {"fillColor": "#CC6E84", "executionState": "Documented", "externalID": "SDIRouteSection_117408866561_0", "userLabel": "_Asphaltiert PrStr,IW"}}, {"type": "Feature", "geometry": {"type": "LineString", "coordinates": [[14.287226828746498, 46.56482790641735], [14.287171005271375, 46.56489648415109]]}, "properties": {"fillColor": "#0D15FF", "executionState": "Documented", "externalID": "SDIRouteSection_117759902209_1729489320", "userLabel": "_Gemeindestrasse Asphalt"}}, {"type": "Feature", "geometry": {"type": "LineString", "coordinates": [[14.287266223691404, 46.564783013887535], [14.287226828746498, 46.56482790641735]]}, "properties": {"fillColor": "#0D15FF", "executionState": "Documented", "externalID": "SDIRouteSection_117843856385_1729489321", "userLabel": "_Gemeindestrasse Asphalt"}}, {"type": "Feature", "geometry": {"type": "LineString", "coordinates": [[14.287360520102084, 46.56466620093056], [14.287322466261685, 46.564711007114255]]}, "properties": {"fillColor": "#0D15FF", "executionState": "Documented", "externalID": "SDIRouteSection_117978782209_1729489346", "userLabel": "_Gemeindestrasse Asphalt"}}, {"type": "Feature", "geometry": {"type": "LineString", "coordinates": [[14.291072320193052, 46.56436581125138], [14.291073912754655, 46.56435647537279]]}, "properties": {"fillColor": "#0D15FF", "executionState": "Documented", "externalID": "SDIRouteSection_118051261697_0", "userLabel": "_Gemeindestrasse Asphalt"}}, {"type": "Feature", "geometry": {"type": "LineString", "coordinates": [[14.287408841773868, 46.564618167507945], [14.287381768226624, 46.56464147827444]]}, "properties": {"fillColor": "#0D15FF", "executionState": "Documented", "externalID": "SDIRouteSection_118058981121_1729489348", "userLabel": "_Gemeindestrasse Asphalt"}}, {"type": "Feature", "geometry": {"type": "LineString", "coordinates": [[14.287381768226624, 46.56464147827444], [14.287360520102084, 46.56466620093056]]}, "properties": {"fillColor": "#0D15FF", "executionState": "Documented", "externalID": "SDIRouteSection_118067842817_1729489347", "userLabel": "_Gemeindestrasse Asphalt"}}, {"type": "Feature", "geometry": {"type": "LineString", "coordinates": [[14.287322466261685, 46.564711007114255], [14.287266223691404, 46.564783013887535]]}, "properties": {"fillColor": "#0D15FF", "executionState": "Documented", "externalID": "SDIRouteSection_118069653505_1729489344", "userLabel": "_Gemeindestrasse Asphalt"}}, {"type": "Feature", "geometry": {"type": "LineString", "coordinates": [[14.291072320193052, 46.56436581125138], [14.291003672406077, 46.564345180110195]]}, "properties": {"fillColor": "#958CCF", "executionState": "Documented", "externalID": "SDIRouteSection_118108892673_1707740402", "userLabel": "_Querung offen"}}, {"type": "Feature", "geometry": {"type": "LineString", "coordinates": [[14.291822332888842, 46.55721607482255], [14.291884861886501, 46.557147717926455]]}, "properties": {"fillColor": "#0D15FF", "executionState": "Documented", "externalID": "SDIRouteSection_118177608193_1734340635", "userLabel": "_Gemeindestrasse Asphalt"}}, {"type": "Feature", "geometry": {"type": "LineString", "coordinates": [[14.291884861886501, 46.557147717926455], [14.292114526033401, 46.556919130918374]]}, "properties": {"fillColor": "#0D15FF", "executionState": "Documented", "externalID": "SDIRouteSection_118192665089_1734340636", "userLabel": "_Gemeindestrasse Asphalt"}}, {"type": "Feature", "geometry": {"type": "LineString", "coordinates": [[14.287434741854668, 46.5645871921229], [14.287417310015895, 46.56458059364325], [14.287396017462015, 46.564574427377664]]}, "properties": {"fillColor": "#958CCF", "executionState": "Documented", "externalID": "SDIRouteSection_118273509633_1729489397", "userLabel": "_Querung offen"}}, {"type": "Feature", "geometry": {"type": "LineString", "coordinates": [[14.287396017462015, 46.564574427377664], [14.287367057986557, 46.56457681896677]]}, "properties": {"fillColor": "#FE0DFF", "executionState": "Documented", "externalID": "SDIRouteSection_118347192833_1729489401", "userLabel": "_Hausanschluss"}}, {"type": "Feature", "geometry": {"type": "LineString", "coordinates": [[14.290183251723647, 46.55341960067591], [14.290136145427823, 46.55342813146953]]}, "properties": {"fillColor": "#1B7CBD", "executionState": "Documented", "externalID": "SDIRouteSection_118392450305_1729574223", "userLabel": "_Bankett"}}, {"type": "Feature", "geometry": {"type": "LineString", "coordinates": [[14.290435463190079, 46.55338052040145], [14.290413754060864, 46.55338501636365]]}, "properties": {"fillColor": "#1B7CBD", "executionState": "Documented", "externalID": "SDIRouteSection_118414784513_1729574227", "userLabel": "_Bankett"}}, {"type": "Feature", "geometry": {"type": "LineString", "coordinates": [[14.290234465152025, 46.55341124280247], [14.290183251723647, 46.55341960067591]]}, "properties": {"fillColor": "#1B7CBD", "executionState": "Documented", "externalID": "SDIRouteSection_118477005569_1729574224", "userLabel": "_Bankett"}}, {"type": "Feature", "geometry": {"type": "LineString", "coordinates": [[14.290446359664202, 46.553404902345875], [14.290435463190079, 46.55338052040145]]}, "properties": {"fillColor": "#0D15FF", "executionState": "Documented", "externalID": "SDIRouteSection_118496482305_1729574229", "userLabel": "_Gemeindestrasse Asphalt"}}, {"type": "Feature", "geometry": {"type": "LineString", "coordinates": [[14.290327923372388, 46.55339827368596], [14.290277883410454, 46.55340519054846]]}, "properties": {"fillColor": "#1B7CBD", "executionState": "Documented", "externalID": "SDIRouteSection_118496607745_1729574226", "userLabel": "_Bankett"}}, {"type": "Feature", "geometry": {"type": "LineString", "coordinates": [[14.290136145427823, 46.55342813146953], [14.29007789120078, 46.5534369504642]]}, "properties": {"fillColor": "#1B7CBD", "executionState": "Documented", "externalID": "SDIRouteSection_118496738561_1729574222", "userLabel": "_Bankett"}}, {"type": "Feature", "geometry": {"type": "LineString", "coordinates": [[14.290277883410454, 46.55340519054846], [14.290234465152025, 46.55341124280247]]}, "properties": {"fillColor": "#1B7CBD", "executionState": "Documented", "externalID": "SDIRouteSection_118521335553_1729574225", "userLabel": "_Bankett"}}, {"type": "Feature", "geometry": {"type": "LineString", "coordinates": [[14.290413754060864, 46.55338501636365], [14.290395230054855, 46.553386745579786]]}, "properties": {"fillColor": "#1B7CBD", "executionState": "Documented", "externalID": "SDIRouteSection_118549277185_1729574236", "userLabel": "_Bankett"}}, {"type": "Feature", "geometry": {"type": "LineString", "coordinates": [[14.287441174965352, 46.56456257028097], [14.287439429224042, 46.56455731166493], [14.287326782999331, 46.56443859654656]]}, "properties": {"fillColor": "#FE0DFF", "executionState": "Documented", "externalID": "SDIRouteSection_118550818305_1729489432", "userLabel": "_Hausanschluss"}}, {"type": "Feature", "geometry": {"type": "LineString", "coordinates": [[14.290377711877227, 46.55338882063907], [14.290327923372388, 46.55339827368596]]}, "properties": {"fillColor": "#1B7CBD", "executionState": "Documented", "externalID": "SDIRouteSection_118583294977_1729574237", "userLabel": "_Bankett"}}, {"type": "Feature", "geometry": {"type": "LineString", "coordinates": [[14.290714748203754, 46.5533580982254], [14.290687423199415, 46.55336351643845]]}, "properties": {"fillColor": "#0D15FF", "executionState": "Documented", "externalID": "SDIRouteSection_118583921153_1729574277", "userLabel": "_Gemeindestrasse Asphalt"}}, {"type": "Feature", "geometry": {"type": "LineString", "coordinates": [[14.290486257523298, 46.55339833132649], [14.290446359664202, 46.553404902345875]]}, "properties": {"fillColor": "#0D15FF", "executionState": "Documented", "externalID": "SDIRouteSection_118584439297_1729574273", "userLabel": "_Gemeindestrasse Asphalt"}}, {"type": "Feature", "geometry": {"type": "LineString", "coordinates": [[14.29054250009358, 46.5533885324364], [14.290486257523298, 46.55339833132649]]}, "properties": {"fillColor": "#0D15FF", "executionState": "Documented", "externalID": "SDIRouteSection_118643707393_1729574274", "userLabel": "_Gemeindestrasse Asphalt"}}, {"type": "Feature", "geometry": {"type": "LineString", "coordinates": [[14.292223323136568, 46.55681515405851], [14.292240757495165, 46.55680051428507]]}, "properties": {"fillColor": "#0D15FF", "executionState": "Documented", "externalID": "SDIRouteSection_118653317889_1734340692", "userLabel": "_Gemeindestrasse Asphalt"}}, {"type": "Feature", "geometry": {"type": "LineString", "coordinates": [[14.292251989245415, 46.55679279093846], [14.292282331734896, 46.55675382836705]]}, "properties": {"fillColor": "#0D15FF", "executionState": "Documented", "externalID": "SDIRouteSection_118660472065_1734340694", "userLabel": "_Gemeindestrasse Asphalt"}}, {"type": "Feature", "geometry": {"type": "LineString", "coordinates": [[14.292240757495165, 46.55680051428507], [14.292251989245415, 46.55679279093846]]}, "properties": {"fillColor": "#0D15FF", "executionState": "Documented", "externalID": "SDIRouteSection_118666115073_1734340693", "userLabel": "_Gemeindestrasse Asphalt"}}, {"type": "Feature", "geometry": {"type": "LineString", "coordinates": [[14.290649117901921, 46.55336968397819], [14.290596479550004, 46.55337907938784]]}, "properties": {"fillColor": "#0D15FF", "executionState": "Documented", "externalID": "SDIRouteSection_118670494721_1729574276", "userLabel": "_Gemeindestrasse Asphalt"}}, {"type": "Feature", "geometry": {"type": "LineString", "coordinates": [[14.290687423199415, 46.55336351643845], [14.290649117901921, 46.55336968397819]]}, "properties": {"fillColor": "#0D15FF", "executionState": "Documented", "externalID": "SDIRouteSection_118677845505_1729574277", "userLabel": "_Gemeindestrasse Asphalt"}}, {"type": "Feature", "geometry": {"type": "LineString", "coordinates": [[14.292355421930552, 46.55666195497403], [14.292386937886477, 46.556613194000846]]}, "properties": {"fillColor": "#0D15FF", "executionState": "Documented", "externalID": "SDIRouteSection_118681688321_1734340707", "userLabel": "_Gemeindestrasse Asphalt"}}, {"type": "Feature", "geometry": {"type": "LineString", "coordinates": [[14.290596479550004, 46.55337907938784], [14.29054250009358, 46.5533885324364]]}, "properties": {"fillColor": "#0D15FF", "executionState": "Documented", "externalID": "SDIRouteSection_118698225409_1729574275", "userLabel": "_Gemeindestrasse Asphalt"}}, {"type": "Feature", "geometry": {"type": "LineString", "coordinates": [[14.292386937886477, 46.556613194000846], [14.292481318116188, 46.55641941769102]]}, "properties": {"fillColor": "#0D15FF", "executionState": "Documented", "externalID": "SDIRouteSection_118720972545_1734340708", "userLabel": "_Gemeindestrasse Asphalt"}}, {"type": "Feature", "geometry": {"type": "LineString", "coordinates": [[14.290820611640811, 46.55333619480538], [14.290791358798742, 46.55334195886411]]}, "properties": {"fillColor": "#0D15FF", "executionState": "Documented", "externalID": "SDIRouteSection_118745158913_1729574305", "userLabel": "_Gemeindestrasse Asphalt"}}, {"type": "Feature", "geometry": {"type": "LineString", "coordinates": [[14.290763782337308, 46.553347550000524], [14.290714748203754, 46.5533580982254]]}, "properties": {"fillColor": "#0D15FF", "executionState": "Documented", "externalID": "SDIRouteSection_118766800129_1729574296", "userLabel": "_Gemeindestrasse Asphalt"}}, {"type": "Feature", "geometry": {"type": "LineString", "coordinates": [[14.29224880412221, 46.55721250136128], [14.292315859347582, 46.55718691076103]]}, "properties": {"fillColor": "#0D15FF", "executionState": "Documented", "externalID": "SDIRouteSection_118826380289_1734340731", "userLabel": "_Gemeindestrasse Asphalt"}}, {"type": "Feature", "geometry": {"type": "LineString", "coordinates": [[14.290791358798742, 46.55334195886411], [14.290773756802082, 46.55334628190778]]}, "properties": {"fillColor": "#0D15FF", "executionState": "Documented", "externalID": "SDIRouteSection_118829093889_1729574305", "userLabel": "_Gemeindestrasse Asphalt"}}, {"type": "Feature", "geometry": {"type": "LineString", "coordinates": [[14.292337317019701, 46.55717480709458], [14.292378975078464, 46.55715924523369]]}, "properties": {"fillColor": "#0D15FF", "executionState": "Documented", "externalID": "SDIRouteSection_118837117953_1734340733", "userLabel": "_Gemeindestrasse Asphalt"}}, {"type": "Feature", "geometry": {"type": "LineString", "coordinates": [[14.290873249992728, 46.553326395904065], [14.290820611640811, 46.55333619480538]]}, "properties": {"fillColor": "#0D15FF", "executionState": "Documented", "externalID": "SDIRouteSection_118847712001_1729574306", "userLabel": "_Gemeindestrasse Asphalt"}}, {"type": "Feature", "geometry": {"type": "LineString", "coordinates": [[14.292315859347582, 46.55718691076103], [14.292337317019701, 46.55717480709458]]}, "properties": {"fillColor": "#0D15FF", "executionState": "Documented", "externalID": "SDIRouteSection_118858637057_1734340732", "userLabel": "_Gemeindestrasse Asphalt"}}, {"type": "Feature", "geometry": {"type": "LineString", "coordinates": [[14.290918344631791, 46.55331561711063], [14.290873249992728, 46.553326395904065]]}, "properties": {"fillColor": "#0D15FF", "executionState": "Documented", "externalID": "SDIRouteSection_118869802753_1729574315", "userLabel": "_Gemeindestrasse Asphalt"}}, {"type": "Feature", "geometry": {"type": "LineString", "coordinates": [[14.290790855884552, 46.55337175903813], [14.290773756802082, 46.55334628190778]]}, "properties": {"fillColor": "#3B3B3B", "executionState": "Documented", "externalID": "SDIRouteSection_118897839873_1729574321", "userLabel": "_Pressung"}}, {"type": "Feature", "geometry": {"type": "LineString", "coordinates": [[14.290811643004417, 46.55339222143053], [14.290790855884552, 46.55337175903813]]}, "properties": {"fillColor": "#3B3B3B", "executionState": "Documented", "externalID": "SDIRouteSection_118925669377_1729574323", "userLabel": "_Pressung"}}, {"type": "Feature", "geometry": {"type": "LineString", "coordinates": [[14.290832933038473, 46.55343424136143], [14.290833184495568, 46.55343072529163]]}, "properties": {"fillColor": "#3B3B3B", "executionState": "Documented", "externalID": "SDIRouteSection_118931073537_1729574324", "userLabel": "_Pressung"}}, {"type": "Feature", "geometry": {"type": "LineString", "coordinates": [[14.290832933038473, 46.55343424136143], [14.290811391547322, 46.55343389551851]]}, "properties": {"fillColor": "#958CCF", "executionState": "Documented", "externalID": "SDIRouteSection_119021330689_1729574350", "userLabel": "_Querung offen"}}, {"type": "Feature", "geometry": {"type": "LineString", "coordinates": [[14.287367057986557, 46.56457681896677], [14.287261739564935, 46.564623930452534]]}, "properties": {"fillColor": "#FE0DFF", "executionState": "Documented", "externalID": "SDIRouteSection_119190073601_1729489499", "userLabel": "_Hausanschluss"}}, {"type": "Feature", "geometry": {"type": "LineString", "coordinates": [[14.290811391547322, 46.55343389551851], [14.290802255272869, 46.55343176282045], [14.290679875064226, 46.5534958570876]]}, "properties": {"fillColor": "#FE0DFF", "executionState": "Documented", "externalID": "SDIRouteSection_119196463361_1729574358", "userLabel": "_Hausanschluss"}}, {"type": "Feature", "geometry": {"type": "LineString", "coordinates": [[14.290395230054855, 46.553386745579786], [14.290377711877227, 46.55338882063907]]}, "properties": {"fillColor": "#1B7CBD", "executionState": "Documented", "externalID": "SDIRouteSection_119214711297_1729574392", "userLabel": "_Bankett"}}, {"type": "Feature", "geometry": {"type": "LineString", "coordinates": [[14.290833184495568, 46.55343072529163], [14.290811643004417, 46.55339222143053]]}, "properties": {"fillColor": "#3B3B3B", "executionState": "Documented", "externalID": "SDIRouteSection_119242923009_1729574381", "userLabel": "_Pressung"}}, {"type": "Feature", "geometry": {"type": "LineString", "coordinates": [[14.292378975078464, 46.55715924523369], [14.292450807988644, 46.55712685349414]]}, "properties": {"fillColor": "#0D15FF", "executionState": "Documented", "externalID": "SDIRouteSection_119250707457_1734340772", "userLabel": "_Gemeindestrasse Asphalt"}}, {"type": "Feature", "geometry": {"type": "LineString", "coordinates": [[14.28748226724565, 46.56455650486353], [14.287444171495736, 46.56457581046536]]}, "properties": {"fillColor": "#0D15FF", "executionState": "Documented", "externalID": "SDIRouteSection_119275879425_1729489536", "userLabel": "_Gemeindestrasse Asphalt"}}, {"type": "Feature", "geometry": {"type": "LineString", "coordinates": [[14.28752254229039, 46.56454005187504], [14.28748226724565, 46.56455650486353]]}, "properties": {"fillColor": "#0D15FF", "executionState": "Documented", "externalID": "SDIRouteSection_119320503297_1729489537", "userLabel": "_Gemeindestrasse Asphalt"}}, {"type": "Feature", "geometry": {"type": "LineString", "coordinates": [[14.287444171495736, 46.56457581046536], [14.287434741854668, 46.5645871921229]]}, "properties": {"fillColor": "#0D15FF", "executionState": "Documented", "externalID": "SDIRouteSection_119323015937_1729489535", "userLabel": "_Gemeindestrasse Asphalt"}}, {"type": "Feature", "geometry": {"type": "LineString", "coordinates": [[14.29084206931293, 46.553472399350056], [14.290832933038473, 46.55343424136143]]}, "properties": {"fillColor": "#3B3B3B", "executionState": "Documented", "externalID": "SDIRouteSection_119339959041_1729574385", "userLabel": "_Pressung"}}, {"type": "Feature", "geometry": {"type": "LineString", "coordinates": [[14.292378975078464, 46.55715924523369], [14.292369838804007, 46.55714915884002]]}, "properties": {"fillColor": "#958CCF", "executionState": "Documented", "externalID": "SDIRouteSection_119360703489_1734340778", "userLabel": "_Querung offen"}}, {"type": "Feature", "geometry": {"type": "LineString", "coordinates": [[14.28755238186568, 46.56450705944005], [14.28752254229039, 46.56454005187504]]}, "properties": {"fillColor": "#0D15FF", "executionState": "Documented", "externalID": "SDIRouteSection_119380907521_1729489538", "userLabel": "_Gemeindestrasse Asphalt"}}, {"type": "Feature", "geometry": {"type": "LineString", "coordinates": [[14.28758385591209, 46.56446937024086], [14.28755238186568, 46.56450705944005]]}, "properties": {"fillColor": "#0D15FF", "executionState": "Documented", "externalID": "SDIRouteSection_119414080769_1729489539", "userLabel": "_Gemeindestrasse Asphalt"}}, {"type": "Feature", "geometry": {"type": "LineString", "coordinates": [[14.292369838804007, 46.55714915884002], [14.292366658150867, 46.55714414446073], [14.292339161120735, 46.55710126286279]]}, "properties": {"fillColor": "#FE0DFF", "executionState": "Documented", "externalID": "SDIRouteSection_119440547073_1734340787", "userLabel": "_Hausanschluss"}}, {"type": "Feature", "geometry": {"type": "LineString", "coordinates": [[14.287656359374523, 46.56438263888023], [14.287611306644976, 46.564435945546876]]}, "properties": {"fillColor": "#0D15FF", "executionState": "Documented", "externalID": "SDIRouteSection_119492679937_1729489574", "userLabel": "_Gemeindestrasse Asphalt"}}, {"type": "Feature", "geometry": {"type": "LineString", "coordinates": [[14.29112110286951, 46.55327209843077], [14.291072571650147, 46.553284260608365]]}, "properties": {"fillColor": "#0D15FF", "executionState": "Documented", "externalID": "SDIRouteSection_119495514625_1729574475", "userLabel": "_Gemeindestrasse Asphalt"}}, {"type": "Feature", "geometry": {"type": "LineString", "coordinates": [[14.287680310662836, 46.56435551008897], [14.287656359374523, 46.56438263888023]]}, "properties": {"fillColor": "#0D15FF", "executionState": "Documented", "externalID": "SDIRouteSection_119497342209_1729489575", "userLabel": "_Gemeindestrasse Asphalt"}}, {"type": "Feature", "geometry": {"type": "LineString", "coordinates": [[14.287611306644976, 46.564435945546876], [14.28758385591209, 46.56446937024086]]}, "properties": {"fillColor": "#0D15FF", "executionState": "Documented", "externalID": "SDIRouteSection_119497905409_1729489573", "userLabel": "_Gemeindestrasse Asphalt"}}, {"type": "Feature", "geometry": {"type": "LineString", "coordinates": [[14.291064022108912, 46.553280513966286], [14.291044743731618, 46.553283395998676]]}, "properties": {"fillColor": "#0D15FF", "executionState": "Documented", "externalID": "SDIRouteSection_119508307457_1729574473", "userLabel": "_Gemeindestrasse Asphalt"}}, {"type": "Feature", "geometry": {"type": "LineString", "coordinates": [[14.291044743731618, 46.553283395998676], [14.291010377928615, 46.55329256086074]]}, "properties": {"fillColor": "#0D15FF", "executionState": "Documented", "externalID": "SDIRouteSection_119519957761_1729574472", "userLabel": "_Gemeindestrasse Asphalt"}}, {"type": "Feature", "geometry": {"type": "LineString", "coordinates": [[14.291010377928615, 46.55329256086074], [14.290963187813759, 46.55330420426813]]}, "properties": {"fillColor": "#0D15FF", "executionState": "Documented", "externalID": "SDIRouteSection_119521874177_1729574485", "userLabel": "_Gemeindestrasse Asphalt"}}, {"type": "Feature", "geometry": {"type": "LineString", "coordinates": [[14.291072571650147, 46.553284260608365], [14.291064022108912, 46.553280513966286]]}, "properties": {"fillColor": "#0D15FF", "executionState": "Documented", "externalID": "SDIRouteSection_119530228993_1729574474", "userLabel": "_Gemeindestrasse Asphalt"}}, {"type": "Feature", "geometry": {"type": "LineString", "coordinates": [[14.291432909667492, 46.55316938267981], [14.291391083970666, 46.55318235185098]]}, "properties": {"fillColor": "#0D15FF", "executionState": "Documented", "externalID": "SDIRouteSection_119565815553_1729574518", "userLabel": "_Gemeindestrasse Asphalt"}}, {"type": "Feature", "geometry": {"type": "LineString", "coordinates": [[14.291154546663165, 46.553263971097294], [14.29112110286951, 46.55327209843077]]}, "properties": {"fillColor": "#0D15FF", "executionState": "Documented", "externalID": "SDIRouteSection_119573036289_1729574495", "userLabel": "_Gemeindestrasse Asphalt"}}, {"type": "Feature", "geometry": {"type": "LineString", "coordinates": [[14.290963187813759, 46.55330420426813], [14.290944328531623, 46.55330795090862]]}, "properties": {"fillColor": "#0D15FF", "executionState": "Documented", "externalID": "SDIRouteSection_119582944513_1729574490", "userLabel": "_Gemeindestrasse Asphalt"}}, {"type": "Feature", "geometry": {"type": "LineString", "coordinates": [[14.29130676202476, 46.55321999125027], [14.291282957419753, 46.55322834915319]]}, "properties": {"fillColor": "#0D15FF", "executionState": "Documented", "externalID": "SDIRouteSection_119593056001_1729574520", "userLabel": "_Gemeindestrasse Asphalt"}}, {"type": "Feature", "geometry": {"type": "LineString", "coordinates": [[14.291487392038107, 46.55317820171652], [14.291462330147624, 46.5531607942047]]}, "properties": {"fillColor": "#0D15FF", "executionState": "Documented", "externalID": "SDIRouteSection_119609861377_1729574517", "userLabel": "_Gemeindestrasse Asphalt"}}, {"type": "Feature", "geometry": {"type": "LineString", "coordinates": [[14.2915896512568, 46.55317405158175], [14.291526870802045, 46.55318892289657]]}, "properties": {"fillColor": "#0D15FF", "executionState": "Documented", "externalID": "SDIRouteSection_119610490881_1729574532", "userLabel": "_Gemeindestrasse Asphalt"}}, {"type": "Feature", "geometry": {"type": "LineString", "coordinates": [[14.291462330147624, 46.5531607942047], [14.291432909667492, 46.55316938267981]]}, "properties": {"fillColor": "#0D15FF", "executionState": "Documented", "externalID": "SDIRouteSection_119615019265_1729574518", "userLabel": "_Gemeindestrasse Asphalt"}}, {"type": "Feature", "geometry": {"type": "LineString", "coordinates": [[14.291307013481855, 46.55321053817238], [14.29130676202476, 46.55321999125027]]}, "properties": {"fillColor": "#0D15FF", "executionState": "Documented", "externalID": "SDIRouteSection_119643728897_1729574519", "userLabel": "_Gemeindestrasse Asphalt"}}, {"type": "Feature", "geometry": {"type": "LineString", "coordinates": [[14.291526870802045, 46.55318892289657], [14.291487392038107, 46.55317820171652]]}, "properties": {"fillColor": "#0D15FF", "executionState": "Documented", "externalID": "SDIRouteSection_119643888129_1729574516", "userLabel": "_Gemeindestrasse Asphalt"}}, {"type": "Feature", "geometry": {"type": "LineString", "coordinates": [[14.291282957419753, 46.55322834915319], [14.291223865002394, 46.553245526080616]]}, "properties": {"fillColor": "#0D15FF", "executionState": "Documented", "externalID": "SDIRouteSection_119658941441_1729574521", "userLabel": "_Gemeindestrasse Asphalt"}}, {"type": "Feature", "geometry": {"type": "LineString", "coordinates": [[14.287685109302402, 46.56429510057566], [14.28769948426634, 46.564308312010866]]}, "properties": {"fillColor": "#0D15FF", "executionState": "Documented", "externalID": "SDIRouteSection_119659614209_1729489642", "userLabel": "_Gemeindestrasse Asphalt"}}, {"type": "Feature", "geometry": {"type": "LineString", "coordinates": [[14.293095795437694, 46.55681071601737], [14.293220434337854, 46.55674673902041]]}, "properties": {"fillColor": "#1B7CBD", "executionState": "Documented", "externalID": "SDIRouteSection_119675910401_1734340832", "userLabel": "_Bankett"}}, {"type": "Feature", "geometry": {"type": "LineString", "coordinates": [[14.292886164039373, 46.55691561507439], [14.29293243214488, 46.55696109048168]]}, "properties": {"fillColor": "#958CCF", "executionState": "Documented", "externalID": "SDIRouteSection_119693092097_1734340842", "userLabel": "_Querung offen"}}, {"type": "Feature", "geometry": {"type": "LineString", "coordinates": [[14.287874079309404, 46.56430720265385], [14.287891136482358, 46.5643084993049]]}, "properties": {"fillColor": "#0D15FF", "executionState": "Documented", "externalID": "SDIRouteSection_119697579009_1729489653", "userLabel": "_Gemeindestrasse Asphalt"}}, {"type": "Feature", "geometry": {"type": "LineString", "coordinates": [[14.287764423061162, 46.564300921099345], [14.287820749450475, 46.56430432120692]]}, "properties": {"fillColor": "#0D15FF", "executionState": "Documented", "externalID": "SDIRouteSection_119708924417_1729489645", "userLabel": "_Gemeindestrasse Asphalt"}}, {"type": "Feature", "geometry": {"type": "LineString", "coordinates": [[14.28769948426634, 46.564308312010866], [14.287715430837125, 46.56431728771693]]}, "properties": {"fillColor": "#0D15FF", "executionState": "Documented", "externalID": "SDIRouteSection_119709174785_1729489640", "userLabel": "_Gemeindestrasse Asphalt"}}, {"type": "Feature", "geometry": {"type": "LineString", "coordinates": [[14.291391083970666, 46.55318235185098], [14.291333332657814, 46.55320143093721]]}, "properties": {"fillColor": "#0D15FF", "executionState": "Documented", "externalID": "SDIRouteSection_119711899137_1729574547", "userLabel": "_Gemeindestrasse Asphalt"}}, {"type": "Feature", "geometry": {"type": "LineString", "coordinates": [[14.287820749450475, 46.56430432120692], [14.287874079309404, 46.56430720265385]]}, "properties": {"fillColor": "#0D15FF", "executionState": "Documented", "externalID": "SDIRouteSection_119714333697_1729489646", "userLabel": "_Gemeindestrasse Asphalt"}}, {"type": "Feature", "geometry": {"type": "LineString", "coordinates": [[14.293095795437694, 46.55681071601737], [14.293143823742867, 46.55685941917622]]}, "properties": {"fillColor": "#958CCF", "executionState": "Documented", "externalID": "SDIRouteSection_119730408193_1734340847", "userLabel": "_Querung offen"}}, {"type": "Feature", "geometry": {"type": "LineString", "coordinates": [[14.287708955816925, 46.564265493694506], [14.287685109302402, 46.56429510057566]]}, "properties": {"fillColor": "#0D15FF", "executionState": "Documented", "externalID": "SDIRouteSection_119731105025_1729489643", "userLabel": "_Gemeindestrasse Asphalt"}}, {"type": "Feature", "geometry": {"type": "LineString", "coordinates": [[14.291333332657814, 46.55320143093721], [14.291307013481855, 46.55321053817238]]}, "properties": {"fillColor": "#0D15FF", "executionState": "Documented", "externalID": "SDIRouteSection_119731501569_1729574550", "userLabel": "_Gemeindestrasse Asphalt"}}, {"type": "Feature", "geometry": {"type": "LineString", "coordinates": [[14.287735295947641, 46.564307649278106], [14.287764423061162, 46.564300921099345]]}, "properties": {"fillColor": "#0D15FF", "executionState": "Documented", "externalID": "SDIRouteSection_119731937537_1729489644", "userLabel": "_Gemeindestrasse Asphalt"}}, {"type": "Feature", "geometry": {"type": "LineString", "coordinates": [[14.287891136482358, 46.5643084993049], [14.287912028376013, 46.56431006969342]]}, "properties": {"fillColor": "#0D15FF", "executionState": "Documented", "externalID": "SDIRouteSection_119732305409_1729489652", "userLabel": "_Gemeindestrasse Asphalt"}}, {"type": "Feature", "geometry": {"type": "LineString", "coordinates": [[14.293143823742867, 46.55685941917622], [14.293147828952712, 46.55686149410272], [14.293369799750854, 46.55702518248915]]}, "properties": {"fillColor": "#FE0DFF", "executionState": "Documented", "externalID": "SDIRouteSection_119738368769_1734340850", "userLabel": "_Hausanschluss"}}, {"type": "Feature", "geometry": {"type": "LineString", "coordinates": [[14.29293243214488, 46.55696109048168], [14.292935968524631, 46.55696385704517], [14.29307609796748, 46.557208697259625]]}, "properties": {"fillColor": "#FE0DFF", "executionState": "Documented", "externalID": "SDIRouteSection_119750242561_1734340851", "userLabel": "_Hausanschluss"}}, {"type": "Feature", "geometry": {"type": "LineString", "coordinates": [[14.291223865002394, 46.553245526080616], [14.291199808940291, 46.55325353813549]]}, "properties": {"fillColor": "#0D15FF", "executionState": "Documented", "externalID": "SDIRouteSection_119823035905_1729574558", "userLabel": "_Gemeindestrasse Asphalt"}}, {"type": "Feature", "geometry": {"type": "LineString", "coordinates": [[14.287726683542132, 46.564237759740024], [14.287708955816925, 46.564265493694506]]}, "properties": {"fillColor": "#0D15FF", "executionState": "Documented", "externalID": "SDIRouteSection_119876028929_1729489688", "userLabel": "_Gemeindestrasse Asphalt"}}, {"type": "Feature", "geometry": {"type": "LineString", "coordinates": [[14.287744222674519, 46.56419975339395], [14.287738774437457, 46.56421684040498]]}, "properties": {"fillColor": "#0D15FF", "executionState": "Documented", "externalID": "SDIRouteSection_119915898113_1729489708", "userLabel": "_Gemeindestrasse Asphalt"}}, {"type": "Feature", "geometry": {"type": "LineString", "coordinates": [[14.287738774437457, 46.56421684040498], [14.287731209769845, 46.56422974930692]]}, "properties": {"fillColor": "#0D15FF", "executionState": "Documented", "externalID": "SDIRouteSection_119924429825_1729489707", "userLabel": "_Gemeindestrasse Asphalt"}}, {"type": "Feature", "geometry": {"type": "LineString", "coordinates": [[14.287756187841296, 46.56416691923201], [14.287744222674519, 46.56419975339395]]}, "properties": {"fillColor": "#0D15FF", "executionState": "Documented", "externalID": "SDIRouteSection_119933322497_1729489709", "userLabel": "_Gemeindestrasse Asphalt"}}, {"type": "Feature", "geometry": {"type": "LineString", "coordinates": [[14.29116602987051, 46.55326080086047], [14.291142979636788, 46.55322310384878]]}, "properties": {"fillColor": "#958CCF", "executionState": "Documented", "externalID": "SDIRouteSection_120020157185_1729574622", "userLabel": "_Querung offen"}}, {"type": "Feature", "geometry": {"type": "LineString", "coordinates": [[14.29116602987051, 46.55326080086047], [14.291154546663165, 46.553263971097294]]}, "properties": {"fillColor": "#0D15FF", "executionState": "Documented", "externalID": "SDIRouteSection_120038607105_1729574617", "userLabel": "_Gemeindestrasse Asphalt"}}, {"type": "Feature", "geometry": {"type": "LineString", "coordinates": [[14.287780914455652, 46.56406539109426], [14.287777477875352, 46.564085330791755]]}, "properties": {"fillColor": "#0D15FF", "executionState": "Documented", "externalID": "SDIRouteSection_120045415425_1729489787", "userLabel": "_Gemeindestrasse Asphalt"}}, {"type": "Feature", "geometry": {"type": "LineString", "coordinates": [[14.291142979636788, 46.55322310384878], [14.291144236922266, 46.553217800903134], [14.291324615478516, 46.55302043873145]]}, "properties": {"fillColor": "#FE0DFF", "executionState": "Documented", "externalID": "SDIRouteSection_120045760769_1729574627", "userLabel": "_Hausanschluss"}}, {"type": "Feature", "geometry": {"type": "LineString", "coordinates": [[14.291181536391377, 46.5532574000608], [14.29116602987051, 46.55326080086047]]}, "properties": {"fillColor": "#0D15FF", "executionState": "Documented", "externalID": "SDIRouteSection_120056912897_1729574670", "userLabel": "_Gemeindestrasse Asphalt"}}, {"type": "Feature", "geometry": {"type": "LineString", "coordinates": [[14.287780914455652, 46.56406539109426], [14.287759875878692, 46.56406539109426]]}, "properties": {"fillColor": "#958CCF", "executionState": "Documented", "externalID": "SDIRouteSection_120086845953_1729489792", "userLabel": "_Querung offen"}}, {"type": "Feature", "geometry": {"type": "LineString", "coordinates": [[14.287759875878692, 46.56406539109426], [14.287752584882845, 46.564063316443224], [14.287516566789616, 46.56396972654769]]}, "properties": {"fillColor": "#FE0DFF", "executionState": "Documented", "externalID": "SDIRouteSection_120097445121_1729489803", "userLabel": "_Hausanschluss"}}, {"type": "Feature", "geometry": {"type": "LineString", "coordinates": [[14.29158772341907, 46.5531503035823], [14.291589064523578, 46.55316131297167]]}, "properties": {"fillColor": "#0D15FF", "executionState": "Documented", "externalID": "SDIRouteSection_120150049281_1729574677", "userLabel": "_Gemeindestrasse Asphalt"}}, {"type": "Feature", "geometry": {"type": "LineString", "coordinates": [[14.287796253338456, 46.56394160344405], [14.287791810929775, 46.56398511356744]]}, "properties": {"fillColor": "#0D15FF", "executionState": "Documented", "externalID": "SDIRouteSection_120151312129_1729489844", "userLabel": "_Gemeindestrasse Asphalt"}}, {"type": "Feature", "geometry": {"type": "LineString", "coordinates": [[14.287777477875352, 46.564085330791755], [14.287756187841296, 46.56416691923201]]}, "properties": {"fillColor": "#0D15FF", "executionState": "Documented", "externalID": "SDIRouteSection_120151817473_1729489832", "userLabel": "_Gemeindestrasse Asphalt"}}, {"type": "Feature", "geometry": {"type": "LineString", "coordinates": [[14.287802036851645, 46.56390137815987], [14.287796253338456, 46.56394160344405]]}, "properties": {"fillColor": "#0D15FF", "executionState": "Documented", "externalID": "SDIRouteSection_120154967553_1729489845", "userLabel": "_Gemeindestrasse Asphalt"}}, {"type": "Feature", "geometry": {"type": "LineString", "coordinates": [[14.287822488695383, 46.56382006306018], [14.287819638848305, 46.5638293414016]]}, "properties": {"fillColor": "#0D15FF", "executionState": "Documented", "externalID": "SDIRouteSection_120164364801_1729489849", "userLabel": "_Gemeindestrasse Asphalt"}}, {"type": "Feature", "geometry": {"type": "LineString", "coordinates": [[14.291199808940291, 46.55325353813549], [14.291181536391377, 46.5532574000608]]}, "properties": {"fillColor": "#0D15FF", "executionState": "Documented", "externalID": "SDIRouteSection_120164480001_1729574671", "userLabel": "_Gemeindestrasse Asphalt"}}, {"type": "Feature", "geometry": {"type": "LineString", "coordinates": [[14.287783009931445, 46.564052655040854], [14.287780914455652, 46.56406539109426]]}, "properties": {"fillColor": "#0D15FF", "executionState": "Documented", "externalID": "SDIRouteSection_120166923265_1729489841", "userLabel": "_Gemeindestrasse Asphalt"}}, {"type": "Feature", "geometry": {"type": "LineString", "coordinates": [[14.287787368521094, 46.5640287389144], [14.287783009931445, 46.564052655040854]]}, "properties": {"fillColor": "#0D15FF", "executionState": "Documented", "externalID": "SDIRouteSection_120167874305_1729489842", "userLabel": "_Gemeindestrasse Asphalt"}}, {"type": "Feature", "geometry": {"type": "LineString", "coordinates": [[14.287806646898389, 46.5638694514804], [14.287802036851645, 46.56390137815987]]}, "properties": {"fillColor": "#0D15FF", "executionState": "Documented", "externalID": "SDIRouteSection_120168613377_1729489846", "userLabel": "_Gemeindestrasse Asphalt"}}, {"type": "Feature", "geometry": {"type": "LineString", "coordinates": [[14.28781502880156, 46.56385596619859], [14.287806646898389, 46.5638694514804]]}, "properties": {"fillColor": "#0D15FF", "executionState": "Documented", "externalID": "SDIRouteSection_120171404545_1729489848", "userLabel": "_Gemeindestrasse Asphalt"}}, {"type": "Feature", "geometry": {"type": "LineString", "coordinates": [[14.287791810929775, 46.56398511356744], [14.287787368521094, 46.5640287389144]]}, "properties": {"fillColor": "#0D15FF", "executionState": "Documented", "externalID": "SDIRouteSection_120171554817_1729489843", "userLabel": "_Gemeindestrasse Asphalt"}}, {"type": "Feature", "geometry": {"type": "LineString", "coordinates": [[14.291700795292854, 46.55306683965702], [14.291674643754959, 46.55307848311287]]}, "properties": {"fillColor": "#1B7CBD", "executionState": "Documented", "externalID": "SDIRouteSection_120172747777_1729574699", "userLabel": "_Bankett"}}, {"type": "Feature", "geometry": {"type": "LineString", "coordinates": [[14.291603062301874, 46.55312557567859], [14.29158772341907, 46.5531503035823]]}, "properties": {"fillColor": "#1B7CBD", "executionState": "Documented", "externalID": "SDIRouteSection_120173313025_1729574678", "userLabel": "_Bankett"}}, {"type": "Feature", "geometry": {"type": "LineString", "coordinates": [[14.28783355280757, 46.56372013349369], [14.28782282397151, 46.56371961482762]]}, "properties": {"fillColor": "#958CCF", "executionState": "Documented", "externalID": "SDIRouteSection_120192452353_1729489871", "userLabel": "_Querung offen"}}, {"type": "Feature", "geometry": {"type": "LineString", "coordinates": [[14.28783355280757, 46.56372013349369], [14.287831792607903, 46.56373563584333]]}, "properties": {"fillColor": "#0D15FF", "executionState": "Documented", "externalID": "SDIRouteSection_120195628289_1729489867", "userLabel": "_Gemeindestrasse Asphalt"}}, {"type": "Feature", "geometry": {"type": "LineString", "coordinates": [[14.28782282397151, 46.56371961482762], [14.287815613014958, 46.56371754016337], [14.287704303933968, 46.56372676111254]]}, "properties": {"fillColor": "#FE0DFF", "executionState": "Documented", "externalID": "SDIRouteSection_120221258753_1729489881", "userLabel": "_Hausanschluss"}}, {"type": "Feature", "geometry": {"type": "LineString", "coordinates": [[14.291674643754959, 46.55307848311287], [14.291630303487182, 46.55310545903066]]}, "properties": {"fillColor": "#1B7CBD", "executionState": "Documented", "externalID": "SDIRouteSection_120223300609_1729574698", "userLabel": "_Bankett"}}, {"type": "Feature", "geometry": {"type": "LineString", "coordinates": [[14.287822488695383, 46.56382006306018], [14.287868086248636, 46.56382588363482]]}, "properties": {"fillColor": "#958CCF", "executionState": "Documented", "externalID": "SDIRouteSection_120233605633_1729489905", "userLabel": "_Querung offen"}}, {"type": "Feature", "geometry": {"type": "LineString", "coordinates": [[14.287868086248636, 46.56382588363482], [14.287886701081913, 46.56382726674157], [14.288199842134082, 46.56392270105567]]}, "properties": {"fillColor": "#FE0DFF", "executionState": "Documented", "externalID": "SDIRouteSection_120250431489_1729489919", "userLabel": "_Hausanschluss"}}, {"type": "Feature", "geometry": {"type": "LineString", "coordinates": [[14.291603397578001, 46.55319791485232], [14.291623430326581, 46.55323941616746]]}, "properties": {"fillColor": "#1B7CBD", "executionState": "Documented", "externalID": "SDIRouteSection_120286615041_1729574714", "userLabel": "_Bankett"}}, {"type": "Feature", "geometry": {"type": "LineString", "coordinates": [[14.291623430326581, 46.55323941616746], [14.291651509702206, 46.55329446300172]]}, "properties": {"fillColor": "#1B7CBD", "executionState": "Documented", "externalID": "SDIRouteSection_120290436353_1729574715", "userLabel": "_Bankett"}}, {"type": "Feature", "geometry": {"type": "LineString", "coordinates": [[14.291651509702206, 46.55329446300172], [14.29167221300304, 46.55333515727472]]}, "properties": {"fillColor": "#1B7CBD", "executionState": "Documented", "externalID": "SDIRouteSection_120307647489_1729574733", "userLabel": "_Bankett"}}, {"type": "Feature", "geometry": {"type": "LineString", "coordinates": [[14.29343769326806, 46.55661907298577], [14.293612539768219, 46.55649544125734]]}, "properties": {"fillColor": "#1B7CBD", "executionState": "Documented", "externalID": "SDIRouteSection_120311488257_1734340955", "userLabel": "_Bankett"}}, {"type": "Feature", "geometry": {"type": "LineString", "coordinates": [[14.293220434337854, 46.55674673902041], [14.293311461806297, 46.556697805212394]]}, "properties": {"fillColor": "#1B7CBD", "executionState": "Documented", "externalID": "SDIRouteSection_120318612737_1734340953", "userLabel": "_Bankett"}}, {"type": "Feature", "geometry": {"type": "LineString", "coordinates": [[14.29167221300304, 46.55333515727472], [14.291686043143272, 46.55336172958101]]}, "properties": {"fillColor": "#1B7CBD", "executionState": "Documented", "externalID": "SDIRouteSection_120328868865_1729574732", "userLabel": "_Bankett"}}, {"type": "Feature", "geometry": {"type": "LineString", "coordinates": [[14.293311461806297, 46.556697805212394], [14.29343769326806, 46.55661907298577]]}, "properties": {"fillColor": "#1B7CBD", "executionState": "Documented", "externalID": "SDIRouteSection_120344044545_1734340954", "userLabel": "_Bankett"}}, {"type": "Feature", "geometry": {"type": "LineString", "coordinates": [[14.293622514232993, 46.55648195414264], [14.293619999662042, 46.5564655275241]]}, "properties": {"fillColor": "#1B7CBD", "executionState": "Documented", "externalID": "SDIRouteSection_120600312321_1734341001", "userLabel": "_Bankett"}}, {"type": "Feature", "geometry": {"type": "LineString", "coordinates": [[14.293612539768219, 46.55649544125734], [14.293622514232993, 46.55648195414264]]}, "properties": {"fillColor": "#1B7CBD", "executionState": "Documented", "externalID": "SDIRouteSection_120609284609_1734341003", "userLabel": "_Bankett"}}, {"type": "Feature", "geometry": {"type": "LineString", "coordinates": [[14.291734993457794, 46.5530545621489], [14.291700795292854, 46.55306683965702]]}, "properties": {"fillColor": "#1B7CBD", "executionState": "Documented", "externalID": "SDIRouteSection_120622197505_1729574816", "userLabel": "_Bankett"}}, {"type": "Feature", "geometry": {"type": "LineString", "coordinates": [[14.291795510798693, 46.553031159942606], [14.291801378130913, 46.55303946023369]]}, "properties": {"fillColor": "#958CCF", "executionState": "Documented", "externalID": "SDIRouteSection_120634712833_1729574821", "userLabel": "_Querung offen"}}, {"type": "Feature", "geometry": {"type": "LineString", "coordinates": [[14.291795510798693, 46.553031159942606], [14.291775561869144, 46.553038192133755]]}, "properties": {"fillColor": "#0D15FF", "executionState": "Documented", "externalID": "SDIRouteSection_120634950913_1729574817", "userLabel": "_Gemeindestrasse Asphalt"}}, {"type": "Feature", "geometry": {"type": "LineString", "coordinates": [[14.293648498132825, 46.55648160831916], [14.293687138706446, 46.55650454793971]]}, "properties": {"fillColor": "#0D15FF", "executionState": "Documented", "externalID": "SDIRouteSection_120662008833_1734341008", "userLabel": "_Gemeindestrasse Asphalt"}}, {"type": "Feature", "geometry": {"type": "LineString", "coordinates": [[14.293687138706446, 46.55650454793971], [14.293698538094759, 46.55650391393024]]}, "properties": {"fillColor": "#0D15FF", "executionState": "Documented", "externalID": "SDIRouteSection_120679883521_1734341011", "userLabel": "_Gemeindestrasse Asphalt"}}, {"type": "Feature", "geometry": {"type": "LineString", "coordinates": [[14.291734993457794, 46.5530545621489], [14.291700292378664, 46.553011331464376]]}, "properties": {"fillColor": "#958CCF", "executionState": "Documented", "externalID": "SDIRouteSection_120690484225_1729574825", "userLabel": "_Querung offen"}}, {"type": "Feature", "geometry": {"type": "LineString", "coordinates": [[14.293641960248351, 46.55645745830614], [14.293672135099769, 46.556449389086964]]}, "properties": {"fillColor": "#0D15FF", "executionState": "Documented", "externalID": "SDIRouteSection_120705612289_1734341019", "userLabel": "_Gemeindestrasse Asphalt"}}, {"type": "Feature", "geometry": {"type": "LineString", "coordinates": [[14.293672135099769, 46.556449389086964], [14.29372544400394, 46.556388005344786]]}, "properties": {"fillColor": "#0D15FF", "executionState": "Documented", "externalID": "SDIRouteSection_120712223489_1734341020", "userLabel": "_Gemeindestrasse Asphalt"}}, {"type": "Feature", "geometry": {"type": "LineString", "coordinates": [[14.29372544400394, 46.556388005344786], [14.293808257207274, 46.55622817674009]]}, "properties": {"fillColor": "#0D15FF", "executionState": "Documented", "externalID": "SDIRouteSection_120875773953_1734341048", "userLabel": "_Gemeindestrasse Asphalt"}}, {"type": "Feature", "geometry": {"type": "LineString", "coordinates": [[14.291700292378664, 46.553011331464376], [14.291700124740602, 46.55300245475957], [14.291679337689525, 46.55288625053368]]}, "properties": {"fillColor": "#FE0DFF", "executionState": "Documented", "externalID": "SDIRouteSection_120887123969_1729574873", "userLabel": "_Hausanschluss"}}, {"type": "Feature", "geometry": {"type": "LineString", "coordinates": [[14.291801378130913, 46.55303946023369], [14.291807413101196, 46.5530421117153], [14.291921292519014, 46.55317702251336]]}, "properties": {"fillColor": "#FE0DFF", "executionState": "Documented", "externalID": "SDIRouteSection_120926540801_1729574872", "userLabel": "_Hausanschluss"}}, {"type": "Feature", "geometry": {"type": "LineString", "coordinates": [[14.291775561869144, 46.553038192133755], [14.291746225208044, 46.553050296722915]]}, "properties": {"fillColor": "#1B7CBD", "executionState": "Documented", "externalID": "SDIRouteSection_121028941313_1729574898", "userLabel": "_Bankett"}}, {"type": "Feature", "geometry": {"type": "LineString", "coordinates": [[14.287826176732779, 46.563798624898794], [14.287822488695383, 46.56382006306018]]}, "properties": {"fillColor": "#0D15FF", "executionState": "Documented", "externalID": "SDIRouteSection_121068720897_1729490112", "userLabel": "_Gemeindestrasse Asphalt"}}, {"type": "Feature", "geometry": {"type": "LineString", "coordinates": [[14.287827853113413, 46.56376808126714], [14.287826176732779, 46.563798624898794]]}, "properties": {"fillColor": "#0D15FF", "executionState": "Documented", "externalID": "SDIRouteSection_121091595009_1729490113", "userLabel": "_Gemeindestrasse Asphalt"}}, {"type": "Feature", "geometry": {"type": "LineString", "coordinates": [[14.291746225208044, 46.553050296722915], [14.291734993457794, 46.5530545621489]]}, "properties": {"fillColor": "#1B7CBD", "executionState": "Documented", "externalID": "SDIRouteSection_121095339265_1729574899", "userLabel": "_Bankett"}}, {"type": "Feature", "geometry": {"type": "LineString", "coordinates": [[14.291934818029404, 46.55299646010093], [14.291875138878822, 46.553008334135654]]}, "properties": {"fillColor": "#0D15FF", "executionState": "Documented", "externalID": "SDIRouteSection_121134299905_1729574907", "userLabel": "_Gemeindestrasse Asphalt"}}, {"type": "Feature", "geometry": {"type": "LineString", "coordinates": [[14.291875138878822, 46.553008334135654], [14.291795510798693, 46.553031159942606]]}, "properties": {"fillColor": "#0D15FF", "executionState": "Documented", "externalID": "SDIRouteSection_121140828673_1729574906", "userLabel": "_Gemeindestrasse Asphalt"}}, {"type": "Feature", "geometry": {"type": "LineString", "coordinates": [[14.293843880295753, 46.55615745545822], [14.293852262198925, 46.556137051746106]]}, "properties": {"fillColor": "#0D15FF", "executionState": "Documented", "externalID": "SDIRouteSection_121149400321_1734341077", "userLabel": "_Gemeindestrasse Asphalt"}}, {"type": "Feature", "geometry": {"type": "LineString", "coordinates": [[14.29238123819232, 46.553013406538014], [14.29231870919466, 46.552997612919995]]}, "properties": {"fillColor": "#0D15FF", "executionState": "Documented", "externalID": "SDIRouteSection_121201468417_1729574938", "userLabel": "_Gemeindestrasse Asphalt"}}, {"type": "Feature", "geometry": {"type": "LineString", "coordinates": [[14.292199350893497, 46.552981588733445], [14.292135313153267, 46.552978360839205]]}, "properties": {"fillColor": "#0D15FF", "executionState": "Documented", "externalID": "SDIRouteSection_121201871361_1729574936", "userLabel": "_Gemeindestrasse Asphalt"}}, {"type": "Feature", "geometry": {"type": "LineString", "coordinates": [[14.29284492507577, 46.55329042815711], [14.292832519859076, 46.55327394293181]]}, "properties": {"fillColor": "#0D15FF", "executionState": "Documented", "externalID": "SDIRouteSection_121210009601_1729574954", "userLabel": "_Gemeindestrasse Asphalt"}}, {"type": "Feature", "geometry": {"type": "LineString", "coordinates": [[14.293843880295753, 46.55615745545822], [14.293834241107106, 46.55615221043692]]}, "properties": {"fillColor": "#958CCF", "executionState": "Documented", "externalID": "SDIRouteSection_121213496065_1734341083", "userLabel": "_Querung offen"}}, {"type": "Feature", "geometry": {"type": "LineString", "coordinates": [[14.287849981337786, 46.56364279456784], [14.287838749587536, 46.56369644773895]]}, "properties": {"fillColor": "#0D15FF", "executionState": "Documented", "externalID": "SDIRouteSection_121217253889_1729490144", "userLabel": "_Gemeindestrasse Asphalt"}}, {"type": "Feature", "geometry": {"type": "LineString", "coordinates": [[14.292135313153267, 46.552978360839205], [14.292064402252436, 46.55298262627085]]}, "properties": {"fillColor": "#0D15FF", "executionState": "Documented", "externalID": "SDIRouteSection_121220144897_1729574934", "userLabel": "_Gemeindestrasse Asphalt"}}, {"type": "Feature", "geometry": {"type": "LineString", "coordinates": [[14.29231870919466, 46.552997612919995], [14.292257856577635, 46.552988044521385]]}, "properties": {"fillColor": "#0D15FF", "executionState": "Documented", "externalID": "SDIRouteSection_121239123201_1729574937", "userLabel": "_Gemeindestrasse Asphalt"}}, {"type": "Feature", "geometry": {"type": "LineString", "coordinates": [[14.292257856577635, 46.552988044521385], [14.292199350893497, 46.552981588733445]]}, "properties": {"fillColor": "#0D15FF", "executionState": "Documented", "externalID": "SDIRouteSection_121241155585_1729574936", "userLabel": "_Gemeindestrasse Asphalt"}}, {"type": "Feature", "geometry": {"type": "LineString", "coordinates": [[14.292064402252436, 46.55298262627085], [14.292046967893839, 46.55298366380822]]}, "properties": {"fillColor": "#0D15FF", "executionState": "Documented", "externalID": "SDIRouteSection_121241932545_1729574934", "userLabel": "_Gemeindestrasse Asphalt"}}, {"type": "Feature", "geometry": {"type": "LineString", "coordinates": [[14.292459692806005, 46.55304833693245], [14.292423818260431, 46.553030814097156]]}, "properties": {"fillColor": "#0D15FF", "executionState": "Documented", "externalID": "SDIRouteSection_121252708865_1729574940", "userLabel": "_Gemeindestrasse Asphalt"}}, {"type": "Feature", "geometry": {"type": "LineString", "coordinates": [[14.292499423027039, 46.5530671278614], [14.292459692806005, 46.55304833693245]]}, "properties": {"fillColor": "#0D15FF", "executionState": "Documented", "externalID": "SDIRouteSection_121258053889_1729574941", "userLabel": "_Gemeindestrasse Asphalt"}}, {"type": "Feature", "geometry": {"type": "LineString", "coordinates": [[14.292423818260431, 46.553030814097156], [14.29238123819232, 46.553013406538014]]}, "properties": {"fillColor": "#0D15FF", "executionState": "Documented", "externalID": "SDIRouteSection_121269536001_1729574939", "userLabel": "_Gemeindestrasse Asphalt"}}, {"type": "Feature", "geometry": {"type": "LineString", "coordinates": [[14.292816258966923, 46.55325665073204], [14.292803015559912, 46.55324650597228]]}, "properties": {"fillColor": "#0D15FF", "executionState": "Documented", "externalID": "SDIRouteSection_121279666689_1729574953", "userLabel": "_Gemeindestrasse Asphalt"}}, {"type": "Feature", "geometry": {"type": "LineString", "coordinates": [[14.29268516600132, 46.55316650064131], [14.29265197366476, 46.553146787494114]]}, "properties": {"fillColor": "#0D15FF", "executionState": "Documented", "externalID": "SDIRouteSection_121279818753_1729574950", "userLabel": "_Gemeindestrasse Asphalt"}}, {"type": "Feature", "geometry": {"type": "LineString", "coordinates": [[14.292832519859076, 46.55327394293181], [14.292816258966923, 46.55325665073204]]}, "properties": {"fillColor": "#0D15FF", "executionState": "Documented", "externalID": "SDIRouteSection_121280794113_1729574953", "userLabel": "_Gemeindestrasse Asphalt"}}, {"type": "Feature", "geometry": {"type": "LineString", "coordinates": [[14.292739816009998, 46.55320235318894], [14.29268516600132, 46.55316650064131]]}, "properties": {"fillColor": "#0D15FF", "executionState": "Documented", "externalID": "SDIRouteSection_121281011201_1729574951", "userLabel": "_Gemeindestrasse Asphalt"}}, {"type": "Feature", "geometry": {"type": "LineString", "coordinates": [[14.292772505432367, 46.55322402610011], [14.292739816009998, 46.55320235318894]]}, "properties": {"fillColor": "#0D15FF", "executionState": "Documented", "externalID": "SDIRouteSection_121281807361_1729574951", "userLabel": "_Gemeindestrasse Asphalt"}}, {"type": "Feature", "geometry": {"type": "LineString", "coordinates": [[14.292859509587288, 46.55331924846908], [14.29284492507577, 46.55329042815711]]}, "properties": {"fillColor": "#0D15FF", "executionState": "Documented", "externalID": "SDIRouteSection_121282196993_1729574955", "userLabel": "_Gemeindestrasse Asphalt"}}, {"type": "Feature", "geometry": {"type": "LineString", "coordinates": [[14.292803015559912, 46.55324650597228], [14.292772505432367, 46.55322402610011]]}, "properties": {"fillColor": "#0D15FF", "executionState": "Documented", "externalID": "SDIRouteSection_121282347009_1729574952", "userLabel": "_Gemeindestrasse Asphalt"}}, {"type": "Feature", "geometry": {"type": "LineString", "coordinates": [[14.29265197366476, 46.553146787494114], [14.292616099119186, 46.55312684377651]]}, "properties": {"fillColor": "#0D15FF", "executionState": "Documented", "externalID": "SDIRouteSection_121282504705_1729574948", "userLabel": "_Gemeindestrasse Asphalt"}}, {"type": "Feature", "geometry": {"type": "LineString", "coordinates": [[14.29257670417428, 46.55310655420652], [14.292530603706837, 46.55308222976893]]}, "properties": {"fillColor": "#0D15FF", "executionState": "Documented", "externalID": "SDIRouteSection_121284461057_1729574947", "userLabel": "_Gemeindestrasse Asphalt"}}, {"type": "Feature", "geometry": {"type": "LineString", "coordinates": [[14.287838749587536, 46.56369644773895], [14.28783355280757, 46.56372013349369]]}, "properties": {"fillColor": "#0D15FF", "executionState": "Documented", "externalID": "SDIRouteSection_121288030721_1729490143", "userLabel": "_Gemeindestrasse Asphalt"}}, {"type": "Feature", "geometry": {"type": "LineString", "coordinates": [[14.287877976894379, 46.56348863505369], [14.287869175896049, 46.56353035901776]]}, "properties": {"fillColor": "#0D15FF", "executionState": "Documented", "externalID": "SDIRouteSection_121322426881_1729490150", "userLabel": "_Gemeindestrasse Asphalt"}}, {"type": "Feature", "geometry": {"type": "LineString", "coordinates": [[14.293841198086739, 46.55612419855626], [14.293837169185649, 46.55611728204031], [14.293754696818953, 46.55594805758739]]}, "properties": {"fillColor": "#FE0DFF", "executionState": "Documented", "externalID": "SDIRouteSection_121345542401_1734341092", "userLabel": "_Hausanschluss"}}, {"type": "Feature", "geometry": {"type": "LineString", "coordinates": [[14.287869175896049, 46.56353035901776], [14.287862638011575, 46.56357283213609]]}, "properties": {"fillColor": "#0D15FF", "executionState": "Documented", "externalID": "SDIRouteSection_121352934657_1729490148", "userLabel": "_Gemeindestrasse Asphalt"}}, {"type": "Feature", "geometry": {"type": "LineString", "coordinates": [[14.287856351584196, 46.56360568106504], [14.287849981337786, 46.56364279456784]]}, "properties": {"fillColor": "#0D15FF", "executionState": "Documented", "externalID": "SDIRouteSection_121353442305_1729490145", "userLabel": "_Gemeindestrasse Asphalt"}}, {"type": "Feature", "geometry": {"type": "LineString", "coordinates": [[14.29202551022172, 46.55294250814356], [14.292023833841085, 46.55293697460647]]}, "properties": {"fillColor": "#0D15FF", "executionState": "Documented", "externalID": "SDIRouteSection_121362728961_1729574990", "userLabel": "_Gemeindestrasse Asphalt"}}, {"type": "Feature", "geometry": {"type": "LineString", "coordinates": [[14.287862638011575, 46.56357283213609], [14.287856351584196, 46.56360568106504]]}, "properties": {"fillColor": "#0D15FF", "executionState": "Documented", "externalID": "SDIRouteSection_121375747329_1729490151", "userLabel": "_Gemeindestrasse Asphalt"}}, {"type": "Feature", "geometry": {"type": "LineString", "coordinates": [[14.292004220187664, 46.55298573888294], [14.291954766958952, 46.552994961436184]]}, "properties": {"fillColor": "#0D15FF", "executionState": "Documented", "externalID": "SDIRouteSection_121375879937_1729574986", "userLabel": "_Gemeindestrasse Asphalt"}}, {"type": "Feature", "geometry": {"type": "LineString", "coordinates": [[14.287883760407567, 46.56345849465637], [14.287877976894379, 46.56348863505369]]}, "properties": {"fillColor": "#0D15FF", "executionState": "Documented", "externalID": "SDIRouteSection_121378722817_1729490152", "userLabel": "_Gemeindestrasse Asphalt"}}, {"type": "Feature", "geometry": {"type": "LineString", "coordinates": [[14.29203774780035, 46.55281339213042], [14.292022995650768, 46.552775118396056]]}, "properties": {"fillColor": "#0D15FF", "executionState": "Documented", "externalID": "SDIRouteSection_121381060865_1729574994", "userLabel": "_Gemeindestrasse Asphalt"}}, {"type": "Feature", "geometry": {"type": "LineString", "coordinates": [[14.292039591819048, 46.552924063017656], [14.292055182158947, 46.55291149727202]]}, "properties": {"fillColor": "#0D15FF", "executionState": "Documented", "externalID": "SDIRouteSection_121392543233_1729574991", "userLabel": "_Gemeindestrasse Asphalt"}}, {"type": "Feature", "geometry": {"type": "LineString", "coordinates": [[14.292062055319548, 46.55289097705733], [14.292053002864122, 46.552851089426724]]}, "properties": {"fillColor": "#0D15FF", "executionState": "Documented", "externalID": "SDIRouteSection_121396133633_1729574993", "userLabel": "_Gemeindestrasse Asphalt"}}, {"type": "Feature", "geometry": {"type": "LineString", "coordinates": [[14.292023833841085, 46.55293697460647], [14.292039591819048, 46.552924063017656]]}, "properties": {"fillColor": "#0D15FF", "executionState": "Documented", "externalID": "SDIRouteSection_121400152833_1729574991", "userLabel": "_Gemeindestrasse Asphalt"}}, {"type": "Feature", "geometry": {"type": "LineString", "coordinates": [[14.293834241107106, 46.55615221043692], [14.293841198086739, 46.55612419855626]]}, "properties": {"fillColor": "#958CCF", "executionState": "Documented", "externalID": "SDIRouteSection_121405199105_1734341110", "userLabel": "_Querung offen"}}, {"type": "Feature", "geometry": {"type": "LineString", "coordinates": [[14.292055182158947, 46.55291149727202], [14.292062055319548, 46.55289097705733]]}, "properties": {"fillColor": "#0D15FF", "executionState": "Documented", "externalID": "SDIRouteSection_121418576385_1729574992", "userLabel": "_Gemeindestrasse Asphalt"}}, {"type": "Feature", "geometry": {"type": "LineString", "coordinates": [[14.291960969567299, 46.55261499094365], [14.2919453792274, 46.55257671706937]]}, "properties": {"fillColor": "#0D15FF", "executionState": "Documented", "externalID": "SDIRouteSection_121429137409_1729575020", "userLabel": "_Gemeindestrasse Asphalt"}}, {"type": "Feature", "geometry": {"type": "LineString", "coordinates": [[14.292053002864122, 46.552851089426724], [14.29203774780035, 46.55281339213042]]}, "properties": {"fillColor": "#0D15FF", "executionState": "Documented", "externalID": "SDIRouteSection_121430948097_1729574994", "userLabel": "_Gemeindestrasse Asphalt"}}, {"type": "Feature", "geometry": {"type": "LineString", "coordinates": [[14.292022995650768, 46.552775118396056], [14.292004220187664, 46.55272900542727]]}, "properties": {"fillColor": "#0D15FF", "executionState": "Documented", "externalID": "SDIRouteSection_121440151809_1729574995", "userLabel": "_Gemeindestrasse Asphalt"}}, {"type": "Feature", "geometry": {"type": "LineString", "coordinates": [[14.292004220187664, 46.55272900542727], [14.291992485523224, 46.55268957880784]]}, "properties": {"fillColor": "#0D15FF", "executionState": "Documented", "externalID": "SDIRouteSection_121458983937_1729575015", "userLabel": "_Gemeindestrasse Asphalt"}}, {"type": "Feature", "geometry": {"type": "LineString", "coordinates": [[14.291972033679485, 46.55264335048369], [14.291960969567299, 46.55261499094365]]}, "properties": {"fillColor": "#0D15FF", "executionState": "Documented", "externalID": "SDIRouteSection_121459469825_1729575019", "userLabel": "_Gemeindestrasse Asphalt"}}, {"type": "Feature", "geometry": {"type": "LineString", "coordinates": [[14.293852262198925, 46.556137051746106], [14.293863410130143, 46.55612955885553]]}, "properties": {"fillColor": "#0D15FF", "executionState": "Documented", "externalID": "SDIRouteSection_121469744385_1734341123", "userLabel": "_Gemeindestrasse Asphalt"}}, {"type": "Feature", "geometry": {"type": "LineString", "coordinates": [[14.292530603706837, 46.55308222976893], [14.292523059993982, 46.55307865603547]]}, "properties": {"fillColor": "#0D15FF", "executionState": "Documented", "externalID": "SDIRouteSection_121480186625_1729575034", "userLabel": "_Gemeindestrasse Asphalt"}}, {"type": "Feature", "geometry": {"type": "LineString", "coordinates": [[14.2919453792274, 46.55257671706937], [14.291933979839087, 46.55254559070593]]}, "properties": {"fillColor": "#0D15FF", "executionState": "Documented", "externalID": "SDIRouteSection_121481133569_1729575021", "userLabel": "_Gemeindestrasse Asphalt"}}, {"type": "Feature", "geometry": {"type": "LineString", "coordinates": [[14.293863410130143, 46.55612955885553], [14.293904229998589, 46.55605036470277]]}, "properties": {"fillColor": "#0D15FF", "executionState": "Documented", "externalID": "SDIRouteSection_121484800001_1734341124", "userLabel": "_Gemeindestrasse Asphalt"}}, {"type": "Feature", "geometry": {"type": "LineString", "coordinates": [[14.287893483415246, 46.56342034368967], [14.287883760407567, 46.56345849465637]]}, "properties": {"fillColor": "#0D15FF", "executionState": "Documented", "externalID": "SDIRouteSection_121495122433_1729490229", "userLabel": "_Gemeindestrasse Asphalt"}}, {"type": "Feature", "geometry": {"type": "LineString", "coordinates": [[14.292616099119186, 46.55312684377651], [14.29257670417428, 46.55310655420652]]}, "properties": {"fillColor": "#0D15FF", "executionState": "Documented", "externalID": "SDIRouteSection_121509978881_1729575040", "userLabel": "_Gemeindestrasse Asphalt"}}, {"type": "Feature", "geometry": {"type": "LineString", "coordinates": [[14.287966741248965, 46.56318066049201], [14.287964310497046, 46.56318521327242]]}, "properties": {"fillColor": "#0D15FF", "executionState": "Documented", "externalID": "SDIRouteSection_121514804481_1729490242", "userLabel": "_Gemeindestrasse Asphalt"}}, {"type": "Feature", "geometry": {"type": "LineString", "coordinates": [[14.287966741248965, 46.56318066049201], [14.287958946079016, 46.56317362961522]]}, "properties": {"fillColor": "#958CCF", "executionState": "Documented", "externalID": "SDIRouteSection_121514946817_1729490244", "userLabel": "_Querung offen"}}, {"type": "Feature", "geometry": {"type": "LineString", "coordinates": [[14.287958946079016, 46.56317362961522], [14.287900106851128, 46.563168442902274], [14.287853166473385, 46.5631758199081]]}, "properties": {"fillColor": "#FE0DFF", "executionState": "Documented", "externalID": "SDIRouteSection_121523135233_1729490255", "userLabel": "_Hausanschluss"}}, {"type": "Feature", "geometry": {"type": "LineString", "coordinates": [[14.293904229998589, 46.55605036470277], [14.293901547789574, 46.55604171904591]]}, "properties": {"fillColor": "#0D15FF", "executionState": "Documented", "externalID": "SDIRouteSection_121544864257_1734341143", "userLabel": "_Gemeindestrasse Asphalt"}}, {"type": "Feature", "geometry": {"type": "LineString", "coordinates": [[14.293901547789574, 46.55604171904591], [14.29391990415752, 46.556012150889046]]}, "properties": {"fillColor": "#0D15FF", "executionState": "Documented", "externalID": "SDIRouteSection_121564564225_1734341144", "userLabel": "_Gemeindestrasse Asphalt"}}, {"type": "Feature", "geometry": {"type": "LineString", "coordinates": [[14.29391990415752, 46.556012150889046], [14.293965920805931, 46.556013188368496]]}, "properties": {"fillColor": "#0D15FF", "executionState": "Documented", "externalID": "SDIRouteSection_121566880001_1734341145", "userLabel": "_Gemeindestrasse Asphalt"}}, {"type": "Feature", "geometry": {"type": "LineString", "coordinates": [[14.291078019887209, 46.5642786763224], [14.291079193353653, 46.564228539097485]]}, "properties": {"fillColor": "#0D15FF", "executionState": "Documented", "externalID": "SDIRouteSection_121570939905_0", "userLabel": "_Gemeindestrasse Asphalt"}}, {"type": "Feature", "geometry": {"type": "LineString", "coordinates": [[14.287895578891039, 46.56340893297235], [14.28793958388269, 46.56340910586201]]}, "properties": {"fillColor": "#958CCF", "executionState": "Documented", "externalID": "SDIRouteSection_121571018497_1729490276", "userLabel": "_Querung offen"}}, {"type": "Feature", "geometry": {"type": "LineString", "coordinates": [[14.293965920805931, 46.556013188368496], [14.293987462297082, 46.55600160318005]]}, "properties": {"fillColor": "#0D15FF", "executionState": "Documented", "externalID": "SDIRouteSection_121598220289_1734341154", "userLabel": "_Gemeindestrasse Asphalt"}}, {"type": "Feature", "geometry": {"type": "LineString", "coordinates": [[14.28793958388269, 46.56340910586201], [14.287956435760265, 46.56340956690117], [14.288229346347514, 46.563400807207564]]}, "properties": {"fillColor": "#FE0DFF", "executionState": "Documented", "externalID": "SDIRouteSection_121610991873_1729490286", "userLabel": "_Hausanschluss"}}, {"type": "Feature", "geometry": {"type": "LineString", "coordinates": [[14.291078019887209, 46.5642786763224], [14.291087156161666, 46.5642790220962]]}, "properties": {"fillColor": "#958CCF", "executionState": "Documented", "externalID": "SDIRouteSection_121656528897_1724649253", "userLabel": "_Querung offen"}}, {"type": "Feature", "geometry": {"type": "LineString", "coordinates": [[14.28792298771441, 46.56329338491693], [14.287911169230938, 46.563340929657784]]}, "properties": {"fillColor": "#0D15FF", "executionState": "Documented", "externalID": "SDIRouteSection_121672071425_1729490353", "userLabel": "_Gemeindestrasse Asphalt"}}, {"type": "Feature", "geometry": {"type": "LineString", "coordinates": [[14.28790002129972, 46.56338553523139], [14.287895578891039, 46.56340893297235]]}, "properties": {"fillColor": "#0D15FF", "executionState": "Documented", "externalID": "SDIRouteSection_121672283393_1729490351", "userLabel": "_Gemeindestrasse Asphalt"}}, {"type": "Feature", "geometry": {"type": "LineString", "coordinates": [[14.293987462297082, 46.55600160318005], [14.294029707089067, 46.55599324570426]]}, "properties": {"fillColor": "#0D15FF", "executionState": "Documented", "externalID": "SDIRouteSection_121675448065_1734341176", "userLabel": "_Gemeindestrasse Asphalt"}}, {"type": "Feature", "geometry": {"type": "LineString", "coordinates": [[14.292924553155899, 46.553420926407426], [14.292879290878773, 46.553399484136946]]}, "properties": {"fillColor": "#0D15FF", "executionState": "Documented", "externalID": "SDIRouteSection_121680134145_1729575133", "userLabel": "_Gemeindestrasse Asphalt"}}, {"type": "Feature", "geometry": {"type": "LineString", "coordinates": [[14.29403180256486, 46.555948749328735], [14.294025348499417, 46.555933014202765]]}, "properties": {"fillColor": "#0D15FF", "executionState": "Documented", "externalID": "SDIRouteSection_121682479361_1734341185", "userLabel": "_Gemeindestrasse Asphalt"}}, {"type": "Feature", "geometry": {"type": "LineString", "coordinates": [[14.287911169230938, 46.563340929657784], [14.28790002129972, 46.56338553523139]]}, "properties": {"fillColor": "#0D15FF", "executionState": "Documented", "externalID": "SDIRouteSection_121692635137_1729490352", "userLabel": "_Gemeindestrasse Asphalt"}}, {"type": "Feature", "geometry": {"type": "LineString", "coordinates": [[14.292879290878773, 46.553399484136946], [14.292841404676437, 46.553391068619874]]}, "properties": {"fillColor": "#0D15FF", "executionState": "Documented", "externalID": "SDIRouteSection_121697750785_1729575116", "userLabel": "_Gemeindestrasse Asphalt"}}, {"type": "Feature", "geometry": {"type": "LineString", "coordinates": [[14.292841404676437, 46.553391068619874], [14.292848780751228, 46.55333873099127]]}, "properties": {"fillColor": "#0D15FF", "executionState": "Documented", "externalID": "SDIRouteSection_121710899969_1729575115", "userLabel": "_Gemeindestrasse Asphalt"}}, {"type": "Feature", "geometry": {"type": "LineString", "coordinates": [[14.294046051800251, 46.55595716444918], [14.29403180256486, 46.555948749328735]]}, "properties": {"fillColor": "#0D15FF", "executionState": "Documented", "externalID": "SDIRouteSection_121715408129_1734341184", "userLabel": "_Gemeindestrasse Asphalt"}}, {"type": "Feature", "geometry": {"type": "LineString", "coordinates": [[14.29171772673726, 46.55342369315139], [14.291746392846107, 46.553471304181585]]}, "properties": {"fillColor": "#1B7CBD", "executionState": "Documented", "externalID": "SDIRouteSection_121750962689_1729575143", "userLabel": "_Bankett"}}, {"type": "Feature", "geometry": {"type": "LineString", "coordinates": [[14.29293243214488, 46.55342715158113], [14.292924553155899, 46.553420926407426]]}, "properties": {"fillColor": "#0D15FF", "executionState": "Documented", "externalID": "SDIRouteSection_121751850753_1729575132", "userLabel": "_Gemeindestrasse Asphalt"}}, {"type": "Feature", "geometry": {"type": "LineString", "coordinates": [[14.291087156161666, 46.5642790220962], [14.291094616134226, 46.5642781576617], [14.291282370709077, 46.564329332228574]]}, "properties": {"fillColor": "#FE0DFF", "executionState": "Documented", "externalID": "SDIRouteSection_121764685569_1724649353", "userLabel": "_Hausanschluss"}}, {"type": "Feature", "geometry": {"type": "LineString", "coordinates": [[14.291746392846107, 46.553471304181585], [14.291765000671148, 46.55350646484294]]}, "properties": {"fillColor": "#1B7CBD", "executionState": "Documented", "externalID": "SDIRouteSection_121772750337_1729575143", "userLabel": "_Bankett"}}, {"type": "Feature", "geometry": {"type": "LineString", "coordinates": [[14.291699454188347, 46.55338795603106], [14.29171772673726, 46.55342369315139]]}, "properties": {"fillColor": "#1B7CBD", "executionState": "Documented", "externalID": "SDIRouteSection_121774122753_1729575142", "userLabel": "_Bankett"}}, {"type": "Feature", "geometry": {"type": "LineString", "coordinates": [[14.291799198836088, 46.55356940813388], [14.291834738105536, 46.55363281247406]]}, "properties": {"fillColor": "#1B7CBD", "executionState": "Documented", "externalID": "SDIRouteSection_121779125761_1729575145", "userLabel": "_Bankett"}}, {"type": "Feature", "geometry": {"type": "LineString", "coordinates": [[14.291765000671148, 46.55350646484294], [14.291799198836088, 46.55356940813388]]}, "properties": {"fillColor": "#1B7CBD", "executionState": "Documented", "externalID": "SDIRouteSection_121784966657_1729575144", "userLabel": "_Bankett"}}, {"type": "Feature", "geometry": {"type": "LineString", "coordinates": [[14.28795333020389, 46.563205095663335], [14.287954621, 46.563217468], [14.287938242778182, 46.5632472232559]]}, "properties": {"fillColor": "#0D15FF", "executionState": "Documented", "externalID": "SDIRouteSection_121788500481_1729490392", "userLabel": "_Gemeindestrasse Asphalt"}}, {"type": "Feature", "geometry": {"type": "LineString", "coordinates": [[14.287938242778182, 46.5632472232559], [14.28792298771441, 46.56329338491693]]}, "properties": {"fillColor": "#0D15FF", "executionState": "Documented", "externalID": "SDIRouteSection_121801361153_1729490393", "userLabel": "_Gemeindestrasse Asphalt"}}, {"type": "Feature", "geometry": {"type": "LineString", "coordinates": [[14.294025348499417, 46.555933014202765], [14.29402987472713, 46.555916472142314]]}, "properties": {"fillColor": "#0D15FF", "executionState": "Documented", "externalID": "SDIRouteSection_121826969601_1734341217", "userLabel": "_Gemeindestrasse Asphalt"}}, {"type": "Feature", "geometry": {"type": "LineString", "coordinates": [[14.29402987472713, 46.555916472142314], [14.294138168916106, 46.55577318425793]]}, "properties": {"fillColor": "#0D15FF", "executionState": "Documented", "externalID": "SDIRouteSection_121828839937_1734341218", "userLabel": "_Gemeindestrasse Asphalt"}}, {"type": "Feature", "geometry": {"type": "LineString", "coordinates": [[14.287709249183536, 46.565175490902504], [14.287685360759497, 46.565208223605055]]}, "properties": {"fillColor": "#3B3B3B", "executionState": "Documented", "externalID": "SDIRouteSection_121894514433_0", "userLabel": "_Sp\u00fclbohrung"}}, {"type": "Feature", "geometry": {"type": "LineString", "coordinates": [[14.28875899873674, 46.56422214227578], [14.28876000456512, 46.56421908793723]]}, "properties": {"fillColor": "#0D15FF", "executionState": "Documented", "externalID": "SDIRouteSection_121946748673_1729490441", "userLabel": "_Gemeindestrasse Asphalt"}}, {"type": "Feature", "geometry": {"type": "LineString", "coordinates": [[14.28875899873674, 46.56422214227578], [14.288748940452933, 46.564216091227564]]}, "properties": {"fillColor": "#958CCF", "executionState": "Documented", "externalID": "SDIRouteSection_121977981697_1729490451", "userLabel": "_Querung offen"}}, {"type": "Feature", "geometry": {"type": "LineString", "coordinates": [[14.28829065989703, 46.56498903514], [14.288295898586512, 46.56503412919787]]}, "properties": {"fillColor": "#3B3B3B", "executionState": "Documented", "externalID": "SDIRouteSection_121980228865_1707741495", "userLabel": "_Pressung"}}, {"type": "Feature", "geometry": {"type": "LineString", "coordinates": [[14.28829065989703, 46.56498903514], [14.288343633525074, 46.564988516486096]]}, "properties": {"fillColor": "#1B7CBD", "executionState": "Documented", "externalID": "SDIRouteSection_121984797953_0", "userLabel": "_Bankett"}}, {"type": "Feature", "geometry": {"type": "LineString", "coordinates": [[14.294336400926113, 46.555539058187804], [14.29434360936284, 46.55553277561813]]}, "properties": {"fillColor": "#0D15FF", "executionState": "Documented", "externalID": "SDIRouteSection_121994910721_1734341243", "userLabel": "_Gemeindestrasse Asphalt"}}, {"type": "Feature", "geometry": {"type": "LineString", "coordinates": [[14.291834738105536, 46.55363281247406], [14.291846305131912, 46.55365298656676]]}, "properties": {"fillColor": "#1B7CBD", "executionState": "Documented", "externalID": "SDIRouteSection_121996038401_1729575299", "userLabel": "_Bankett"}}, {"type": "Feature", "geometry": {"type": "LineString", "coordinates": [[14.288748940452933, 46.564216091227564], [14.288736915195464, 46.56421407421135], [14.288604184943434, 46.56412970554853]]}, "properties": {"fillColor": "#FE0DFF", "executionState": "Documented", "externalID": "SDIRouteSection_122017028609_1729490465", "userLabel": "_Hausanschluss"}}, {"type": "Feature", "geometry": {"type": "LineString", "coordinates": [[14.294278230518103, 46.55561191288808], [14.294336400926113, 46.555539058187804]]}, "properties": {"fillColor": "#0D15FF", "executionState": "Documented", "externalID": "SDIRouteSection_122050928897_1734341252", "userLabel": "_Gemeindestrasse Asphalt"}}, {"type": "Feature", "geometry": {"type": "LineString", "coordinates": [[14.291846305131912, 46.55365298656676], [14.291880670934916, 46.55370774478055]]}, "properties": {"fillColor": "#1B7CBD", "executionState": "Documented", "externalID": "SDIRouteSection_122184647169_1729575310", "userLabel": "_Bankett"}}, {"type": "Feature", "geometry": {"type": "LineString", "coordinates": [[14.291846305131912, 46.55365298656676], [14.291796516627073, 46.55366970223787]]}, "properties": {"fillColor": "#3B3B3B", "executionState": "Documented", "externalID": "SDIRouteSection_122215076353_1729575313", "userLabel": "_Pressung"}}, {"type": "Feature", "geometry": {"type": "LineString", "coordinates": [[14.291796516627073, 46.55366970223787], [14.291783273220064, 46.55366831887219], [14.291682253127181, 46.55367379322915]]}, "properties": {"fillColor": "#FE0DFF", "executionState": "Documented", "externalID": "SDIRouteSection_122300731905_1729575328", "userLabel": "_Hausanschluss"}}, {"type": "Feature", "geometry": {"type": "LineString", "coordinates": [[14.28834619000554, 46.56431780637729], [14.28846001625061, 46.56431734534584]]}, "properties": {"fillColor": "#0D15FF", "executionState": "Documented", "externalID": "SDIRouteSection_122321090817_1729490581", "userLabel": "_Gemeindestrasse Asphalt"}}, {"type": "Feature", "geometry": {"type": "LineString", "coordinates": [[14.288548026233912, 46.564310660389964], [14.288600916042924, 46.564310602761026]]}, "properties": {"fillColor": "#0D15FF", "executionState": "Documented", "externalID": "SDIRouteSection_122340107265_1729490585", "userLabel": "_Gemeindestrasse Asphalt"}}, {"type": "Feature", "geometry": {"type": "LineString", "coordinates": [[14.28811033, 46.56463049], [14.28811033, 46.56463049], [14.28805849, 46.56461291]]}, "properties": {"fillColor": "#3B3B3B", "executionState": "Documented", "externalID": "SDIRouteSection_122340452097_1707741599", "userLabel": "_Pressung"}}, {"type": "Feature", "geometry": {"type": "LineString", "coordinates": [[14.288203110918403, 46.564315962251584], [14.288212414830923, 46.56432068782348]]}, "properties": {"fillColor": "#0D15FF", "executionState": "Documented", "externalID": "SDIRouteSection_122340494593_1729490577", "userLabel": "_Gemeindestrasse Asphalt"}}, {"type": "Feature", "geometry": {"type": "LineString", "coordinates": [[14.288212414830923, 46.56432068782348], [14.288235129788518, 46.564319477616095]]}, "properties": {"fillColor": "#0D15FF", "executionState": "Documented", "externalID": "SDIRouteSection_122353094145_1729490579", "userLabel": "_Gemeindestrasse Asphalt"}}, {"type": "Feature", "geometry": {"type": "LineString", "coordinates": [[14.291981756687164, 46.55386152860558], [14.292022995650768, 46.55391248237052]]}, "properties": {"fillColor": "#1B7CBD", "executionState": "Documented", "externalID": "SDIRouteSection_122353188097_1729575376", "userLabel": "_Bankett"}}, {"type": "Feature", "geometry": {"type": "LineString", "coordinates": [[14.288613740354776, 46.564322186175474], [14.288656068965793, 46.56434131897396]]}, "properties": {"fillColor": "#0D15FF", "executionState": "Documented", "externalID": "SDIRouteSection_122354216193_1729490589", "userLabel": "_Gemeindestrasse Asphalt"}}, {"type": "Feature", "geometry": {"type": "LineString", "coordinates": [[14.288682136684656, 46.56434955990619], [14.288720106706023, 46.56435209557739]]}, "properties": {"fillColor": "#0D15FF", "executionState": "Documented", "externalID": "SDIRouteSection_122355606273_1729490587", "userLabel": "_Gemeindestrasse Asphalt"}}, {"type": "Feature", "geometry": {"type": "LineString", "coordinates": [[14.288297491148114, 46.56431895895577], [14.28834619000554, 46.56431780637729]]}, "properties": {"fillColor": "#0D15FF", "executionState": "Documented", "externalID": "SDIRouteSection_122356023297_1729490580", "userLabel": "_Gemeindestrasse Asphalt"}}, {"type": "Feature", "geometry": {"type": "LineString", "coordinates": [[14.288186766207218, 46.564316711427665], [14.288203110918403, 46.564315962251584]]}, "properties": {"fillColor": "#0D15FF", "executionState": "Documented", "externalID": "SDIRouteSection_122356214017_1729490576", "userLabel": "_Gemeindestrasse Asphalt"}}, {"type": "Feature", "geometry": {"type": "LineString", "coordinates": [[14.28846001625061, 46.56431734534584], [14.288469906896353, 46.5643085281194]]}, "properties": {"fillColor": "#0D15FF", "executionState": "Documented", "externalID": "SDIRouteSection_122361158145_1729490582", "userLabel": "_Gemeindestrasse Asphalt"}}, {"type": "Feature", "geometry": {"type": "LineString", "coordinates": [[14.288656068965793, 46.56434131897396], [14.288682136684656, 46.56434955990619]]}, "properties": {"fillColor": "#0D15FF", "executionState": "Documented", "externalID": "SDIRouteSection_122363255809_1729490588", "userLabel": "_Gemeindestrasse Asphalt"}}, {"type": "Feature", "geometry": {"type": "LineString", "coordinates": [[14.291949905455112, 46.55381334151687], [14.291981756687164, 46.55386152860558]]}, "properties": {"fillColor": "#1B7CBD", "executionState": "Documented", "externalID": "SDIRouteSection_122368391169_1729575377", "userLabel": "_Bankett"}}, {"type": "Feature", "geometry": {"type": "LineString", "coordinates": [[14.288469906896353, 46.5643085281194], [14.28849421441555, 46.56430916203769]]}, "properties": {"fillColor": "#0D15FF", "executionState": "Documented", "externalID": "SDIRouteSection_122372146689_1729490583", "userLabel": "_Gemeindestrasse Asphalt"}}, {"type": "Feature", "geometry": {"type": "LineString", "coordinates": [[14.28849421441555, 46.56430916203769], [14.288548026233912, 46.564310660389964]]}, "properties": {"fillColor": "#0D15FF", "executionState": "Documented", "externalID": "SDIRouteSection_122374566657_1729490584", "userLabel": "_Gemeindestrasse Asphalt"}}, {"type": "Feature", "geometry": {"type": "LineString", "coordinates": [[14.291880670934916, 46.55370774478055], [14.29191553965211, 46.55376181125746]]}, "properties": {"fillColor": "#1B7CBD", "executionState": "Documented", "externalID": "SDIRouteSection_122382599169_1729575379", "userLabel": "_Bankett"}}, {"type": "Feature", "geometry": {"type": "LineString", "coordinates": [[14.292022995650768, 46.55391248237052], [14.292035903781652, 46.55392620068366]]}, "properties": {"fillColor": "#1B7CBD", "executionState": "Documented", "externalID": "SDIRouteSection_122382843393_1729575375", "userLabel": "_Bankett"}}, {"type": "Feature", "geometry": {"type": "LineString", "coordinates": [[14.29191553965211, 46.55376181125746], [14.291949905455112, 46.55381334151687]]}, "properties": {"fillColor": "#1B7CBD", "executionState": "Documented", "externalID": "SDIRouteSection_122387122945_1729575378", "userLabel": "_Bankett"}}, {"type": "Feature", "geometry": {"type": "LineString", "coordinates": [[14.291933979839087, 46.55254559070593], [14.291925095021725, 46.552527376010914]]}, "properties": {"fillColor": "#0D15FF", "executionState": "Documented", "externalID": "SDIRouteSection_122409365505_1729575411", "userLabel": "_Gemeindestrasse Asphalt"}}, {"type": "Feature", "geometry": {"type": "LineString", "coordinates": [[14.291925095021725, 46.552527376010914], [14.291914701461792, 46.55251838394403]]}, "properties": {"fillColor": "#0D15FF", "executionState": "Documented", "externalID": "SDIRouteSection_122412099585_1729575412", "userLabel": "_Gemeindestrasse Asphalt"}}, {"type": "Feature", "geometry": {"type": "LineString", "coordinates": [[14.288600916042924, 46.564310602761026], [14.288606196641922, 46.564310660389964]]}, "properties": {"fillColor": "#0D15FF", "executionState": "Documented", "externalID": "SDIRouteSection_122472586753_1729490632", "userLabel": "_Gemeindestrasse Asphalt"}}, {"type": "Feature", "geometry": {"type": "LineString", "coordinates": [[14.288600916042924, 46.564310602761026], [14.288604436442256, 46.56432691174683]]}, "properties": {"fillColor": "#958CCF", "executionState": "Documented", "externalID": "SDIRouteSection_122483717377_1729490638", "userLabel": "_Querung offen"}}, {"type": "Feature", "geometry": {"type": "LineString", "coordinates": [[14.288604436442256, 46.56432691174683], [14.288604854356242, 46.56433117628645], [14.288664364652313, 46.56452999801513]]}, "properties": {"fillColor": "#FE0DFF", "executionState": "Documented", "externalID": "SDIRouteSection_122510198529_1729490650", "userLabel": "_Hausanschluss"}}, {"type": "Feature", "geometry": {"type": "LineString", "coordinates": [[14.288781378418207, 46.56435676351725], [14.28884508088231, 46.564362065374354]]}, "properties": {"fillColor": "#0D15FF", "executionState": "Documented", "externalID": "SDIRouteSection_122525656065_1729490673", "userLabel": "_Gemeindestrasse Asphalt"}}, {"type": "Feature", "geometry": {"type": "LineString", "coordinates": [[14.293032847344875, 46.55347533901272], [14.293082216754556, 46.55344905496443]]}, "properties": {"fillColor": "#958CCF", "executionState": "Documented", "externalID": "SDIRouteSection_122620333569_1729575542", "userLabel": "_Querung offen"}}, {"type": "Feature", "geometry": {"type": "LineString", "coordinates": [[14.29299060255289, 46.55348559901057], [14.292958583682775, 46.55344859384064]]}, "properties": {"fillColor": "#0D15FF", "executionState": "Documented", "externalID": "SDIRouteSection_122706542081_1729575545", "userLabel": "_Gemeindestrasse Asphalt"}}, {"type": "Feature", "geometry": {"type": "LineString", "coordinates": [[14.294666647911072, 46.55498492121441], [14.294765219092369, 46.55484312948403]]}, "properties": {"fillColor": "#0D15FF", "executionState": "Documented", "externalID": "SDIRouteSection_122721623809_1734341454", "userLabel": "_Gemeindestrasse Asphalt"}}, {"type": "Feature", "geometry": {"type": "LineString", "coordinates": [[14.292958583682775, 46.55344859384064], [14.292951542884111, 46.55344282979323]]}, "properties": {"fillColor": "#0D15FF", "executionState": "Documented", "externalID": "SDIRouteSection_122735757569_1729575549", "userLabel": "_Gemeindestrasse Asphalt"}}, {"type": "Feature", "geometry": {"type": "LineString", "coordinates": [[14.293065369129181, 46.55357816946531], [14.29304039105773, 46.55354669783404]]}, "properties": {"fillColor": "#0D15FF", "executionState": "Documented", "externalID": "SDIRouteSection_122738940929_1729575555", "userLabel": "_Gemeindestrasse Asphalt"}}, {"type": "Feature", "geometry": {"type": "LineString", "coordinates": [[14.293010719120502, 46.55351338169166], [14.292997140437365, 46.55349447563637]]}, "properties": {"fillColor": "#0D15FF", "executionState": "Documented", "externalID": "SDIRouteSection_122751877121_1729575553", "userLabel": "_Gemeindestrasse Asphalt"}}, {"type": "Feature", "geometry": {"type": "LineString", "coordinates": [[14.29304039105773, 46.55354669783404], [14.293010719120502, 46.55351338169166]]}, "properties": {"fillColor": "#0D15FF", "executionState": "Documented", "externalID": "SDIRouteSection_122754113793_1729575554", "userLabel": "_Gemeindestrasse Asphalt"}}, {"type": "Feature", "geometry": {"type": "LineString", "coordinates": [[14.293094202876091, 46.55361263837386], [14.293065369129181, 46.55357816946531]]}, "properties": {"fillColor": "#0D15FF", "executionState": "Documented", "externalID": "SDIRouteSection_122828013057_1729575572", "userLabel": "_Gemeindestrasse Asphalt"}}, {"type": "Feature", "geometry": {"type": "LineString", "coordinates": [[14.29436456412077, 46.555400380378956], [14.294666647911072, 46.55498492121441]]}, "properties": {"fillColor": "#0D15FF", "executionState": "Documented", "externalID": "SDIRouteSection_122893564161_1734341464", "userLabel": "_Gemeindestrasse Asphalt"}}, {"type": "Feature", "geometry": {"type": "LineString", "coordinates": [[14.294445868581533, 46.555378593060055], [14.294459614902735, 46.55538147498106]]}, "properties": {"fillColor": "#958CCF", "executionState": "Documented", "externalID": "SDIRouteSection_122967475969_1734341478", "userLabel": "_Querung offen"}}, {"type": "Feature", "geometry": {"type": "LineString", "coordinates": [[14.288861341774464, 46.56437243857158], [14.288984388113022, 46.56437727939627]]}, "properties": {"fillColor": "#0D15FF", "executionState": "Documented", "externalID": "SDIRouteSection_122974701825_1729490826", "userLabel": "_Gemeindestrasse Asphalt"}}, {"type": "Feature", "geometry": {"type": "LineString", "coordinates": [[14.288984388113022, 46.56437727939627], [14.28910156711936, 46.564381313416504]]}, "properties": {"fillColor": "#0D15FF", "executionState": "Documented", "externalID": "SDIRouteSection_122984306433_1729490827", "userLabel": "_Gemeindestrasse Asphalt"}}, {"type": "Feature", "geometry": {"type": "LineString", "coordinates": [[14.289185889065266, 46.55853017041849], [14.289248082786798, 46.55856440564156]]}, "properties": {"fillColor": "#0D15FF", "executionState": "Documented", "externalID": "SDIRouteSection_122984685825_0", "userLabel": "_Gemeindestrasse Asphalt"}}, {"type": "Feature", "geometry": {"type": "LineString", "coordinates": [[14.28910156711936, 46.564381313416504], [14.289140291512012, 46.56438419485937]]}, "properties": {"fillColor": "#0D15FF", "executionState": "Documented", "externalID": "SDIRouteSection_122986141441_1729490828", "userLabel": "_Gemeindestrasse Asphalt"}}, {"type": "Feature", "geometry": {"type": "LineString", "coordinates": [[14.289140291512012, 46.56438419485937], [14.289160910993814, 46.564355034650674]]}, "properties": {"fillColor": "#0D15FF", "executionState": "Documented", "externalID": "SDIRouteSection_122990711297_1729490830", "userLabel": "_Gemeindestrasse Asphalt"}}, {"type": "Feature", "geometry": {"type": "LineString", "coordinates": [[14.288382064551115, 46.55835761073297], [14.288386925960074, 46.55835311518275], [14.288477450764844, 46.55831991729541]]}, "properties": {"fillColor": "#FE0DFF", "executionState": "Documented", "externalID": "SDIRouteSection_122993761025_0", "userLabel": "_Hausanschluss"}}, {"type": "Feature", "geometry": {"type": "LineString", "coordinates": [[14.288382064551115, 46.55835761073297], [14.28838374093175, 46.558456397473805]]}, "properties": {"fillColor": "#3B3B3B", "executionState": "Documented", "externalID": "SDIRouteSection_123002342401_1707741820", "userLabel": "_Pressung"}}, {"type": "Feature", "geometry": {"type": "LineString", "coordinates": [[14.28838374093175, 46.558456397473805], [14.288635198026896, 46.55844971179573]]}, "properties": {"fillColor": "#0D15FF", "executionState": "Documented", "externalID": "SDIRouteSection_123004051713_0", "userLabel": "_Gemeindestrasse Asphalt"}}, {"type": "Feature", "geometry": {"type": "LineString", "coordinates": [[14.289255524640414, 46.56455965031956], [14.28927004338438, 46.56471567517138]]}, "properties": {"fillColor": "#0D15FF", "executionState": "Documented", "externalID": "SDIRouteSection_123031694849_1729490861", "userLabel": "_Gemeindestrasse Asphalt"}}, {"type": "Feature", "geometry": {"type": "LineString", "coordinates": [[14.289270211011171, 46.564509479846464], [14.289255524640414, 46.56455965031956]]}, "properties": {"fillColor": "#0D15FF", "executionState": "Documented", "externalID": "SDIRouteSection_123034555393_1729490860", "userLabel": "_Gemeindestrasse Asphalt"}}, {"type": "Feature", "geometry": {"type": "LineString", "coordinates": [[14.289237521588802, 46.564395259598484], [14.289257302880287, 46.564433179364386]]}, "properties": {"fillColor": "#0D15FF", "executionState": "Documented", "externalID": "SDIRouteSection_123037422849_1729490870", "userLabel": "_Gemeindestrasse Asphalt"}}, {"type": "Feature", "geometry": {"type": "LineString", "coordinates": [[14.289160910993814, 46.564355034650674], [14.28917583078146, 46.56436102805452]]}, "properties": {"fillColor": "#0D15FF", "executionState": "Documented", "externalID": "SDIRouteSection_123038439681_1729490858", "userLabel": "_Gemeindestrasse Asphalt"}}, {"type": "Feature", "geometry": {"type": "LineString", "coordinates": [[14.293122366070747, 46.55499080037569], [14.293182883411646, 46.55499126148638]]}, "properties": {"fillColor": "#958CCF", "executionState": "Documented", "externalID": "SDIRouteSection_123039437057_1729575658", "userLabel": "_Querung offen"}}, {"type": "Feature", "geometry": {"type": "LineString", "coordinates": [[14.292580727487803, 46.554653496875375], [14.29256932809949, 46.55465868440237]]}, "properties": {"fillColor": "#958CCF", "executionState": "Documented", "externalID": "SDIRouteSection_123039831553_1729575689", "userLabel": "_Querung offen"}}, {"type": "Feature", "geometry": {"type": "LineString", "coordinates": [[14.28917583078146, 46.56436102805452], [14.289237521588802, 46.564395259598484]]}, "properties": {"fillColor": "#0D15FF", "executionState": "Documented", "externalID": "SDIRouteSection_123039856385_1729490859", "userLabel": "_Gemeindestrasse Asphalt"}}, {"type": "Feature", "geometry": {"type": "LineString", "coordinates": [[14.293122366070747, 46.55499080037569], [14.293122114613652, 46.554986246907674]]}, "properties": {"fillColor": "#0D15FF", "executionState": "Documented", "externalID": "SDIRouteSection_123040438529_1729575651", "userLabel": "_Gemeindestrasse Asphalt"}}, {"type": "Feature", "geometry": {"type": "LineString", "coordinates": [[14.289257302880287, 46.564433179364386], [14.289270211011171, 46.564509479846464]]}, "properties": {"fillColor": "#0D15FF", "executionState": "Documented", "externalID": "SDIRouteSection_123040946689_1729490877", "userLabel": "_Gemeindestrasse Asphalt"}}, {"type": "Feature", "geometry": {"type": "LineString", "coordinates": [[14.292580727487803, 46.554653496875375], [14.292584583163261, 46.554658914959134]]}, "properties": {"fillColor": "#0D15FF", "executionState": "Documented", "externalID": "SDIRouteSection_123047888641_1729575686", "userLabel": "_Gemeindestrasse Asphalt"}}, {"type": "Feature", "geometry": {"type": "LineString", "coordinates": [[14.294823054224253, 46.55460565632535], [14.294781144708395, 46.554663641372116]]}, "properties": {"fillColor": "#0D15FF", "executionState": "Documented", "externalID": "SDIRouteSection_123055946753_1734341512", "userLabel": "_Gemeindestrasse Asphalt"}}, {"type": "Feature", "geometry": {"type": "LineString", "coordinates": [[14.28874391131103, 46.56427544910014], [14.288754556328058, 46.56424553965596]]}, "properties": {"fillColor": "#0D15FF", "executionState": "Documented", "externalID": "SDIRouteSection_123061458689_1729490910", "userLabel": "_Gemeindestrasse Asphalt"}}, {"type": "Feature", "geometry": {"type": "LineString", "coordinates": [[14.294848032295704, 46.554605425768386], [14.294823054224253, 46.55460565632535]]}, "properties": {"fillColor": "#0D15FF", "executionState": "Documented", "externalID": "SDIRouteSection_123065155841_1734341513", "userLabel": "_Gemeindestrasse Asphalt"}}, {"type": "Feature", "geometry": {"type": "LineString", "coordinates": [[14.293118426576257, 46.55505160931068], [14.293104344978929, 46.55505132111685]]}, "properties": {"fillColor": "#958CCF", "executionState": "Documented", "externalID": "SDIRouteSection_123065671425_1729575716", "userLabel": "_Querung offen"}}, {"type": "Feature", "geometry": {"type": "LineString", "coordinates": [[14.293118426576257, 46.55505160931068], [14.293120186775923, 46.55503564336942]]}, "properties": {"fillColor": "#0D15FF", "executionState": "Documented", "externalID": "SDIRouteSection_123065922817_1729575713", "userLabel": "_Gemeindestrasse Asphalt"}}, {"type": "Feature", "geometry": {"type": "LineString", "coordinates": [[14.294884912669659, 46.55458121728111], [14.294879045337439, 46.5545915923484]]}, "properties": {"fillColor": "#0D15FF", "executionState": "Documented", "externalID": "SDIRouteSection_123066258689_1734341514", "userLabel": "_Gemeindestrasse Asphalt"}}, {"type": "Feature", "geometry": {"type": "LineString", "coordinates": [[14.288606196641922, 46.564310660389964], [14.288613740354776, 46.564322186175474]]}, "properties": {"fillColor": "#0D15FF", "executionState": "Documented", "externalID": "SDIRouteSection_123075574273_1729490928", "userLabel": "_Gemeindestrasse Asphalt"}}, {"type": "Feature", "geometry": {"type": "LineString", "coordinates": [[14.294879045337439, 46.5545915923484], [14.294848032295704, 46.554605425768386]]}, "properties": {"fillColor": "#0D15FF", "executionState": "Documented", "externalID": "SDIRouteSection_123076878849_1734341513", "userLabel": "_Gemeindestrasse Asphalt"}}, {"type": "Feature", "geometry": {"type": "LineString", "coordinates": [[14.29491676390171, 46.554541792007285], [14.294902514666319, 46.55456784496923]]}, "properties": {"fillColor": "#0D15FF", "executionState": "Documented", "externalID": "SDIRouteSection_123079680513_1734341516", "userLabel": "_Gemeindestrasse Asphalt"}}, {"type": "Feature", "geometry": {"type": "LineString", "coordinates": [[14.288754556328058, 46.56424553965596], [14.28875899873674, 46.56422214227578]]}, "properties": {"fillColor": "#0D15FF", "executionState": "Documented", "externalID": "SDIRouteSection_123082355713_1729490916", "userLabel": "_Gemeindestrasse Asphalt"}}, {"type": "Feature", "geometry": {"type": "LineString", "coordinates": [[14.294902514666319, 46.55456784496923], [14.294884912669659, 46.55458121728111]]}, "properties": {"fillColor": "#0D15FF", "executionState": "Documented", "externalID": "SDIRouteSection_123084036097_1734341515", "userLabel": "_Gemeindestrasse Asphalt"}}, {"type": "Feature", "geometry": {"type": "LineString", "coordinates": [[14.29305849596858, 46.554445764831684], [14.293060339987278, 46.554430548024754]]}, "properties": {"fillColor": "#0D15FF", "executionState": "Documented", "externalID": "SDIRouteSection_123085469697_1729575738", "userLabel": "_Gemeindestrasse Asphalt"}}, {"type": "Feature", "geometry": {"type": "LineString", "coordinates": [[14.29492849856615, 46.55447942623792], [14.29491676390171, 46.554541792007285]]}, "properties": {"fillColor": "#0D15FF", "executionState": "Documented", "externalID": "SDIRouteSection_123089206785_1734341518", "userLabel": "_Gemeindestrasse Asphalt"}}, {"type": "Feature", "geometry": {"type": "LineString", "coordinates": [[14.294935707002878, 46.55447354702122], [14.29492849856615, 46.55447942623792]]}, "properties": {"fillColor": "#0D15FF", "executionState": "Documented", "externalID": "SDIRouteSection_123090110465_1734341519", "userLabel": "_Gemeindestrasse Asphalt"}}, {"type": "Feature", "geometry": {"type": "LineString", "coordinates": [[14.28879470564425, 46.564219952372696], [14.28879713639617, 46.56422047103396]]}, "properties": {"fillColor": "#0D15FF", "executionState": "Documented", "externalID": "SDIRouteSection_123090703873_1729490957", "userLabel": "_Gemeindestrasse Asphalt"}}, {"type": "Feature", "geometry": {"type": "LineString", "coordinates": [[14.28876000456512, 46.56421908793723], [14.288786742836237, 46.56421828113079]]}, "properties": {"fillColor": "#0D15FF", "executionState": "Documented", "externalID": "SDIRouteSection_123091268865_1729490947", "userLabel": "_Gemeindestrasse Asphalt"}}, {"type": "Feature", "geometry": {"type": "LineString", "coordinates": [[14.29305849596858, 46.554445764831684], [14.293038547039032, 46.554444150928106]]}, "properties": {"fillColor": "#958CCF", "executionState": "Documented", "externalID": "SDIRouteSection_123092404993_1729575743", "userLabel": "_Querung offen"}}, {"type": "Feature", "geometry": {"type": "LineString", "coordinates": [[14.288786742836237, 46.56421828113079], [14.28879470564425, 46.564219952372696]]}, "properties": {"fillColor": "#0D15FF", "executionState": "Documented", "externalID": "SDIRouteSection_123093643521_1729490948", "userLabel": "_Gemeindestrasse Asphalt"}}, {"type": "Feature", "geometry": {"type": "LineString", "coordinates": [[14.294824060052633, 46.554758400102486], [14.294827580451965, 46.554731194449886]]}, "properties": {"fillColor": "#1B7CBD", "executionState": "Documented", "externalID": "SDIRouteSection_123106387713_1734341523", "userLabel": "_Bankett"}}, {"type": "Feature", "geometry": {"type": "LineString", "coordinates": [[14.294824730604887, 46.554708138801374], [14.294802267104387, 46.554679203948666]]}, "properties": {"fillColor": "#1B7CBD", "executionState": "Documented", "externalID": "SDIRouteSection_123114473729_1734341522", "userLabel": "_Bankett"}}, {"type": "Feature", "geometry": {"type": "LineString", "coordinates": [[14.294802267104387, 46.554679203948666], [14.294781144708395, 46.554663641372116]]}, "properties": {"fillColor": "#1B7CBD", "executionState": "Documented", "externalID": "SDIRouteSection_123115504129_1734341521", "userLabel": "_Bankett"}}, {"type": "Feature", "geometry": {"type": "LineString", "coordinates": [[14.28879470564425, 46.564219952372696], [14.288807949051261, 46.564220701550084]]}, "properties": {"fillColor": "#958CCF", "executionState": "Documented", "externalID": "SDIRouteSection_123116678657_1729490961", "userLabel": "_Querung offen"}}, {"type": "Feature", "geometry": {"type": "LineString", "coordinates": [[14.294827580451965, 46.554731194449886], [14.294824730604887, 46.554708138801374]]}, "properties": {"fillColor": "#1B7CBD", "executionState": "Documented", "externalID": "SDIRouteSection_123120795905_1734341523", "userLabel": "_Bankett"}}, {"type": "Feature", "geometry": {"type": "LineString", "coordinates": [[14.288807949051261, 46.564220701550084], [14.288814759653826, 46.56422006763076], [14.289167912997017, 46.56423793625525]]}, "properties": {"fillColor": "#FE0DFF", "executionState": "Documented", "externalID": "SDIRouteSection_123131018497_1729490965", "userLabel": "_Hausanschluss"}}, {"type": "Feature", "geometry": {"type": "LineString", "coordinates": [[14.294733200222254, 46.55464415932556], [14.294660948216915, 46.55462329393063]]}, "properties": {"fillColor": "#1B7CBD", "executionState": "Documented", "externalID": "SDIRouteSection_123137992193_1734341538", "userLabel": "_Bankett"}}, {"type": "Feature", "geometry": {"type": "LineString", "coordinates": [[14.294392727315426, 46.55441083533668], [14.294322486966848, 46.55432783446631]]}, "properties": {"fillColor": "#1B7CBD", "executionState": "Documented", "externalID": "SDIRouteSection_123139252481_1734341544", "userLabel": "_Bankett"}}, {"type": "Feature", "geometry": {"type": "LineString", "coordinates": [[14.294586349278688, 46.55458317701621], [14.294528011232615, 46.554543405907964]]}, "properties": {"fillColor": "#1B7CBD", "executionState": "Documented", "externalID": "SDIRouteSection_123141589249_1734341541", "userLabel": "_Bankett"}}, {"type": "Feature", "geometry": {"type": "LineString", "coordinates": [[14.294528011232615, 46.554543405907964], [14.294455591589212, 46.554481385976686]]}, "properties": {"fillColor": "#1B7CBD", "executionState": "Documented", "externalID": "SDIRouteSection_123142060289_1734341542", "userLabel": "_Bankett"}}, {"type": "Feature", "geometry": {"type": "LineString", "coordinates": [[14.294660948216915, 46.55462329393063], [14.294586349278688, 46.55458317701621]]}, "properties": {"fillColor": "#1B7CBD", "executionState": "Documented", "externalID": "SDIRouteSection_123142534657_1734341540", "userLabel": "_Bankett"}}, {"type": "Feature", "geometry": {"type": "LineString", "coordinates": [[14.294455591589212, 46.554481385976686], [14.294392727315426, 46.55441083533668]]}, "properties": {"fillColor": "#1B7CBD", "executionState": "Documented", "externalID": "SDIRouteSection_123146139905_1734341543", "userLabel": "_Bankett"}}, {"type": "Feature", "geometry": {"type": "LineString", "coordinates": [[14.29256932809949, 46.55465868440237], [14.292554408311846, 46.55465879968076], [14.292481988642505, 46.55466986618104]]}, "properties": {"fillColor": "#FE0DFF", "executionState": "Documented", "externalID": "SDIRouteSection_123151785473_1729575763", "userLabel": "_Hausanschluss"}}, {"type": "Feature", "geometry": {"type": "LineString", "coordinates": [[14.294322486966848, 46.55432783446631], [14.294270016252995, 46.55427976307084]]}, "properties": {"fillColor": "#1B7CBD", "executionState": "Documented", "externalID": "SDIRouteSection_123162222593_1734341545", "userLabel": "_Bankett"}}, {"type": "Feature", "geometry": {"type": "LineString", "coordinates": [[14.293104344978929, 46.55505132111685], [14.293098896741869, 46.55504982250884], [14.29291248331909, 46.55494100049861]]}, "properties": {"fillColor": "#FE0DFF", "executionState": "Documented", "externalID": "SDIRouteSection_123162663169_1729575769", "userLabel": "_Hausanschluss"}}, {"type": "Feature", "geometry": {"type": "LineString", "coordinates": [[14.29320015013218, 46.55499033926503], [14.29321959614754, 46.55498711149025], [14.293332919385932, 46.555002789273566]]}, "properties": {"fillColor": "#FE0DFF", "executionState": "Documented", "externalID": "SDIRouteSection_123163418625_1729575767", "userLabel": "_Hausanschluss"}}, {"type": "Feature", "geometry": {"type": "LineString", "coordinates": [[14.293038547039032, 46.554444150928106], [14.293023794889452, 46.55444299813983], [14.292803183237465, 46.55453983230864]]}, "properties": {"fillColor": "#FE0DFF", "executionState": "Documented", "externalID": "SDIRouteSection_123164656129_1729575765", "userLabel": "_Hausanschluss"}}, {"type": "Feature", "geometry": {"type": "LineString", "coordinates": [[14.294270016252995, 46.55427976307084], [14.294131211936474, 46.554178893697355]]}, "properties": {"fillColor": "#1B7CBD", "executionState": "Documented", "externalID": "SDIRouteSection_123164725505_1734341546", "userLabel": "_Bankett"}}, {"type": "Feature", "geometry": {"type": "LineString", "coordinates": [[14.288800824433565, 46.56418497154024], [14.288808116689324, 46.56415402472243]]}, "properties": {"fillColor": "#0D15FF", "executionState": "Documented", "externalID": "SDIRouteSection_123226487809_1729491009", "userLabel": "_Gemeindestrasse Asphalt"}}, {"type": "Feature", "geometry": {"type": "LineString", "coordinates": [[14.2930350266397, 46.55452115713035], [14.293069392442703, 46.55452576827673]]}, "properties": {"fillColor": "#958CCF", "executionState": "Documented", "externalID": "SDIRouteSection_123227063297_1729575810", "userLabel": "_Querung offen"}}, {"type": "Feature", "geometry": {"type": "LineString", "coordinates": [[14.2930350266397, 46.55452115713035], [14.293041061609983, 46.554509513984044]]}, "properties": {"fillColor": "#0D15FF", "executionState": "Documented", "externalID": "SDIRouteSection_123240621825_1729575807", "userLabel": "_Gemeindestrasse Asphalt"}}, {"type": "Feature", "geometry": {"type": "LineString", "coordinates": [[14.28879713639617, 46.56422047103396], [14.288800824433565, 46.56418497154024]]}, "properties": {"fillColor": "#0D15FF", "executionState": "Documented", "externalID": "SDIRouteSection_123244602369_1729491005", "userLabel": "_Gemeindestrasse Asphalt"}}, {"type": "Feature", "geometry": {"type": "LineString", "coordinates": [[14.297550106421113, 46.55822643272916], [14.297537114471197, 46.55826896763509]]}, "properties": {"fillColor": "#0D15FF", "executionState": "Documented", "externalID": "SDIRouteSection_123245600769_0", "userLabel": "_Gemeindestrasse Asphalt"}}, {"type": "Feature", "geometry": {"type": "LineString", "coordinates": [[14.288808116689324, 46.56415402472243], [14.288815911859274, 46.564122213449906]]}, "properties": {"fillColor": "#0D15FF", "executionState": "Documented", "externalID": "SDIRouteSection_123246238721_1729491010", "userLabel": "_Gemeindestrasse Asphalt"}}, {"type": "Feature", "geometry": {"type": "LineString", "coordinates": [[14.29750844836235, 46.558407580477905], [14.297503586858511, 46.55843363158391]]}, "properties": {"fillColor": "#1B7CBD", "executionState": "Documented", "externalID": "SDIRouteSection_123254923009_0", "userLabel": "_Bankett"}}, {"type": "Feature", "geometry": {"type": "LineString", "coordinates": [[14.297561757266521, 46.558408733182006], [14.29757282137871, 46.558407983924354], [14.29776319685285, 46.55834567484112]]}, "properties": {"fillColor": "#FE0DFF", "executionState": "Documented", "externalID": "SDIRouteSection_123269643265_0", "userLabel": "_Hausanschluss"}}, {"type": "Feature", "geometry": {"type": "LineString", "coordinates": [[14.297561757266521, 46.558408733182006], [14.29750844836235, 46.558407580477905]]}, "properties": {"fillColor": "#958CCF", "executionState": "Documented", "externalID": "SDIRouteSection_123271814913_1707742262", "userLabel": "_Querung offen"}}, {"type": "Feature", "geometry": {"type": "LineString", "coordinates": [[14.288815911859274, 46.564122213449906], [14.288816163316369, 46.56410924689325], [14.288820270448923, 46.56409305310038]]}, "properties": {"fillColor": "#0D15FF", "executionState": "Documented", "externalID": "SDIRouteSection_123284657409_1729491052", "userLabel": "_Gemeindestrasse Asphalt"}}, {"type": "Feature", "geometry": {"type": "LineString", "coordinates": [[14.288823707029223, 46.56406614027378], [14.288826221600175, 46.56404228178249]]}, "properties": {"fillColor": "#0D15FF", "executionState": "Documented", "externalID": "SDIRouteSection_123288047105_1729491056", "userLabel": "_Gemeindestrasse Asphalt"}}, {"type": "Feature", "geometry": {"type": "LineString", "coordinates": [[14.29844118654728, 46.55730218363988], [14.298439174890518, 46.55729261600024]]}, "properties": {"fillColor": "#958CCF", "executionState": "Documented", "externalID": "SDIRouteSection_123292969729_1707742339", "userLabel": "_Querung offen"}}, {"type": "Feature", "geometry": {"type": "LineString", "coordinates": [[14.29844118654728, 46.55730218363988], [14.298444467164298, 46.55730552654969], [14.298685638369424, 46.55741134118237]]}, "properties": {"fillColor": "#FE0DFF", "executionState": "Documented", "externalID": "SDIRouteSection_123295144705_0", "userLabel": "_Hausanschluss"}}, {"type": "Feature", "geometry": {"type": "LineString", "coordinates": [[14.288820270448923, 46.56409305310038], [14.28882253356278, 46.5640817577829]]}, "properties": {"fillColor": "#0D15FF", "executionState": "Documented", "externalID": "SDIRouteSection_123295444993_1729491054", "userLabel": "_Gemeindestrasse Asphalt"}}, {"type": "Feature", "geometry": {"type": "LineString", "coordinates": [[14.28882253356278, 46.5640817577829], [14.288823707029223, 46.56406614027378]]}, "properties": {"fillColor": "#0D15FF", "executionState": "Documented", "externalID": "SDIRouteSection_123297166081_1729491055", "userLabel": "_Gemeindestrasse Asphalt"}}, {"type": "Feature", "geometry": {"type": "LineString", "coordinates": [[14.288826221600175, 46.56404228178249], [14.288837788626552, 46.56395122754057]]}, "properties": {"fillColor": "#0D15FF", "executionState": "Documented", "externalID": "SDIRouteSection_123298879233_1729491058", "userLabel": "_Gemeindestrasse Asphalt"}}, {"type": "Feature", "geometry": {"type": "LineString", "coordinates": [[14.298439174890518, 46.55729261600024], [14.2984090000391, 46.55729077163579]]}, "properties": {"fillColor": "#0D15FF", "executionState": "Documented", "externalID": "SDIRouteSection_123300606721_0", "userLabel": "_Gemeindestrasse Asphalt"}}, {"type": "Feature", "geometry": {"type": "LineString", "coordinates": [[14.296766147017479, 46.55712719931353], [14.296753071248531, 46.55709215627127]]}, "properties": {"fillColor": "#958CCF", "executionState": "Documented", "externalID": "SDIRouteSection_123347745281_1707742403", "userLabel": "_Querung offen"}}, {"type": "Feature", "geometry": {"type": "LineString", "coordinates": [[14.296753071248531, 46.55709215627127], [14.296767488121986, 46.55708915916793]]}, "properties": {"fillColor": "#0D15FF", "executionState": "Documented", "externalID": "SDIRouteSection_123348199937_0", "userLabel": "_Gemeindestrasse Asphalt"}}, {"type": "Feature", "geometry": {"type": "LineString", "coordinates": [[14.288837788626552, 46.56395122754057], [14.288856983184814, 46.563951515687165]]}, "properties": {"fillColor": "#958CCF", "executionState": "Documented", "externalID": "SDIRouteSection_123367576577_1729491095", "userLabel": "_Querung offen"}}, {"type": "Feature", "geometry": {"type": "LineString", "coordinates": [[14.288856983184814, 46.563951515687165], [14.288862357130904, 46.56395036310085], [14.289086311985645, 46.56406654367814]]}, "properties": {"fillColor": "#FE0DFF", "executionState": "Documented", "externalID": "SDIRouteSection_123392573441_1729491104", "userLabel": "_Hausanschluss"}}, {"type": "Feature", "geometry": {"type": "LineString", "coordinates": [[14.293144829571247, 46.554531532209154], [14.29316058754921, 46.55453153220915], [14.293454289515278, 46.55454721011904]]}, "properties": {"fillColor": "#FE0DFF", "executionState": "Documented", "externalID": "SDIRouteSection_123467956737_1729575984", "userLabel": "_Hausanschluss"}}, {"type": "Feature", "geometry": {"type": "LineString", "coordinates": [[14.29496856406331, 46.554337402628676], [14.294915925711393, 46.554337287349625]]}, "properties": {"fillColor": "#958CCF", "executionState": "Documented", "externalID": "SDIRouteSection_123471521537_1734341642", "userLabel": "_Querung offen"}}, {"type": "Feature", "geometry": {"type": "LineString", "coordinates": [[14.29282246157527, 46.554755979261074], [14.292862694710493, 46.55472669859918]]}, "properties": {"fillColor": "#1B7CBD", "executionState": "Documented", "externalID": "SDIRouteSection_123480400641_1729576008", "userLabel": "_Bankett"}}, {"type": "Feature", "geometry": {"type": "LineString", "coordinates": [[14.292784407734871, 46.55477684460499], [14.29282246157527, 46.554755979261074]]}, "properties": {"fillColor": "#1B7CBD", "executionState": "Documented", "externalID": "SDIRouteSection_123481559553_1729576008", "userLabel": "_Bankett"}}, {"type": "Feature", "geometry": {"type": "LineString", "coordinates": [[14.292892534285784, 46.55470006932211], [14.292933940887451, 46.55466502471245]]}, "properties": {"fillColor": "#1B7CBD", "executionState": "Documented", "externalID": "SDIRouteSection_123484618241_1729576010", "userLabel": "_Bankett"}}, {"type": "Feature", "geometry": {"type": "LineString", "coordinates": [[14.294915925711393, 46.554337287349625], [14.294897316545347, 46.554331408117534], [14.294685423374176, 46.55415157247479]]}, "properties": {"fillColor": "#FE0DFF", "executionState": "Documented", "externalID": "SDIRouteSection_123490010369_1734341651", "userLabel": "_Hausanschluss"}}, {"type": "Feature", "geometry": {"type": "LineString", "coordinates": [[14.292862694710493, 46.55472669859918], [14.292892534285784, 46.55470006932211]]}, "properties": {"fillColor": "#1B7CBD", "executionState": "Documented", "externalID": "SDIRouteSection_123516622081_1729576009", "userLabel": "_Bankett"}}, {"type": "Feature", "geometry": {"type": "LineString", "coordinates": [[14.297058340162039, 46.55558591806559], [14.297065897655152, 46.55558055771261], [14.297124506695193, 46.555409388856894]]}, "properties": {"fillColor": "#FE0DFF", "executionState": "Documented", "externalID": "SDIRouteSection_123528472833_1707742506", "userLabel": "_Hausanschluss"}}, {"type": "Feature", "geometry": {"type": "LineString", "coordinates": [[14.288844494149089, 46.56384726415601], [14.288850529119372, 46.56380600147142]]}, "properties": {"fillColor": "#0D15FF", "executionState": "Documented", "externalID": "SDIRouteSection_123573272065_1729491185", "userLabel": "_Gemeindestrasse Asphalt"}}, {"type": "Feature", "geometry": {"type": "LineString", "coordinates": [[14.288841309025884, 46.56390011031377], [14.288841476663947, 46.56387556019669]]}, "properties": {"fillColor": "#0D15FF", "executionState": "Documented", "externalID": "SDIRouteSection_123573904129_1729491183", "userLabel": "_Gemeindestrasse Asphalt"}}, {"type": "Feature", "geometry": {"type": "LineString", "coordinates": [[14.288841476663947, 46.56387556019669], [14.288844494149089, 46.56384726415601]]}, "properties": {"fillColor": "#0D15FF", "executionState": "Documented", "externalID": "SDIRouteSection_123575854593_1729491184", "userLabel": "_Gemeindestrasse Asphalt"}}, {"type": "Feature", "geometry": {"type": "LineString", "coordinates": [[14.288850529119372, 46.56380600147142], [14.288862012326717, 46.563771596667124]]}, "properties": {"fillColor": "#0D15FF", "executionState": "Documented", "externalID": "SDIRouteSection_123612955393_1729491186", "userLabel": "_Gemeindestrasse Asphalt"}}, {"type": "Feature", "geometry": {"type": "LineString", "coordinates": [[14.298180174082518, 46.55598379310939], [14.298171289265156, 46.55597606964653]]}, "properties": {"fillColor": "#958CCF", "executionState": "Documented", "externalID": "SDIRouteSection_123625833217_1707742625", "userLabel": "_Querung offen"}}, {"type": "Feature", "geometry": {"type": "LineString", "coordinates": [[14.28886603564024, 46.563759667358], [14.288871316239238, 46.56371805882944]]}, "properties": {"fillColor": "#0D15FF", "executionState": "Documented", "externalID": "SDIRouteSection_123632976385_1729491203", "userLabel": "_Gemeindestrasse Asphalt"}}, {"type": "Feature", "geometry": {"type": "LineString", "coordinates": [[14.288871316239238, 46.56371805882944], [14.288886403664947, 46.563642045382466]]}, "properties": {"fillColor": "#0D15FF", "executionState": "Documented", "externalID": "SDIRouteSection_123633707009_1729491215", "userLabel": "_Gemeindestrasse Asphalt"}}, {"type": "Feature", "geometry": {"type": "LineString", "coordinates": [[14.288862012326717, 46.563771596667124], [14.28886603564024, 46.563759667358]]}, "properties": {"fillColor": "#0D15FF", "executionState": "Documented", "externalID": "SDIRouteSection_123636004609_1729491199", "userLabel": "_Gemeindestrasse Asphalt"}}, {"type": "Feature", "geometry": {"type": "LineString", "coordinates": [[14.288938790559769, 46.563472786854504], [14.288965109735727, 46.563457572578926]]}, "properties": {"fillColor": "#0D15FF", "executionState": "Documented", "externalID": "SDIRouteSection_123659785985_1729491225", "userLabel": "_Gemeindestrasse Asphalt"}}, {"type": "Feature", "geometry": {"type": "LineString", "coordinates": [[14.288923367857933, 46.5634877706066], [14.288938790559769, 46.563472786854504]]}, "properties": {"fillColor": "#0D15FF", "executionState": "Documented", "externalID": "SDIRouteSection_123661673473_1729491224", "userLabel": "_Gemeindestrasse Asphalt"}}, {"type": "Feature", "geometry": {"type": "LineString", "coordinates": [[14.288897886872292, 46.56355756025883], [14.288899563252926, 46.563524192632826]]}, "properties": {"fillColor": "#0D15FF", "executionState": "Documented", "externalID": "SDIRouteSection_123662261505_1729491221", "userLabel": "_Gemeindestrasse Asphalt"}}, {"type": "Feature", "geometry": {"type": "LineString", "coordinates": [[14.288899563252926, 46.563524192632826], [14.288904340937734, 46.56350915126103]]}, "properties": {"fillColor": "#0D15FF", "executionState": "Documented", "externalID": "SDIRouteSection_123687103233_1729491222", "userLabel": "_Gemeindestrasse Asphalt"}}, {"type": "Feature", "geometry": {"type": "LineString", "coordinates": [[14.288904340937734, 46.56350915126103], [14.288923367857933, 46.5634877706066]]}, "properties": {"fillColor": "#0D15FF", "executionState": "Documented", "externalID": "SDIRouteSection_123689041153_1729491223", "userLabel": "_Gemeindestrasse Asphalt"}}, {"type": "Feature", "geometry": {"type": "LineString", "coordinates": [[14.288894031196833, 46.563603894544855], [14.288897886872292, 46.56355756025883]]}, "properties": {"fillColor": "#0D15FF", "executionState": "Documented", "externalID": "SDIRouteSection_123689320705_1729491219", "userLabel": "_Gemeindestrasse Asphalt"}}, {"type": "Feature", "geometry": {"type": "LineString", "coordinates": [[14.288965109735727, 46.563457572578926], [14.288986064493656, 46.563450541738035]]}, "properties": {"fillColor": "#0D15FF", "executionState": "Documented", "externalID": "SDIRouteSection_123722560257_1729491225", "userLabel": "_Gemeindestrasse Asphalt"}}, {"type": "Feature", "geometry": {"type": "LineString", "coordinates": [[14.289219249039888, 46.56339222030127], [14.289291081950068, 46.56337614155419]]}, "properties": {"fillColor": "#0D15FF", "executionState": "Documented", "externalID": "SDIRouteSection_123993462785_1729491290", "userLabel": "_Gemeindestrasse Asphalt"}}, {"type": "Feature", "geometry": {"type": "LineString", "coordinates": [[14.289097124710679, 46.56342034368967], [14.289149092510343, 46.56340743459515]]}, "properties": {"fillColor": "#0D15FF", "executionState": "Documented", "externalID": "SDIRouteSection_124030586369_1729491287", "userLabel": "_Gemeindestrasse Asphalt"}}, {"type": "Feature", "geometry": {"type": "LineString", "coordinates": [[14.289149092510343, 46.56340743459515], [14.289219249039888, 46.56339222030127]]}, "properties": {"fillColor": "#0D15FF", "executionState": "Documented", "externalID": "SDIRouteSection_124039342081_1729491289", "userLabel": "_Gemeindestrasse Asphalt"}}, {"type": "Feature", "geometry": {"type": "LineString", "coordinates": [[14.289043061435223, 46.56343319515122], [14.289097124710679, 46.56342034368967]]}, "properties": {"fillColor": "#0D15FF", "executionState": "Documented", "externalID": "SDIRouteSection_124039497729_1729491287", "userLabel": "_Gemeindestrasse Asphalt"}}, {"type": "Feature", "geometry": {"type": "LineString", "coordinates": [[14.292675610631704, 46.55476485567908], [14.292689021676779, 46.55479886272161]]}, "properties": {"fillColor": "#1B7CBD", "executionState": "Documented", "externalID": "SDIRouteSection_124040253953_1729576200", "userLabel": "_Bankett"}}, {"type": "Feature", "geometry": {"type": "LineString", "coordinates": [[14.28951982408762, 46.56332957655377], [14.289557626470923, 46.56332294910615]]}, "properties": {"fillColor": "#0D15FF", "executionState": "Documented", "externalID": "SDIRouteSection_124041526529_1729491296", "userLabel": "_Gemeindestrasse Asphalt"}}, {"type": "Feature", "geometry": {"type": "LineString", "coordinates": [[14.289368698373437, 46.563358103384275], [14.289443548768759, 46.56334513664501]]}, "properties": {"fillColor": "#0D15FF", "executionState": "Documented", "externalID": "SDIRouteSection_124041866241_1729491292", "userLabel": "_Gemeindestrasse Asphalt"}}, {"type": "Feature", "geometry": {"type": "LineString", "coordinates": [[14.289291081950068, 46.56337614155419], [14.289368698373437, 46.563358103384275]]}, "properties": {"fillColor": "#0D15FF", "executionState": "Documented", "externalID": "SDIRouteSection_124049790465_1729491291", "userLabel": "_Gemeindestrasse Asphalt"}}, {"type": "Feature", "geometry": {"type": "LineString", "coordinates": [[14.28948126733303, 46.56333902786895], [14.28951982408762, 46.56332957655377]]}, "properties": {"fillColor": "#0D15FF", "executionState": "Documented", "externalID": "SDIRouteSection_124050863617_1729491294", "userLabel": "_Gemeindestrasse Asphalt"}}, {"type": "Feature", "geometry": {"type": "LineString", "coordinates": [[14.289660807698965, 46.56329816820789], [14.289709506556392, 46.56324647406507]]}, "properties": {"fillColor": "#0D15FF", "executionState": "Documented", "externalID": "SDIRouteSection_124051933185_1729491304", "userLabel": "_Gemeindestrasse Asphalt"}}, {"type": "Feature", "geometry": {"type": "LineString", "coordinates": [[14.28959065116942, 46.56331344015817], [14.289660807698965, 46.56329816820789]]}, "properties": {"fillColor": "#0D15FF", "executionState": "Documented", "externalID": "SDIRouteSection_124053293313_1729491297", "userLabel": "_Gemeindestrasse Asphalt"}}, {"type": "Feature", "geometry": {"type": "LineString", "coordinates": [[14.289443548768759, 46.56334513664501], [14.28948126733303, 46.56333902786895]]}, "properties": {"fillColor": "#0D15FF", "executionState": "Documented", "externalID": "SDIRouteSection_124054240001_1729491293", "userLabel": "_Gemeindestrasse Asphalt"}}, {"type": "Feature", "geometry": {"type": "LineString", "coordinates": [[14.289557626470923, 46.56332294910615], [14.28959065116942, 46.56331344015817]]}, "properties": {"fillColor": "#0D15FF", "executionState": "Documented", "externalID": "SDIRouteSection_124058834433_1729491296", "userLabel": "_Gemeindestrasse Asphalt"}}, {"type": "Feature", "geometry": {"type": "LineString", "coordinates": [[14.292629677802324, 46.55471159714929], [14.292645938694477, 46.55473073333701]]}, "properties": {"fillColor": "#1B7CBD", "executionState": "Documented", "externalID": "SDIRouteSection_124064013313_1729576202", "userLabel": "_Bankett"}}, {"type": "Feature", "geometry": {"type": "LineString", "coordinates": [[14.292645938694477, 46.55473073333701], [14.292675610631704, 46.55476485567908]]}, "properties": {"fillColor": "#1B7CBD", "executionState": "Documented", "externalID": "SDIRouteSection_124079697665_1729576201", "userLabel": "_Bankett"}}, {"type": "Feature", "geometry": {"type": "LineString", "coordinates": [[14.292606376111507, 46.55468358452498], [14.292629677802324, 46.55471159714929]]}, "properties": {"fillColor": "#1B7CBD", "executionState": "Documented", "externalID": "SDIRouteSection_124093557249_1729576203", "userLabel": "_Bankett"}}, {"type": "Feature", "geometry": {"type": "LineString", "coordinates": [[14.292689021676779, 46.55479886272161], [14.292721208184958, 46.55481753776641]]}, "properties": {"fillColor": "#1B7CBD", "executionState": "Documented", "externalID": "SDIRouteSection_124108280577_1729576235", "userLabel": "_Bankett"}}, {"type": "Feature", "geometry": {"type": "LineString", "coordinates": [[14.289903715252876, 46.56359790105736], [14.289906229823828, 46.56360844728971]]}, "properties": {"fillColor": "#0D15FF", "executionState": "Documented", "externalID": "SDIRouteSection_124544496897_1729491358", "userLabel": "_Gemeindestrasse Asphalt"}}, {"type": "Feature", "geometry": {"type": "LineString", "coordinates": [[14.289920730516315, 46.56359582638842], [14.289928530017203, 46.56359306016311], [14.290021061662667, 46.56356309276011]]}, "properties": {"fillColor": "#FE0DFF", "executionState": "Documented", "externalID": "SDIRouteSection_124556475393_1729491373", "userLabel": "_Hausanschluss"}}, {"type": "Feature", "geometry": {"type": "LineString", "coordinates": [[14.289903715252876, 46.56359790105736], [14.289920730516315, 46.56359582638842]]}, "properties": {"fillColor": "#958CCF", "executionState": "Documented", "externalID": "SDIRouteSection_124558101505_1729491362", "userLabel": "_Querung offen"}}, {"type": "Feature", "geometry": {"type": "LineString", "coordinates": [[14.292584583163261, 46.554658914959134], [14.292606376111507, 46.55468358452498]]}, "properties": {"fillColor": "#1B7CBD", "executionState": "Documented", "externalID": "SDIRouteSection_124696730369_1729576396", "userLabel": "_Bankett"}}, {"type": "Feature", "geometry": {"type": "LineString", "coordinates": [[14.295134022831917, 46.55417047830116], [14.295055065304041, 46.55421405390027]]}, "properties": {"fillColor": "#0D15FF", "executionState": "Documented", "externalID": "SDIRouteSection_124709107713_0", "userLabel": "_Gemeindestrasse Asphalt"}}, {"type": "Feature", "geometry": {"type": "LineString", "coordinates": [[14.29263236001134, 46.5546363203936], [14.292580727487803, 46.554653496875375]]}, "properties": {"fillColor": "#3B3B3B", "executionState": "Documented", "externalID": "SDIRouteSection_124736397825_1729576401", "userLabel": "_Pressung"}}, {"type": "Feature", "geometry": {"type": "LineString", "coordinates": [[14.292580056935549, 46.55457072693329], [14.292605202645063, 46.55460381186958]]}, "properties": {"fillColor": "#1B7CBD", "executionState": "Documented", "externalID": "SDIRouteSection_124737833985_1729576408", "userLabel": "_Bankett"}}, {"type": "Feature", "geometry": {"type": "LineString", "coordinates": [[14.292622804641724, 46.554627098119255], [14.29263236001134, 46.5546363203936]]}, "properties": {"fillColor": "#1B7CBD", "executionState": "Documented", "externalID": "SDIRouteSection_124752795393_1729576406", "userLabel": "_Bankett"}}, {"type": "Feature", "geometry": {"type": "LineString", "coordinates": [[14.292605202645063, 46.55460381186958], [14.292622804641724, 46.554627098119255]]}, "properties": {"fillColor": "#1B7CBD", "executionState": "Documented", "externalID": "SDIRouteSection_124758763265_1729576407", "userLabel": "_Bankett"}}, {"type": "Feature", "geometry": {"type": "LineString", "coordinates": [[14.29254837334156, 46.5545293419149], [14.292580056935549, 46.55457072693329]]}, "properties": {"fillColor": "#1B7CBD", "executionState": "Documented", "externalID": "SDIRouteSection_124778337025_1729576424", "userLabel": "_Bankett"}}, {"type": "Feature", "geometry": {"type": "LineString", "coordinates": [[14.292470254004002, 46.55443066330358], [14.292491544038057, 46.55445821494325]]}, "properties": {"fillColor": "#0D15FF", "executionState": "Documented", "externalID": "SDIRouteSection_124782816001_1729576444", "userLabel": "_Gemeindestrasse Asphalt"}}, {"type": "Feature", "geometry": {"type": "LineString", "coordinates": [[14.292442426085472, 46.55447527620265], [14.292424153536558, 46.55448299987913]]}, "properties": {"fillColor": "#958CCF", "executionState": "Documented", "externalID": "SDIRouteSection_124783000321_1729576439", "userLabel": "_Querung offen"}}, {"type": "Feature", "geometry": {"type": "LineString", "coordinates": [[14.292521718889475, 46.55449533470346], [14.29254837334156, 46.5545293419149]]}, "properties": {"fillColor": "#1B7CBD", "executionState": "Documented", "externalID": "SDIRouteSection_124805271809_1729576448", "userLabel": "_Bankett"}}, {"type": "Feature", "geometry": {"type": "LineString", "coordinates": [[14.292498081922531, 46.5544662844585], [14.292521718889475, 46.55449533470346]]}, "properties": {"fillColor": "#1B7CBD", "executionState": "Documented", "externalID": "SDIRouteSection_124812758785_1729576455", "userLabel": "_Bankett"}}, {"type": "Feature", "geometry": {"type": "LineString", "coordinates": [[14.28984671831131, 46.563496530336664], [14.289851412177086, 46.563506500290856]]}, "properties": {"fillColor": "#0D15FF", "executionState": "Documented", "externalID": "SDIRouteSection_124833481985_1729491437", "userLabel": "_Gemeindestrasse Asphalt"}}, {"type": "Feature", "geometry": {"type": "LineString", "coordinates": [[14.28983062505722, 46.56347330552293], [14.28984671831131, 46.563496530336664]]}, "properties": {"fillColor": "#0D15FF", "executionState": "Documented", "externalID": "SDIRouteSection_124841320961_1729491438", "userLabel": "_Gemeindestrasse Asphalt"}}, {"type": "Feature", "geometry": {"type": "LineString", "coordinates": [[14.289851412177086, 46.563506500290856], [14.289877815172076, 46.56354182733929]]}, "properties": {"fillColor": "#0D15FF", "executionState": "Documented", "externalID": "SDIRouteSection_124843312129_1729491436", "userLabel": "_Gemeindestrasse Asphalt"}}, {"type": "Feature", "geometry": {"type": "LineString", "coordinates": [[14.289901871234179, 46.56359040919705], [14.289903715252876, 46.56359790105736]]}, "properties": {"fillColor": "#0D15FF", "executionState": "Documented", "externalID": "SDIRouteSection_124843901441_1729491429", "userLabel": "_Gemeindestrasse Asphalt"}}, {"type": "Feature", "geometry": {"type": "LineString", "coordinates": [[14.28981201723218, 46.56344201251997], [14.28983062505722, 46.56347330552293]]}, "properties": {"fillColor": "#0D15FF", "executionState": "Documented", "externalID": "SDIRouteSection_124847262465_1729491439", "userLabel": "_Gemeindestrasse Asphalt"}}, {"type": "Feature", "geometry": {"type": "LineString", "coordinates": [[14.289877815172076, 46.56354182733929], [14.289901871234179, 46.56359040919705]]}, "properties": {"fillColor": "#0D15FF", "executionState": "Documented", "externalID": "SDIRouteSection_124848212993_1729491430", "userLabel": "_Gemeindestrasse Asphalt"}}, {"type": "Feature", "geometry": {"type": "LineString", "coordinates": [[14.292977023869753, 46.55457948810306], [14.292998984456062, 46.55455919907618]]}, "properties": {"fillColor": "#0D15FF", "executionState": "Documented", "externalID": "SDIRouteSection_124859511809_1729576474", "userLabel": "_Gemeindestrasse Asphalt"}}, {"type": "Feature", "geometry": {"type": "LineString", "coordinates": [[14.292998984456062, 46.55455919907618], [14.293019101023674, 46.554542368400405]]}, "properties": {"fillColor": "#0D15FF", "executionState": "Documented", "externalID": "SDIRouteSection_124862748161_1729576475", "userLabel": "_Gemeindestrasse Asphalt"}}, {"type": "Feature", "geometry": {"type": "LineString", "coordinates": [[14.293019101023674, 46.554542368400405], [14.293028824031353, 46.55453245443829]]}, "properties": {"fillColor": "#0D15FF", "executionState": "Documented", "externalID": "SDIRouteSection_124864024321_1729576481", "userLabel": "_Gemeindestrasse Asphalt"}}, {"type": "Feature", "geometry": {"type": "LineString", "coordinates": [[14.293028824031353, 46.55453245443829], [14.2930350266397, 46.55452115713035]]}, "properties": {"fillColor": "#0D15FF", "executionState": "Documented", "externalID": "SDIRouteSection_124877477633_1729576482", "userLabel": "_Gemeindestrasse Asphalt"}}, {"type": "Feature", "geometry": {"type": "LineString", "coordinates": [[14.289911342784762, 46.563664290420434], [14.289911426603794, 46.56369592907271]]}, "properties": {"fillColor": "#CC6E84", "executionState": "Documented", "externalID": "SDIRouteSection_124953540865_1729491457", "userLabel": "_Asphaltiert PrStr,IW"}}, {"type": "Feature", "geometry": {"type": "LineString", "coordinates": [[14.289909331128001, 46.563641065678524], [14.289911342784762, 46.563664290420434]]}, "properties": {"fillColor": "#CC6E84", "executionState": "Documented", "externalID": "SDIRouteSection_124988966657_1729491457", "userLabel": "_Asphaltiert PrStr,IW"}}, {"type": "Feature", "geometry": {"type": "LineString", "coordinates": [[14.289911426603794, 46.56369592907271], [14.289916958659887, 46.56377666806341]]}, "properties": {"fillColor": "#CC6E84", "executionState": "Documented", "externalID": "SDIRouteSection_124994337281_1729491458", "userLabel": "_Asphaltiert PrStr,IW"}}, {"type": "Feature", "geometry": {"type": "LineString", "coordinates": [[14.292968306690454, 46.55464427460396], [14.293010383844376, 46.55462767451144]]}, "properties": {"fillColor": "#1B7CBD", "executionState": "Documented", "externalID": "SDIRouteSection_124995542273_1729576519", "userLabel": "_Bankett"}}, {"type": "Feature", "geometry": {"type": "LineString", "coordinates": [[14.293090514838696, 46.554695919303725], [14.293084144592285, 46.554668713619805]]}, "properties": {"fillColor": "#0D15FF", "executionState": "Documented", "externalID": "SDIRouteSection_124998505473_1729576524", "userLabel": "_Gemeindestrasse Asphalt"}}, {"type": "Feature", "geometry": {"type": "LineString", "coordinates": [[14.293060339987278, 46.55464012458131], [14.293021112680435, 46.55462721339768]]}, "properties": {"fillColor": "#0D15FF", "executionState": "Documented", "externalID": "SDIRouteSection_124998645249_1729576522", "userLabel": "_Gemeindestrasse Asphalt"}}, {"type": "Feature", "geometry": {"type": "LineString", "coordinates": [[14.293084144592285, 46.554668713619805], [14.293060339987278, 46.55464012458131]]}, "properties": {"fillColor": "#0D15FF", "executionState": "Documented", "externalID": "SDIRouteSection_125012072193_1729576523", "userLabel": "_Gemeindestrasse Asphalt"}}, {"type": "Feature", "geometry": {"type": "LineString", "coordinates": [[14.293010383844376, 46.55462767451144], [14.293016083538532, 46.55462721339768]]}, "properties": {"fillColor": "#0D15FF", "executionState": "Documented", "externalID": "SDIRouteSection_125019779329_1729576536", "userLabel": "_Gemeindestrasse Asphalt"}}, {"type": "Feature", "geometry": {"type": "LineString", "coordinates": [[14.293021112680435, 46.55462721339768], [14.293016083538532, 46.55462721339768]]}, "properties": {"fillColor": "#0D15FF", "executionState": "Documented", "externalID": "SDIRouteSection_125026417665_1729576537", "userLabel": "_Gemeindestrasse Asphalt"}}, {"type": "Feature", "geometry": {"type": "LineString", "coordinates": [[14.295120108872652, 46.55414799881174], [14.295113228336474, 46.55413773893911], [14.295168659426981, 46.55394148175119]]}, "properties": {"fillColor": "#FE0DFF", "executionState": "Documented", "externalID": "SDIRouteSection_125034036737_0", "userLabel": "_Hausanschluss"}}, {"type": "Feature", "geometry": {"type": "LineString", "coordinates": [[14.293052963912487, 46.55446766780386], [14.29305849596858, 46.554445764831684]]}, "properties": {"fillColor": "#0D15FF", "executionState": "Documented", "externalID": "SDIRouteSection_125070449153_1729576570", "userLabel": "_Gemeindestrasse Asphalt"}}, {"type": "Feature", "geometry": {"type": "LineString", "coordinates": [[14.295120108872652, 46.55414799881174], [14.295134022831917, 46.55417047830116]]}, "properties": {"fillColor": "#958CCF", "executionState": "Documented", "externalID": "SDIRouteSection_125083975937_1707742737", "userLabel": "_Querung offen"}}, {"type": "Feature", "geometry": {"type": "LineString", "coordinates": [[14.293041061609983, 46.554509513984044], [14.293052963912487, 46.55446766780386]]}, "properties": {"fillColor": "#0D15FF", "executionState": "Documented", "externalID": "SDIRouteSection_125087596033_1729576574", "userLabel": "_Gemeindestrasse Asphalt"}}, {"type": "Feature", "geometry": {"type": "LineString", "coordinates": [[14.293060339987278, 46.554430548024754], [14.293062686920166, 46.55439665603032]]}, "properties": {"fillColor": "#0D15FF", "executionState": "Documented", "externalID": "SDIRouteSection_125101558273_1729576595", "userLabel": "_Gemeindestrasse Asphalt"}}, {"type": "Feature", "geometry": {"type": "LineString", "coordinates": [[14.293069392442703, 46.55452576827673], [14.293144829571247, 46.554531532209154]]}, "properties": {"fillColor": "#958CCF", "executionState": "Documented", "externalID": "SDIRouteSection_125103925505_1729576590", "userLabel": "_Querung offen"}}, {"type": "Feature", "geometry": {"type": "LineString", "coordinates": [[14.293062686920166, 46.55439665603032], [14.29306386038661, 46.55436080427168]]}, "properties": {"fillColor": "#0D15FF", "executionState": "Documented", "externalID": "SDIRouteSection_125108467201_1729576596", "userLabel": "_Gemeindestrasse Asphalt"}}, {"type": "Feature", "geometry": {"type": "LineString", "coordinates": [[14.29306386038661, 46.55436080427168], [14.293066207319498, 46.55432391497766]]}, "properties": {"fillColor": "#0D15FF", "executionState": "Documented", "externalID": "SDIRouteSection_125109467137_1729576597", "userLabel": "_Gemeindestrasse Asphalt"}}, {"type": "Feature", "geometry": {"type": "LineString", "coordinates": [[14.293066207319498, 46.55432391497766], [14.293066039681435, 46.554282414491865]]}, "properties": {"fillColor": "#0D15FF", "executionState": "Documented", "externalID": "SDIRouteSection_125129550081_1729576598", "userLabel": "_Gemeindestrasse Asphalt"}}, {"type": "Feature", "geometry": {"type": "LineString", "coordinates": [[14.293066039681435, 46.554282414491865], [14.293066374957561, 46.554264085100556]]}, "properties": {"fillColor": "#0D15FF", "executionState": "Documented", "externalID": "SDIRouteSection_125130050817_1729576599", "userLabel": "_Gemeindestrasse Asphalt"}}, {"type": "Feature", "geometry": {"type": "LineString", "coordinates": [[14.293118510395288, 46.554920711509226], [14.293117169290781, 46.554890508713214]]}, "properties": {"fillColor": "#0D15FF", "executionState": "Documented", "externalID": "SDIRouteSection_125169069057_1729576623", "userLabel": "_Gemeindestrasse Asphalt"}}, {"type": "Feature", "geometry": {"type": "LineString", "coordinates": [[14.293096549808979, 46.55474387505237], [14.293090514838696, 46.554695919303725]]}, "properties": {"fillColor": "#0D15FF", "executionState": "Documented", "externalID": "SDIRouteSection_125182140673_1729576617", "userLabel": "_Gemeindestrasse Asphalt"}}, {"type": "Feature", "geometry": {"type": "LineString", "coordinates": [[14.293112307786942, 46.55486042117832], [14.293108619749546, 46.554830564182765]]}, "properties": {"fillColor": "#0D15FF", "executionState": "Documented", "externalID": "SDIRouteSection_125189627649_1729576620", "userLabel": "_Gemeindestrasse Asphalt"}}, {"type": "Feature", "geometry": {"type": "LineString", "coordinates": [[14.293102584779263, 46.554789986309174], [14.293096549808979, 46.55474387505237]]}, "properties": {"fillColor": "#0D15FF", "executionState": "Documented", "externalID": "SDIRouteSection_125190277633_1729576618", "userLabel": "_Gemeindestrasse Asphalt"}}, {"type": "Feature", "geometry": {"type": "LineString", "coordinates": [[14.293117169290781, 46.554890508713214], [14.293112307786942, 46.55486042117832]]}, "properties": {"fillColor": "#0D15FF", "executionState": "Documented", "externalID": "SDIRouteSection_125193598721_1729576621", "userLabel": "_Gemeindestrasse Asphalt"}}, {"type": "Feature", "geometry": {"type": "LineString", "coordinates": [[14.293108619749546, 46.554830564182765], [14.293102584779263, 46.554789986309174]]}, "properties": {"fillColor": "#0D15FF", "executionState": "Documented", "externalID": "SDIRouteSection_125196272129_1729576619", "userLabel": "_Gemeindestrasse Asphalt"}}, {"type": "Feature", "geometry": {"type": "LineString", "coordinates": [[14.293120354413986, 46.554952067065926], [14.293118510395288, 46.554920711509226]]}, "properties": {"fillColor": "#0D15FF", "executionState": "Documented", "externalID": "SDIRouteSection_125291918337_1729576635", "userLabel": "_Gemeindestrasse Asphalt"}}, {"type": "Feature", "geometry": {"type": "LineString", "coordinates": [[14.29306872189045, 46.554195839765185], [14.293072409927845, 46.55415456974035]]}, "properties": {"fillColor": "#0D15FF", "executionState": "Documented", "externalID": "SDIRouteSection_125313238529_1729576660", "userLabel": "_Gemeindestrasse Asphalt"}}, {"type": "Feature", "geometry": {"type": "LineString", "coordinates": [[14.293072409927845, 46.55415456974035], [14.293074756860733, 46.55412713322605]]}, "properties": {"fillColor": "#0D15FF", "executionState": "Documented", "externalID": "SDIRouteSection_125327493377_1729576661", "userLabel": "_Gemeindestrasse Asphalt"}}, {"type": "Feature", "geometry": {"type": "LineString", "coordinates": [[14.293182883411646, 46.55499126148638], [14.29320015013218, 46.55499033926503]]}, "properties": {"fillColor": "#958CCF", "executionState": "Documented", "externalID": "SDIRouteSection_125335475201_1729576651", "userLabel": "_Querung offen"}}, {"type": "Feature", "geometry": {"type": "LineString", "coordinates": [[14.293120186775923, 46.55503564336942], [14.293122198432684, 46.55501143507408]]}, "properties": {"fillColor": "#0D15FF", "executionState": "Documented", "externalID": "SDIRouteSection_125485836545_1729576755", "userLabel": "_Gemeindestrasse Asphalt"}}, {"type": "Feature", "geometry": {"type": "LineString", "coordinates": [[14.293117923662066, 46.555056450967015], [14.293118426576257, 46.55505160931068]]}, "properties": {"fillColor": "#0D15FF", "executionState": "Documented", "externalID": "SDIRouteSection_125490113537_1729576749", "userLabel": "_Gemeindestrasse Asphalt"}}, {"type": "Feature", "geometry": {"type": "LineString", "coordinates": [[14.293122198432684, 46.55501143507408], [14.293122366070747, 46.55499080037569]]}, "properties": {"fillColor": "#0D15FF", "executionState": "Documented", "externalID": "SDIRouteSection_125492717825_1729576761", "userLabel": "_Gemeindestrasse Asphalt"}}, {"type": "Feature", "geometry": {"type": "LineString", "coordinates": [[14.293122114613652, 46.554986246907674], [14.293120354413986, 46.554952067065926]]}, "properties": {"fillColor": "#0D15FF", "executionState": "Documented", "externalID": "SDIRouteSection_125494644993_1729576767", "userLabel": "_Gemeindestrasse Asphalt"}}, {"type": "Feature", "geometry": {"type": "LineString", "coordinates": [[14.293082300573587, 46.55411733446755], [14.293080121278763, 46.55410811210504]]}, "properties": {"fillColor": "#0D15FF", "executionState": "Documented", "externalID": "SDIRouteSection_125504085505_1729576788", "userLabel": "_Gemeindestrasse Asphalt"}}, {"type": "Feature", "geometry": {"type": "LineString", "coordinates": [[14.29308196529746, 46.554037560979765], [14.293147008866072, 46.554039981853236]]}, "properties": {"fillColor": "#0D15FF", "executionState": "Documented", "externalID": "SDIRouteSection_125510808065_1729576793", "userLabel": "_Gemeindestrasse Asphalt"}}, {"type": "Feature", "geometry": {"type": "LineString", "coordinates": [[14.293076265603304, 46.554107074589126], [14.293078780174255, 46.554086785385664]]}, "properties": {"fillColor": "#0D15FF", "executionState": "Documented", "externalID": "SDIRouteSection_125515848705_1729576790", "userLabel": "_Gemeindestrasse Asphalt"}}, {"type": "Feature", "geometry": {"type": "LineString", "coordinates": [[14.293165449053049, 46.553883431813546], [14.29316746070981, 46.55386763844868]]}, "properties": {"fillColor": "#0D15FF", "executionState": "Documented", "externalID": "SDIRouteSection_125527233793_1729576797", "userLabel": "_Gemeindestrasse Asphalt"}}, {"type": "Feature", "geometry": {"type": "LineString", "coordinates": [[14.293154049664736, 46.553967586162], [14.293157570064068, 46.553934270278006]]}, "properties": {"fillColor": "#0D15FF", "executionState": "Documented", "externalID": "SDIRouteSection_125527362305_1729576795", "userLabel": "_Gemeindestrasse Asphalt"}}, {"type": "Feature", "geometry": {"type": "LineString", "coordinates": [[14.293074756860733, 46.55412713322605], [14.293082300573587, 46.55411733446755]]}, "properties": {"fillColor": "#0D15FF", "executionState": "Documented", "externalID": "SDIRouteSection_125529550849_1729576786", "userLabel": "_Gemeindestrasse Asphalt"}}, {"type": "Feature", "geometry": {"type": "LineString", "coordinates": [[14.29316058754921, 46.553910522611176], [14.293165449053049, 46.553883431813546]]}, "properties": {"fillColor": "#0D15FF", "executionState": "Documented", "externalID": "SDIRouteSection_125530139649_1729576796", "userLabel": "_Gemeindestrasse Asphalt"}}, {"type": "Feature", "geometry": {"type": "LineString", "coordinates": [[14.293081630021334, 46.554053354295206], [14.29308196529746, 46.554037560979765]]}, "properties": {"fillColor": "#0D15FF", "executionState": "Documented", "externalID": "SDIRouteSection_125530501889_1729576792", "userLabel": "_Gemeindestrasse Asphalt"}}, {"type": "Feature", "geometry": {"type": "LineString", "coordinates": [[14.293078780174255, 46.554086785385664], [14.2930799536407, 46.554077793577136]]}, "properties": {"fillColor": "#0D15FF", "executionState": "Documented", "externalID": "SDIRouteSection_125530975489_1729576790", "userLabel": "_Gemeindestrasse Asphalt"}}, {"type": "Feature", "geometry": {"type": "LineString", "coordinates": [[14.293080121278763, 46.55410811210504], [14.293076265603304, 46.554107074589126]]}, "properties": {"fillColor": "#0D15FF", "executionState": "Documented", "externalID": "SDIRouteSection_125533539329_1729576789", "userLabel": "_Gemeindestrasse Asphalt"}}, {"type": "Feature", "geometry": {"type": "LineString", "coordinates": [[14.29316746070981, 46.55386763844868], [14.293168550357223, 46.55386441060713]]}, "properties": {"fillColor": "#0D15FF", "executionState": "Documented", "externalID": "SDIRouteSection_125533696257_1729576798", "userLabel": "_Gemeindestrasse Asphalt"}}, {"type": "Feature", "geometry": {"type": "LineString", "coordinates": [[14.293157570064068, 46.553934270278006], [14.29316058754921, 46.553910522611176]]}, "properties": {"fillColor": "#0D15FF", "executionState": "Documented", "externalID": "SDIRouteSection_125533872641_1729576796", "userLabel": "_Gemeindestrasse Asphalt"}}, {"type": "Feature", "geometry": {"type": "LineString", "coordinates": [[14.293168550357223, 46.55386441060713], [14.293169304728508, 46.553856917402726]]}, "properties": {"fillColor": "#0D15FF", "executionState": "Documented", "externalID": "SDIRouteSection_125534676737_1729576798", "userLabel": "_Gemeindestrasse Asphalt"}}, {"type": "Feature", "geometry": {"type": "LineString", "coordinates": [[14.2930799536407, 46.554077793577136], [14.293081630021334, 46.554053354295206]]}, "properties": {"fillColor": "#0D15FF", "executionState": "Documented", "externalID": "SDIRouteSection_125535000833_1729576791", "userLabel": "_Gemeindestrasse Asphalt"}}, {"type": "Feature", "geometry": {"type": "LineString", "coordinates": [[14.293147847056389, 46.55401900094628], [14.293154049664736, 46.553967586162]]}, "properties": {"fillColor": "#0D15FF", "executionState": "Documented", "externalID": "SDIRouteSection_125536254721_1729576794", "userLabel": "_Gemeindestrasse Asphalt"}}, {"type": "Feature", "geometry": {"type": "LineString", "coordinates": [[14.293147008866072, 46.554039981853236], [14.293147847056389, 46.55401900094628]]}, "properties": {"fillColor": "#0D15FF", "executionState": "Documented", "externalID": "SDIRouteSection_125536756737_1729576794", "userLabel": "_Gemeindestrasse Asphalt"}}, {"type": "Feature", "geometry": {"type": "LineString", "coordinates": [[14.294007662683725, 46.55471436382743], [14.29404454305768, 46.554717937453205]]}, "properties": {"fillColor": "#3B3B3B", "executionState": "Documented", "externalID": "SDIRouteSection_125686232065_1729576876", "userLabel": "_Pressung"}}, {"type": "Feature", "geometry": {"type": "LineString", "coordinates": [[14.293976984918118, 46.5548659545193], [14.293978828936815, 46.5548468183793]]}, "properties": {"fillColor": "#3B3B3B", "executionState": "Documented", "externalID": "SDIRouteSection_125686520577_1729576873", "userLabel": "_Pressung"}}, {"type": "Feature", "geometry": {"type": "LineString", "coordinates": [[14.293994084000587, 46.55476808346711], [14.294007662683725, 46.55471436382743]]}, "properties": {"fillColor": "#3B3B3B", "executionState": "Documented", "externalID": "SDIRouteSection_125688951297_1729576875", "userLabel": "_Pressung"}}, {"type": "Feature", "geometry": {"type": "LineString", "coordinates": [[14.293987043201923, 46.55480624051785], [14.293994084000587, 46.55476808346711]]}, "properties": {"fillColor": "#3B3B3B", "executionState": "Documented", "externalID": "SDIRouteSection_125689923329_1729576874", "userLabel": "_Pressung"}}, {"type": "Feature", "geometry": {"type": "LineString", "coordinates": [[14.294051919132471, 46.554672287248536], [14.294060803949833, 46.554626521727045]]}, "properties": {"fillColor": "#3B3B3B", "executionState": "Documented", "externalID": "SDIRouteSection_125692230657_1729576879", "userLabel": "_Pressung"}}, {"type": "Feature", "geometry": {"type": "LineString", "coordinates": [[14.294049739837646, 46.554688195657576], [14.294051919132471, 46.554672287248536]]}, "properties": {"fillColor": "#3B3B3B", "executionState": "Documented", "externalID": "SDIRouteSection_125695435009_1729576878", "userLabel": "_Pressung"}}, {"type": "Feature", "geometry": {"type": "LineString", "coordinates": [[14.293978828936815, 46.5548468183793], [14.293987043201923, 46.55480624051785]]}, "properties": {"fillColor": "#3B3B3B", "executionState": "Documented", "externalID": "SDIRouteSection_125695859713_1729576886", "userLabel": "_Pressung"}}, {"type": "Feature", "geometry": {"type": "LineString", "coordinates": [[14.294063486158848, 46.554611996641626], [14.294063989073038, 46.55460312019861]]}, "properties": {"fillColor": "#3B3B3B", "executionState": "Documented", "externalID": "SDIRouteSection_125699482113_1729576904", "userLabel": "_Pressung"}}, {"type": "Feature", "geometry": {"type": "LineString", "coordinates": [[14.294063486158848, 46.554611996641626], [14.29402057081461, 46.55460773133805]]}, "properties": {"fillColor": "#3B3B3B", "executionState": "Documented", "externalID": "SDIRouteSection_125722017793_1729576952", "userLabel": "_Pressung"}}, {"type": "Feature", "geometry": {"type": "LineString", "coordinates": [[14.295134022831917, 46.55417047830116], [14.295166712254286, 46.554205523230166]]}, "properties": {"fillColor": "#958CCF", "executionState": "Documented", "externalID": "SDIRouteSection_125743948033_1724905975", "userLabel": "_Querung offen"}}, {"type": "Feature", "geometry": {"type": "LineString", "coordinates": [[14.29402057081461, 46.55460773133805], [14.294012188281505, 46.55460254380618], [14.293836802619637, 46.55458235177177]]}, "properties": {"fillColor": "#FE0DFF", "executionState": "Documented", "externalID": "SDIRouteSection_125771206657_1729576962", "userLabel": "_Hausanschluss"}}, {"type": "Feature", "geometry": {"type": "LineString", "coordinates": [[14.29404454305768, 46.554717937453205], [14.294049739837646, 46.554688195657576]]}, "properties": {"fillColor": "#3B3B3B", "executionState": "Documented", "externalID": "SDIRouteSection_125771659265_1729576877", "userLabel": "_Pressung"}}, {"type": "Feature", "geometry": {"type": "LineString", "coordinates": [[14.294063989073038, 46.55460312019861], [14.294068347662687, 46.55456819080493]]}, "properties": {"fillColor": "#3B3B3B", "executionState": "Documented", "externalID": "SDIRouteSection_125870990849_1729577018", "userLabel": "_Pressung"}}, {"type": "Feature", "geometry": {"type": "LineString", "coordinates": [[14.294060803949833, 46.554626521727045], [14.294063486158848, 46.554611996641626]]}, "properties": {"fillColor": "#3B3B3B", "executionState": "Documented", "externalID": "SDIRouteSection_125896000001_1729577014", "userLabel": "_Pressung"}}, {"type": "Feature", "geometry": {"type": "LineString", "coordinates": [[14.294068347662687, 46.55456819080493], [14.294074885547161, 46.55452161824502]]}, "properties": {"fillColor": "#3B3B3B", "executionState": "Documented", "externalID": "SDIRouteSection_125930683905_1729577019", "userLabel": "_Pressung"}}, {"type": "Feature", "geometry": {"type": "LineString", "coordinates": [[14.294079747051, 46.55448472906028], [14.294080752879381, 46.554478158171634]]}, "properties": {"fillColor": "#3B3B3B", "executionState": "Documented", "externalID": "SDIRouteSection_126185040129_1729577081", "userLabel": "_Pressung"}}, {"type": "Feature", "geometry": {"type": "LineString", "coordinates": [[14.294079747051, 46.55448472906028], [14.294084273278713, 46.554484383224036]]}, "properties": {"fillColor": "#958CCF", "executionState": "Documented", "externalID": "SDIRouteSection_126187958529_1729577084", "userLabel": "_Querung offen"}}, {"type": "Feature", "geometry": {"type": "LineString", "coordinates": [[14.294084273278713, 46.554484383224036], [14.294089972972872, 46.55448080958293], [14.29418519134326, 46.55452092649979]]}, "properties": {"fillColor": "#FE0DFF", "executionState": "Documented", "externalID": "SDIRouteSection_126271506689_1729577099", "userLabel": "_Hausanschluss"}}, {"type": "Feature", "geometry": {"type": "LineString", "coordinates": [[14.289918970316648, 46.56403058304983], [14.289926178753376, 46.56410054489129]]}, "properties": {"fillColor": "#CC6E84", "executionState": "Documented", "externalID": "SDIRouteSection_126419414529_1729491736", "userLabel": "_Asphaltiert PrStr,IW"}}, {"type": "Feature", "geometry": {"type": "LineString", "coordinates": [[14.28991561755538, 46.563978025165625], [14.289916158044313, 46.563991249202445], [14.289917629212141, 46.56398978153888]]}, "properties": {"fillColor": "#CC6E84", "executionState": "Documented", "externalID": "SDIRouteSection_126450256897_1729491734", "userLabel": "_Asphaltiert PrStr,IW"}}, {"type": "Feature", "geometry": {"type": "LineString", "coordinates": [[14.289918970316648, 46.56403058304983], [14.289930369704962, 46.5640306983083]]}, "properties": {"fillColor": "#958CCF", "executionState": "Documented", "externalID": "SDIRouteSection_126474317057_1729491739", "userLabel": "_Querung offen"}}, {"type": "Feature", "geometry": {"type": "LineString", "coordinates": [[14.28991561755538, 46.563978025165625], [14.289883263409138, 46.56397825568277]]}, "properties": {"fillColor": "#958CCF", "executionState": "Documented", "externalID": "SDIRouteSection_126479251969_1729491742", "userLabel": "_Querung offen"}}, {"type": "Feature", "geometry": {"type": "LineString", "coordinates": [[14.294074885547161, 46.55452161824502], [14.294079747051, 46.55448472906028]]}, "properties": {"fillColor": "#3B3B3B", "executionState": "Documented", "externalID": "SDIRouteSection_126570894337_1729577171", "userLabel": "_Pressung"}}, {"type": "Feature", "geometry": {"type": "LineString", "coordinates": [[14.289883263409138, 46.56397825568277], [14.289810508174623, 46.563977103097024], [14.289751500206272, 46.56396880447894]]}, "properties": {"fillColor": "#FE0DFF", "executionState": "Documented", "externalID": "SDIRouteSection_126576489985_1729491761", "userLabel": "_Hausanschluss"}}, {"type": "Feature", "geometry": {"type": "LineString", "coordinates": [[14.294089302420616, 46.55425198078211], [14.294092152267694, 46.5542224692897]]}, "properties": {"fillColor": "#3B3B3B", "executionState": "Documented", "externalID": "SDIRouteSection_126736047617_1729577200", "userLabel": "_Pressung"}}, {"type": "Feature", "geometry": {"type": "LineString", "coordinates": [[14.29408360272646, 46.55435065971835], [14.29408561438322, 46.55432241634955]]}, "properties": {"fillColor": "#3B3B3B", "executionState": "Documented", "externalID": "SDIRouteSection_126737306625_1729577197", "userLabel": "_Pressung"}}, {"type": "Feature", "geometry": {"type": "LineString", "coordinates": [[14.29408561438322, 46.55432241634955], [14.294084943830967, 46.55430431752998]]}, "properties": {"fillColor": "#3B3B3B", "executionState": "Documented", "externalID": "SDIRouteSection_126737606913_1729577198", "userLabel": "_Pressung"}}, {"type": "Feature", "geometry": {"type": "LineString", "coordinates": [[14.289930369704962, 46.5640306983083], [14.289949993280167, 46.5640287389144], [14.290077387939188, 46.56398724588781]]}, "properties": {"fillColor": "#FE0DFF", "executionState": "Documented", "externalID": "SDIRouteSection_126738697217_1729491762", "userLabel": "_Hausanschluss"}}, {"type": "Feature", "geometry": {"type": "LineString", "coordinates": [[14.294092152267694, 46.5542224692897], [14.29410019889474, 46.554198721749]]}, "properties": {"fillColor": "#0D15FF", "executionState": "Documented", "externalID": "SDIRouteSection_126759193345_1729577201", "userLabel": "_Gemeindestrasse Asphalt"}}, {"type": "Feature", "geometry": {"type": "LineString", "coordinates": [[14.294084943830967, 46.55430431752998], [14.294087626039982, 46.55427399911173]]}, "properties": {"fillColor": "#3B3B3B", "executionState": "Documented", "externalID": "SDIRouteSection_126800525569_1729577198", "userLabel": "_Pressung"}}, {"type": "Feature", "geometry": {"type": "LineString", "coordinates": [[14.294087626039982, 46.55427399911173], [14.294089302420616, 46.55425198078211]]}, "properties": {"fillColor": "#3B3B3B", "executionState": "Documented", "externalID": "SDIRouteSection_126851718657_1729577199", "userLabel": "_Pressung"}}, {"type": "Feature", "geometry": {"type": "LineString", "coordinates": [[14.295011311769485, 46.55425405580834], [14.294986333698034, 46.55428910068338]]}, "properties": {"fillColor": "#0D15FF", "executionState": "Documented", "externalID": "SDIRouteSection_126862218241_1734342438", "userLabel": "_Gemeindestrasse Asphalt"}}, {"type": "Feature", "geometry": {"type": "LineString", "coordinates": [[14.294080752879381, 46.554478158171634], [14.294083770364523, 46.554410086023836]]}, "properties": {"fillColor": "#3B3B3B", "executionState": "Documented", "externalID": "SDIRouteSection_126888483585_1729577222", "userLabel": "_Pressung"}}, {"type": "Feature", "geometry": {"type": "LineString", "coordinates": [[14.295055065304041, 46.55421405390027], [14.295011311769485, 46.55425405580834]]}, "properties": {"fillColor": "#0D15FF", "executionState": "Documented", "externalID": "SDIRouteSection_126899121665_1734342437", "userLabel": "_Gemeindestrasse Asphalt"}}, {"type": "Feature", "geometry": {"type": "LineString", "coordinates": [[14.294986333698034, 46.55428910068338], [14.294975437223911, 46.554322762186786]]}, "properties": {"fillColor": "#0D15FF", "executionState": "Documented", "externalID": "SDIRouteSection_126903672577_1734342438", "userLabel": "_Gemeindestrasse Asphalt"}}, {"type": "Feature", "geometry": {"type": "LineString", "coordinates": [[14.294975437223911, 46.554322762186786], [14.29496856406331, 46.554337402628676]]}, "properties": {"fillColor": "#0D15FF", "executionState": "Documented", "externalID": "SDIRouteSection_126906138625_1734342439", "userLabel": "_Gemeindestrasse Asphalt"}}, {"type": "Feature", "geometry": {"type": "LineString", "coordinates": [[14.289917629212141, 46.56398978153888], [14.289918970316648, 46.56403058304983]]}, "properties": {"fillColor": "#CC6E84", "executionState": "Documented", "externalID": "SDIRouteSection_126931056129_1729491805", "userLabel": "_Asphaltiert PrStr,IW"}}, {"type": "Feature", "geometry": {"type": "LineString", "coordinates": [[14.28991612046957, 46.563966499307014], [14.28991561755538, 46.563978025165625]]}, "properties": {"fillColor": "#CC6E84", "executionState": "Documented", "externalID": "SDIRouteSection_126934693377_1729491806", "userLabel": "_Asphaltiert PrStr,IW"}}, {"type": "Feature", "geometry": {"type": "LineString", "coordinates": [[14.289914779365063, 46.56392339257411], [14.28991612046957, 46.563966499307014]]}, "properties": {"fillColor": "#CC6E84", "executionState": "Documented", "externalID": "SDIRouteSection_126989467137_1729491817", "userLabel": "_Asphaltiert PrStr,IW"}}, {"type": "Feature", "geometry": {"type": "LineString", "coordinates": [[14.289915449917316, 46.56387463812641], [14.289916288107634, 46.56390719872576]]}, "properties": {"fillColor": "#CC6E84", "executionState": "Documented", "externalID": "SDIRouteSection_127002585601_1729491818", "userLabel": "_Asphaltiert PrStr,IW"}}, {"type": "Feature", "geometry": {"type": "LineString", "coordinates": [[14.29410019889474, 46.554198721749], [14.294131211936474, 46.554178893697355]]}, "properties": {"fillColor": "#0D15FF", "executionState": "Documented", "externalID": "SDIRouteSection_127015193345_1734342474", "userLabel": "_Gemeindestrasse Asphalt"}}, {"type": "Feature", "geometry": {"type": "LineString", "coordinates": [[14.294067341834307, 46.554136009746884], [14.293846227228642, 46.553960784651025]]}, "properties": {"fillColor": "#1B7CBD", "executionState": "Documented", "externalID": "SDIRouteSection_127035124737_1734342483", "userLabel": "_Bankett"}}, {"type": "Feature", "geometry": {"type": "LineString", "coordinates": [[14.29384220391512, 46.55394879554484], [14.293775651603937, 46.553903721093064]]}, "properties": {"fillColor": "#0D15FF", "executionState": "Documented", "externalID": "SDIRouteSection_127064598529_1734342495", "userLabel": "_Gemeindestrasse Asphalt"}}, {"type": "Feature", "geometry": {"type": "LineString", "coordinates": [[14.289917796850204, 46.563821273278734], [14.289915449917316, 46.56387463812641]]}, "properties": {"fillColor": "#CC6E84", "executionState": "Documented", "externalID": "SDIRouteSection_127086327809_1729491843", "userLabel": "_Asphaltiert PrStr,IW"}}, {"type": "Feature", "geometry": {"type": "LineString", "coordinates": [[14.290524311363697, 46.5572528468777], [14.290534034371376, 46.55726541161812]]}, "properties": {"fillColor": "#0D15FF", "executionState": "Documented", "externalID": "SDIRouteSection_127201670401_0", "userLabel": "_Gemeindestrasse Asphalt"}}, {"type": "Feature", "geometry": {"type": "LineString", "coordinates": [[14.290571082383394, 46.557237515585], [14.290582984685898, 46.55722806320689], [14.290817677953282, 46.5571049515237]]}, "properties": {"fillColor": "#FE0DFF", "executionState": "Documented", "externalID": "SDIRouteSection_127220406017_0", "userLabel": "_Hausanschluss"}}, {"type": "Feature", "geometry": {"type": "LineString", "coordinates": [[14.290571082383394, 46.557237515585], [14.290524311363697, 46.5572528468777]]}, "properties": {"fillColor": "#958CCF", "executionState": "Documented", "externalID": "SDIRouteSection_127225503489_1707743721", "userLabel": "_Querung offen"}}, {"type": "Feature", "geometry": {"type": "LineString", "coordinates": [[14.293775651603937, 46.553903721093064], [14.293761737644672, 46.55390337525313]]}, "properties": {"fillColor": "#0D15FF", "executionState": "Documented", "externalID": "SDIRouteSection_127234677249_1734342550", "userLabel": "_Gemeindestrasse Asphalt"}}, {"type": "Feature", "geometry": {"type": "LineString", "coordinates": [[14.293675571680069, 46.553853689560526], [14.293581526726484, 46.55379708701079]]}, "properties": {"fillColor": "#0D15FF", "executionState": "Documented", "externalID": "SDIRouteSection_127238876417_1734342553", "userLabel": "_Gemeindestrasse Asphalt"}}, {"type": "Feature", "geometry": {"type": "LineString", "coordinates": [[14.293340211734176, 46.55367909759559], [14.293319340795279, 46.553676215584204]]}, "properties": {"fillColor": "#0D15FF", "executionState": "Documented", "externalID": "SDIRouteSection_127294915585_1734342573", "userLabel": "_Gemeindestrasse Asphalt"}}, {"type": "Feature", "geometry": {"type": "LineString", "coordinates": [[14.293373739346862, 46.55355551680947], [14.293397376313806, 46.55353194189806]]}, "properties": {"fillColor": "#0D15FF", "executionState": "Documented", "externalID": "SDIRouteSection_127303215617_1734342575", "userLabel": "_Gemeindestrasse Asphalt"}}, {"type": "Feature", "geometry": {"type": "LineString", "coordinates": [[14.289916288107634, 46.56390719872576], [14.289914779365063, 46.56392339257411]]}, "properties": {"fillColor": "#CC6E84", "executionState": "Documented", "externalID": "SDIRouteSection_127312567041_1729491893", "userLabel": "_Asphaltiert PrStr,IW"}}, {"type": "Feature", "geometry": {"type": "LineString", "coordinates": [[14.293340211734176, 46.55367909759559], [14.293393772095442, 46.55363183258936]]}, "properties": {"fillColor": "#0D15FF", "executionState": "Documented", "externalID": "SDIRouteSection_127324000001_1734342584", "userLabel": "_Gemeindestrasse Asphalt"}}, {"type": "Feature", "geometry": {"type": "LineString", "coordinates": [[14.289916958659887, 46.56380323525681], [14.289917796850204, 46.563821273278734]]}, "properties": {"fillColor": "#CC6E84", "executionState": "Documented", "externalID": "SDIRouteSection_127354571777_1729491902", "userLabel": "_Asphaltiert PrStr,IW"}}, {"type": "Feature", "geometry": {"type": "LineString", "coordinates": [[14.292282331734896, 46.55675382836705], [14.292355421930552, 46.55666195497403]]}, "properties": {"fillColor": "#0D15FF", "executionState": "Documented", "externalID": "SDIRouteSection_127366840577_0", "userLabel": "_Gemeindestrasse Asphalt"}}, {"type": "Feature", "geometry": {"type": "LineString", "coordinates": [[14.292215779423714, 46.556727545906654], [14.292282331734896, 46.55675382836705]]}, "properties": {"fillColor": "#958CCF", "executionState": "Documented", "externalID": "SDIRouteSection_127373455617_1707743825", "userLabel": "_Querung offen"}}, {"type": "Feature", "geometry": {"type": "LineString", "coordinates": [[14.292215779423714, 46.556727545906654], [14.292208399102403, 46.55672086001556], [14.292099757999218, 46.5566569382352]]}, "properties": {"fillColor": "#FE0DFF", "executionState": "Documented", "externalID": "SDIRouteSection_127388075521_0", "userLabel": "_Hausanschluss"}}, {"type": "Feature", "geometry": {"type": "LineString", "coordinates": [[14.29576501250267, 46.5537317230968], [14.295762162655592, 46.5537041710883]]}, "properties": {"fillColor": "#3B3B3B", "executionState": "Documented", "externalID": "SDIRouteSection_127409234433_1729577343", "userLabel": "_Pressung"}}, {"type": "Feature", "geometry": {"type": "LineString", "coordinates": [[14.295867271721363, 46.55355119378248], [14.295915886759758, 46.55352433336702]]}, "properties": {"fillColor": "#3B3B3B", "executionState": "Documented", "externalID": "SDIRouteSection_127414819329_1729577360", "userLabel": "_Pressung"}}, {"type": "Feature", "geometry": {"type": "LineString", "coordinates": [[14.29576300084591, 46.55369817650717], [14.295767694711685, 46.55368365117329]]}, "properties": {"fillColor": "#3B3B3B", "executionState": "Documented", "externalID": "SDIRouteSection_127415103745_1729577356", "userLabel": "_Pressung"}}, {"type": "Feature", "geometry": {"type": "LineString", "coordinates": [[14.295767694711685, 46.55368365117329], [14.295773226767778, 46.55365344768879]]}, "properties": {"fillColor": "#3B3B3B", "executionState": "Documented", "externalID": "SDIRouteSection_127417188609_1729577357", "userLabel": "_Pressung"}}, {"type": "Feature", "geometry": {"type": "LineString", "coordinates": [[14.295779094099998, 46.55378336866502], [14.29576501250267, 46.5537317230968]]}, "properties": {"fillColor": "#3B3B3B", "executionState": "Documented", "externalID": "SDIRouteSection_127426025217_1729577344", "userLabel": "_Pressung"}}, {"type": "Feature", "geometry": {"type": "LineString", "coordinates": [[14.2960000410676, 46.55346450260839], [14.29601663723588, 46.553446864626494]]}, "properties": {"fillColor": "#3B3B3B", "executionState": "Documented", "externalID": "SDIRouteSection_127430669313_1729577365", "userLabel": "_Pressung"}}, {"type": "Feature", "geometry": {"type": "LineString", "coordinates": [[14.295786805450916, 46.55362359002919], [14.295813292264938, 46.55358681551468]]}, "properties": {"fillColor": "#3B3B3B", "executionState": "Documented", "externalID": "SDIRouteSection_127433579521_1729577359", "userLabel": "_Pressung"}}, {"type": "Feature", "geometry": {"type": "LineString", "coordinates": [[14.295773226767778, 46.55365344768879], [14.295786805450916, 46.55362359002919]]}, "properties": {"fillColor": "#3B3B3B", "executionState": "Documented", "externalID": "SDIRouteSection_127434078465_1729577358", "userLabel": "_Pressung"}}, {"type": "Feature", "geometry": {"type": "LineString", "coordinates": [[14.295915886759758, 46.55352433336702], [14.295931980013847, 46.55351269000681]]}, "properties": {"fillColor": "#3B3B3B", "executionState": "Documented", "externalID": "SDIRouteSection_127435005697_1729577361", "userLabel": "_Pressung"}}, {"type": "Feature", "geometry": {"type": "LineString", "coordinates": [[14.295976236462593, 46.553487674066076], [14.2960000410676, 46.55346450260839]]}, "properties": {"fillColor": "#3B3B3B", "executionState": "Documented", "externalID": "SDIRouteSection_127444712705_1729577364", "userLabel": "_Pressung"}}, {"type": "Feature", "geometry": {"type": "LineString", "coordinates": [[14.295813292264938, 46.55358681551468], [14.295867271721363, 46.55355119378248]]}, "properties": {"fillColor": "#3B3B3B", "executionState": "Documented", "externalID": "SDIRouteSection_127445546753_1729577359", "userLabel": "_Pressung"}}, {"type": "Feature", "geometry": {"type": "LineString", "coordinates": [[14.295931980013847, 46.55351269000681], [14.295976236462593, 46.553487674066076]]}, "properties": {"fillColor": "#3B3B3B", "executionState": "Documented", "externalID": "SDIRouteSection_127448012289_1729577362", "userLabel": "_Pressung"}}, {"type": "Feature", "geometry": {"type": "LineString", "coordinates": [[14.29601663723588, 46.553446864626494], [14.296048991382122, 46.553406285718296]]}, "properties": {"fillColor": "#0D15FF", "executionState": "Documented", "externalID": "SDIRouteSection_127457606657_1729577366", "userLabel": "_Gemeindestrasse Asphalt"}}, {"type": "Feature", "geometry": {"type": "LineString", "coordinates": [[14.289637673646212, 46.563049839930216], [14.289626106619835, 46.56300281360714]]}, "properties": {"fillColor": "#0D15FF", "executionState": "Documented", "externalID": "SDIRouteSection_127497520385_1729491936", "userLabel": "_Gemeindestrasse Asphalt"}}, {"type": "Feature", "geometry": {"type": "LineString", "coordinates": [[14.289637673646212, 46.563049839930216], [14.289658963680267, 46.563046843155945]]}, "properties": {"fillColor": "#958CCF", "executionState": "Documented", "externalID": "SDIRouteSection_127559686913_1729491941", "userLabel": "_Querung offen"}}, {"type": "Feature", "geometry": {"type": "LineString", "coordinates": [[14.289658963680267, 46.563046843155945], [14.289669030625944, 46.56304488372654], [14.289794415184764, 46.56302137057385]]}, "properties": {"fillColor": "#FE0DFF", "executionState": "Documented", "externalID": "SDIRouteSection_127687900161_1729491967", "userLabel": "_Hausanschluss"}}, {"type": "Feature", "geometry": {"type": "LineString", "coordinates": [[14.293393772095442, 46.55363183258936], [14.293367536738515, 46.55359943874424]]}, "properties": {"fillColor": "#1B7CBD", "executionState": "Documented", "externalID": "SDIRouteSection_127695609345_1734342681", "userLabel": "_Bankett"}}, {"type": "Feature", "geometry": {"type": "LineString", "coordinates": [[14.293393772095442, 46.55363183258936], [14.293773891404271, 46.5538549000014]]}, "properties": {"fillColor": "#0D15FF", "executionState": "Documented", "externalID": "SDIRouteSection_127719752193_1734342690", "userLabel": "_Gemeindestrasse Asphalt"}}, {"type": "Feature", "geometry": {"type": "LineString", "coordinates": [[14.293899284675717, 46.55391150249085], [14.29390350111224, 46.55390764061209], [14.293768985543162, 46.55369232689011]]}, "properties": {"fillColor": "#FE0DFF", "executionState": "Documented", "externalID": "SDIRouteSection_127747730689_1734342703", "userLabel": "_Hausanschluss"}}, {"type": "Feature", "geometry": {"type": "LineString", "coordinates": [[14.293886544182897, 46.55391271293041], [14.293899284675717, 46.55391150249085]]}, "properties": {"fillColor": "#958CCF", "executionState": "Documented", "externalID": "SDIRouteSection_127769215745_1734342705", "userLabel": "_Querung offen"}}, {"type": "Feature", "geometry": {"type": "LineString", "coordinates": [[14.293716307729483, 46.55323088534416], [14.293773639947176, 46.553193361233866]]}, "properties": {"fillColor": "#0D15FF", "executionState": "Documented", "externalID": "SDIRouteSection_127869936641_0", "userLabel": "_Gemeindestrasse Asphalt"}}, {"type": "Feature", "geometry": {"type": "LineString", "coordinates": [[14.293675236403942, 46.55320091217061], [14.293672897964141, 46.55319474461168], [14.29369300664774, 46.55305779069295]]}, "properties": {"fillColor": "#FE0DFF", "executionState": "Documented", "externalID": "SDIRouteSection_127892095233_0", "userLabel": "_Hausanschluss"}}, {"type": "Feature", "geometry": {"type": "LineString", "coordinates": [[14.293773891404271, 46.5538549000014], [14.293886544182897, 46.55391271293041]]}, "properties": {"fillColor": "#0D15FF", "executionState": "Documented", "externalID": "SDIRouteSection_127895489793_1734342741", "userLabel": "_Gemeindestrasse Asphalt"}}, {"type": "Feature", "geometry": {"type": "LineString", "coordinates": [[14.293716307729483, 46.55323088534416], [14.293675236403942, 46.55320091217061]]}, "properties": {"fillColor": "#958CCF", "executionState": "Documented", "externalID": "SDIRouteSection_127895915009_1707744094", "userLabel": "_Querung offen"}}, {"type": "Feature", "geometry": {"type": "LineString", "coordinates": [[14.290606370195746, 46.55698639300485], [14.29055817425251, 46.55700310764925]]}, "properties": {"fillColor": "#1B7CBD", "executionState": "Documented", "externalID": "SDIRouteSection_127931411969_1729577584", "userLabel": "_Bankett"}}, {"type": "Feature", "geometry": {"type": "LineString", "coordinates": [[14.290763279423118, 46.55693388593335], [14.290697732940316, 46.55695428934587]]}, "properties": {"fillColor": "#1B7CBD", "executionState": "Documented", "externalID": "SDIRouteSection_127931607297_1729577582", "userLabel": "_Bankett"}}, {"type": "Feature", "geometry": {"type": "LineString", "coordinates": [[14.291442884132266, 46.55670696949784], [14.291405081748962, 46.55672155165948]]}, "properties": {"fillColor": "#1B7CBD", "executionState": "Documented", "externalID": "SDIRouteSection_127950266113_1729577567", "userLabel": "_Bankett"}}, {"type": "Feature", "geometry": {"type": "LineString", "coordinates": [[14.29126770235598, 46.55676668140774], [14.291224284097552, 46.55678183992268]]}, "properties": {"fillColor": "#1B7CBD", "executionState": "Documented", "externalID": "SDIRouteSection_127975470337_1729577571", "userLabel": "_Bankett"}}, {"type": "Feature", "geometry": {"type": "LineString", "coordinates": [[14.29136442951858, 46.55673480816671], [14.291322520002723, 46.55674852576641]]}, "properties": {"fillColor": "#1B7CBD", "executionState": "Documented", "externalID": "SDIRouteSection_127975631105_1729577569", "userLabel": "_Bankett"}}, {"type": "Feature", "geometry": {"type": "LineString", "coordinates": [[14.291514633223414, 46.55668328068137], [14.291442884132266, 46.55670696949784]]}, "properties": {"fillColor": "#1B7CBD", "executionState": "Documented", "externalID": "SDIRouteSection_127975768833_1729577566", "userLabel": "_Bankett"}}, {"type": "Feature", "geometry": {"type": "LineString", "coordinates": [[14.291224284097552, 46.55678183992268], [14.2911562230438, 46.556804145410354]]}, "properties": {"fillColor": "#1B7CBD", "executionState": "Documented", "externalID": "SDIRouteSection_127977553409_1729577572", "userLabel": "_Bankett"}}, {"type": "Feature", "geometry": {"type": "LineString", "coordinates": [[14.2911562230438, 46.556804145410354], [14.291085395962, 46.556827603626516]]}, "properties": {"fillColor": "#1B7CBD", "executionState": "Documented", "externalID": "SDIRouteSection_127984614913_1729577573", "userLabel": "_Bankett"}}, {"type": "Feature", "geometry": {"type": "LineString", "coordinates": [[14.291405081748962, 46.55672155165948], [14.29136442951858, 46.55673480816671]]}, "properties": {"fillColor": "#1B7CBD", "executionState": "Documented", "externalID": "SDIRouteSection_127989974529_1729577568", "userLabel": "_Bankett"}}, {"type": "Feature", "geometry": {"type": "LineString", "coordinates": [[14.291322520002723, 46.55674852576641], [14.29126770235598, 46.55676668140774]]}, "properties": {"fillColor": "#1B7CBD", "executionState": "Documented", "externalID": "SDIRouteSection_127991372801_1729577570", "userLabel": "_Bankett"}}, {"type": "Feature", "geometry": {"type": "LineString", "coordinates": [[14.290697732940316, 46.55695428934587], [14.290643753483891, 46.55697198382455]]}, "properties": {"fillColor": "#1B7CBD", "executionState": "Documented", "externalID": "SDIRouteSection_127994468353_1729577583", "userLabel": "_Bankett"}}, {"type": "Feature", "geometry": {"type": "LineString", "coordinates": [[14.289645468816161, 46.56308274680609], [14.289641445502639, 46.56306643744628]]}, "properties": {"fillColor": "#0D15FF", "executionState": "Documented", "externalID": "SDIRouteSection_127996569601_1729492039", "userLabel": "_Gemeindestrasse Asphalt"}}, {"type": "Feature", "geometry": {"type": "LineString", "coordinates": [[14.291085395962, 46.556827603626516], [14.291027309373021, 46.556846566157475]]}, "properties": {"fillColor": "#1B7CBD", "executionState": "Documented", "externalID": "SDIRouteSection_127999279361_1729577574", "userLabel": "_Bankett"}}, {"type": "Feature", "geometry": {"type": "LineString", "coordinates": [[14.290857994928956, 46.556901955153705], [14.290817007422447, 46.556916076168676]]}, "properties": {"fillColor": "#1B7CBD", "executionState": "Documented", "externalID": "SDIRouteSection_127999992321_1729577579", "userLabel": "_Bankett"}}, {"type": "Feature", "geometry": {"type": "LineString", "coordinates": [[14.291027309373021, 46.556846566157475], [14.290976179763675, 46.556864087760744]]}, "properties": {"fillColor": "#1B7CBD", "executionState": "Documented", "externalID": "SDIRouteSection_128000352769_1729577575", "userLabel": "_Bankett"}}, {"type": "Feature", "geometry": {"type": "LineString", "coordinates": [[14.2904257401824, 46.55707665202331], [14.290414340794086, 46.5570942311889]]}, "properties": {"fillColor": "#0D15FF", "executionState": "Documented", "externalID": "SDIRouteSection_128000727297_1729577593", "userLabel": "_Gemeindestrasse Asphalt"}}, {"type": "Feature", "geometry": {"type": "LineString", "coordinates": [[14.290530094876885, 46.55702391449245], [14.290504027158022, 46.557034116182734]]}, "properties": {"fillColor": "#0D15FF", "executionState": "Documented", "externalID": "SDIRouteSection_128001537793_1729577589", "userLabel": "_Gemeindestrasse Asphalt"}}, {"type": "Feature", "geometry": {"type": "LineString", "coordinates": [[14.29089630022645, 46.55689031251819], [14.290857994928956, 46.556901955153705]]}, "properties": {"fillColor": "#1B7CBD", "executionState": "Documented", "externalID": "SDIRouteSection_128002255873_1729577579", "userLabel": "_Bankett"}}, {"type": "Feature", "geometry": {"type": "LineString", "coordinates": [[14.290976179763675, 46.556864087760744], [14.290929324924946, 46.55688028371134]]}, "properties": {"fillColor": "#1B7CBD", "executionState": "Documented", "externalID": "SDIRouteSection_128002377217_1729577576", "userLabel": "_Bankett"}}, {"type": "Feature", "geometry": {"type": "LineString", "coordinates": [[14.290929324924946, 46.55688028371134], [14.29091926664114, 46.55688351137351]]}, "properties": {"fillColor": "#1B7CBD", "executionState": "Documented", "externalID": "SDIRouteSection_128003854337_1729577577", "userLabel": "_Bankett"}}, {"type": "Feature", "geometry": {"type": "LineString", "coordinates": [[14.290817007422447, 46.556916076168676], [14.290763279423118, 46.55693388593335]]}, "properties": {"fillColor": "#1B7CBD", "executionState": "Documented", "externalID": "SDIRouteSection_128004291841_1729577581", "userLabel": "_Bankett"}}, {"type": "Feature", "geometry": {"type": "LineString", "coordinates": [[14.289620239287615, 46.56295555672182], [14.289619149640203, 46.56290576405664]]}, "properties": {"fillColor": "#0D15FF", "executionState": "Documented", "externalID": "SDIRouteSection_128004480001_1729492045", "userLabel": "_Gemeindestrasse Asphalt"}}, {"type": "Feature", "geometry": {"type": "LineString", "coordinates": [[14.290436552837491, 46.557059533945136], [14.2904257401824, 46.55707665202331]]}, "properties": {"fillColor": "#0D15FF", "executionState": "Documented", "externalID": "SDIRouteSection_128011938049_1729577592", "userLabel": "_Gemeindestrasse Asphalt"}}, {"type": "Feature", "geometry": {"type": "LineString", "coordinates": [[14.290423057973385, 46.55710673832945], [14.290446862578392, 46.55714270354704]]}, "properties": {"fillColor": "#0D15FF", "executionState": "Documented", "externalID": "SDIRouteSection_128014808321_1729577595", "userLabel": "_Gemeindestrasse Asphalt"}}, {"type": "Feature", "geometry": {"type": "LineString", "coordinates": [[14.290564795956016, 46.557011119149365], [14.290530094876885, 46.55702391449245]]}, "properties": {"fillColor": "#0D15FF", "executionState": "Documented", "externalID": "SDIRouteSection_128025976321_1729577587", "userLabel": "_Gemeindestrasse Asphalt"}}, {"type": "Feature", "geometry": {"type": "LineString", "coordinates": [[14.290453065186739, 46.55705336682476], [14.290436552837491, 46.557059533945136]]}, "properties": {"fillColor": "#0D15FF", "executionState": "Documented", "externalID": "SDIRouteSection_128029093377_1729577591", "userLabel": "_Gemeindestrasse Asphalt"}}, {"type": "Feature", "geometry": {"type": "LineString", "coordinates": [[14.29055817425251, 46.55700310764925], [14.290564795956016, 46.557011119149365]]}, "properties": {"fillColor": "#0D15FF", "executionState": "Documented", "externalID": "SDIRouteSection_128029740033_1729577585", "userLabel": "_Gemeindestrasse Asphalt"}}, {"type": "Feature", "geometry": {"type": "LineString", "coordinates": [[14.290504027158022, 46.557034116182734], [14.290453065186739, 46.55705336682476]]}, "properties": {"fillColor": "#0D15FF", "executionState": "Documented", "externalID": "SDIRouteSection_128030204417_1729577590", "userLabel": "_Gemeindestrasse Asphalt"}}, {"type": "Feature", "geometry": {"type": "LineString", "coordinates": [[14.290485754609108, 46.55719717005718], [14.290509223937988, 46.55722910066311]]}, "properties": {"fillColor": "#0D15FF", "executionState": "Documented", "externalID": "SDIRouteSection_128035539201_1729577597", "userLabel": "_Gemeindestrasse Asphalt"}}, {"type": "Feature", "geometry": {"type": "LineString", "coordinates": [[14.290446862578392, 46.55714270354704], [14.290466140955687, 46.55717031144633]]}, "properties": {"fillColor": "#0D15FF", "executionState": "Documented", "externalID": "SDIRouteSection_128038091265_1729577596", "userLabel": "_Gemeindestrasse Asphalt"}}, {"type": "Feature", "geometry": {"type": "LineString", "coordinates": [[14.29051810875535, 46.55724431668531], [14.290524311363697, 46.5572528468777]]}, "properties": {"fillColor": "#0D15FF", "executionState": "Documented", "externalID": "SDIRouteSection_128041457665_1729577599", "userLabel": "_Gemeindestrasse Asphalt"}}, {"type": "Feature", "geometry": {"type": "LineString", "coordinates": [[14.290414340794086, 46.5570942311889], [14.290423057973385, 46.55710673832945]]}, "properties": {"fillColor": "#0D15FF", "executionState": "Documented", "externalID": "SDIRouteSection_128042580993_1729577594", "userLabel": "_Gemeindestrasse Asphalt"}}, {"type": "Feature", "geometry": {"type": "LineString", "coordinates": [[14.293371308594942, 46.553689184634294], [14.293340211734176, 46.55367909759559]]}, "properties": {"fillColor": "#0D15FF", "executionState": "Documented", "externalID": "SDIRouteSection_128042827521_1734342775", "userLabel": "_Gemeindestrasse Asphalt"}}, {"type": "Feature", "geometry": {"type": "LineString", "coordinates": [[14.290466140955687, 46.55717031144633], [14.290485754609108, 46.55719717005718]]}, "properties": {"fillColor": "#0D15FF", "executionState": "Documented", "externalID": "SDIRouteSection_128043706881_1729577597", "userLabel": "_Gemeindestrasse Asphalt"}}, {"type": "Feature", "geometry": {"type": "LineString", "coordinates": [[14.290509223937988, 46.55722910066311], [14.29051810875535, 46.55724431668531]]}, "properties": {"fillColor": "#0D15FF", "executionState": "Documented", "externalID": "SDIRouteSection_128044442625_1729577599", "userLabel": "_Gemeindestrasse Asphalt"}}, {"type": "Feature", "geometry": {"type": "LineString", "coordinates": [[14.289619149640203, 46.56290576405664], [14.28961655125022, 46.5628891664914]]}, "properties": {"fillColor": "#0D15FF", "executionState": "Documented", "externalID": "SDIRouteSection_128044771329_1729492053", "userLabel": "_Gemeindestrasse Asphalt"}}, {"type": "Feature", "geometry": {"type": "LineString", "coordinates": [[14.28961655125022, 46.5628891664914], [14.289615880697966, 46.562858449456314]]}, "properties": {"fillColor": "#0D15FF", "executionState": "Documented", "externalID": "SDIRouteSection_128051073537_1729492058", "userLabel": "_Gemeindestrasse Asphalt"}}, {"type": "Feature", "geometry": {"type": "LineString", "coordinates": [[14.289615880697966, 46.562858449456314], [14.289615964516997, 46.562808656701975]]}, "properties": {"fillColor": "#0D15FF", "executionState": "Documented", "externalID": "SDIRouteSection_128054687233_1729492059", "userLabel": "_Gemeindestrasse Asphalt"}}, {"type": "Feature", "geometry": {"type": "LineString", "coordinates": [[14.289615964516997, 46.562808656701975], [14.289618143811822, 46.56277615307383]]}, "properties": {"fillColor": "#0D15FF", "executionState": "Documented", "externalID": "SDIRouteSection_128060458241_1729492073", "userLabel": "_Gemeindestrasse Asphalt"}}, {"type": "Feature", "geometry": {"type": "LineString", "coordinates": [[14.289626106619835, 46.56300281360714], [14.289620239287615, 46.56295555672182]]}, "properties": {"fillColor": "#0D15FF", "executionState": "Documented", "externalID": "SDIRouteSection_128086673921_1729492087", "userLabel": "_Gemeindestrasse Asphalt"}}, {"type": "Feature", "geometry": {"type": "LineString", "coordinates": [[14.290271429345012, 46.56296800488096], [14.290259275585413, 46.56296247236614]]}, "properties": {"fillColor": "#0D15FF", "executionState": "Documented", "externalID": "SDIRouteSection_128108709377_1729492103", "userLabel": "_Gemeindestrasse Asphalt"}}, {"type": "Feature", "geometry": {"type": "LineString", "coordinates": [[14.29027914069593, 46.56296195369288], [14.290271429345012, 46.56296800488096]]}, "properties": {"fillColor": "#0D15FF", "executionState": "Documented", "externalID": "SDIRouteSection_128111422977_1729492104", "userLabel": "_Gemeindestrasse Asphalt"}}, {"type": "Feature", "geometry": {"type": "LineString", "coordinates": [[14.290454657748342, 46.56305462324269], [14.290433954447508, 46.56304367349068]]}, "properties": {"fillColor": "#0D15FF", "executionState": "Documented", "externalID": "SDIRouteSection_128114572033_1729492110", "userLabel": "_Gemeindestrasse Asphalt"}}, {"type": "Feature", "geometry": {"type": "LineString", "coordinates": [[14.290429428219795, 46.56303825624414], [14.290432026609778, 46.56303439501488]]}, "properties": {"fillColor": "#0D15FF", "executionState": "Documented", "externalID": "SDIRouteSection_128115126785_1729492113", "userLabel": "_Gemeindestrasse Asphalt"}}, {"type": "Feature", "geometry": {"type": "LineString", "coordinates": [[14.29039548151195, 46.56301601094947], [14.290344351902604, 46.56299151806269]]}, "properties": {"fillColor": "#0D15FF", "executionState": "Documented", "externalID": "SDIRouteSection_128116577025_1729492122", "userLabel": "_Gemeindestrasse Asphalt"}}, {"type": "Feature", "geometry": {"type": "LineString", "coordinates": [[14.290433954447508, 46.56304367349068], [14.290429428219795, 46.56303825624414]]}, "properties": {"fillColor": "#0D15FF", "executionState": "Documented", "externalID": "SDIRouteSection_128121802241_1729492111", "userLabel": "_Gemeindestrasse Asphalt"}}, {"type": "Feature", "geometry": {"type": "LineString", "coordinates": [[14.290432026609778, 46.56303439501488], [14.29039548151195, 46.56301601094947]]}, "properties": {"fillColor": "#0D15FF", "executionState": "Documented", "externalID": "SDIRouteSection_128126126849_1729492123", "userLabel": "_Gemeindestrasse Asphalt"}}, {"type": "Feature", "geometry": {"type": "LineString", "coordinates": [[14.290344351902604, 46.56299151806269], [14.29027914069593, 46.56296195369288]]}, "properties": {"fillColor": "#0D15FF", "executionState": "Documented", "externalID": "SDIRouteSection_128127224065_1729492134", "userLabel": "_Gemeindestrasse Asphalt"}}, {"type": "Feature", "geometry": {"type": "LineString", "coordinates": [[14.290534369647503, 46.562956709329285], [14.290531687438488, 46.56294385775482]]}, "properties": {"fillColor": "#0D15FF", "executionState": "Documented", "externalID": "SDIRouteSection_128132127489_1729492182", "userLabel": "_Gemeindestrasse Asphalt"}}, {"type": "Feature", "geometry": {"type": "LineString", "coordinates": [[14.290259275585413, 46.56296247236614], [14.290263298898935, 46.56295590250406]]}, "properties": {"fillColor": "#0D15FF", "executionState": "Documented", "externalID": "SDIRouteSection_128136875777_1729492141", "userLabel": "_Gemeindestrasse Asphalt"}}, {"type": "Feature", "geometry": {"type": "LineString", "coordinates": [[14.290506206452847, 46.56308130605012], [14.290454657748342, 46.56305462324269]]}, "properties": {"fillColor": "#0D15FF", "executionState": "Documented", "externalID": "SDIRouteSection_128141987329_1729492157", "userLabel": "_Gemeindestrasse Asphalt"}}, {"type": "Feature", "geometry": {"type": "LineString", "coordinates": [[14.290263298898935, 46.56295590250406], [14.290259862318635, 46.5629545193751]]}, "properties": {"fillColor": "#0D15FF", "executionState": "Documented", "externalID": "SDIRouteSection_128147637505_1729492144", "userLabel": "_Gemeindestrasse Asphalt"}}, {"type": "Feature", "geometry": {"type": "LineString", "coordinates": [[14.290643753483891, 46.55697198382455], [14.290606370195746, 46.55698639300485]]}, "properties": {"fillColor": "#1B7CBD", "executionState": "Documented", "externalID": "SDIRouteSection_128148912897_1729577667", "userLabel": "_Bankett"}}, {"type": "Feature", "geometry": {"type": "LineString", "coordinates": [[14.290538225322962, 46.56301779748901], [14.290534118190408, 46.56299215199638]]}, "properties": {"fillColor": "#0D15FF", "executionState": "Documented", "externalID": "SDIRouteSection_128154244865_1729492163", "userLabel": "_Gemeindestrasse Asphalt"}}, {"type": "Feature", "geometry": {"type": "LineString", "coordinates": [[14.293289501219988, 46.55367950107717], [14.293281119316816, 46.55369022215814]]}, "properties": {"fillColor": "#0D15FF", "executionState": "Documented", "externalID": "SDIRouteSection_128156562945_1734342787", "userLabel": "_Gemeindestrasse Asphalt"}}, {"type": "Feature", "geometry": {"type": "LineString", "coordinates": [[14.290553061291575, 46.56305133831731], [14.290561024099588, 46.563047304198165]]}, "properties": {"fillColor": "#0D15FF", "executionState": "Documented", "externalID": "SDIRouteSection_128173312513_1729492162", "userLabel": "_Gemeindestrasse Asphalt"}}, {"type": "Feature", "geometry": {"type": "LineString", "coordinates": [[14.290561024099588, 46.563047304198165], [14.290538225322962, 46.56301779748901]]}, "properties": {"fillColor": "#0D15FF", "executionState": "Documented", "externalID": "SDIRouteSection_128177428737_1729492163", "userLabel": "_Gemeindestrasse Asphalt"}}, {"type": "Feature", "geometry": {"type": "LineString", "coordinates": [[14.290560856461525, 46.5573055265497], [14.290573010221124, 46.55732137655042]]}, "properties": {"fillColor": "#0D15FF", "executionState": "Documented", "externalID": "SDIRouteSection_128190701313_1729577716", "userLabel": "_Gemeindestrasse Asphalt"}}, {"type": "Feature", "geometry": {"type": "LineString", "coordinates": [[14.290534118190408, 46.56299215199638], [14.290534369647503, 46.562956709329285]]}, "properties": {"fillColor": "#0D15FF", "executionState": "Documented", "externalID": "SDIRouteSection_128202317313_1729492181", "userLabel": "_Gemeindestrasse Asphalt"}}, {"type": "Feature", "geometry": {"type": "LineString", "coordinates": [[14.290534034371376, 46.55726541161812], [14.290560856461525, 46.5573055265497]]}, "properties": {"fillColor": "#0D15FF", "executionState": "Documented", "externalID": "SDIRouteSection_128202757633_1729577717", "userLabel": "_Gemeindestrasse Asphalt"}}, {"type": "Feature", "geometry": {"type": "LineString", "coordinates": [[14.290531687438488, 46.56294385775482], [14.290541661903262, 46.56293509793551]]}, "properties": {"fillColor": "#0D15FF", "executionState": "Documented", "externalID": "SDIRouteSection_128203574017_1729492183", "userLabel": "_Gemeindestrasse Asphalt"}}, {"type": "Feature", "geometry": {"type": "LineString", "coordinates": [[14.290541661903262, 46.56293509793551], [14.290572172030807, 46.56289106829604]]}, "properties": {"fillColor": "#0D15FF", "executionState": "Documented", "externalID": "SDIRouteSection_128204265473_1729492184", "userLabel": "_Gemeindestrasse Asphalt"}}, {"type": "Feature", "geometry": {"type": "LineString", "coordinates": [[14.293319340795279, 46.553676215584204], [14.293289501219988, 46.55367950107717]]}, "properties": {"fillColor": "#0D15FF", "executionState": "Documented", "externalID": "SDIRouteSection_128211980033_1734342785", "userLabel": "_Gemeindestrasse Asphalt"}}, {"type": "Feature", "geometry": {"type": "LineString", "coordinates": [[14.290572172030807, 46.56289106829604], [14.290590612217784, 46.56286795848405]]}, "properties": {"fillColor": "#0D15FF", "executionState": "Documented", "externalID": "SDIRouteSection_128222756865_1729492198", "userLabel": "_Gemeindestrasse Asphalt"}}, {"type": "Feature", "geometry": {"type": "LineString", "coordinates": [[14.290625480934978, 46.562818050477404], [14.290658589452505, 46.56277010186429]]}, "properties": {"fillColor": "#0D15FF", "executionState": "Documented", "externalID": "SDIRouteSection_128227314177_1729492201", "userLabel": "_Gemeindestrasse Asphalt"}}, {"type": "Feature", "geometry": {"type": "LineString", "coordinates": [[14.290590612217784, 46.56286795848405], [14.290625480934978, 46.562818050477404]]}, "properties": {"fillColor": "#0D15FF", "executionState": "Documented", "externalID": "SDIRouteSection_128230202369_1729492200", "userLabel": "_Gemeindestrasse Asphalt"}}, {"type": "Feature", "geometry": {"type": "LineString", "coordinates": [[14.291756451129913, 46.556602876957186], [14.291710518300533, 46.55661930353418]]}, "properties": {"fillColor": "#1B7CBD", "executionState": "Documented", "externalID": "SDIRouteSection_128311558913_1729577793", "userLabel": "_Bankett"}}, {"type": "Feature", "geometry": {"type": "LineString", "coordinates": [[14.29165754467249, 46.5566361335658], [14.291600631549954, 46.5566543468818]]}, "properties": {"fillColor": "#1B7CBD", "executionState": "Documented", "externalID": "SDIRouteSection_128318418177_1729577791", "userLabel": "_Bankett"}}, {"type": "Feature", "geometry": {"type": "LineString", "coordinates": [[14.291986282914877, 46.55652719936458], [14.291934482753277, 46.556544893982505]]}, "properties": {"fillColor": "#1B7CBD", "executionState": "Documented", "externalID": "SDIRouteSection_128335522561_1729577797", "userLabel": "_Bankett"}}, {"type": "Feature", "geometry": {"type": "LineString", "coordinates": [[14.291867343708873, 46.55656817939928], [14.291810933500528, 46.55658541290671]]}, "properties": {"fillColor": "#1B7CBD", "executionState": "Documented", "externalID": "SDIRouteSection_128335648001_1729577795", "userLabel": "_Bankett"}}, {"type": "Feature", "geometry": {"type": "LineString", "coordinates": [[14.293367536738515, 46.55359943874424], [14.293373739346862, 46.55355551680947]]}, "properties": {"fillColor": "#1B7CBD", "executionState": "Documented", "externalID": "SDIRouteSection_128338051841_1734342798", "userLabel": "_Bankett"}}, {"type": "Feature", "geometry": {"type": "LineString", "coordinates": [[14.291557548567653, 46.55666915960583], [14.291536342352629, 46.55667590314033]]}, "properties": {"fillColor": "#1B7CBD", "executionState": "Documented", "externalID": "SDIRouteSection_128350302977_1729577789", "userLabel": "_Bankett"}}, {"type": "Feature", "geometry": {"type": "LineString", "coordinates": [[14.292116537690163, 46.5564862769362], [14.292061552405357, 46.556501320254995]]}, "properties": {"fillColor": "#1B7CBD", "executionState": "Documented", "externalID": "SDIRouteSection_128357604097_1729577800", "userLabel": "_Bankett"}}, {"type": "Feature", "geometry": {"type": "LineString", "coordinates": [[14.291934482753277, 46.556544893982505], [14.291867343708873, 46.55656817939928]]}, "properties": {"fillColor": "#1B7CBD", "executionState": "Documented", "externalID": "SDIRouteSection_128357832193_1729577796", "userLabel": "_Bankett"}}, {"type": "Feature", "geometry": {"type": "LineString", "coordinates": [[14.291710518300533, 46.55661930353418], [14.29165754467249, 46.5566361335658]]}, "properties": {"fillColor": "#1B7CBD", "executionState": "Documented", "externalID": "SDIRouteSection_128358293761_1729577792", "userLabel": "_Bankett"}}, {"type": "Feature", "geometry": {"type": "LineString", "coordinates": [[14.291600631549954, 46.5566543468818], [14.291557548567653, 46.55666915960583]]}, "properties": {"fillColor": "#1B7CBD", "executionState": "Documented", "externalID": "SDIRouteSection_128359629825_1729577790", "userLabel": "_Bankett"}}, {"type": "Feature", "geometry": {"type": "LineString", "coordinates": [[14.292061552405357, 46.556501320254995], [14.292027354240417, 46.55651382753223]]}, "properties": {"fillColor": "#1B7CBD", "executionState": "Documented", "externalID": "SDIRouteSection_128369043457_1729577799", "userLabel": "_Bankett"}}, {"type": "Feature", "geometry": {"type": "LineString", "coordinates": [[14.291810933500528, 46.55658541290671], [14.291756451129913, 46.556602876957186]]}, "properties": {"fillColor": "#1B7CBD", "executionState": "Documented", "externalID": "SDIRouteSection_128370538753_1729577794", "userLabel": "_Bankett"}}, {"type": "Feature", "geometry": {"type": "LineString", "coordinates": [[14.292154591530561, 46.556474807123266], [14.292116537690163, 46.5564862769362]]}, "properties": {"fillColor": "#1B7CBD", "executionState": "Documented", "externalID": "SDIRouteSection_128371005697_1729577800", "userLabel": "_Bankett"}}, {"type": "Feature", "geometry": {"type": "LineString", "coordinates": [[14.292027354240417, 46.55651382753223], [14.291986282914877, 46.55652719936458]]}, "properties": {"fillColor": "#1B7CBD", "executionState": "Documented", "externalID": "SDIRouteSection_128371288577_1729577798", "userLabel": "_Bankett"}}, {"type": "Feature", "geometry": {"type": "LineString", "coordinates": [[14.292470254004002, 46.556300799965385], [14.292484084144235, 46.556269387550486]]}, "properties": {"fillColor": "#1B7CBD", "executionState": "Documented", "externalID": "SDIRouteSection_128449517825_1729577876", "userLabel": "_Bankett"}}, {"type": "Feature", "geometry": {"type": "LineString", "coordinates": [[14.293129658326507, 46.55367996219897], [14.293126473203301, 46.55366924111601]]}, "properties": {"fillColor": "#0D15FF", "executionState": "Documented", "externalID": "SDIRouteSection_128476436225_1734342822", "userLabel": "_Gemeindestrasse Asphalt"}}, {"type": "Feature", "geometry": {"type": "LineString", "coordinates": [[14.292245283722878, 46.55645348133396], [14.292191890999675, 46.55646570043589]]}, "properties": {"fillColor": "#1B7CBD", "executionState": "Documented", "externalID": "SDIRouteSection_128479291649_1729577884", "userLabel": "_Bankett"}}, {"type": "Feature", "geometry": {"type": "LineString", "coordinates": [[14.28975678049028, 46.562770851061686], [14.28975091315806, 46.56277719042396]]}, "properties": {"fillColor": "#0D15FF", "executionState": "Documented", "externalID": "SDIRouteSection_128479532033_1729492270", "userLabel": "_Gemeindestrasse Asphalt"}}, {"type": "Feature", "geometry": {"type": "LineString", "coordinates": [[14.292512247338891, 46.556206332116005], [14.292531022801995, 46.55617134611663]]}, "properties": {"fillColor": "#1B7CBD", "executionState": "Documented", "externalID": "SDIRouteSection_128484049409_1729577879", "userLabel": "_Bankett"}}, {"type": "Feature", "geometry": {"type": "LineString", "coordinates": [[14.292448293417692, 46.556342875281615], [14.292470254004002, 46.556300799965385]]}, "properties": {"fillColor": "#0D15FF", "executionState": "Documented", "externalID": "SDIRouteSection_128484659201_1729577875", "userLabel": "_Gemeindestrasse Asphalt"}}, {"type": "Feature", "geometry": {"type": "LineString", "coordinates": [[14.290108066052198, 46.56289325825276], [14.290053751319647, 46.562872857073444]]}, "properties": {"fillColor": "#0D15FF", "executionState": "Documented", "externalID": "SDIRouteSection_128493149697_1729492275", "userLabel": "_Gemeindestrasse Asphalt"}}, {"type": "Feature", "geometry": {"type": "LineString", "coordinates": [[14.292191890999675, 46.55646570043589], [14.292154591530561, 46.556474807123266]]}, "properties": {"fillColor": "#1B7CBD", "executionState": "Documented", "externalID": "SDIRouteSection_128494994177_1729577883", "userLabel": "_Bankett"}}, {"type": "Feature", "geometry": {"type": "LineString", "coordinates": [[14.292531022801995, 46.55617134611663], [14.292543595656753, 46.55614045236533]]}, "properties": {"fillColor": "#1B7CBD", "executionState": "Documented", "externalID": "SDIRouteSection_128495242497_1729577880", "userLabel": "_Bankett"}}, {"type": "Feature", "geometry": {"type": "LineString", "coordinates": [[14.29242616519332, 46.55639123303624], [14.292448293417692, 46.556342875281615]]}, "properties": {"fillColor": "#0D15FF", "executionState": "Documented", "externalID": "SDIRouteSection_128495525633_1729577874", "userLabel": "_Gemeindestrasse Asphalt"}}, {"type": "Feature", "geometry": {"type": "LineString", "coordinates": [[14.290053751319647, 46.562872857073444], [14.290050147101283, 46.562872684182054]]}, "properties": {"fillColor": "#0D15FF", "executionState": "Documented", "externalID": "SDIRouteSection_128495629057_1729492274", "userLabel": "_Gemeindestrasse Asphalt"}}, {"type": "Feature", "geometry": {"type": "LineString", "coordinates": [[14.28975091315806, 46.56277719042396], [14.289717637002468, 46.56276975608088]]}, "properties": {"fillColor": "#0D15FF", "executionState": "Documented", "externalID": "SDIRouteSection_128495806209_1729492271", "userLabel": "_Gemeindestrasse Asphalt"}}, {"type": "Feature", "geometry": {"type": "LineString", "coordinates": [[14.292484084144235, 46.556269387550486], [14.292496824637055, 46.5562412028178]]}, "properties": {"fillColor": "#1B7CBD", "executionState": "Documented", "externalID": "SDIRouteSection_128497353217_1729577877", "userLabel": "_Bankett"}}, {"type": "Feature", "geometry": {"type": "LineString", "coordinates": [[14.290050147101283, 46.562872684182054], [14.289969010278583, 46.562842889225465]]}, "properties": {"fillColor": "#0D15FF", "executionState": "Documented", "externalID": "SDIRouteSection_128497843457_1729492284", "userLabel": "_Gemeindestrasse Asphalt"}}, {"type": "Feature", "geometry": {"type": "LineString", "coordinates": [[14.289717637002468, 46.56276975608088], [14.28965074941516, 46.56275166007876]]}, "properties": {"fillColor": "#0D15FF", "executionState": "Documented", "externalID": "SDIRouteSection_128499131393_1729492272", "userLabel": "_Gemeindestrasse Asphalt"}}, {"type": "Feature", "geometry": {"type": "LineString", "coordinates": [[14.292543595656753, 46.55614045236533], [14.292554911226034, 46.556116475113384]]}, "properties": {"fillColor": "#1B7CBD", "executionState": "Documented", "externalID": "SDIRouteSection_128499975937_1729577881", "userLabel": "_Bankett"}}, {"type": "Feature", "geometry": {"type": "LineString", "coordinates": [[14.292496824637055, 46.5562412028178], [14.292512247338891, 46.556206332116005]]}, "properties": {"fillColor": "#1B7CBD", "executionState": "Documented", "externalID": "SDIRouteSection_128500117761_1729577878", "userLabel": "_Bankett"}}, {"type": "Feature", "geometry": {"type": "LineString", "coordinates": [[14.29227621294558, 46.55644627667354], [14.292245283722878, 46.55645348133396]]}, "properties": {"fillColor": "#1B7CBD", "executionState": "Documented", "externalID": "SDIRouteSection_128501035777_1729577885", "userLabel": "_Bankett"}}, {"type": "Feature", "geometry": {"type": "LineString", "coordinates": [[14.292554911226034, 46.556116475113384], [14.292564550414681, 46.556094457531344]]}, "properties": {"fillColor": "#0D15FF", "executionState": "Documented", "externalID": "SDIRouteSection_128501166081_1729577882", "userLabel": "_Gemeindestrasse Asphalt"}}, {"type": "Feature", "geometry": {"type": "LineString", "coordinates": [[14.289969010278583, 46.562842889225465], [14.289791565388441, 46.56278001432145]]}, "properties": {"fillColor": "#0D15FF", "executionState": "Documented", "externalID": "SDIRouteSection_128504414465_1729492273", "userLabel": "_Gemeindestrasse Asphalt"}}, {"type": "Feature", "geometry": {"type": "LineString", "coordinates": [[14.289791565388441, 46.56278001432145], [14.289761390537024, 46.56277194604252]]}, "properties": {"fillColor": "#0D15FF", "executionState": "Documented", "externalID": "SDIRouteSection_128553294849_1729492297", "userLabel": "_Gemeindestrasse Asphalt"}}, {"type": "Feature", "geometry": {"type": "LineString", "coordinates": [[14.292564550414681, 46.556094457531344], [14.292535716667771, 46.556086215345175]]}, "properties": {"fillColor": "#958CCF", "executionState": "Documented", "externalID": "SDIRouteSection_128566143745_1729577942", "userLabel": "_Querung offen"}}, {"type": "Feature", "geometry": {"type": "LineString", "coordinates": [[14.292564550414681, 46.556094457531344], [14.292574524879456, 46.556073535056356]]}, "properties": {"fillColor": "#0D15FF", "executionState": "Documented", "externalID": "SDIRouteSection_128575110145_1729577939", "userLabel": "_Gemeindestrasse Asphalt"}}, {"type": "Feature", "geometry": {"type": "LineString", "coordinates": [[14.29313083179295, 46.5536821525275], [14.293129658326507, 46.55367996219897]]}, "properties": {"fillColor": "#0D15FF", "executionState": "Documented", "externalID": "SDIRouteSection_128598246401_1734342831", "userLabel": "_Gemeindestrasse Asphalt"}}, {"type": "Feature", "geometry": {"type": "LineString", "coordinates": [[14.292535716667771, 46.556086215345175], [14.292530938982965, 46.5560854660555], [14.292472600810552, 46.555944368770376]]}, "properties": {"fillColor": "#FE0DFF", "executionState": "Documented", "externalID": "SDIRouteSection_128598987521_1729577955", "userLabel": "_Hausanschluss"}}, {"type": "Feature", "geometry": {"type": "LineString", "coordinates": [[14.29259330034256, 46.55603376504038], [14.2926084715873, 46.55599802963883]]}, "properties": {"fillColor": "#0D15FF", "executionState": "Documented", "externalID": "SDIRouteSection_128629445121_1729577977", "userLabel": "_Gemeindestrasse Asphalt"}}, {"type": "Feature", "geometry": {"type": "LineString", "coordinates": [[14.2926084715873, 46.55599802963883], [14.292632443830371, 46.555953821456285]]}, "properties": {"fillColor": "#0D15FF", "executionState": "Documented", "externalID": "SDIRouteSection_128635610881_1729577978", "userLabel": "_Gemeindestrasse Asphalt"}}, {"type": "Feature", "geometry": {"type": "LineString", "coordinates": [[14.292632443830371, 46.555953821456285], [14.292651722207665, 46.555910535443445]]}, "properties": {"fillColor": "#0D15FF", "executionState": "Documented", "externalID": "SDIRouteSection_128639210241_1729577979", "userLabel": "_Gemeindestrasse Asphalt"}}, {"type": "Feature", "geometry": {"type": "LineString", "coordinates": [[14.292574524879456, 46.556073535056356], [14.29259330034256, 46.55603376504038]]}, "properties": {"fillColor": "#0D15FF", "executionState": "Documented", "externalID": "SDIRouteSection_128640940801_1729577976", "userLabel": "_Gemeindestrasse Asphalt"}}, {"type": "Feature", "geometry": {"type": "LineString", "coordinates": [[14.292823551222682, 46.555755258836285], [14.292828664183617, 46.5557534720576], [14.29350564706086, 46.55577258034629]]}, "properties": {"fillColor": "#FE0DFF", "executionState": "Documented", "externalID": "SDIRouteSection_128693134849_1729578040", "userLabel": "_Hausanschluss"}}, {"type": "Feature", "geometry": {"type": "LineString", "coordinates": [[14.289553184062243, 46.56267904548716], [14.289640439674258, 46.56256067196844]]}, "properties": {"fillColor": "#CC6E84", "executionState": "Documented", "externalID": "SDIRouteSection_128722194945_1729492374", "userLabel": "_Asphaltiert PrStr,IW"}}, {"type": "Feature", "geometry": {"type": "LineString", "coordinates": [[14.293194031342864, 46.55365558037812], [14.29318062029779, 46.55365511925612]]}, "properties": {"fillColor": "#0D15FF", "executionState": "Documented", "externalID": "SDIRouteSection_128763605505_1734342872", "userLabel": "_Gemeindestrasse Asphalt"}}, {"type": "Feature", "geometry": {"type": "LineString", "coordinates": [[14.29316938854754, 46.553658174189366], [14.293129658326507, 46.55367996219897]]}, "properties": {"fillColor": "#0D15FF", "executionState": "Documented", "externalID": "SDIRouteSection_128768136961_1734342869", "userLabel": "_Gemeindestrasse Asphalt"}}, {"type": "Feature", "geometry": {"type": "LineString", "coordinates": [[14.292791448533535, 46.55566609274413], [14.292798908427358, 46.55565289361397]]}, "properties": {"fillColor": "#0D15FF", "executionState": "Documented", "externalID": "SDIRouteSection_128781981441_1729578139", "userLabel": "_Gemeindestrasse Asphalt"}}, {"type": "Feature", "geometry": {"type": "LineString", "coordinates": [[14.29318062029779, 46.55365511925612], [14.29316938854754, 46.553658174189366]]}, "properties": {"fillColor": "#0D15FF", "executionState": "Documented", "externalID": "SDIRouteSection_128808501249_1734342870", "userLabel": "_Gemeindestrasse Asphalt"}}, {"type": "Feature", "geometry": {"type": "LineString", "coordinates": [[14.29276093840599, 46.55572009963194], [14.292769152671099, 46.55570188600234]]}, "properties": {"fillColor": "#0D15FF", "executionState": "Documented", "externalID": "SDIRouteSection_128819211521_1729578140", "userLabel": "_Gemeindestrasse Asphalt"}}, {"type": "Feature", "geometry": {"type": "LineString", "coordinates": [[14.292755322530866, 46.55572586343749], [14.29276093840599, 46.55572009963194]]}, "properties": {"fillColor": "#0D15FF", "executionState": "Documented", "externalID": "SDIRouteSection_128827916545_1729578147", "userLabel": "_Gemeindestrasse Asphalt"}}, {"type": "Feature", "geometry": {"type": "LineString", "coordinates": [[14.292743420228362, 46.55572407665781], [14.292735457420353, 46.55572211696394], [14.292418956815228, 46.55575070539201]]}, "properties": {"fillColor": "#FE0DFF", "executionState": "Documented", "externalID": "SDIRouteSection_128849316865_1729578175", "userLabel": "_Hausanschluss"}}, {"type": "Feature", "geometry": {"type": "LineString", "coordinates": [[14.292755322530866, 46.55572586343749], [14.292743420228362, 46.55572407665781]]}, "properties": {"fillColor": "#958CCF", "executionState": "Documented", "externalID": "SDIRouteSection_128863674113_1729578169", "userLabel": "_Querung offen"}}, {"type": "Feature", "geometry": {"type": "LineString", "coordinates": [[14.289476405829191, 46.56269725677484], [14.289446230977774, 46.562689246114246]]}, "properties": {"fillColor": "#0D15FF", "executionState": "Documented", "externalID": "SDIRouteSection_128912664065_1729492446", "userLabel": "_Gemeindestrasse Asphalt"}}, {"type": "Feature", "geometry": {"type": "LineString", "coordinates": [[14.293112056329846, 46.55363575212803], [14.293094202876091, 46.55361263837386]]}, "properties": {"fillColor": "#0D15FF", "executionState": "Documented", "externalID": "SDIRouteSection_128943934977_1734342896", "userLabel": "_Gemeindestrasse Asphalt"}}, {"type": "Feature", "geometry": {"type": "LineString", "coordinates": [[14.293119683861732, 46.55365160320062], [14.293112056329846, 46.55363575212803]]}, "properties": {"fillColor": "#0D15FF", "executionState": "Documented", "externalID": "SDIRouteSection_129011757825_1734342898", "userLabel": "_Gemeindestrasse Asphalt"}}, {"type": "Feature", "geometry": {"type": "LineString", "coordinates": [[14.292651722207665, 46.555910535443445], [14.292672090232372, 46.55587197570384]]}, "properties": {"fillColor": "#0D15FF", "executionState": "Documented", "externalID": "SDIRouteSection_129018339329_1729578256", "userLabel": "_Gemeindestrasse Asphalt"}}, {"type": "Feature", "geometry": {"type": "LineString", "coordinates": [[14.292672090232372, 46.55587197570384], [14.292683321982622, 46.55586655774121]]}, "properties": {"fillColor": "#0D15FF", "executionState": "Documented", "externalID": "SDIRouteSection_129053807617_1729578257", "userLabel": "_Gemeindestrasse Asphalt"}}, {"type": "Feature", "geometry": {"type": "LineString", "coordinates": [[14.292719531804323, 46.55578914998222], [14.29272816516459, 46.55577381827598]]}, "properties": {"fillColor": "#0D15FF", "executionState": "Documented", "externalID": "SDIRouteSection_129054204417_1729578265", "userLabel": "_Gemeindestrasse Asphalt"}}, {"type": "Feature", "geometry": {"type": "LineString", "coordinates": [[14.292723387479782, 46.555798544973015], [14.292719531804323, 46.55578914998222]]}, "properties": {"fillColor": "#0D15FF", "executionState": "Documented", "externalID": "SDIRouteSection_129063293441_1729578264", "userLabel": "_Gemeindestrasse Asphalt"}}, {"type": "Feature", "geometry": {"type": "LineString", "coordinates": [[14.29270670749247, 46.55582580772847], [14.292723387479782, 46.555798544973015]]}, "properties": {"fillColor": "#0D15FF", "executionState": "Documented", "externalID": "SDIRouteSection_129063627521_1729578264", "userLabel": "_Gemeindestrasse Asphalt"}}, {"type": "Feature", "geometry": {"type": "LineString", "coordinates": [[14.292742749676108, 46.55574828463526], [14.292750041931868, 46.55573439386856]]}, "properties": {"fillColor": "#0D15FF", "executionState": "Documented", "externalID": "SDIRouteSection_129064626689_1729578267", "userLabel": "_Gemeindestrasse Asphalt"}}, {"type": "Feature", "geometry": {"type": "LineString", "coordinates": [[14.29272816516459, 46.55577381827598], [14.292742749676108, 46.55574828463526]]}, "properties": {"fillColor": "#0D15FF", "executionState": "Documented", "externalID": "SDIRouteSection_129074070529_1729578267", "userLabel": "_Gemeindestrasse Asphalt"}}, {"type": "Feature", "geometry": {"type": "LineString", "coordinates": [[14.293143656104803, 46.55373483566592], [14.293135609477758, 46.55370203840087]]}, "properties": {"fillColor": "#0D15FF", "executionState": "Documented", "externalID": "SDIRouteSection_129136704257_1734342935", "userLabel": "_Gemeindestrasse Asphalt"}}, {"type": "Feature", "geometry": {"type": "LineString", "coordinates": [[14.293135609477758, 46.55370203840087], [14.293132508173585, 46.5536907985603]]}, "properties": {"fillColor": "#0D15FF", "executionState": "Documented", "externalID": "SDIRouteSection_129140397057_1734342934", "userLabel": "_Gemeindestrasse Asphalt"}}, {"type": "Feature", "geometry": {"type": "LineString", "coordinates": [[14.293127730488777, 46.55384890543695], [14.2931420635432, 46.55377230176168]]}, "properties": {"fillColor": "#0D15FF", "executionState": "Documented", "externalID": "SDIRouteSection_129140937729_1734342937", "userLabel": "_Gemeindestrasse Asphalt"}}, {"type": "Feature", "geometry": {"type": "LineString", "coordinates": [[14.2931420635432, 46.55377230176168], [14.293143656104803, 46.55373483566592]]}, "properties": {"fillColor": "#0D15FF", "executionState": "Documented", "externalID": "SDIRouteSection_129149677825_1734342935", "userLabel": "_Gemeindestrasse Asphalt"}}, {"type": "Feature", "geometry": {"type": "LineString", "coordinates": [[14.293169304728508, 46.553856917402726], [14.293127730488777, 46.55384890543695]]}, "properties": {"fillColor": "#0D15FF", "executionState": "Documented", "externalID": "SDIRouteSection_129153500929_1734342938", "userLabel": "_Gemeindestrasse Asphalt"}}, {"type": "Feature", "geometry": {"type": "LineString", "coordinates": [[14.293126473203301, 46.55366924111601], [14.293119683861732, 46.55365160320062]]}, "properties": {"fillColor": "#0D15FF", "executionState": "Documented", "externalID": "SDIRouteSection_129172663297_1734342953", "userLabel": "_Gemeindestrasse Asphalt"}}, {"type": "Feature", "geometry": {"type": "LineString", "coordinates": [[14.293082216754556, 46.55344905496443], [14.293084982782602, 46.553458738562654]]}, "properties": {"fillColor": "#958CCF", "executionState": "Documented", "externalID": "SDIRouteSection_129340841729_1734342975", "userLabel": "_Querung offen"}}, {"type": "Feature", "geometry": {"type": "LineString", "coordinates": [[14.292944418266416, 46.55538539439337], [14.292936623096468, 46.55538274302624], [14.292738139570732, 46.55535415436054]]}, "properties": {"fillColor": "#FE0DFF", "executionState": "Documented", "externalID": "SDIRouteSection_129396180737_1729578415", "userLabel": "_Hausanschluss"}}, {"type": "Feature", "geometry": {"type": "LineString", "coordinates": [[14.29345378652215, 46.553484792044515], [14.293462671339512, 46.553467903395074]]}, "properties": {"fillColor": "#0D15FF", "executionState": "Documented", "externalID": "SDIRouteSection_129400729345_1734342980", "userLabel": "_Gemeindestrasse Asphalt"}}, {"type": "Feature", "geometry": {"type": "LineString", "coordinates": [[14.293462671339512, 46.553467903395074], [14.293506760150194, 46.55343124405604]]}, "properties": {"fillColor": "#0D15FF", "executionState": "Documented", "externalID": "SDIRouteSection_129411427585_1734342981", "userLabel": "_Gemeindestrasse Asphalt"}}, {"type": "Feature", "geometry": {"type": "LineString", "coordinates": [[14.289527367800474, 46.562715640948255], [14.289476405829191, 46.56269725677484]]}, "properties": {"fillColor": "#0D15FF", "executionState": "Documented", "externalID": "SDIRouteSection_129448788737_1729492673", "userLabel": "_Gemeindestrasse Asphalt"}}, {"type": "Feature", "geometry": {"type": "LineString", "coordinates": [[14.293570965528488, 46.55337198960032], [14.293669620528817, 46.55327417349446]]}, "properties": {"fillColor": "#0D15FF", "executionState": "Documented", "externalID": "SDIRouteSection_129472359425_1734342993", "userLabel": "_Gemeindestrasse Asphalt"}}, {"type": "Feature", "geometry": {"type": "LineString", "coordinates": [[14.293506760150194, 46.55343124405604], [14.293570965528488, 46.55337198960032]]}, "properties": {"fillColor": "#0D15FF", "executionState": "Documented", "externalID": "SDIRouteSection_129483692545_1734342993", "userLabel": "_Gemeindestrasse Asphalt"}}, {"type": "Feature", "geometry": {"type": "LineString", "coordinates": [[14.29283369332552, 46.55559848319194], [14.292838387191296, 46.55559024093051]]}, "properties": {"fillColor": "#0D15FF", "executionState": "Documented", "externalID": "SDIRouteSection_129486085633_1729578393", "userLabel": "_Gemeindestrasse Asphalt"}}, {"type": "Feature", "geometry": {"type": "LineString", "coordinates": [[14.29283369332552, 46.55559848319194], [14.292817432433367, 46.555592949925654]]}, "properties": {"fillColor": "#958CCF", "executionState": "Documented", "externalID": "SDIRouteSection_129508163329_1729578399", "userLabel": "_Querung offen"}}, {"type": "Feature", "geometry": {"type": "LineString", "coordinates": [[14.292961014434695, 46.55539040893515], [14.292944418266416, 46.55538539439337]]}, "properties": {"fillColor": "#958CCF", "executionState": "Documented", "externalID": "SDIRouteSection_129520709889_1729578408", "userLabel": "_Querung offen"}}, {"type": "Feature", "geometry": {"type": "LineString", "coordinates": [[14.292817432433367, 46.555592949925654], [14.292809888720514, 46.55558977982493], [14.292652309035654, 46.5555828632981]]}, "properties": {"fillColor": "#FE0DFF", "executionState": "Documented", "externalID": "SDIRouteSection_129527268865_1729578416", "userLabel": "_Hausanschluss"}}, {"type": "Feature", "geometry": {"type": "LineString", "coordinates": [[14.289553184062243, 46.56267904548716], [14.289527367800474, 46.562715640948255]]}, "properties": {"fillColor": "#CC6E84", "executionState": "Documented", "externalID": "SDIRouteSection_129538203393_1729492687", "userLabel": "_Asphaltiert PrStr,IW"}}, {"type": "Feature", "geometry": {"type": "LineString", "coordinates": [[14.293690072372556, 46.553253826338874], [14.293698035180569, 46.55324846575556]]}, "properties": {"fillColor": "#0D15FF", "executionState": "Documented", "externalID": "SDIRouteSection_129558103809_1734343019", "userLabel": "_Gemeindestrasse Asphalt"}}, {"type": "Feature", "geometry": {"type": "LineString", "coordinates": [[14.293698035180569, 46.55324846575556], [14.293698286637664, 46.553242816968265]]}, "properties": {"fillColor": "#0D15FF", "executionState": "Documented", "externalID": "SDIRouteSection_129564695553_1734343021", "userLabel": "_Gemeindestrasse Asphalt"}}, {"type": "Feature", "geometry": {"type": "LineString", "coordinates": [[14.293698286637664, 46.553242816968265], [14.293716307729483, 46.55323088534416]]}, "properties": {"fillColor": "#0D15FF", "executionState": "Documented", "externalID": "SDIRouteSection_129589626113_1734343023", "userLabel": "_Gemeindestrasse Asphalt"}}, {"type": "Feature", "geometry": {"type": "LineString", "coordinates": [[14.293986288830638, 46.55311543089434], [14.294021241366863, 46.553109263325695]]}, "properties": {"fillColor": "#0D15FF", "executionState": "Documented", "externalID": "SDIRouteSection_129598194433_1734343046", "userLabel": "_Gemeindestrasse Asphalt"}}, {"type": "Feature", "geometry": {"type": "LineString", "coordinates": [[14.293979750946164, 46.55312131025815], [14.293986288830638, 46.55311543089434]]}, "properties": {"fillColor": "#0D15FF", "executionState": "Documented", "externalID": "SDIRouteSection_129663230209_1734343045", "userLabel": "_Gemeindestrasse Asphalt"}}, {"type": "Feature", "geometry": {"type": "LineString", "coordinates": [[14.294037502259016, 46.55311087726895], [14.29410464130342, 46.553094276707384]]}, "properties": {"fillColor": "#0D15FF", "executionState": "Documented", "externalID": "SDIRouteSection_129666494977_1734343048", "userLabel": "_Gemeindestrasse Asphalt"}}, {"type": "Feature", "geometry": {"type": "LineString", "coordinates": [[14.293888807296753, 46.553147190979644], [14.293979750946164, 46.55312131025815]]}, "properties": {"fillColor": "#0D15FF", "executionState": "Documented", "externalID": "SDIRouteSection_129671748609_1734343044", "userLabel": "_Gemeindestrasse Asphalt"}}, {"type": "Feature", "geometry": {"type": "LineString", "coordinates": [[14.294021241366863, 46.553109263325695], [14.294037502259016, 46.55311087726895]]}, "properties": {"fillColor": "#0D15FF", "executionState": "Documented", "externalID": "SDIRouteSection_129680375809_1734343047", "userLabel": "_Gemeindestrasse Asphalt"}}, {"type": "Feature", "geometry": {"type": "LineString", "coordinates": [[14.292889097705483, 46.55551098835238], [14.292911980301142, 46.5554727741588]]}, "properties": {"fillColor": "#0D15FF", "executionState": "Documented", "externalID": "SDIRouteSection_129749070593_1729578513", "userLabel": "_Gemeindestrasse Asphalt"}}, {"type": "Feature", "geometry": {"type": "LineString", "coordinates": [[14.292872752994299, 46.555537213763785], [14.29288356564939, 46.55551923062592]]}, "properties": {"fillColor": "#0D15FF", "executionState": "Documented", "externalID": "SDIRouteSection_129765243905_1729578518", "userLabel": "_Gemeindestrasse Asphalt"}}, {"type": "Feature", "geometry": {"type": "LineString", "coordinates": [[14.292911980301142, 46.5554727741588], [14.292926900088787, 46.55544793203663]]}, "properties": {"fillColor": "#0D15FF", "executionState": "Documented", "externalID": "SDIRouteSection_129765432833_1729578514", "userLabel": "_Gemeindestrasse Asphalt"}}, {"type": "Feature", "geometry": {"type": "LineString", "coordinates": [[14.294220982119441, 46.5530299494834], [14.294250654056668, 46.55302418539151]]}, "properties": {"fillColor": "#0D15FF", "executionState": "Documented", "externalID": "SDIRouteSection_129765935105_1734343061", "userLabel": "_Gemeindestrasse Asphalt"}}, {"type": "Feature", "geometry": {"type": "LineString", "coordinates": [[14.292858419939876, 46.555560096145314], [14.292872752994299, 46.555537213763785]]}, "properties": {"fillColor": "#0D15FF", "executionState": "Documented", "externalID": "SDIRouteSection_129768364801_1729578518", "userLabel": "_Gemeindestrasse Asphalt"}}, {"type": "Feature", "geometry": {"type": "LineString", "coordinates": [[14.292926900088787, 46.55544793203663], [14.292947184294462, 46.55541565455232]]}, "properties": {"fillColor": "#0D15FF", "executionState": "Documented", "externalID": "SDIRouteSection_129768541185_1729578515", "userLabel": "_Gemeindestrasse Asphalt"}}, {"type": "Feature", "geometry": {"type": "LineString", "coordinates": [[14.292947184294462, 46.55541565455232], [14.292958248406649, 46.55539542347648]]}, "properties": {"fillColor": "#0D15FF", "executionState": "Documented", "externalID": "SDIRouteSection_129770365185_1729578516", "userLabel": "_Gemeindestrasse Asphalt"}}, {"type": "Feature", "geometry": {"type": "LineString", "coordinates": [[14.292838387191296, 46.55559024093051], [14.292858419939876, 46.555560096145314]]}, "properties": {"fillColor": "#0D15FF", "executionState": "Documented", "externalID": "SDIRouteSection_129775601921_1729578517", "userLabel": "_Gemeindestrasse Asphalt"}}, {"type": "Feature", "geometry": {"type": "LineString", "coordinates": [[14.294085362926126, 46.55305663722089], [14.294208576902747, 46.55302816261499]]}, "properties": {"fillColor": "#0D15FF", "executionState": "Documented", "externalID": "SDIRouteSection_129777358593_1734343063", "userLabel": "_Gemeindestrasse Asphalt"}}, {"type": "Feature", "geometry": {"type": "LineString", "coordinates": [[14.294208576902747, 46.55302816261499], [14.294220982119441, 46.5530299494834]]}, "properties": {"fillColor": "#0D15FF", "executionState": "Documented", "externalID": "SDIRouteSection_129778422785_1734343062", "userLabel": "_Gemeindestrasse Asphalt"}}, {"type": "Feature", "geometry": {"type": "LineString", "coordinates": [[14.29410464130342, 46.553094276707384], [14.294085362926126, 46.55305663722089]]}, "properties": {"fillColor": "#0D15FF", "executionState": "Documented", "externalID": "SDIRouteSection_129797388033_1734343064", "userLabel": "_Gemeindestrasse Asphalt"}}, {"type": "Feature", "geometry": {"type": "LineString", "coordinates": [[14.292821120470762, 46.55561537117836], [14.29283369332552, 46.55559848319194]]}, "properties": {"fillColor": "#0D15FF", "executionState": "Documented", "externalID": "SDIRouteSection_129809572097_1729578543", "userLabel": "_Gemeindestrasse Asphalt"}}, {"type": "Feature", "geometry": {"type": "LineString", "coordinates": [[14.292803686112165, 46.5556462652286], [14.292821120470762, 46.55561537117836]]}, "properties": {"fillColor": "#0D15FF", "executionState": "Documented", "externalID": "SDIRouteSection_129814224385_1729578542", "userLabel": "_Gemeindestrasse Asphalt"}}, {"type": "Feature", "geometry": {"type": "LineString", "coordinates": [[14.294276889413595, 46.55301922827198], [14.294548965990543, 46.552950693166224]]}, "properties": {"fillColor": "#0D15FF", "executionState": "Documented", "externalID": "SDIRouteSection_129855529217_1734343096", "userLabel": "_Gemeindestrasse Asphalt"}}, {"type": "Feature", "geometry": {"type": "LineString", "coordinates": [[14.292958248406649, 46.55539542347648], [14.292961014434695, 46.55539040893515]]}, "properties": {"fillColor": "#0D15FF", "executionState": "Documented", "externalID": "SDIRouteSection_129922580481_1729578570", "userLabel": "_Gemeindestrasse Asphalt"}}, {"type": "Feature", "geometry": {"type": "LineString", "coordinates": [[14.29525488987565, 46.55271863000385], [14.295236114412546, 46.55270652534074]]}, "properties": {"fillColor": "#958CCF", "executionState": "Documented", "externalID": "SDIRouteSection_129947738369_1734343143", "userLabel": "_Querung offen"}}, {"type": "Feature", "geometry": {"type": "LineString", "coordinates": [[14.29525488987565, 46.55271863000385], [14.295410457998514, 46.5525990819269]]}, "properties": {"fillColor": "#0D15FF", "executionState": "Documented", "externalID": "SDIRouteSection_129950875649_1734343134", "userLabel": "_Gemeindestrasse Asphalt"}}, {"type": "Feature", "geometry": {"type": "LineString", "coordinates": [[14.294548965990543, 46.552950693166224], [14.294860102236271, 46.55287518340364]]}, "properties": {"fillColor": "#0D15FF", "executionState": "Documented", "externalID": "SDIRouteSection_129951736321_1734343131", "userLabel": "_Gemeindestrasse Asphalt"}}, {"type": "Feature", "geometry": {"type": "LineString", "coordinates": [[14.294548965990543, 46.552950693166224], [14.294541254639626, 46.55293363142749]]}, "properties": {"fillColor": "#958CCF", "executionState": "Documented", "externalID": "SDIRouteSection_129972792577_1734343155", "userLabel": "_Querung offen"}}, {"type": "Feature", "geometry": {"type": "LineString", "coordinates": [[14.289631806313992, 46.562749297224514], [14.28962585516274, 46.56274952774689]]}, "properties": {"fillColor": "#0D15FF", "executionState": "Documented", "externalID": "SDIRouteSection_129975247617_1729492833", "userLabel": "_Gemeindestrasse Asphalt"}}, {"type": "Feature", "geometry": {"type": "LineString", "coordinates": [[14.28965074941516, 46.56275166007876], [14.289631806313992, 46.562749297224514]]}, "properties": {"fillColor": "#0D15FF", "executionState": "Documented", "externalID": "SDIRouteSection_129975850753_1729492834", "userLabel": "_Gemeindestrasse Asphalt"}}, {"type": "Feature", "geometry": {"type": "LineString", "coordinates": [[14.289549579843879, 46.562723017668105], [14.289527367800474, 46.562715640948255]]}, "properties": {"fillColor": "#0D15FF", "executionState": "Documented", "externalID": "SDIRouteSection_130010763265_1729492854", "userLabel": "_Gemeindestrasse Asphalt"}}, {"type": "Feature", "geometry": {"type": "LineString", "coordinates": [[14.294541254639626, 46.55293363142749], [14.294543269201904, 46.55291852947866], [14.294430613517765, 46.55288256139233]]}, "properties": {"fillColor": "#FE0DFF", "executionState": "Documented", "externalID": "SDIRouteSection_130015602689_1734343161", "userLabel": "_Hausanschluss"}}, {"type": "Feature", "geometry": {"type": "LineString", "coordinates": [[14.295236114412546, 46.55270652534074], [14.295228568911684, 46.55269995423677], [14.295194110937686, 46.5526177935318]]}, "properties": {"fillColor": "#FE0DFF", "executionState": "Documented", "externalID": "SDIRouteSection_130021021697_1734343162", "userLabel": "_Hausanschluss"}}, {"type": "Feature", "geometry": {"type": "LineString", "coordinates": [[14.289596350863576, 46.56273875082513], [14.289549579843879, 46.562723017668105]]}, "properties": {"fillColor": "#0D15FF", "executionState": "Documented", "externalID": "SDIRouteSection_130024573697_1729492855", "userLabel": "_Gemeindestrasse Asphalt"}}, {"type": "Feature", "geometry": {"type": "LineString", "coordinates": [[14.289618143811822, 46.56277615307383], [14.28962585516274, 46.56274952774689]]}, "properties": {"fillColor": "#0D15FF", "executionState": "Documented", "externalID": "SDIRouteSection_130044071937_1729492867", "userLabel": "_Gemeindestrasse Asphalt"}}, {"type": "Feature", "geometry": {"type": "LineString", "coordinates": [[14.289355119690299, 46.56265939342623], [14.28925696760416, 46.5626292525682]]}, "properties": {"fillColor": "#0D15FF", "executionState": "Documented", "externalID": "SDIRouteSection_130052503809_1729492880", "userLabel": "_Gemeindestrasse Asphalt"}}, {"type": "Feature", "geometry": {"type": "LineString", "coordinates": [[14.289446230977774, 46.562689246114246], [14.289434412494302, 46.56268671036531]]}, "properties": {"fillColor": "#0D15FF", "executionState": "Documented", "externalID": "SDIRouteSection_130054539777_1729492878", "userLabel": "_Gemeindestrasse Asphalt"}}, {"type": "Feature", "geometry": {"type": "LineString", "coordinates": [[14.289226122200489, 46.562620319805916], [14.289169020485133, 46.56259725310167]]}, "properties": {"fillColor": "#0D15FF", "executionState": "Documented", "externalID": "SDIRouteSection_130055278593_1729492882", "userLabel": "_Gemeindestrasse Asphalt"}}, {"type": "Feature", "geometry": {"type": "LineString", "coordinates": [[14.289434412494302, 46.56268671036531], [14.289355119690299, 46.56265939342623]]}, "properties": {"fillColor": "#0D15FF", "executionState": "Documented", "externalID": "SDIRouteSection_130055558657_1729492879", "userLabel": "_Gemeindestrasse Asphalt"}}, {"type": "Feature", "geometry": {"type": "LineString", "coordinates": [[14.289169020485133, 46.56259725310167], [14.289146158844233, 46.562590812864556]]}, "properties": {"fillColor": "#0D15FF", "executionState": "Documented", "externalID": "SDIRouteSection_130059818753_1729492883", "userLabel": "_Gemeindestrasse Asphalt"}}, {"type": "Feature", "geometry": {"type": "LineString", "coordinates": [[14.28925696760416, 46.5626292525682], [14.289226122200489, 46.562620319805916]]}, "properties": {"fillColor": "#0D15FF", "executionState": "Documented", "externalID": "SDIRouteSection_130063256321_1729492881", "userLabel": "_Gemeindestrasse Asphalt"}}, {"type": "Feature", "geometry": {"type": "LineString", "coordinates": [[14.289146158844233, 46.562590812864556], [14.28914395859465, 46.56258945854168]]}, "properties": {"fillColor": "#0D15FF", "executionState": "Documented", "externalID": "SDIRouteSection_130163427073_1729492922", "userLabel": "_Gemeindestrasse Asphalt"}}, {"type": "Feature", "geometry": {"type": "LineString", "coordinates": [[14.289146158844233, 46.562590812864556], [14.289169209077954, 46.56256021092207]]}, "properties": {"fillColor": "#958CCF", "executionState": "Documented", "externalID": "SDIRouteSection_130168107009_1729492926", "userLabel": "_Querung offen"}}, {"type": "Feature", "geometry": {"type": "LineString", "coordinates": [[14.289169209077954, 46.56256021092207], [14.289174153849627, 46.56255525467366], [14.2891097812965, 46.56240771963869]]}, "properties": {"fillColor": "#FE0DFF", "executionState": "Documented", "externalID": "SDIRouteSection_130185056769_1729492941", "userLabel": "_Hausanschluss"}}, {"type": "Feature", "geometry": {"type": "LineString", "coordinates": [[14.295164868235588, 46.5527884911497], [14.29525488987565, 46.55271863000385]]}, "properties": {"fillColor": "#0D15FF", "executionState": "Documented", "externalID": "SDIRouteSection_130402865921_1734343237", "userLabel": "_Gemeindestrasse Asphalt"}}, {"type": "Feature", "geometry": {"type": "LineString", "coordinates": [[14.289037445560098, 46.562523932325746], [14.289014101959765, 46.5625148266536]]}, "properties": {"fillColor": "#0D15FF", "executionState": "Documented", "externalID": "SDIRouteSection_130407919105_1729493051", "userLabel": "_Gemeindestrasse Asphalt"}}, {"type": "Feature", "geometry": {"type": "LineString", "coordinates": [[14.289074535481632, 46.562568063117084], [14.289070051163435, 46.56256568584715]]}, "properties": {"fillColor": "#0D15FF", "executionState": "Documented", "externalID": "SDIRouteSection_130420058625_1729493043", "userLabel": "_Gemeindestrasse Asphalt"}}, {"type": "Feature", "geometry": {"type": "LineString", "coordinates": [[14.289059448055923, 46.56253341259671], [14.289037445560098, 46.562523932325746]]}, "properties": {"fillColor": "#0D15FF", "executionState": "Documented", "externalID": "SDIRouteSection_130428993793_1729493044", "userLabel": "_Gemeindestrasse Asphalt"}}, {"type": "Feature", "geometry": {"type": "LineString", "coordinates": [[14.289014101959765, 46.5625148266536], [14.288975838571787, 46.56249794081447]]}, "properties": {"fillColor": "#0D15FF", "executionState": "Documented", "externalID": "SDIRouteSection_130438580481_1729493052", "userLabel": "_Gemeindestrasse Asphalt"}}, {"type": "Feature", "geometry": {"type": "LineString", "coordinates": [[14.288975838571787, 46.56249794081447], [14.288915824145079, 46.56247264086139]]}, "properties": {"fillColor": "#0D15FF", "executionState": "Documented", "externalID": "SDIRouteSection_130439503361_1729493057", "userLabel": "_Gemeindestrasse Asphalt"}}, {"type": "Feature", "geometry": {"type": "LineString", "coordinates": [[14.288915824145079, 46.56247264086139], [14.288866915740073, 46.56245056822755]]}, "properties": {"fillColor": "#0D15FF", "executionState": "Documented", "externalID": "SDIRouteSection_130458134273_1729493058", "userLabel": "_Gemeindestrasse Asphalt"}}, {"type": "Feature", "geometry": {"type": "LineString", "coordinates": [[14.295098651200533, 46.552817196445915], [14.295141398906708, 46.55279068151418]]}, "properties": {"fillColor": "#0D15FF", "executionState": "Documented", "externalID": "SDIRouteSection_130459555329_1734343240", "userLabel": "_Gemeindestrasse Asphalt"}}, {"type": "Feature", "geometry": {"type": "LineString", "coordinates": [[14.295141398906708, 46.55279068151418], [14.295164868235588, 46.5527884911497]]}, "properties": {"fillColor": "#0D15FF", "executionState": "Documented", "externalID": "SDIRouteSection_130465356801_1734343239", "userLabel": "_Gemeindestrasse Asphalt"}}, {"type": "Feature", "geometry": {"type": "LineString", "coordinates": [[14.295067470520735, 46.552828263544], [14.295098651200533, 46.552817196445915]]}, "properties": {"fillColor": "#0D15FF", "executionState": "Documented", "externalID": "SDIRouteSection_130466552065_1734343241", "userLabel": "_Gemeindestrasse Asphalt"}}, {"type": "Feature", "geometry": {"type": "LineString", "coordinates": [[14.294985495507717, 46.55284889906466], [14.294997062534094, 46.552843596082425]]}, "properties": {"fillColor": "#0D15FF", "executionState": "Documented", "externalID": "SDIRouteSection_130476920833_1734343243", "userLabel": "_Gemeindestrasse Asphalt"}}, {"type": "Feature", "geometry": {"type": "LineString", "coordinates": [[14.294997062534094, 46.552843596082425], [14.295067470520735, 46.552828263544]]}, "properties": {"fillColor": "#0D15FF", "executionState": "Documented", "externalID": "SDIRouteSection_130477772033_1734343242", "userLabel": "_Gemeindestrasse Asphalt"}}, {"type": "Feature", "geometry": {"type": "LineString", "coordinates": [[14.288630168884993, 46.56224623745314], [14.288685657083988, 46.56223425017748]]}, "properties": {"fillColor": "#958CCF", "executionState": "Documented", "externalID": "SDIRouteSection_130829238017_1729493162", "userLabel": "_Querung offen"}}, {"type": "Feature", "geometry": {"type": "LineString", "coordinates": [[14.288630168884993, 46.56224623745314], [14.288616254925728, 46.56220624143657]]}, "properties": {"fillColor": "#0D15FF", "executionState": "Documented", "externalID": "SDIRouteSection_130829527809_1729493159", "userLabel": "_Gemeindestrasse Asphalt"}}, {"type": "Feature", "geometry": {"type": "LineString", "coordinates": [[14.295424371957779, 46.552586285540485], [14.295420181006193, 46.5525550438997]]}, "properties": {"fillColor": "#0D15FF", "executionState": "Documented", "externalID": "SDIRouteSection_130840671745_1734343327", "userLabel": "_Gemeindestrasse Asphalt"}}, {"type": "Feature", "geometry": {"type": "LineString", "coordinates": [[14.294876027852297, 46.55287403058199], [14.294985495507717, 46.55284889906466]]}, "properties": {"fillColor": "#0D15FF", "executionState": "Documented", "externalID": "SDIRouteSection_130844916993_1734343323", "userLabel": "_Gemeindestrasse Asphalt"}}, {"type": "Feature", "geometry": {"type": "LineString", "coordinates": [[14.288685657083988, 46.56223425017748], [14.288694702767392, 46.562229754948454], [14.288888499080947, 46.56223159911946]]}, "properties": {"fillColor": "#FE0DFF", "executionState": "Documented", "externalID": "SDIRouteSection_130845928193_1729493166", "userLabel": "_Hausanschluss"}}, {"type": "Feature", "geometry": {"type": "LineString", "coordinates": [[14.295409116894007, 46.5525307192149], [14.2953921854496, 46.552519075641555]]}, "properties": {"fillColor": "#0D15FF", "executionState": "Documented", "externalID": "SDIRouteSection_130856737793_1734343330", "userLabel": "_Gemeindestrasse Asphalt"}}, {"type": "Feature", "geometry": {"type": "LineString", "coordinates": [[14.295420181006193, 46.5525550438997], [14.295409116894007, 46.5525307192149]]}, "properties": {"fillColor": "#0D15FF", "executionState": "Documented", "externalID": "SDIRouteSection_130864183809_1734343328", "userLabel": "_Gemeindestrasse Asphalt"}}, {"type": "Feature", "geometry": {"type": "LineString", "coordinates": [[14.288682891055942, 46.562352163360316], [14.288677610456944, 46.562342711873214]]}, "properties": {"fillColor": "#0D15FF", "executionState": "Documented", "externalID": "SDIRouteSection_130885263105_1729493197", "userLabel": "_Gemeindestrasse Asphalt"}}, {"type": "Feature", "geometry": {"type": "LineString", "coordinates": [[14.288755981251597, 46.56238357225388], [14.288682891055942, 46.562352163360316]]}, "properties": {"fillColor": "#0D15FF", "executionState": "Documented", "externalID": "SDIRouteSection_130901456641_1729493198", "userLabel": "_Gemeindestrasse Asphalt"}}, {"type": "Feature", "geometry": {"type": "LineString", "coordinates": [[14.288675682619214, 46.56233349090857], [14.288660511374474, 46.56232565308741]]}, "properties": {"fillColor": "#0D15FF", "executionState": "Documented", "externalID": "SDIRouteSection_130911515393_1729493205", "userLabel": "_Gemeindestrasse Asphalt"}}, {"type": "Feature", "geometry": {"type": "LineString", "coordinates": [[14.288660511374474, 46.56232565308741], [14.288651375100017, 46.56229551204396]]}, "properties": {"fillColor": "#0D15FF", "executionState": "Documented", "externalID": "SDIRouteSection_130928643585_1729493206", "userLabel": "_Gemeindestrasse Asphalt"}}, {"type": "Feature", "geometry": {"type": "LineString", "coordinates": [[14.288651375100017, 46.56229551204396], [14.288630168884993, 46.56224623745314]]}, "properties": {"fillColor": "#0D15FF", "executionState": "Documented", "externalID": "SDIRouteSection_130935559425_1729493206", "userLabel": "_Gemeindestrasse Asphalt"}}, {"type": "Feature", "geometry": {"type": "LineString", "coordinates": [[14.295406015589833, 46.552501494993834], [14.29527877829969, 46.55244546744916]]}, "properties": {"fillColor": "#0D15FF", "executionState": "Documented", "externalID": "SDIRouteSection_131163921409_1734343374", "userLabel": "_Gemeindestrasse Asphalt"}}, {"type": "Feature", "geometry": {"type": "LineString", "coordinates": [[14.288781001232564, 46.56240207179553], [14.288755981251597, 46.56238357225388]]}, "properties": {"fillColor": "#0D15FF", "executionState": "Documented", "externalID": "SDIRouteSection_131170085633_1729493271", "userLabel": "_Gemeindestrasse Asphalt"}}, {"type": "Feature", "geometry": {"type": "LineString", "coordinates": [[14.288803800009191, 46.56241763215277], [14.288781001232564, 46.56240207179553]]}, "properties": {"fillColor": "#0D15FF", "executionState": "Documented", "externalID": "SDIRouteSection_131188917505_1729493273", "userLabel": "_Gemeindestrasse Asphalt"}}, {"type": "Feature", "geometry": {"type": "LineString", "coordinates": [[14.295406015589833, 46.552501494993834], [14.295419426634908, 46.55248777632056]]}, "properties": {"fillColor": "#FE0DFF", "executionState": "Documented", "externalID": "SDIRouteSection_131218008065_1734343381", "userLabel": "_Hausanschluss"}}, {"type": "Feature", "geometry": {"type": "LineString", "coordinates": [[14.2953921854496, 46.552519075641555], [14.295406100000001, 46.5525016], [14.295406015589833, 46.552501494993834]]}, "properties": {"fillColor": "#0D15FF", "executionState": "Documented", "externalID": "SDIRouteSection_131406037505_1734343406", "userLabel": "_Gemeindestrasse Asphalt"}}, {"type": "Feature", "geometry": {"type": "LineString", "coordinates": [[14.295419426634908, 46.55248777632056], [14.295427045673708, 46.55248045585062], [14.295404255413873, 46.55240067985484]]}, "properties": {"fillColor": "#FE0DFF", "executionState": "Documented", "externalID": "SDIRouteSection_131452436737_1734343416", "userLabel": "_Hausanschluss"}}, {"type": "Feature", "geometry": {"type": "LineString", "coordinates": [[14.287999011576176, 46.56431377235231], [14.288034215569496, 46.5643197657607]]}, "properties": {"fillColor": "#0D15FF", "executionState": "Documented", "externalID": "SDIRouteSection_131642140417_1729493445", "userLabel": "_Gemeindestrasse Asphalt"}}, {"type": "Feature", "geometry": {"type": "LineString", "coordinates": [[14.288034215569496, 46.5643197657607], [14.288067575544119, 46.56431215874224]]}, "properties": {"fillColor": "#0D15FF", "executionState": "Documented", "externalID": "SDIRouteSection_131648782849_1729493446", "userLabel": "_Gemeindestrasse Asphalt"}}, {"type": "Feature", "geometry": {"type": "LineString", "coordinates": [[14.288067575544119, 46.56431215874224], [14.288096744567156, 46.564313887610155]]}, "properties": {"fillColor": "#0D15FF", "executionState": "Documented", "externalID": "SDIRouteSection_131660255745_1729493447", "userLabel": "_Gemeindestrasse Asphalt"}}, {"type": "Feature", "geometry": {"type": "LineString", "coordinates": [[14.288096744567156, 46.564313887610155], [14.28814334794879, 46.56431561647801]]}, "properties": {"fillColor": "#0D15FF", "executionState": "Documented", "externalID": "SDIRouteSection_131670710785_1729493460", "userLabel": "_Gemeindestrasse Asphalt"}}, {"type": "Feature", "geometry": {"type": "LineString", "coordinates": [[14.29527877829969, 46.55244546744916], [14.2950174305588, 46.552339695126335]]}, "properties": {"fillColor": "#0D15FF", "executionState": "Documented", "externalID": "SDIRouteSection_131685378049_1734343475", "userLabel": "_Gemeindestrasse Asphalt"}}, {"type": "Feature", "geometry": {"type": "LineString", "coordinates": [[14.287935979664326, 46.564310314616364], [14.287999011576176, 46.56431377235231]]}, "properties": {"fillColor": "#0D15FF", "executionState": "Documented", "externalID": "SDIRouteSection_131688145409_1729493453", "userLabel": "_Gemeindestrasse Asphalt"}}, {"type": "Feature", "geometry": {"type": "LineString", "coordinates": [[14.294949788600206, 46.5523135258114], [14.294880973175168, 46.552286146008015]]}, "properties": {"fillColor": "#0D15FF", "executionState": "Documented", "externalID": "SDIRouteSection_131903600129_1734343505", "userLabel": "_Gemeindestrasse Asphalt"}}, {"type": "Feature", "geometry": {"type": "LineString", "coordinates": [[14.294949788600206, 46.5523135258114], [14.294939646497369, 46.55233900342654]]}, "properties": {"fillColor": "#958CCF", "executionState": "Documented", "externalID": "SDIRouteSection_131952763905_1734343509", "userLabel": "_Querung offen"}}, {"type": "Feature", "geometry": {"type": "LineString", "coordinates": [[14.294939646497369, 46.55233900342654], [14.294937546439764, 46.552341193809184], [14.294894481034483, 46.55244146695888]]}, "properties": {"fillColor": "#FE0DFF", "executionState": "Documented", "externalID": "SDIRouteSection_131953817601_1734343515", "userLabel": "_Hausanschluss"}}, {"type": "Feature", "geometry": {"type": "LineString", "coordinates": [[14.294880973175168, 46.552286146008015], [14.294856795788956, 46.55227606640914], [14.294728757813573, 46.55222591039197]]}, "properties": {"fillColor": "#0D15FF", "executionState": "Documented", "externalID": "SDIRouteSection_132023450369_1734343521", "userLabel": "_Gemeindestrasse Asphalt"}}, {"type": "Feature", "geometry": {"type": "LineString", "coordinates": [[14.29489329457283, 46.55227162029621], [14.294897319562613, 46.5522674124504], [14.29496763895326, 46.55215298535894]]}, "properties": {"fillColor": "#FE0DFF", "executionState": "Documented", "externalID": "SDIRouteSection_132039248385_1734343549", "userLabel": "_Hausanschluss"}}, {"type": "Feature", "geometry": {"type": "LineString", "coordinates": [[14.294880973175168, 46.552286146008015], [14.29489329457283, 46.55227162029621]]}, "properties": {"fillColor": "#958CCF", "executionState": "Documented", "externalID": "SDIRouteSection_132049192449_1734343529", "userLabel": "_Querung offen"}}, {"type": "Feature", "geometry": {"type": "LineString", "coordinates": [[14.294375125318766, 46.5520907402734], [14.294388704001904, 46.55207160315476]]}, "properties": {"fillColor": "#958CCF", "executionState": "Documented", "externalID": "SDIRouteSection_132408078081_1734343625", "userLabel": "_Querung offen"}}, {"type": "Feature", "geometry": {"type": "LineString", "coordinates": [[14.284059265628457, 46.56151449010457], [14.284066893160343, 46.561519331184314]]}, "properties": {"fillColor": "#0D15FF", "executionState": "Documented", "externalID": "SDIRouteSection_132458288641_0", "userLabel": "_Gemeindestrasse Asphalt"}}, {"type": "Feature", "geometry": {"type": "LineString", "coordinates": [[14.294388704001904, 46.55207160315476], [14.294392363654525, 46.55206728000958], [14.294442645829369, 46.551959475064415]]}, "properties": {"fillColor": "#FE0DFF", "executionState": "Documented", "externalID": "SDIRouteSection_132481144833_1734343628", "userLabel": "_Hausanschluss"}}, {"type": "Feature", "geometry": {"type": "LineString", "coordinates": [[14.284005872905254, 46.56153731233374], [14.284059265628457, 46.56151449010457]]}, "properties": {"fillColor": "#3B3B3B", "executionState": "Documented", "externalID": "SDIRouteSection_132486139649_1709284608", "userLabel": "_Pressung"}}, {"type": "Feature", "geometry": {"type": "LineString", "coordinates": [[14.294609064236283, 46.552176165521786], [14.294375125318766, 46.5520907402734]]}, "properties": {"fillColor": "#0D15FF", "executionState": "Documented", "externalID": "SDIRouteSection_132565090561_1734343666", "userLabel": "_Gemeindestrasse Asphalt"}}, {"type": "Feature", "geometry": {"type": "LineString", "coordinates": [[14.294621385633945, 46.55218388952548], [14.294609064236283, 46.552176165521786]]}, "properties": {"fillColor": "#0D15FF", "executionState": "Documented", "externalID": "SDIRouteSection_132591017217_1734343665", "userLabel": "_Gemeindestrasse Asphalt"}}, {"type": "Feature", "geometry": {"type": "LineString", "coordinates": [[14.28736156783998, 46.56599224660849], [14.287335039116442, 46.5660149805133]]}, "properties": {"fillColor": "#3B3B3B", "executionState": "Documented", "externalID": "SDIRouteSection_132876232705_1729238383", "userLabel": "_Pressung"}}, {"type": "Feature", "geometry": {"type": "LineString", "coordinates": [[14.28727950900793, 46.56604972965738], [14.28727547833182, 46.566054022875136], [14.287128299602175, 46.56632187288398]]}, "properties": {"fillColor": "#FE0DFF", "executionState": "Documented", "externalID": "SDIRouteSection_134047194113_1729238852", "userLabel": "_Hausanschluss"}}, {"type": "Feature", "geometry": {"type": "LineString", "coordinates": [[14.287463114596903, 46.56591113633817], [14.287446686066687, 46.56591444990397]]}, "properties": {"fillColor": "#3B3B3B", "executionState": "Documented", "externalID": "SDIRouteSection_134253760257_1729238898", "userLabel": "_Pressung"}}, {"type": "Feature", "geometry": {"type": "LineString", "coordinates": [[14.287418480962515, 46.56590727531341], [14.28739476017654, 46.56594660588871]]}, "properties": {"fillColor": "#3B3B3B", "executionState": "Documented", "externalID": "SDIRouteSection_134268535809_1729238897", "userLabel": "_Pressung"}}, {"type": "Feature", "geometry": {"type": "LineString", "coordinates": [[14.287446686066687, 46.56591444990397], [14.287418480962515, 46.56590727531341]]}, "properties": {"fillColor": "#3B3B3B", "executionState": "Documented", "externalID": "SDIRouteSection_134272646145_1729238898", "userLabel": "_Pressung"}}, {"type": "Feature", "geometry": {"type": "LineString", "coordinates": [[14.28747883066535, 46.56587846168699], [14.287463114596903, 46.56591113633817]]}, "properties": {"fillColor": "#1B7CBD", "executionState": "Documented", "externalID": "SDIRouteSection_134282818049_1729238900", "userLabel": "_Bankett"}}, {"type": "Feature", "geometry": {"type": "LineString", "coordinates": [[14.28739476017654, 46.56594660588871], [14.28736156783998, 46.56599224660849]]}, "properties": {"fillColor": "#3B3B3B", "executionState": "Documented", "externalID": "SDIRouteSection_134289115137_1729238901", "userLabel": "_Pressung"}}, {"type": "Feature", "geometry": {"type": "LineString", "coordinates": [[14.287503138184547, 46.56581544623273], [14.28747883066535, 46.56587846168699]]}, "properties": {"fillColor": "#1B7CBD", "executionState": "Documented", "externalID": "SDIRouteSection_134310430209_1729238902", "userLabel": "_Bankett"}}, {"type": "Feature", "geometry": {"type": "LineString", "coordinates": [[14.2875193990767, 46.56577404097672], [14.287503138184547, 46.56581544623273]]}, "properties": {"fillColor": "#1B7CBD", "executionState": "Documented", "externalID": "SDIRouteSection_134478587905_1729238937", "userLabel": "_Bankett"}}, {"type": "Feature", "geometry": {"type": "LineString", "coordinates": [[14.287534235045314, 46.56572606616248], [14.2875193990767, 46.56577404097672]]}, "properties": {"fillColor": "#1B7CBD", "executionState": "Documented", "externalID": "SDIRouteSection_134492674305_1729238941", "userLabel": "_Bankett"}}, {"type": "Feature", "geometry": {"type": "LineString", "coordinates": [[14.29116602987051, 46.55326080086047], [14.291157983243465, 46.553273597087866]]}, "properties": {"fillColor": "#FE0DFF", "executionState": "Documented", "externalID": "SDIRouteSection_137207978753_1734344957", "userLabel": "_Hausanschluss"}}, {"type": "Feature", "geometry": {"type": "LineString", "coordinates": [[14.291157983243465, 46.553273597087866], [14.291156977862089, 46.55327636383933], [14.291155029275505, 46.55342019400688]]}, "properties": {"fillColor": "#FE0DFF", "executionState": "Documented", "externalID": "SDIRouteSection_137210192641_1734344959", "userLabel": "_Hausanschluss"}}, {"type": "Feature", "geometry": {"type": "LineString", "coordinates": [[14.29106729105115, 46.55384066290972], [14.29112152196467, 46.55382596469377]]}, "properties": {"fillColor": "#3B3B3B", "executionState": "Documented", "externalID": "SDIRouteSection_137894210049_1734345115", "userLabel": "_Pressung"}}, {"type": "Feature", "geometry": {"type": "LineString", "coordinates": [[14.29112152196467, 46.55382596469377], [14.29112747434518, 46.553820950007406], [14.29128044389953, 46.55380498043802]]}, "properties": {"fillColor": "#FE0DFF", "executionState": "Documented", "externalID": "SDIRouteSection_137934248961_1734345122", "userLabel": "_Hausanschluss"}}, {"type": "Feature", "geometry": {"type": "LineString", "coordinates": [[14.291076678782701, 46.563630288933865], [14.291076762601733, 46.56361801381567]]}, "properties": {"fillColor": "#0D15FF", "executionState": "Documented", "externalID": "SDIRouteSection_138106788353_1729495224", "userLabel": "_Gemeindestrasse Asphalt"}}, {"type": "Feature", "geometry": {"type": "LineString", "coordinates": [[14.291076678782701, 46.563630288933865], [14.291012892499566, 46.56361415262768]]}, "properties": {"fillColor": "#958CCF", "executionState": "Documented", "externalID": "SDIRouteSection_138177267457_1729495232", "userLabel": "_Querung offen"}}, {"type": "Feature", "geometry": {"type": "LineString", "coordinates": [[14.291012892499566, 46.56361415262768], [14.291006092685016, 46.563613345812264], [14.290604068732915, 46.56357825998033]]}, "properties": {"fillColor": "#FE0DFF", "executionState": "Documented", "externalID": "SDIRouteSection_138284116993_1729495238", "userLabel": "_Hausanschluss"}}, {"type": "Feature", "geometry": {"type": "LineString", "coordinates": [[14.290847852826118, 46.55348640597663], [14.29084206931293, 46.553472399350056]]}, "properties": {"fillColor": "#3B3B3B", "executionState": "Documented", "externalID": "SDIRouteSection_138364762369_1734345208", "userLabel": "_Pressung"}}, {"type": "Feature", "geometry": {"type": "LineString", "coordinates": [[14.290898144245148, 46.553574307562826], [14.290847852826118, 46.55348640597663]]}, "properties": {"fillColor": "#3B3B3B", "executionState": "Documented", "externalID": "SDIRouteSection_138389741313_1734345206", "userLabel": "_Pressung"}}, {"type": "Feature", "geometry": {"type": "LineString", "coordinates": [[14.290947848930955, 46.55366036451878], [14.290898144245148, 46.553574307562826]]}, "properties": {"fillColor": "#3B3B3B", "executionState": "Documented", "externalID": "SDIRouteSection_138397864193_1734345205", "userLabel": "_Pressung"}}, {"type": "Feature", "geometry": {"type": "LineString", "coordinates": [[14.291093610227108, 46.553877840732355], [14.29106729105115, 46.55384066290972]]}, "properties": {"fillColor": "#3B3B3B", "executionState": "Documented", "externalID": "SDIRouteSection_138439187713_1734345237", "userLabel": "_Pressung"}}, {"type": "Feature", "geometry": {"type": "LineString", "coordinates": [[14.291093610227108, 46.553877840732355], [14.290979532524943, 46.55400741533211]]}, "properties": {"fillColor": "#FE0DFF", "executionState": "Documented", "externalID": "SDIRouteSection_138524477441_1734345241", "userLabel": "_Hausanschluss"}}, {"type": "Feature", "geometry": {"type": "LineString", "coordinates": [[14.290773589164019, 46.563295056187314], [14.29073796607554, 46.56326480042233]]}, "properties": {"fillColor": "#0D15FF", "executionState": "Documented", "externalID": "SDIRouteSection_138596958977_1729495311", "userLabel": "_Gemeindestrasse Asphalt"}}, {"type": "Feature", "geometry": {"type": "LineString", "coordinates": [[14.290979532524943, 46.55400741533211], [14.29097249172628, 46.55399830823066]]}, "properties": {"fillColor": "#FE0DFF", "executionState": "Documented", "externalID": "SDIRouteSection_138603573505_1734345247", "userLabel": "_Hausanschluss"}}, {"type": "Feature", "geometry": {"type": "LineString", "coordinates": [[14.290704187005758, 46.563231893656905], [14.290653644129634, 46.563194318832046]]}, "properties": {"fillColor": "#0D15FF", "executionState": "Documented", "externalID": "SDIRouteSection_138652857857_1729495313", "userLabel": "_Gemeindestrasse Asphalt"}}, {"type": "Feature", "geometry": {"type": "LineString", "coordinates": [[14.290632270276546, 46.56317656875234], [14.290591115131974, 46.56314884864875]]}, "properties": {"fillColor": "#0D15FF", "executionState": "Documented", "externalID": "SDIRouteSection_138656312065_1729495315", "userLabel": "_Gemeindestrasse Asphalt"}}, {"type": "Feature", "geometry": {"type": "LineString", "coordinates": [[14.290591115131974, 46.56314884864875], [14.290510900318623, 46.563080729747725]]}, "properties": {"fillColor": "#0D15FF", "executionState": "Documented", "externalID": "SDIRouteSection_138661925377_1729495316", "userLabel": "_Gemeindestrasse Asphalt"}}, {"type": "Feature", "geometry": {"type": "LineString", "coordinates": [[14.29073796607554, 46.56326480042233], [14.290704187005758, 46.563231893656905]]}, "properties": {"fillColor": "#0D15FF", "executionState": "Documented", "externalID": "SDIRouteSection_138667835393_1729495312", "userLabel": "_Gemeindestrasse Asphalt"}}, {"type": "Feature", "geometry": {"type": "LineString", "coordinates": [[14.290653644129634, 46.563194318832046], [14.290632270276546, 46.56317656875234]]}, "properties": {"fillColor": "#0D15FF", "executionState": "Documented", "externalID": "SDIRouteSection_138674701569_1729495314", "userLabel": "_Gemeindestrasse Asphalt"}}, {"type": "Feature", "geometry": {"type": "LineString", "coordinates": [[14.29097249172628, 46.55399830823066], [14.290967212468292, 46.55399248660173], [14.290877201529167, 46.55386942872455]]}, "properties": {"fillColor": "#FE0DFF", "executionState": "Documented", "externalID": "SDIRouteSection_138681071361_1734345267", "userLabel": "_Hausanschluss"}}, {"type": "Feature", "geometry": {"type": "LineString", "coordinates": [[14.290802674368024, 46.563315399577874], [14.290791191160679, 46.563308368718566]]}, "properties": {"fillColor": "#0D15FF", "executionState": "Documented", "externalID": "SDIRouteSection_138787404289_1729495336", "userLabel": "_Gemeindestrasse Asphalt"}}, {"type": "Feature", "geometry": {"type": "LineString", "coordinates": [[14.29084843955934, 46.5633556829265], [14.290802674368024, 46.563315399577874]]}, "properties": {"fillColor": "#0D15FF", "executionState": "Documented", "externalID": "SDIRouteSection_138809189121_1729495340", "userLabel": "_Gemeindestrasse Asphalt"}}, {"type": "Feature", "geometry": {"type": "LineString", "coordinates": [[14.290935611352324, 46.56342604904742], [14.290904849767685, 46.56340322761281]]}, "properties": {"fillColor": "#0D15FF", "executionState": "Documented", "externalID": "SDIRouteSection_138812356353_1729495345", "userLabel": "_Gemeindestrasse Asphalt"}}, {"type": "Feature", "geometry": {"type": "LineString", "coordinates": [[14.290904849767685, 46.56340322761281], [14.29085380397737, 46.56335931361309]]}, "properties": {"fillColor": "#0D15FF", "executionState": "Documented", "externalID": "SDIRouteSection_138814183937_1729495343", "userLabel": "_Gemeindestrasse Asphalt"}}, {"type": "Feature", "geometry": {"type": "LineString", "coordinates": [[14.290979029610753, 46.56346443052942], [14.290941562503576, 46.56343031365785]]}, "properties": {"fillColor": "#0D15FF", "executionState": "Documented", "externalID": "SDIRouteSection_138826913281_1729495347", "userLabel": "_Gemeindestrasse Asphalt"}}, {"type": "Feature", "geometry": {"type": "LineString", "coordinates": [[14.290941562503576, 46.56343031365785], [14.290935611352324, 46.56342604904742]]}, "properties": {"fillColor": "#0D15FF", "executionState": "Documented", "externalID": "SDIRouteSection_138830780417_1729495346", "userLabel": "_Gemeindestrasse Asphalt"}}, {"type": "Feature", "geometry": {"type": "LineString", "coordinates": [[14.291001241654158, 46.56349785582199], [14.290979029610753, 46.56346443052942]]}, "properties": {"fillColor": "#0D15FF", "executionState": "Documented", "externalID": "SDIRouteSection_138835226369_1729495348", "userLabel": "_Gemeindestrasse Asphalt"}}, {"type": "Feature", "geometry": {"type": "LineString", "coordinates": [[14.291044995188713, 46.5635335286546], [14.291001241654158, 46.56349785582199]]}, "properties": {"fillColor": "#0D15FF", "executionState": "Documented", "externalID": "SDIRouteSection_138849320193_1729495350", "userLabel": "_Gemeindestrasse Asphalt"}}, {"type": "Feature", "geometry": {"type": "LineString", "coordinates": [[14.291083384305239, 46.56360608447281], [14.291098220273852, 46.563578364588665]]}, "properties": {"fillColor": "#0D15FF", "executionState": "Documented", "externalID": "SDIRouteSection_138893057025_1729495354", "userLabel": "_Gemeindestrasse Asphalt"}}, {"type": "Feature", "geometry": {"type": "LineString", "coordinates": [[14.296256024390459, 46.55297789971141], [14.296270441263914, 46.55291991286347]]}, "properties": {"fillColor": "#3B3B3B", "executionState": "Documented", "externalID": "SDIRouteSection_139431302145_1734345462", "userLabel": "_Pressung"}}, {"type": "Feature", "geometry": {"type": "LineString", "coordinates": [[14.296232052147388, 46.55307266138527], [14.296242445707321, 46.55303842269737]]}, "properties": {"fillColor": "#3B3B3B", "executionState": "Documented", "externalID": "SDIRouteSection_139434964737_1734345464", "userLabel": "_Pressung"}}, {"type": "Feature", "geometry": {"type": "LineString", "coordinates": [[14.296270441263914, 46.55291991286347], [14.2962746322155, 46.55290573316756]]}, "properties": {"fillColor": "#3B3B3B", "executionState": "Documented", "externalID": "SDIRouteSection_139481908225_1734345460", "userLabel": "_Pressung"}}, {"type": "Feature", "geometry": {"type": "LineString", "coordinates": [[14.296242445707321, 46.55303842269737], [14.296256024390459, 46.55297789971141]]}, "properties": {"fillColor": "#3B3B3B", "executionState": "Documented", "externalID": "SDIRouteSection_139487019009_1734345463", "userLabel": "_Pressung"}}, {"type": "Feature", "geometry": {"type": "LineString", "coordinates": [[14.296064749360085, 46.553390838057766], [14.296105820685625, 46.553329739058825]]}, "properties": {"fillColor": "#0D15FF", "executionState": "Documented", "externalID": "SDIRouteSection_139567568385_1734345497", "userLabel": "_Gemeindestrasse Asphalt"}}, {"type": "Feature", "geometry": {"type": "LineString", "coordinates": [[14.296148400753736, 46.553244892033035], [14.296189807355404, 46.55316454085508]]}, "properties": {"fillColor": "#0D15FF", "executionState": "Documented", "externalID": "SDIRouteSection_139579835137_1734345494", "userLabel": "_Gemeindestrasse Asphalt"}}, {"type": "Feature", "geometry": {"type": "LineString", "coordinates": [[14.296105820685625, 46.553329739058825], [14.296148400753736, 46.553244892033035]]}, "properties": {"fillColor": "#0D15FF", "executionState": "Documented", "externalID": "SDIRouteSection_139690647297_1734345495", "userLabel": "_Gemeindestrasse Asphalt"}}, {"type": "Feature", "geometry": {"type": "LineString", "coordinates": [[14.296048991382122, 46.553406285718296], [14.296064749360085, 46.553390838057766]]}, "properties": {"fillColor": "#0D15FF", "executionState": "Documented", "externalID": "SDIRouteSection_139700686337_1734345497", "userLabel": "_Gemeindestrasse Asphalt"}}, {"type": "Feature", "geometry": {"type": "LineString", "coordinates": [[14.295812454074621, 46.553860145244755], [14.295779094099998, 46.55378336866502]]}, "properties": {"fillColor": "#3B3B3B", "executionState": "Documented", "externalID": "SDIRouteSection_139762976513_1734345546", "userLabel": "_Pressung"}}, {"type": "Feature", "geometry": {"type": "LineString", "coordinates": [[14.291074918583035, 46.56372520489478], [14.291075337678194, 46.5636857862645]]}, "properties": {"fillColor": "#0D15FF", "executionState": "Documented", "externalID": "SDIRouteSection_139764987137_1729495413", "userLabel": "_Gemeindestrasse Asphalt"}}, {"type": "Feature", "geometry": {"type": "LineString", "coordinates": [[14.2958221770823, 46.55386936764944], [14.295812454074621, 46.553860145244755]]}, "properties": {"fillColor": "#3B3B3B", "executionState": "Documented", "externalID": "SDIRouteSection_139766070017_1734345547", "userLabel": "_Pressung"}}, {"type": "Feature", "geometry": {"type": "LineString", "coordinates": [[14.295867020264268, 46.55395259978073], [14.2958221770823, 46.55386936764944]]}, "properties": {"fillColor": "#3B3B3B", "executionState": "Documented", "externalID": "SDIRouteSection_139931797249_1734345588", "userLabel": "_Pressung"}}, {"type": "Feature", "geometry": {"type": "LineString", "coordinates": [[14.295867020264268, 46.55395259978073], [14.295854950323701, 46.55395461717845]]}, "properties": {"fillColor": "#958CCF", "executionState": "Documented", "externalID": "SDIRouteSection_139951916801_1734345593", "userLabel": "_Querung offen"}}, {"type": "Feature", "geometry": {"type": "LineString", "coordinates": [[14.295854950323701, 46.55395461717845], [14.295848827623116, 46.55395467481838], [14.295805242872587, 46.55407087680037]]}, "properties": {"fillColor": "#FE0DFF", "executionState": "Documented", "externalID": "SDIRouteSection_140009185537_1734345614", "userLabel": "_Hausanschluss"}}, {"type": "Feature", "geometry": {"type": "LineString", "coordinates": [[14.295909432694316, 46.553951389342046], [14.295867020264268, 46.55395259978073]]}, "properties": {"fillColor": "#3B3B3B", "executionState": "Documented", "externalID": "SDIRouteSection_140119435521_1734345643", "userLabel": "_Pressung"}}, {"type": "Feature", "geometry": {"type": "LineString", "coordinates": [[14.295974308624864, 46.554032229293796], [14.295919155701995, 46.55396101521072]]}, "properties": {"fillColor": "#1B7CBD", "executionState": "Documented", "externalID": "SDIRouteSection_140261710337_1734345683", "userLabel": "_Bankett"}}, {"type": "Feature", "geometry": {"type": "LineString", "coordinates": [[14.29601269774139, 46.55406444996112], [14.295974308624864, 46.554032229293796]]}, "properties": {"fillColor": "#1B7CBD", "executionState": "Documented", "externalID": "SDIRouteSection_140270714881_1734345684", "userLabel": "_Bankett"}}, {"type": "Feature", "geometry": {"type": "LineString", "coordinates": [[14.295966136269271, 46.55412626862977], [14.29601269774139, 46.55406444996112]]}, "properties": {"fillColor": "#1B7CBD", "executionState": "Documented", "externalID": "SDIRouteSection_140272475905_1734345685", "userLabel": "_Bankett"}}, {"type": "Feature", "geometry": {"type": "LineString", "coordinates": [[14.292183425277472, 46.55723682394765], [14.29224880412221, 46.55721250136128]]}, "properties": {"fillColor": "#0D15FF", "executionState": "Documented", "externalID": "SDIRouteSection_140275191041_0", "userLabel": "_Gemeindestrasse Asphalt"}}, {"type": "Feature", "geometry": {"type": "LineString", "coordinates": [[14.292183425277472, 46.55723682394765], [14.292180240154266, 46.557231521394215]]}, "properties": {"fillColor": "#958CCF", "executionState": "Documented", "externalID": "SDIRouteSection_140295476225_1709112783", "userLabel": "_Querung offen"}}, {"type": "Feature", "geometry": {"type": "LineString", "coordinates": [[14.292180240154266, 46.557231521394215], [14.292176226004337, 46.55722253010675], [14.292099774003365, 46.55718748712604]]}, "properties": {"fillColor": "#FE0DFF", "executionState": "Documented", "externalID": "SDIRouteSection_140297857025_0", "userLabel": "_Hausanschluss"}}, {"type": "Feature", "geometry": {"type": "LineString", "coordinates": [[14.295940613374114, 46.554176299911006], [14.295966136269271, 46.55412626862977]]}, "properties": {"fillColor": "#1B7CBD", "executionState": "Documented", "externalID": "SDIRouteSection_140448677633_1734345740", "userLabel": "_Bankett"}}, {"type": "Feature", "geometry": {"type": "LineString", "coordinates": [[14.29107466712594, 46.5637716542966], [14.291074918583035, 46.56372520489478]]}, "properties": {"fillColor": "#0D15FF", "executionState": "Documented", "externalID": "SDIRouteSection_140490830081_1729495414", "userLabel": "_Gemeindestrasse Asphalt"}}, {"type": "Feature", "geometry": {"type": "LineString", "coordinates": [[14.295785464346409, 46.554776614048734], [14.29583877325058, 46.554735459743796]]}, "properties": {"fillColor": "#1B7CBD", "executionState": "Documented", "externalID": "SDIRouteSection_140505382401_1734345762", "userLabel": "_Bankett"}}, {"type": "Feature", "geometry": {"type": "LineString", "coordinates": [[14.291074415668845, 46.563805713324086], [14.29107466712594, 46.5637716542966]]}, "properties": {"fillColor": "#0D15FF", "executionState": "Documented", "externalID": "SDIRouteSection_140509427969_1729495415", "userLabel": "_Gemeindestrasse Asphalt"}}, {"type": "Feature", "geometry": {"type": "LineString", "coordinates": [[14.291072152554989, 46.56396206185079], [14.29107315838337, 46.56391993481333]]}, "properties": {"fillColor": "#0D15FF", "executionState": "Documented", "externalID": "SDIRouteSection_140511991553_1729495419", "userLabel": "_Gemeindestrasse Asphalt"}}, {"type": "Feature", "geometry": {"type": "LineString", "coordinates": [[14.291074499487877, 46.563870085403835], [14.291074415668845, 46.563805713324086]]}, "properties": {"fillColor": "#0D15FF", "executionState": "Documented", "externalID": "SDIRouteSection_140512115457_1729495417", "userLabel": "_Gemeindestrasse Asphalt"}}, {"type": "Feature", "geometry": {"type": "LineString", "coordinates": [[14.2910663690418, 46.56397865908778], [14.291069889441133, 46.563977967536346]]}, "properties": {"fillColor": "#0D15FF", "executionState": "Documented", "externalID": "SDIRouteSection_140521323265_1729495421", "userLabel": "_Gemeindestrasse Asphalt"}}, {"type": "Feature", "geometry": {"type": "LineString", "coordinates": [[14.29107315838337, 46.56391993481333], [14.291074499487877, 46.563870085403835]]}, "properties": {"fillColor": "#0D15FF", "executionState": "Documented", "externalID": "SDIRouteSection_140522888193_1729495418", "userLabel": "_Gemeindestrasse Asphalt"}}, {"type": "Feature", "geometry": {"type": "LineString", "coordinates": [[14.295850843191147, 46.5545973562738], [14.295885544270277, 46.55437383079766]]}, "properties": {"fillColor": "#1B7CBD", "executionState": "Documented", "externalID": "SDIRouteSection_140524691201_1734345767", "userLabel": "_Bankett"}}, {"type": "Feature", "geometry": {"type": "LineString", "coordinates": [[14.291069889441133, 46.563977967536346], [14.291072152554989, 46.56396206185079]]}, "properties": {"fillColor": "#0D15FF", "executionState": "Documented", "externalID": "SDIRouteSection_140525427969_1729495420", "userLabel": "_Gemeindestrasse Asphalt"}}, {"type": "Feature", "geometry": {"type": "LineString", "coordinates": [[14.29583877325058, 46.554735459743796], [14.295850843191147, 46.5545973562738]]}, "properties": {"fillColor": "#1B7CBD", "executionState": "Documented", "externalID": "SDIRouteSection_140604688129_1734345783", "userLabel": "_Bankett"}}, {"type": "Feature", "geometry": {"type": "LineString", "coordinates": [[14.291076762601733, 46.56361801381567], [14.291083384305239, 46.56360608447281]]}, "properties": {"fillColor": "#0D15FF", "executionState": "Documented", "externalID": "SDIRouteSection_140643161089_1729495450", "userLabel": "_Gemeindestrasse Asphalt"}}, {"type": "Feature", "geometry": {"type": "LineString", "coordinates": [[14.295853693038225, 46.55497858094165], [14.295821338891983, 46.55495644762024]]}, "properties": {"fillColor": "#0D15FF", "executionState": "Documented", "externalID": "SDIRouteSection_140694989057_1734345826", "userLabel": "_Gemeindestrasse Asphalt"}}, {"type": "Feature", "geometry": {"type": "LineString", "coordinates": [[14.295808095484972, 46.55491356428422], [14.295799378305674, 46.55487241008311]]}, "properties": {"fillColor": "#0D15FF", "executionState": "Documented", "externalID": "SDIRouteSection_140699932929_1734345822", "userLabel": "_Gemeindestrasse Asphalt"}}, {"type": "Feature", "geometry": {"type": "LineString", "coordinates": [[14.29592527449131, 46.55499575731511], [14.29590180516243, 46.55497984899628]]}, "properties": {"fillColor": "#0D15FF", "executionState": "Documented", "externalID": "SDIRouteSection_140702305025_1734345828", "userLabel": "_Gemeindestrasse Asphalt"}}, {"type": "Feature", "geometry": {"type": "LineString", "coordinates": [[14.295872803777456, 46.554993682317274], [14.295853693038225, 46.55497858094165]]}, "properties": {"fillColor": "#0D15FF", "executionState": "Documented", "externalID": "SDIRouteSection_140708484097_1734345826", "userLabel": "_Gemeindestrasse Asphalt"}}, {"type": "Feature", "geometry": {"type": "LineString", "coordinates": [[14.29590180516243, 46.55497984899628], [14.295872803777456, 46.554993682317274]]}, "properties": {"fillColor": "#0D15FF", "executionState": "Documented", "externalID": "SDIRouteSection_140709626113_1734345827", "userLabel": "_Gemeindestrasse Asphalt"}}, {"type": "Feature", "geometry": {"type": "LineString", "coordinates": [[14.296186286956072, 46.55509408906656], [14.296148903667927, 46.55508440576011]]}, "properties": {"fillColor": "#0D15FF", "executionState": "Documented", "externalID": "SDIRouteSection_140712093441_1734345836", "userLabel": "_Gemeindestrasse Asphalt"}}, {"type": "Feature", "geometry": {"type": "LineString", "coordinates": [[14.296059552580118, 46.55506181137176], [14.29604396224022, 46.55505374194507]]}, "properties": {"fillColor": "#0D15FF", "executionState": "Documented", "externalID": "SDIRouteSection_140714564865_1734345832", "userLabel": "_Gemeindestrasse Asphalt"}}, {"type": "Feature", "geometry": {"type": "LineString", "coordinates": [[14.295990653336048, 46.55503241559734], [14.2959551140666, 46.555012472572656]]}, "properties": {"fillColor": "#0D15FF", "executionState": "Documented", "externalID": "SDIRouteSection_140715183873_1734345830", "userLabel": "_Gemeindestrasse Asphalt"}}, {"type": "Feature", "geometry": {"type": "LineString", "coordinates": [[14.2960293777287, 46.555053511389985], [14.295990653336048, 46.55503241559734]]}, "properties": {"fillColor": "#0D15FF", "executionState": "Documented", "externalID": "SDIRouteSection_140716741377_1734345830", "userLabel": "_Gemeindestrasse Asphalt"}}, {"type": "Feature", "geometry": {"type": "LineString", "coordinates": [[14.2959551140666, 46.555012472572656], [14.295951173415675, 46.55501113312657], [14.29592527449131, 46.55499575731511]]}, "properties": {"fillColor": "#0D15FF", "executionState": "Documented", "externalID": "SDIRouteSection_140731819777_1734345829", "userLabel": "_Gemeindestrasse Asphalt"}}, {"type": "Feature", "geometry": {"type": "LineString", "coordinates": [[14.296235740184784, 46.5551040029261], [14.296186286956072, 46.55509408906656]]}, "properties": {"fillColor": "#0D15FF", "executionState": "Documented", "externalID": "SDIRouteSection_140732706305_1734345837", "userLabel": "_Gemeindestrasse Asphalt"}}, {"type": "Feature", "geometry": {"type": "LineString", "coordinates": [[14.29609626531601, 46.55507483772948], [14.296059552580118, 46.55506181137176]]}, "properties": {"fillColor": "#0D15FF", "executionState": "Documented", "externalID": "SDIRouteSection_140744770049_1734345834", "userLabel": "_Gemeindestrasse Asphalt"}}, {"type": "Feature", "geometry": {"type": "LineString", "coordinates": [[14.29604396224022, 46.55505374194507], [14.2960293777287, 46.555053511389985]]}, "properties": {"fillColor": "#0D15FF", "executionState": "Documented", "externalID": "SDIRouteSection_140745556993_1734345833", "userLabel": "_Gemeindestrasse Asphalt"}}, {"type": "Feature", "geometry": {"type": "LineString", "coordinates": [[14.296148903667927, 46.55508440576011], [14.296134486794472, 46.55508728769672]]}, "properties": {"fillColor": "#0D15FF", "executionState": "Documented", "externalID": "SDIRouteSection_140745965057_1734345835", "userLabel": "_Gemeindestrasse Asphalt"}}, {"type": "Feature", "geometry": {"type": "LineString", "coordinates": [[14.296134486794472, 46.55508728769672], [14.29609626531601, 46.55507483772948]]}, "properties": {"fillColor": "#0D15FF", "executionState": "Documented", "externalID": "SDIRouteSection_140748440577_1734345834", "userLabel": "_Gemeindestrasse Asphalt"}}, {"type": "Feature", "geometry": {"type": "LineString", "coordinates": [[14.290552139282227, 46.56446862106691], [14.29057334549725, 46.564421999375384]]}, "properties": {"fillColor": "#0D15FF", "executionState": "Documented", "externalID": "SDIRouteSection_140802498817_1729495497", "userLabel": "_Gemeindestrasse Asphalt"}}, {"type": "Feature", "geometry": {"type": "LineString", "coordinates": [[14.29057334549725, 46.564421999375384], [14.290599161759019, 46.56440839897326]]}, "properties": {"fillColor": "#0D15FF", "executionState": "Documented", "externalID": "SDIRouteSection_140819385601_1729495499", "userLabel": "_Gemeindestrasse Asphalt"}}, {"type": "Feature", "geometry": {"type": "LineString", "coordinates": [[14.290659595280886, 46.564399985163476], [14.290757831186056, 46.56440205980161]]}, "properties": {"fillColor": "#0D15FF", "executionState": "Documented", "externalID": "SDIRouteSection_140822759169_1729495501", "userLabel": "_Gemeindestrasse Asphalt"}}, {"type": "Feature", "geometry": {"type": "LineString", "coordinates": [[14.290599161759019, 46.56440839897326], [14.290659595280886, 46.564399985163476]]}, "properties": {"fillColor": "#0D15FF", "executionState": "Documented", "externalID": "SDIRouteSection_140837272321_1729495500", "userLabel": "_Gemeindestrasse Asphalt"}}, {"type": "Feature", "geometry": {"type": "LineString", "coordinates": [[14.290757831186056, 46.56440205980161], [14.290861347690225, 46.56441139567232]]}, "properties": {"fillColor": "#0D15FF", "executionState": "Documented", "externalID": "SDIRouteSection_140837613313_1729495502", "userLabel": "_Gemeindestrasse Asphalt"}}, {"type": "Feature", "geometry": {"type": "LineString", "coordinates": [[14.290861347690225, 46.56441139567232], [14.290941059589386, 46.5644183687599]]}, "properties": {"fillColor": "#0D15FF", "executionState": "Documented", "externalID": "SDIRouteSection_140843601409_1729495516", "userLabel": "_Gemeindestrasse Asphalt"}}, {"type": "Feature", "geometry": {"type": "LineString", "coordinates": [[14.290941059589386, 46.5644183687599], [14.29095740430057, 46.56441992473796]]}, "properties": {"fillColor": "#0D15FF", "executionState": "Documented", "externalID": "SDIRouteSection_140844177153_1729495515", "userLabel": "_Gemeindestrasse Asphalt"}}, {"type": "Feature", "geometry": {"type": "LineString", "coordinates": [[14.29017411544919, 46.5645230225945], [14.29016053684479, 46.56452250393617], [14.290019497654566, 46.56445573524114]]}, "properties": {"fillColor": "#FE0DFF", "executionState": "Documented", "externalID": "SDIRouteSection_140918148865_1709198784", "userLabel": "_Hausanschluss"}}, {"type": "Feature", "geometry": {"type": "LineString", "coordinates": [[14.291263679042459, 46.564451966351044], [14.291138118132949, 46.56443352513722]]}, "properties": {"fillColor": "#0D15FF", "executionState": "Documented", "externalID": "SDIRouteSection_141010592257_1729495548", "userLabel": "_Gemeindestrasse Asphalt"}}, {"type": "Feature", "geometry": {"type": "LineString", "coordinates": [[14.291138118132949, 46.56443352513722], [14.291080785915256, 46.56443364039481]]}, "properties": {"fillColor": "#0D15FF", "executionState": "Documented", "externalID": "SDIRouteSection_141010721537_1729495547", "userLabel": "_Gemeindestrasse Asphalt"}}, {"type": "Feature", "geometry": {"type": "LineString", "coordinates": [[14.29134531877935, 46.564469139725816], [14.291263679042459, 46.564451966351044]]}, "properties": {"fillColor": "#0D15FF", "executionState": "Documented", "externalID": "SDIRouteSection_141044091905_1729495549", "userLabel": "_Gemeindestrasse Asphalt"}}, {"type": "Feature", "geometry": {"type": "LineString", "coordinates": [[14.291081288829446, 46.5643941070216], [14.291072320193052, 46.56436581125138]]}, "properties": {"fillColor": "#0D15FF", "executionState": "Documented", "externalID": "SDIRouteSection_141098726401_1729495569", "userLabel": "_Gemeindestrasse Asphalt"}}, {"type": "Feature", "geometry": {"type": "LineString", "coordinates": [[14.291073912754655, 46.56435647537279], [14.291078019887209, 46.5642786763224]]}, "properties": {"fillColor": "#0D15FF", "executionState": "Documented", "externalID": "SDIRouteSection_141106397185_1729495570", "userLabel": "_Gemeindestrasse Asphalt"}}, {"type": "Feature", "geometry": {"type": "LineString", "coordinates": [[14.291079193353653, 46.564228539097485], [14.29107952862978, 46.56418001544026]]}, "properties": {"fillColor": "#0D15FF", "executionState": "Documented", "externalID": "SDIRouteSection_141182108929_1729495592", "userLabel": "_Gemeindestrasse Asphalt"}}, {"type": "Feature", "geometry": {"type": "LineString", "coordinates": [[14.294483084231615, 46.557940560409605], [14.294505547732115, 46.55793272195382]]}, "properties": {"fillColor": "#1B7CBD", "executionState": "Documented", "externalID": "SDIRouteSection_141188855297_1729581722", "userLabel": "_Bankett"}}, {"type": "Feature", "geometry": {"type": "LineString", "coordinates": [[14.29107952862978, 46.56418001544026], [14.291075253859162, 46.56414636005158]]}, "properties": {"fillColor": "#0D15FF", "executionState": "Documented", "externalID": "SDIRouteSection_141193004801_1729495593", "userLabel": "_Gemeindestrasse Asphalt"}}, {"type": "Feature", "geometry": {"type": "LineString", "coordinates": [[14.291075253859162, 46.56414636005158], [14.291072990745306, 46.56410411789889]]}, "properties": {"fillColor": "#0D15FF", "executionState": "Documented", "externalID": "SDIRouteSection_141197049857_1729495594", "userLabel": "_Gemeindestrasse Asphalt"}}, {"type": "Feature", "geometry": {"type": "LineString", "coordinates": [[14.291072990745306, 46.56410411789889], [14.291067877784371, 46.564076513527596]]}, "properties": {"fillColor": "#0D15FF", "executionState": "Documented", "externalID": "SDIRouteSection_141200781057_1729495596", "userLabel": "_Gemeindestrasse Asphalt"}}, {"type": "Feature", "geometry": {"type": "LineString", "coordinates": [[14.294483084231615, 46.557940560409605], [14.294436480849981, 46.55790678587883]]}, "properties": {"fillColor": "#958CCF", "executionState": "Documented", "externalID": "SDIRouteSection_141209728001_1729581726", "userLabel": "_Querung offen"}}, {"type": "Feature", "geometry": {"type": "LineString", "coordinates": [[14.294436480849981, 46.55790678587883], [14.29443195462227, 46.55789848633219], [14.29440915584564, 46.55784848730054]]}, "properties": {"fillColor": "#FE0DFF", "executionState": "Documented", "externalID": "SDIRouteSection_141221397761_1729581733", "userLabel": "_Hausanschluss"}}, {"type": "Feature", "geometry": {"type": "LineString", "coordinates": [[14.291067877784371, 46.564076513527596], [14.291066033765674, 46.56403807484935]]}, "properties": {"fillColor": "#0D15FF", "executionState": "Documented", "externalID": "SDIRouteSection_141243462913_1729495607", "userLabel": "_Gemeindestrasse Asphalt"}}, {"type": "Feature", "geometry": {"type": "LineString", "coordinates": [[14.294068347662687, 46.55810851057984], [14.294106233865023, 46.55809248790243]]}, "properties": {"fillColor": "#1B7CBD", "executionState": "Documented", "externalID": "SDIRouteSection_141285400577_1729581812", "userLabel": "_Bankett"}}, {"type": "Feature", "geometry": {"type": "LineString", "coordinates": [[14.29393507540226, 46.5581687973021], [14.29389551281929, 46.5581847623215]]}, "properties": {"fillColor": "#CC6E84", "executionState": "Documented", "externalID": "SDIRouteSection_141296679937_1729581810", "userLabel": "_Asphaltiert PrStr,IW"}}, {"type": "Feature", "geometry": {"type": "LineString", "coordinates": [[14.2942058108747, 46.55805237355261], [14.294217880815268, 46.55804787797709]]}, "properties": {"fillColor": "#1B7CBD", "executionState": "Documented", "externalID": "SDIRouteSection_141334905345_1729581817", "userLabel": "_Bankett"}}, {"type": "Feature", "geometry": {"type": "LineString", "coordinates": [[14.293989557772875, 46.55814459040445], [14.29393507540226, 46.5581687973021]]}, "properties": {"fillColor": "#CC6E84", "executionState": "Documented", "externalID": "SDIRouteSection_141335984897_1729581811", "userLabel": "_Asphaltiert PrStr,IW"}}, {"type": "Feature", "geometry": {"type": "LineString", "coordinates": [[14.294106233865023, 46.55809248790243], [14.294140599668026, 46.55807934699803]]}, "properties": {"fillColor": "#1B7CBD", "executionState": "Documented", "externalID": "SDIRouteSection_141336682753_1729581813", "userLabel": "_Bankett"}}, {"type": "Feature", "geometry": {"type": "LineString", "coordinates": [[14.294188544154167, 46.55805640804317], [14.2942058108747, 46.55805237355261]]}, "properties": {"fillColor": "#1B7CBD", "executionState": "Documented", "externalID": "SDIRouteSection_141337635585_1729581816", "userLabel": "_Bankett"}}, {"type": "Feature", "geometry": {"type": "LineString", "coordinates": [[14.294140599668026, 46.55807934699803], [14.294171780347824, 46.55806401593884]]}, "properties": {"fillColor": "#1B7CBD", "executionState": "Documented", "externalID": "SDIRouteSection_141337761281_1729581814", "userLabel": "_Bankett"}}, {"type": "Feature", "geometry": {"type": "LineString", "coordinates": [[14.294462967664003, 46.557949551578076], [14.294483084231615, 46.557940560409605]]}, "properties": {"fillColor": "#1B7CBD", "executionState": "Documented", "externalID": "SDIRouteSection_141342118913_1729581823", "userLabel": "_Bankett"}}, {"type": "Feature", "geometry": {"type": "LineString", "coordinates": [[14.294288121163845, 46.55801675475169], [14.294329695403576, 46.558000847318425]]}, "properties": {"fillColor": "#1B7CBD", "executionState": "Documented", "externalID": "SDIRouteSection_141342270465_1729581819", "userLabel": "_Bankett"}}, {"type": "Feature", "geometry": {"type": "LineString", "coordinates": [[14.294171780347824, 46.55806401593884], [14.294188544154167, 46.55805640804317]]}, "properties": {"fillColor": "#1B7CBD", "executionState": "Documented", "externalID": "SDIRouteSection_141342412801_1729581815", "userLabel": "_Bankett"}}, {"type": "Feature", "geometry": {"type": "LineString", "coordinates": [[14.294593390077353, 46.55789710307431], [14.29463043808937, 46.557882924678864]]}, "properties": {"fillColor": "#1B7CBD", "executionState": "Documented", "externalID": "SDIRouteSection_141342677761_1729581825", "userLabel": "_Bankett"}}, {"type": "Feature", "geometry": {"type": "LineString", "coordinates": [[14.294419884681702, 46.557966381197105], [14.294462967664003, 46.557949551578076]]}, "properties": {"fillColor": "#1B7CBD", "executionState": "Documented", "externalID": "SDIRouteSection_141342863873_1729581821", "userLabel": "_Bankett"}}, {"type": "Feature", "geometry": {"type": "LineString", "coordinates": [[14.294248726218939, 46.55803508287548], [14.294288121163845, 46.55801675475169]]}, "properties": {"fillColor": "#1B7CBD", "executionState": "Documented", "externalID": "SDIRouteSection_141343744257_1729581818", "userLabel": "_Bankett"}}, {"type": "Feature", "geometry": {"type": "LineString", "coordinates": [[14.294505547732115, 46.55793272195382], [14.2945477925241, 46.557914970152694]]}, "properties": {"fillColor": "#1B7CBD", "executionState": "Documented", "externalID": "SDIRouteSection_141349244929_1729581823", "userLabel": "_Bankett"}}, {"type": "Feature", "geometry": {"type": "LineString", "coordinates": [[14.294329695403576, 46.558000847318425], [14.294380992650986, 46.55798021375679]]}, "properties": {"fillColor": "#1B7CBD", "executionState": "Documented", "externalID": "SDIRouteSection_141349365249_1729581819", "userLabel": "_Bankett"}}, {"type": "Feature", "geometry": {"type": "LineString", "coordinates": [[14.29463043808937, 46.557882924678864], [14.294667486101389, 46.557867708835744]]}, "properties": {"fillColor": "#1B7CBD", "executionState": "Documented", "externalID": "SDIRouteSection_141351537921_1729581826", "userLabel": "_Bankett"}}, {"type": "Feature", "geometry": {"type": "LineString", "coordinates": [[14.2945477925241, 46.557914970152694], [14.294593390077353, 46.55789710307431]]}, "properties": {"fillColor": "#1B7CBD", "executionState": "Documented", "externalID": "SDIRouteSection_141351666433_1729581824", "userLabel": "_Bankett"}}, {"type": "Feature", "geometry": {"type": "LineString", "coordinates": [[14.294709898531437, 46.557852031902], [14.294766057282686, 46.557831974641914]]}, "properties": {"fillColor": "#1B7CBD", "executionState": "Documented", "externalID": "SDIRouteSection_141351856385_1729581828", "userLabel": "_Bankett"}}, {"type": "Feature", "geometry": {"type": "LineString", "coordinates": [[14.294380992650986, 46.55798021375679], [14.294419884681702, 46.557966381197105]]}, "properties": {"fillColor": "#1B7CBD", "executionState": "Documented", "externalID": "SDIRouteSection_141352189953_1729581820", "userLabel": "_Bankett"}}, {"type": "Feature", "geometry": {"type": "LineString", "coordinates": [[14.294667486101389, 46.557867708835744], [14.294709898531437, 46.557852031902]]}, "properties": {"fillColor": "#1B7CBD", "executionState": "Documented", "externalID": "SDIRouteSection_141354263297_1729581828", "userLabel": "_Bankett"}}, {"type": "Feature", "geometry": {"type": "LineString", "coordinates": [[14.295001588761806, 46.55774333068533], [14.294953644275665, 46.55776073672726]]}, "properties": {"fillColor": "#1B7CBD", "executionState": "Documented", "externalID": "SDIRouteSection_141358248705_1729581836", "userLabel": "_Bankett"}}, {"type": "Feature", "geometry": {"type": "LineString", "coordinates": [[14.294766057282686, 46.557831974641914], [14.294807631522417, 46.557816182426166]]}, "properties": {"fillColor": "#1B7CBD", "executionState": "Documented", "externalID": "SDIRouteSection_141358685697_1729581830", "userLabel": "_Bankett"}}, {"type": "Feature", "geometry": {"type": "LineString", "coordinates": [[14.294807631522417, 46.557816182426166], [14.294849541038275, 46.55780027493415]]}, "properties": {"fillColor": "#1B7CBD", "executionState": "Documented", "externalID": "SDIRouteSection_141359252481_1729581830", "userLabel": "_Bankett"}}, {"type": "Feature", "geometry": {"type": "LineString", "coordinates": [[14.294911902397871, 46.55777618314386], [14.294930510222912, 46.55776880575141]]}, "properties": {"fillColor": "#1B7CBD", "executionState": "Documented", "externalID": "SDIRouteSection_141360731649_1729581832", "userLabel": "_Bankett"}}, {"type": "Feature", "geometry": {"type": "LineString", "coordinates": [[14.295050874352455, 46.55772799953118], [14.295001588761806, 46.55774333068533]]}, "properties": {"fillColor": "#1B7CBD", "executionState": "Documented", "externalID": "SDIRouteSection_141361700865_1729581837", "userLabel": "_Bankett"}}, {"type": "Feature", "geometry": {"type": "LineString", "coordinates": [[14.295306857675314, 46.557598087998684], [14.295267462730408, 46.55762955728048]]}, "properties": {"fillColor": "#1B7CBD", "executionState": "Documented", "externalID": "SDIRouteSection_141362855681_1729581841", "userLabel": "_Bankett"}}, {"type": "Feature", "geometry": {"type": "LineString", "coordinates": [[14.295148774981499, 46.55769387905232], [14.29511809721589, 46.5577041382526]]}, "properties": {"fillColor": "#1B7CBD", "executionState": "Documented", "externalID": "SDIRouteSection_141363537409_1729581838", "userLabel": "_Bankett"}}, {"type": "Feature", "geometry": {"type": "LineString", "coordinates": [[14.294953644275665, 46.55776073672726], [14.294930510222912, 46.55776880575141]]}, "properties": {"fillColor": "#1B7CBD", "executionState": "Documented", "externalID": "SDIRouteSection_141363709953_1729581835", "userLabel": "_Bankett"}}, {"type": "Feature", "geometry": {"type": "LineString", "coordinates": [[14.294849541038275, 46.55780027493415], [14.294911902397871, 46.55777618314386]]}, "properties": {"fillColor": "#1B7CBD", "executionState": "Documented", "externalID": "SDIRouteSection_141364580097_1729581833", "userLabel": "_Bankett"}}, {"type": "Feature", "geometry": {"type": "LineString", "coordinates": [[14.295394029468298, 46.557439358046594], [14.29538045078516, 46.55747578413332]]}, "properties": {"fillColor": "#1B7CBD", "executionState": "Documented", "externalID": "SDIRouteSection_141366431233_1729581845", "userLabel": "_Bankett"}}, {"type": "Feature", "geometry": {"type": "LineString", "coordinates": [[14.295213650912046, 46.55766114181597], [14.295148774981499, 46.55769387905232]]}, "properties": {"fillColor": "#1B7CBD", "executionState": "Documented", "externalID": "SDIRouteSection_141369656321_1729581839", "userLabel": "_Bankett"}}, {"type": "Feature", "geometry": {"type": "LineString", "coordinates": [[14.295097477734089, 46.55771105456634], [14.295050874352455, 46.55772799953118]]}, "properties": {"fillColor": "#1B7CBD", "executionState": "Documented", "externalID": "SDIRouteSection_141369783553_1729581838", "userLabel": "_Bankett"}}, {"type": "Feature", "geometry": {"type": "LineString", "coordinates": [[14.295421689748764, 46.5573595894422], [14.295406937599182, 46.55740443047844]]}, "properties": {"fillColor": "#1B7CBD", "executionState": "Documented", "externalID": "SDIRouteSection_141370537473_1729581847", "userLabel": "_Bankett"}}, {"type": "Feature", "geometry": {"type": "LineString", "coordinates": [[14.29538045078516, 46.55747578413332], [14.295360837131739, 46.557514746186314]]}, "properties": {"fillColor": "#1B7CBD", "executionState": "Documented", "externalID": "SDIRouteSection_141370660609_1729581844", "userLabel": "_Bankett"}}, {"type": "Feature", "geometry": {"type": "LineString", "coordinates": [[14.29534139111638, 46.55755244021691], [14.295306857675314, 46.557598087998684]]}, "properties": {"fillColor": "#1B7CBD", "executionState": "Documented", "externalID": "SDIRouteSection_141371589633_1729581842", "userLabel": "_Bankett"}}, {"type": "Feature", "geometry": {"type": "LineString", "coordinates": [[14.295267462730408, 46.55762955728048], [14.295213650912046, 46.55766114181597]]}, "properties": {"fillColor": "#1B7CBD", "executionState": "Documented", "externalID": "SDIRouteSection_141373193473_1729581840", "userLabel": "_Bankett"}}, {"type": "Feature", "geometry": {"type": "LineString", "coordinates": [[14.293980672955513, 46.55810747314044], [14.293998777866364, 46.558125109607545]]}, "properties": {"fillColor": "#0D15FF", "executionState": "Documented", "externalID": "SDIRouteSection_141373932545_1729581848", "userLabel": "_Gemeindestrasse Asphalt"}}, {"type": "Feature", "geometry": {"type": "LineString", "coordinates": [[14.295406937599182, 46.55740443047844], [14.295394029468298, 46.557439358046594]]}, "properties": {"fillColor": "#1B7CBD", "executionState": "Documented", "externalID": "SDIRouteSection_141375864065_1729581846", "userLabel": "_Bankett"}}, {"type": "Feature", "geometry": {"type": "LineString", "coordinates": [[14.295360837131739, 46.557514746186314], [14.29534139111638, 46.55755244021691]]}, "properties": {"fillColor": "#1B7CBD", "executionState": "Documented", "externalID": "SDIRouteSection_141375991041_1729581843", "userLabel": "_Bankett"}}, {"type": "Feature", "geometry": {"type": "LineString", "coordinates": [[14.293921831995249, 46.558086378534995], [14.2939468100667, 46.55809859726921]]}, "properties": {"fillColor": "#1B7CBD", "executionState": "Documented", "externalID": "SDIRouteSection_141378151425_1729581850", "userLabel": "_Bankett"}}, {"type": "Feature", "geometry": {"type": "LineString", "coordinates": [[14.2939468100667, 46.55809859726921], [14.293974302709103, 46.55810009579301]]}, "properties": {"fillColor": "#1B7CBD", "executionState": "Documented", "externalID": "SDIRouteSection_141380181505_1729581850", "userLabel": "_Bankett"}}, {"type": "Feature", "geometry": {"type": "LineString", "coordinates": [[14.293826948851347, 46.55797099205074], [14.293850753456354, 46.55799957933442]]}, "properties": {"fillColor": "#1B7CBD", "executionState": "Documented", "externalID": "SDIRouteSection_141386733313_1729581855", "userLabel": "_Bankett"}}, {"type": "Feature", "geometry": {"type": "LineString", "coordinates": [[14.293894674628973, 46.55805721494124], [14.293921831995249, 46.558086378534995]]}, "properties": {"fillColor": "#1B7CBD", "executionState": "Documented", "externalID": "SDIRouteSection_141387059969_1729581851", "userLabel": "_Bankett"}}, {"type": "Feature", "geometry": {"type": "LineString", "coordinates": [[14.293974302709103, 46.55810009579301], [14.293980672955513, 46.55810747314044]]}, "properties": {"fillColor": "#0D15FF", "executionState": "Documented", "externalID": "SDIRouteSection_141389065729_1729581849", "userLabel": "_Gemeindestrasse Asphalt"}}, {"type": "Feature", "geometry": {"type": "LineString", "coordinates": [[14.29387791082263, 46.558034506519476], [14.293894674628973, 46.55805721494124]]}, "properties": {"fillColor": "#1B7CBD", "executionState": "Documented", "externalID": "SDIRouteSection_141391245313_1729581852", "userLabel": "_Bankett"}}, {"type": "Feature", "geometry": {"type": "LineString", "coordinates": [[14.293850753456354, 46.55799957933442], [14.29387791082263, 46.558034506519476]]}, "properties": {"fillColor": "#1B7CBD", "executionState": "Documented", "externalID": "SDIRouteSection_141402142721_1729581853", "userLabel": "_Bankett"}}, {"type": "Feature", "geometry": {"type": "LineString", "coordinates": [[14.293998777866364, 46.558125109607545], [14.294010009616613, 46.558135138184355]]}, "properties": {"fillColor": "#0D15FF", "executionState": "Documented", "externalID": "SDIRouteSection_141405185537_1729581857", "userLabel": "_Gemeindestrasse Asphalt"}}, {"type": "Feature", "geometry": {"type": "LineString", "coordinates": [[14.29025567136705, 46.56452780577709], [14.29017411544919, 46.5645230225945]]}, "properties": {"fillColor": "#CC6E84", "executionState": "Documented", "externalID": "SDIRouteSection_142076715009_1729495858", "userLabel": "_Asphaltiert PrStr,IW"}}, {"type": "Feature", "geometry": {"type": "LineString", "coordinates": [[14.29045113734901, 46.56452601928726], [14.290415095165372, 46.56453062958343]]}, "properties": {"fillColor": "#CC6E84", "executionState": "Documented", "externalID": "SDIRouteSection_142077299713_1729495860", "userLabel": "_Asphaltiert PrStr,IW"}}, {"type": "Feature", "geometry": {"type": "LineString", "coordinates": [[14.290415095165372, 46.56453062958343], [14.290326246991754, 46.56453385679052]]}, "properties": {"fillColor": "#CC6E84", "executionState": "Documented", "externalID": "SDIRouteSection_142082878721_1729495859", "userLabel": "_Asphaltiert PrStr,IW"}}, {"type": "Feature", "geometry": {"type": "LineString", "coordinates": [[14.290505535900593, 46.564526998975225], [14.29045113734901, 46.56452601928726]]}, "properties": {"fillColor": "#CC6E84", "executionState": "Documented", "externalID": "SDIRouteSection_142087159553_1729495868", "userLabel": "_Asphaltiert PrStr,IW"}}, {"type": "Feature", "geometry": {"type": "LineString", "coordinates": [[14.290326246991754, 46.56453385679052], [14.29025567136705, 46.56452780577709]]}, "properties": {"fillColor": "#CC6E84", "executionState": "Documented", "externalID": "SDIRouteSection_142155655425_1729495880", "userLabel": "_Asphaltiert PrStr,IW"}}, {"type": "Feature", "geometry": {"type": "LineString", "coordinates": [[14.296292904764414, 46.555115761222254], [14.296235740184784, 46.5551040029261]]}, "properties": {"fillColor": "#0D15FF", "executionState": "Documented", "externalID": "SDIRouteSection_142159389697_1734346242", "userLabel": "_Gemeindestrasse Asphalt"}}, {"type": "Feature", "geometry": {"type": "LineString", "coordinates": [[14.29054057225585, 46.56458249538855], [14.29054400883615, 46.56452988041036]]}, "properties": {"fillColor": "#0D15FF", "executionState": "Documented", "externalID": "SDIRouteSection_142177709825_1729495896", "userLabel": "_Gemeindestrasse Asphalt"}}, {"type": "Feature", "geometry": {"type": "LineString", "coordinates": [[14.290524646639824, 46.56460727570018], [14.290526071563363, 46.564591082055955]]}, "properties": {"fillColor": "#0D15FF", "executionState": "Documented", "externalID": "SDIRouteSection_142185046785_1729495899", "userLabel": "_Gemeindestrasse Asphalt"}}, {"type": "Feature", "geometry": {"type": "LineString", "coordinates": [[14.290526071563363, 46.564591082055955], [14.29054057225585, 46.56458249538855]]}, "properties": {"fillColor": "#0D15FF", "executionState": "Documented", "externalID": "SDIRouteSection_142187070721_1729495897", "userLabel": "_Gemeindestrasse Asphalt"}}, {"type": "Feature", "geometry": {"type": "LineString", "coordinates": [[14.290524143725634, 46.56467787071185], [14.290524646639824, 46.56460727570018]]}, "properties": {"fillColor": "#0D15FF", "executionState": "Documented", "externalID": "SDIRouteSection_142212064001_1729495906", "userLabel": "_Gemeindestrasse Asphalt"}}, {"type": "Feature", "geometry": {"type": "LineString", "coordinates": [[14.296336155384779, 46.55512544452307], [14.296292904764414, 46.555115761222254]]}, "properties": {"fillColor": "#0D15FF", "executionState": "Documented", "externalID": "SDIRouteSection_142333545729_1734346286", "userLabel": "_Gemeindestrasse Asphalt"}}, {"type": "Feature", "geometry": {"type": "LineString", "coordinates": [[14.296520724892616, 46.55517616654677], [14.296478815376759, 46.555159912448886]]}, "properties": {"fillColor": "#1B7CBD", "executionState": "Documented", "externalID": "SDIRouteSection_142341452033_1734346292", "userLabel": "_Bankett"}}, {"type": "Feature", "geometry": {"type": "LineString", "coordinates": [[14.296478815376759, 46.555159912448886], [14.29644076153636, 46.55514942221291]]}, "properties": {"fillColor": "#1B7CBD", "executionState": "Documented", "externalID": "SDIRouteSection_142344230401_1734346291", "userLabel": "_Bankett"}}, {"type": "Feature", "geometry": {"type": "LineString", "coordinates": [[14.29644076153636, 46.55514942221291], [14.296385440975428, 46.555136741705184]]}, "properties": {"fillColor": "#1B7CBD", "executionState": "Documented", "externalID": "SDIRouteSection_142345194241_1734346290", "userLabel": "_Bankett"}}, {"type": "Feature", "geometry": {"type": "LineString", "coordinates": [[14.296653997153044, 46.55525968486657], [14.296622900292277, 46.555235015562545]]}, "properties": {"fillColor": "#1B7CBD", "executionState": "Documented", "externalID": "SDIRouteSection_142347036161_1734346295", "userLabel": "_Bankett"}}, {"type": "Feature", "geometry": {"type": "LineString", "coordinates": [[14.296560119837523, 46.55519345813491], [14.296520724892616, 46.55517616654677]]}, "properties": {"fillColor": "#1B7CBD", "executionState": "Documented", "externalID": "SDIRouteSection_142352387585_1734346293", "userLabel": "_Bankett"}}, {"type": "Feature", "geometry": {"type": "LineString", "coordinates": [[14.296598341315985, 46.5552146691422], [14.296560119837523, 46.55519345813491]]}, "properties": {"fillColor": "#1B7CBD", "executionState": "Documented", "externalID": "SDIRouteSection_142354380033_1734346294", "userLabel": "_Bankett"}}, {"type": "Feature", "geometry": {"type": "LineString", "coordinates": [[14.290413167327642, 46.564986585940886], [14.290433451533318, 46.56498439606867]]}, "properties": {"fillColor": "#1B7CBD", "executionState": "Documented", "externalID": "SDIRouteSection_142374541569_1729495993", "userLabel": "_Bankett"}}, {"type": "Feature", "geometry": {"type": "LineString", "coordinates": [[14.290413167327642, 46.564986585940886], [14.290415681898594, 46.56499482677506]]}, "properties": {"fillColor": "#958CCF", "executionState": "Documented", "externalID": "SDIRouteSection_142385802497_1729495999", "userLabel": "_Querung offen"}}, {"type": "Feature", "geometry": {"type": "LineString", "coordinates": [[14.290415681898594, 46.56499482677506], [14.29041599937852, 46.56499874549301], [14.290324890251469, 46.565091715062884]]}, "properties": {"fillColor": "#FE0DFF", "executionState": "Documented", "externalID": "SDIRouteSection_142405811969_1729496008", "userLabel": "_Hausanschluss"}}, {"type": "Feature", "geometry": {"type": "LineString", "coordinates": [[14.290179647505283, 46.5649915419672], [14.290229938924313, 46.564988891069476]]}, "properties": {"fillColor": "#1B7CBD", "executionState": "Documented", "externalID": "SDIRouteSection_142444972033_1729496044", "userLabel": "_Bankett"}}, {"type": "Feature", "geometry": {"type": "LineString", "coordinates": [[14.290056098252535, 46.56499327081346], [14.290064312517643, 46.56498785376161]]}, "properties": {"fillColor": "#0D15FF", "executionState": "Documented", "externalID": "SDIRouteSection_142445102081_1729496041", "userLabel": "_Gemeindestrasse Asphalt"}}, {"type": "Feature", "geometry": {"type": "LineString", "coordinates": [[14.290064312517643, 46.56498785376161], [14.290167074650526, 46.5649849147226]]}, "properties": {"fillColor": "#0D15FF", "executionState": "Documented", "externalID": "SDIRouteSection_142445684737_1729496042", "userLabel": "_Gemeindestrasse Asphalt"}}, {"type": "Feature", "geometry": {"type": "LineString", "coordinates": [[14.290167074650526, 46.5649849147226], [14.290179647505283, 46.5649915419672]]}, "properties": {"fillColor": "#0D15FF", "executionState": "Documented", "externalID": "SDIRouteSection_142460208897_1729496043", "userLabel": "_Gemeindestrasse Asphalt"}}, {"type": "Feature", "geometry": {"type": "LineString", "coordinates": [[14.290006896480918, 46.56499494203149], [14.290056098252535, 46.56499327081346]]}, "properties": {"fillColor": "#1B7CBD", "executionState": "Documented", "externalID": "SDIRouteSection_142486381569_1729496057", "userLabel": "_Bankett"}}, {"type": "Feature", "geometry": {"type": "LineString", "coordinates": [[14.289959957823157, 46.564995979339216], [14.290006896480918, 46.56499494203149]]}, "properties": {"fillColor": "#0D15FF", "executionState": "Documented", "externalID": "SDIRouteSection_142490977281_1729496058", "userLabel": "_Gemeindestrasse Asphalt"}}, {"type": "Feature", "geometry": {"type": "LineString", "coordinates": [[14.294022750109434, 46.5581300662607], [14.294068347662687, 46.55810851057984]]}, "properties": {"fillColor": "#1B7CBD", "executionState": "Documented", "externalID": "SDIRouteSection_142501565441_1729582304", "userLabel": "_Bankett"}}, {"type": "Feature", "geometry": {"type": "LineString", "coordinates": [[14.290229938924313, 46.564988891069476], [14.290324738249183, 46.564986643569114]]}, "properties": {"fillColor": "#1B7CBD", "executionState": "Documented", "externalID": "SDIRouteSection_142511513345_1729496065", "userLabel": "_Bankett"}}, {"type": "Feature", "geometry": {"type": "LineString", "coordinates": [[14.295431077480316, 46.55732742836764], [14.295421689748764, 46.5573595894422]]}, "properties": {"fillColor": "#1B7CBD", "executionState": "Documented", "externalID": "SDIRouteSection_142513693697_1729582298", "userLabel": "_Bankett"}}, {"type": "Feature", "geometry": {"type": "LineString", "coordinates": [[14.290324738249183, 46.564986643569114], [14.290413167327642, 46.564986585940886]]}, "properties": {"fillColor": "#1B7CBD", "executionState": "Documented", "externalID": "SDIRouteSection_142516008705_1729496066", "userLabel": "_Bankett"}}, {"type": "Feature", "geometry": {"type": "LineString", "coordinates": [[14.290522299706936, 46.56497667388692], [14.29057284258306, 46.564975982348216]]}, "properties": {"fillColor": "#0D15FF", "executionState": "Documented", "externalID": "SDIRouteSection_142525447169_1729496077", "userLabel": "_Gemeindestrasse Asphalt"}}, {"type": "Feature", "geometry": {"type": "LineString", "coordinates": [[14.290433451533318, 46.56498439606867], [14.290441833436489, 46.56497984343926]]}, "properties": {"fillColor": "#0D15FF", "executionState": "Documented", "externalID": "SDIRouteSection_142528531969_1729496079", "userLabel": "_Gemeindestrasse Asphalt"}}, {"type": "Feature", "geometry": {"type": "LineString", "coordinates": [[14.290441833436489, 46.56497984343926], [14.290522299706936, 46.56497667388692]]}, "properties": {"fillColor": "#0D15FF", "executionState": "Documented", "externalID": "SDIRouteSection_142530716673_1729496077", "userLabel": "_Gemeindestrasse Asphalt"}}, {"type": "Feature", "geometry": {"type": "LineString", "coordinates": [[14.290617182850838, 46.5649761552329], [14.29061714, 46.56497618]]}, "properties": {"fillColor": "#0D15FF", "executionState": "Documented", "externalID": "SDIRouteSection_142558671873_1729496101", "userLabel": "_Gemeindestrasse Asphalt"}}, {"type": "Feature", "geometry": {"type": "LineString", "coordinates": [[14.29061714, 46.56497618], [14.290612485362843, 46.5649295916058]]}, "properties": {"fillColor": "#3B3B3B", "executionState": "Documented", "externalID": "SDIRouteSection_142603011073_1729496119", "userLabel": "_Pressung"}}, {"type": "Feature", "geometry": {"type": "LineString", "coordinates": [[14.290549452033567, 46.564896397708615], [14.290535459294915, 46.56483260313044]]}, "properties": {"fillColor": "#0D15FF", "executionState": "Documented", "externalID": "SDIRouteSection_142619440385_1729496118", "userLabel": "_Gemeindestrasse Asphalt"}}, {"type": "Feature", "geometry": {"type": "LineString", "coordinates": [[14.293321100994945, 46.5648571528144], [14.293352449312806, 46.564825831795474]]}, "properties": {"fillColor": "#3B3B3B", "executionState": "Documented", "externalID": "SDIRouteSection_142624210177_1721724035", "userLabel": "_Pressung"}}, {"type": "Feature", "geometry": {"type": "LineString", "coordinates": [[14.290535794571042, 46.56476638808246], [14.290525065734982, 46.56476327614607]]}, "properties": {"fillColor": "#0D15FF", "executionState": "Documented", "externalID": "SDIRouteSection_142656006657_1729496143", "userLabel": "_Gemeindestrasse Asphalt"}}, {"type": "Feature", "geometry": {"type": "LineString", "coordinates": [[14.290534369647503, 46.564794337873224], [14.290535794571042, 46.56476638808246]]}, "properties": {"fillColor": "#0D15FF", "executionState": "Documented", "externalID": "SDIRouteSection_142663248385_1729496144", "userLabel": "_Gemeindestrasse Asphalt"}}, {"type": "Feature", "geometry": {"type": "LineString", "coordinates": [[14.290525065734982, 46.56476327614607], [14.290524646639824, 46.56476039472338]]}, "properties": {"fillColor": "#0D15FF", "executionState": "Documented", "externalID": "SDIRouteSection_142673784321_1729496150", "userLabel": "_Gemeindestrasse Asphalt"}}, {"type": "Feature", "geometry": {"type": "LineString", "coordinates": [[14.293352449312806, 46.564825831795474], [14.293374577537179, 46.5648019448241]]}, "properties": {"fillColor": "#1B7CBD", "executionState": "Documented", "externalID": "SDIRouteSection_142682414593_1721724072", "userLabel": "_Gr\u00fcnfl\u00e4che"}}, {"type": "Feature", "geometry": {"type": "LineString", "coordinates": [[14.290536968037486, 46.565100228662885], [14.290524395182729, 46.56515872114758]]}, "properties": {"fillColor": "#CC6E84", "executionState": "Documented", "externalID": "SDIRouteSection_142733198337_1729496185", "userLabel": "_Asphaltiert PrStr,IW"}}, {"type": "Feature", "geometry": {"type": "LineString", "coordinates": [[14.296628767624497, 46.555420035069176], [14.296604627743363, 46.55540810392378]]}, "properties": {"fillColor": "#0D15FF", "executionState": "Documented", "externalID": "SDIRouteSection_142772996609_1734346419", "userLabel": "_Gemeindestrasse Asphalt"}}, {"type": "Feature", "geometry": {"type": "LineString", "coordinates": [[14.29454980418086, 46.56384178936028], [14.294536812230945, 46.56383354835094]]}, "properties": {"fillColor": "#958CCF", "executionState": "Documented", "externalID": "SDIRouteSection_142774144001_1721724148", "userLabel": "_Querung offen"}}, {"type": "Feature", "geometry": {"type": "LineString", "coordinates": [[14.290536968037486, 46.565100228662885], [14.290550043806434, 46.56510028629097]]}, "properties": {"fillColor": "#958CCF", "executionState": "Documented", "externalID": "SDIRouteSection_142787417601_1729496188", "userLabel": "_Querung offen"}}, {"type": "Feature", "geometry": {"type": "LineString", "coordinates": [[14.294536812230945, 46.56383354835094], [14.294527838948628, 46.56383003295496], [14.29446816444397, 46.56375488410775]]}, "properties": {"fillColor": "#FE0DFF", "executionState": "Documented", "externalID": "SDIRouteSection_142795119873_1721724552", "userLabel": "_Hausanschluss"}}, {"type": "Feature", "geometry": {"type": "LineString", "coordinates": [[14.290550043806434, 46.56510028629097], [14.2905983988046, 46.56514258529604], [14.290747940540315, 46.56519514205203]]}, "properties": {"fillColor": "#FE0DFF", "executionState": "Documented", "externalID": "SDIRouteSection_142804591105_1729496193", "userLabel": "_Hausanschluss"}}, {"type": "Feature", "geometry": {"type": "LineString", "coordinates": [[14.296746365725994, 46.55531824559938], [14.296716023236513, 46.555283431942996]]}, "properties": {"fillColor": "#3B3B3B", "executionState": "Documented", "externalID": "SDIRouteSection_142844031233_1734346428", "userLabel": "_Sp\u00fclbohrung"}}, {"type": "Feature", "geometry": {"type": "LineString", "coordinates": [[14.290541242808104, 46.56506887897024], [14.290536968037486, 46.565100228662885]]}, "properties": {"fillColor": "#CC6E84", "executionState": "Documented", "externalID": "SDIRouteSection_142861328129_1729496216", "userLabel": "_Asphaltiert PrStr,IW"}}, {"type": "Feature", "geometry": {"type": "LineString", "coordinates": [[14.290541242808104, 46.56506887897024], [14.29057284258306, 46.564975982348216]]}, "properties": {"fillColor": "#CC6E84", "executionState": "Documented", "externalID": "SDIRouteSection_142891501313_1729496234", "userLabel": "_Asphaltiert PrStr,IW"}}, {"type": "Feature", "geometry": {"type": "LineString", "coordinates": [[14.29057284258306, 46.564975982348216], [14.290617182850838, 46.5649761552329]]}, "properties": {"fillColor": "#0D15FF", "executionState": "Documented", "externalID": "SDIRouteSection_142894485249_1729496225", "userLabel": "_Gemeindestrasse Asphalt"}}, {"type": "Feature", "geometry": {"type": "LineString", "coordinates": [[14.294244702905416, 46.56411293515856], [14.294288456439972, 46.56408008653676]]}, "properties": {"fillColor": "#1B7CBD", "executionState": "Documented", "externalID": "SDIRouteSection_142922827009_0", "userLabel": "_Gr\u00fcnfl\u00e4che"}}, {"type": "Feature", "geometry": {"type": "LineString", "coordinates": [[14.294462716206908, 46.56392074162417], [14.294477719813585, 46.56390938864149]]}, "properties": {"fillColor": "#1B7CBD", "executionState": "Documented", "externalID": "SDIRouteSection_142924995329_0", "userLabel": "_Gr\u00fcnfl\u00e4che"}}, {"type": "Feature", "geometry": {"type": "LineString", "coordinates": [[14.293567780405283, 46.564646117375105], [14.29362092167139, 46.56460203149561]]}, "properties": {"fillColor": "#1B7CBD", "executionState": "Documented", "externalID": "SDIRouteSection_142928477441_0", "userLabel": "_Gr\u00fcnfl\u00e4che"}}, {"type": "Feature", "geometry": {"type": "LineString", "coordinates": [[14.294053260236979, 46.564263174127916], [14.294104725122452, 46.564228193323345]]}, "properties": {"fillColor": "#1B7CBD", "executionState": "Documented", "externalID": "SDIRouteSection_142931996161_0", "userLabel": "_Gr\u00fcnfl\u00e4che"}}, {"type": "Feature", "geometry": {"type": "LineString", "coordinates": [[14.293488319963217, 46.56471060371467], [14.293567780405283, 46.564646117375105]]}, "properties": {"fillColor": "#1B7CBD", "executionState": "Documented", "externalID": "SDIRouteSection_142940729601_0", "userLabel": "_Gr\u00fcnfl\u00e4che"}}, {"type": "Feature", "geometry": {"type": "LineString", "coordinates": [[14.296736475080252, 46.55533144481092], [14.296736475080252, 46.55533144481092], [14.296739911660552, 46.55534291486555]]}, "properties": {"fillColor": "#3B3B3B", "executionState": "Documented", "externalID": "SDIRouteSection_143031949825_1734346496", "userLabel": "_Pressung"}}, {"type": "Feature", "geometry": {"type": "LineString", "coordinates": [[14.296736475080252, 46.55533144481092], [14.296746365725994, 46.55531824559938]]}, "properties": {"fillColor": "#3B3B3B", "executionState": "Documented", "externalID": "SDIRouteSection_143049649665_1734346503", "userLabel": "_Sp\u00fclbohrung"}}, {"type": "Feature", "geometry": {"type": "LineString", "coordinates": [[14.293722845613956, 46.55785952455469], [14.293742794543505, 46.557883673943735]]}, "properties": {"fillColor": "#1B7CBD", "executionState": "Documented", "externalID": "SDIRouteSection_143057115905_1729582535", "userLabel": "_Bankett"}}, {"type": "Feature", "geometry": {"type": "LineString", "coordinates": [[14.293488319963217, 46.56471060371467], [14.29347725585103, 46.5647051866346]]}, "properties": {"fillColor": "#FE0DFF", "executionState": "Documented", "externalID": "SDIRouteSection_143057434881_1721724383", "userLabel": "_Hausanschluss"}}, {"type": "Feature", "geometry": {"type": "LineString", "coordinates": [[14.293722845613956, 46.55785952455469], [14.293704321607947, 46.557846844680256]]}, "properties": {"fillColor": "#1B7CBD", "executionState": "Documented", "externalID": "SDIRouteSection_143064587265_1729582538", "userLabel": "_Gr\u00fcnfl\u00e4che"}}, {"type": "Feature", "geometry": {"type": "LineString", "coordinates": [[14.293567780405283, 46.564646117375105], [14.293559733778238, 46.564640527402815]]}, "properties": {"fillColor": "#958CCF", "executionState": "Documented", "externalID": "SDIRouteSection_143067286529_1721724387", "userLabel": "_Querung offen"}}, {"type": "Feature", "geometry": {"type": "LineString", "coordinates": [[14.29364774376154, 46.55782373271967], [14.29363802075386, 46.55782563470186], [14.293577671008183, 46.55794275057122]]}, "properties": {"fillColor": "#FE0DFF", "executionState": "Documented", "externalID": "SDIRouteSection_143072629249_1729582542", "userLabel": "_Hausanschluss"}}, {"type": "Feature", "geometry": {"type": "LineString", "coordinates": [[14.294244702905416, 46.56411293515856], [14.294232800602913, 46.564107287502196]]}, "properties": {"fillColor": "#958CCF", "executionState": "Documented", "externalID": "SDIRouteSection_143075033089_1721724396", "userLabel": "_Querung offen"}}, {"type": "Feature", "geometry": {"type": "LineString", "coordinates": [[14.294053260236979, 46.564263174127916], [14.294044878333807, 46.56425625864941]]}, "properties": {"fillColor": "#958CCF", "executionState": "Documented", "externalID": "SDIRouteSection_143075725313_1721724391", "userLabel": "_Querung offen"}}, {"type": "Feature", "geometry": {"type": "LineString", "coordinates": [[14.294462716206908, 46.56392074162417], [14.29445056244731, 46.56391417187814]]}, "properties": {"fillColor": "#958CCF", "executionState": "Documented", "externalID": "SDIRouteSection_143086047489_1721724402", "userLabel": "_Querung offen"}}, {"type": "Feature", "geometry": {"type": "LineString", "coordinates": [[14.290673090144992, 46.56497586709173], [14.290617182850838, 46.5649761552329]]}, "properties": {"fillColor": "#1B7CBD", "executionState": "Documented", "externalID": "SDIRouteSection_143155466241_1729496351", "userLabel": "_Bankett"}}, {"type": "Feature", "geometry": {"type": "LineString", "coordinates": [[14.290751712396741, 46.564972178885114], [14.290673090144992, 46.56497586709173]]}, "properties": {"fillColor": "#1B7CBD", "executionState": "Documented", "externalID": "SDIRouteSection_143160035585_1729496352", "userLabel": "_Bankett"}}, {"type": "Feature", "geometry": {"type": "LineString", "coordinates": [[14.29099503904581, 46.56495875150566], [14.290940053761005, 46.564961344776606]]}, "properties": {"fillColor": "#1B7CBD", "executionState": "Documented", "externalID": "SDIRouteSection_143173577729_1729496358", "userLabel": "_Bankett"}}, {"type": "Feature", "geometry": {"type": "LineString", "coordinates": [[14.29110542871058, 46.564946246175026], [14.291095035150647, 46.564952297141815]]}, "properties": {"fillColor": "#0D15FF", "executionState": "Documented", "externalID": "SDIRouteSection_143229901569_1729496383", "userLabel": "_Gemeindestrasse Asphalt"}}, {"type": "Feature", "geometry": {"type": "LineString", "coordinates": [[14.29368152283132, 46.55783549042653], [14.29364774376154, 46.55782373271967]]}, "properties": {"fillColor": "#1B7CBD", "executionState": "Documented", "externalID": "SDIRouteSection_143230191617_1729582589", "userLabel": "_Gr\u00fcnfl\u00e4che"}}, {"type": "Feature", "geometry": {"type": "LineString", "coordinates": [[14.293704321607947, 46.557846844680256], [14.29368152283132, 46.55783549042653]]}, "properties": {"fillColor": "#1B7CBD", "executionState": "Documented", "externalID": "SDIRouteSection_143231623681_1729582589", "userLabel": "_Gr\u00fcnfl\u00e4che"}}, {"type": "Feature", "geometry": {"type": "LineString", "coordinates": [[14.29128522053361, 46.564931550967145], [14.291376750916243, 46.56492452031725]]}, "properties": {"fillColor": "#0D15FF", "executionState": "Documented", "externalID": "SDIRouteSection_143234462465_1729496391", "userLabel": "_Gemeindestrasse Asphalt"}}, {"type": "Feature", "geometry": {"type": "LineString", "coordinates": [[14.291376750916243, 46.56492452031725], [14.291431903839111, 46.5649210914344]]}, "properties": {"fillColor": "#0D15FF", "executionState": "Documented", "externalID": "SDIRouteSection_143235758593_1729496392", "userLabel": "_Gemeindestrasse Asphalt"}}, {"type": "Feature", "geometry": {"type": "LineString", "coordinates": [[14.293742794543505, 46.557883673943735], [14.293762408196926, 46.55790511444246]]}, "properties": {"fillColor": "#1B7CBD", "executionState": "Documented", "externalID": "SDIRouteSection_143303911681_1729582618", "userLabel": "_Bankett"}}, {"type": "Feature", "geometry": {"type": "LineString", "coordinates": [[14.293762408196926, 46.55790511444246], [14.293803479522467, 46.55794471017987]]}, "properties": {"fillColor": "#1B7CBD", "executionState": "Documented", "externalID": "SDIRouteSection_143320596225_1729582619", "userLabel": "_Bankett"}}, {"type": "Feature", "geometry": {"type": "LineString", "coordinates": [[14.293803479522467, 46.55794471017987], [14.293812280520797, 46.55795427770448]]}, "properties": {"fillColor": "#1B7CBD", "executionState": "Documented", "externalID": "SDIRouteSection_143322520321_1729582620", "userLabel": "_Bankett"}}, {"type": "Feature", "geometry": {"type": "LineString", "coordinates": [[14.29389551281929, 46.5581847623215], [14.293893836438656, 46.55818574212398]]}, "properties": {"fillColor": "#CC6E84", "executionState": "Documented", "externalID": "SDIRouteSection_143323366401_1729582629", "userLabel": "_Asphaltiert PrStr,IW"}}, {"type": "Feature", "geometry": {"type": "LineString", "coordinates": [[14.29347725585103, 46.5647051866346], [14.293463671340794, 46.564699078011714], [14.293364435533585, 46.56466957218583]]}, "properties": {"fillColor": "#FE0DFF", "executionState": "Documented", "externalID": "SDIRouteSection_143356325633_0", "userLabel": "_Hausanschluss"}}, {"type": "Feature", "geometry": {"type": "LineString", "coordinates": [[14.293559733778238, 46.564640527402815], [14.29356158771872, 46.56462900168499], [14.293632406495112, 46.56446153555205]]}, "properties": {"fillColor": "#FE0DFF", "executionState": "Documented", "externalID": "SDIRouteSection_143371423233_0", "userLabel": "_Hausanschluss"}}, {"type": "Feature", "geometry": {"type": "LineString", "coordinates": [[14.294044878333807, 46.56425625864941], [14.294038994229046, 46.56425233987786], [14.293828457611985, 46.56423528161843]]}, "properties": {"fillColor": "#FE0DFF", "executionState": "Documented", "externalID": "SDIRouteSection_143373243393_0", "userLabel": "_Hausanschluss"}}, {"type": "Feature", "geometry": {"type": "LineString", "coordinates": [[14.294232800602913, 46.564107287502196], [14.294227429412862, 46.56410434841549], [14.294100702142783, 46.56407115413965]]}, "properties": {"fillColor": "#FE0DFF", "executionState": "Documented", "externalID": "SDIRouteSection_143374057473_0", "userLabel": "_Hausanschluss"}}, {"type": "Feature", "geometry": {"type": "LineString", "coordinates": [[14.29445056244731, 46.56391417187814], [14.294439984712982, 46.5639134803259], [14.294256269843824, 46.5638996492165]]}, "properties": {"fillColor": "#FE0DFF", "executionState": "Documented", "externalID": "SDIRouteSection_143377959681_0", "userLabel": "_Hausanschluss"}}, {"type": "Feature", "geometry": {"type": "LineString", "coordinates": [[14.291414385661483, 46.56475353693668], [14.2914186604321, 46.56477929685357]]}, "properties": {"fillColor": "#0D15FF", "executionState": "Documented", "externalID": "SDIRouteSection_143380372225_1729496436", "userLabel": "_Gemeindestrasse Asphalt"}}, {"type": "Feature", "geometry": {"type": "LineString", "coordinates": [[14.291448500007391, 46.564831796333124], [14.291438441723585, 46.564854040883205]]}, "properties": {"fillColor": "#0D15FF", "executionState": "Documented", "externalID": "SDIRouteSection_143383850753_1729496433", "userLabel": "_Gemeindestrasse Asphalt"}}, {"type": "Feature", "geometry": {"type": "LineString", "coordinates": [[14.294011853635311, 46.55813433128745], [14.294022750109434, 46.5581300662607]]}, "properties": {"fillColor": "#1B7CBD", "executionState": "Documented", "externalID": "SDIRouteSection_143384024577_1729582648", "userLabel": "_Bankett"}}, {"type": "Feature", "geometry": {"type": "LineString", "coordinates": [[14.291438441723585, 46.564854040883205], [14.291431903839111, 46.56487150227241]]}, "properties": {"fillColor": "#0D15FF", "executionState": "Documented", "externalID": "SDIRouteSection_143392637953_1729496432", "userLabel": "_Gemeindestrasse Asphalt"}}, {"type": "Feature", "geometry": {"type": "LineString", "coordinates": [[14.29143626242876, 46.56480736189451], [14.291448500007391, 46.564831796333124]]}, "properties": {"fillColor": "#0D15FF", "executionState": "Documented", "externalID": "SDIRouteSection_143407523329_1729496435", "userLabel": "_Gemeindestrasse Asphalt"}}, {"type": "Feature", "geometry": {"type": "LineString", "coordinates": [[14.2914186604321, 46.56477929685357], [14.29143626242876, 46.56480736189451]]}, "properties": {"fillColor": "#0D15FF", "executionState": "Documented", "externalID": "SDIRouteSection_143410222849_1729496436", "userLabel": "_Gemeindestrasse Asphalt"}}, {"type": "Feature", "geometry": {"type": "LineString", "coordinates": [[14.291401812806726, 46.56471999716081], [14.291414385661483, 46.56475353693668]]}, "properties": {"fillColor": "#0D15FF", "executionState": "Documented", "externalID": "SDIRouteSection_143413693441_1729496437", "userLabel": "_Gemeindestrasse Asphalt"}}, {"type": "Feature", "geometry": {"type": "LineString", "coordinates": [[14.291395777836442, 46.56468835910576], [14.291401812806726, 46.56471999716081]]}, "properties": {"fillColor": "#0D15FF", "executionState": "Documented", "externalID": "SDIRouteSection_143425868545_1729496438", "userLabel": "_Gemeindestrasse Asphalt"}}, {"type": "Feature", "geometry": {"type": "LineString", "coordinates": [[14.291386306285858, 46.5646551074324], [14.291395777836442, 46.56468835910576]]}, "properties": {"fillColor": "#0D15FF", "executionState": "Documented", "externalID": "SDIRouteSection_143466981377_1729496456", "userLabel": "_Gemeindestrasse Asphalt"}}, {"type": "Feature", "geometry": {"type": "LineString", "coordinates": [[14.291385132819414, 46.5646387985453], [14.291386306285858, 46.5646551074324]]}, "properties": {"fillColor": "#0D15FF", "executionState": "Documented", "externalID": "SDIRouteSection_143484873985_1729496457", "userLabel": "_Gemeindestrasse Asphalt"}}, {"type": "Feature", "geometry": {"type": "LineString", "coordinates": [[14.29591454565525, 46.55772603990971], [14.295908510684967, 46.557679700603785]]}, "properties": {"fillColor": "#3B3B3B", "executionState": "Documented", "externalID": "SDIRouteSection_143500770561_1729582694", "userLabel": "_Sp\u00fclbohrung"}}, {"type": "Feature", "geometry": {"type": "LineString", "coordinates": [[14.295908510684967, 46.557679700603785], [14.295912031084299, 46.557664254159704]]}, "properties": {"fillColor": "#3B3B3B", "executionState": "Documented", "externalID": "SDIRouteSection_143501831169_1729582695", "userLabel": "_Sp\u00fclbohrung"}}, {"type": "Feature", "geometry": {"type": "LineString", "coordinates": [[14.295921251177788, 46.55757376557429], [14.295926783233881, 46.557546330788654]]}, "properties": {"fillColor": "#3B3B3B", "executionState": "Documented", "externalID": "SDIRouteSection_143507882753_1729582700", "userLabel": "_Sp\u00fclbohrung"}}, {"type": "Feature", "geometry": {"type": "LineString", "coordinates": [[14.291385551914573, 46.564589180310946], [14.291385132819414, 46.5646387985453]]}, "properties": {"fillColor": "#0D15FF", "executionState": "Documented", "externalID": "SDIRouteSection_143508039681_1729496464", "userLabel": "_Gemeindestrasse Asphalt"}}, {"type": "Feature", "geometry": {"type": "LineString", "coordinates": [[14.295912031084299, 46.557664254159704], [14.295916892588139, 46.55762448530953]]}, "properties": {"fillColor": "#3B3B3B", "executionState": "Documented", "externalID": "SDIRouteSection_143513056001_1729582696", "userLabel": "_Sp\u00fclbohrung"}}, {"type": "Feature", "geometry": {"type": "LineString", "coordinates": [[14.295926783233881, 46.557546330788654], [14.29593214765191, 46.557523276336184]]}, "properties": {"fillColor": "#3B3B3B", "executionState": "Documented", "externalID": "SDIRouteSection_143514919937_1729582701", "userLabel": "_Sp\u00fclbohrung"}}, {"type": "Feature", "geometry": {"type": "LineString", "coordinates": [[14.295917730778456, 46.55759854908723], [14.295921251177788, 46.55757376557429]]}, "properties": {"fillColor": "#3B3B3B", "executionState": "Documented", "externalID": "SDIRouteSection_143515046913_1729582699", "userLabel": "_Sp\u00fclbohrung"}}, {"type": "Feature", "geometry": {"type": "LineString", "coordinates": [[14.295945726335049, 46.557467023431144], [14.295960310846567, 46.55741215373803]]}, "properties": {"fillColor": "#3B3B3B", "executionState": "Documented", "externalID": "SDIRouteSection_143516068609_1729582703", "userLabel": "_Sp\u00fclbohrung"}}, {"type": "Feature", "geometry": {"type": "LineString", "coordinates": [[14.295937176793814, 46.55749595679737], [14.295945726335049, 46.557467023431144]]}, "properties": {"fillColor": "#3B3B3B", "executionState": "Documented", "externalID": "SDIRouteSection_143517882369_1729582702", "userLabel": "_Sp\u00fclbohrung"}}, {"type": "Feature", "geometry": {"type": "LineString", "coordinates": [[14.295916892588139, 46.55762448530953], [14.295917730778456, 46.55759854908723]]}, "properties": {"fillColor": "#3B3B3B", "executionState": "Documented", "externalID": "SDIRouteSection_143518638337_1729582697", "userLabel": "_Sp\u00fclbohrung"}}, {"type": "Feature", "geometry": {"type": "LineString", "coordinates": [[14.295960310846567, 46.55741215373803], [14.29596584290266, 46.557385871596466]]}, "properties": {"fillColor": "#3B3B3B", "executionState": "Documented", "externalID": "SDIRouteSection_143528010241_1729582708", "userLabel": "_Sp\u00fclbohrung"}}, {"type": "Feature", "geometry": {"type": "LineString", "coordinates": [[14.29593214765191, 46.557523276336184], [14.295937176793814, 46.55749595679737]]}, "properties": {"fillColor": "#3B3B3B", "executionState": "Documented", "externalID": "SDIRouteSection_143528460545_1729582701", "userLabel": "_Sp\u00fclbohrung"}}, {"type": "Feature", "geometry": {"type": "LineString", "coordinates": [[14.295972380787134, 46.55735855198847], [14.295981097966433, 46.55732875400372]]}, "properties": {"fillColor": "#0D15FF", "executionState": "Documented", "externalID": "SDIRouteSection_143536032001_1729582712", "userLabel": "_Gemeindestrasse Asphalt"}}, {"type": "Feature", "geometry": {"type": "LineString", "coordinates": [[14.29596584290266, 46.557385871596466], [14.295972380787134, 46.55735855198847]]}, "properties": {"fillColor": "#3B3B3B", "executionState": "Documented", "externalID": "SDIRouteSection_143537669889_1729582710", "userLabel": "_Sp\u00fclbohrung"}}, {"type": "Feature", "geometry": {"type": "LineString", "coordinates": [[14.29668065160513, 46.55528245208811], [14.296653997153044, 46.55525968486657]]}, "properties": {"fillColor": "#3B3B3B", "executionState": "Documented", "externalID": "SDIRouteSection_143543806209_1734346613", "userLabel": "_Sp\u00fclbohrung"}}, {"type": "Feature", "geometry": {"type": "LineString", "coordinates": [[14.296700432896614, 46.55528550692978], [14.29668065160513, 46.55528245208811]]}, "properties": {"fillColor": "#3B3B3B", "executionState": "Documented", "externalID": "SDIRouteSection_143544785153_1734346611", "userLabel": "_Sp\u00fclbohrung"}}, {"type": "Feature", "geometry": {"type": "LineString", "coordinates": [[14.296622900292277, 46.555235015562545], [14.296598341315985, 46.5552146691422]]}, "properties": {"fillColor": "#1B7CBD", "executionState": "Documented", "externalID": "SDIRouteSection_143562126337_1734346623", "userLabel": "_Bankett"}}, {"type": "Feature", "geometry": {"type": "LineString", "coordinates": [[14.295404758304358, 46.55723705449344], [14.295438788831234, 46.55724500832258]]}, "properties": {"fillColor": "#0D15FF", "executionState": "Documented", "externalID": "SDIRouteSection_143578523649_1729582752", "userLabel": "_Gemeindestrasse Asphalt"}}, {"type": "Feature", "geometry": {"type": "LineString", "coordinates": [[14.295387491583824, 46.557210311175254], [14.295400399714708, 46.55722114683164]]}, "properties": {"fillColor": "#1B7CBD", "executionState": "Documented", "externalID": "SDIRouteSection_143585735169_1729582754", "userLabel": "_Bankett"}}, {"type": "Feature", "geometry": {"type": "LineString", "coordinates": [[14.295438788831234, 46.55724500832258], [14.295467287302017, 46.557252385786256]]}, "properties": {"fillColor": "#0D15FF", "executionState": "Documented", "externalID": "SDIRouteSection_143585889537_1729582751", "userLabel": "_Gemeindestrasse Asphalt"}}, {"type": "Feature", "geometry": {"type": "LineString", "coordinates": [[14.295305516570807, 46.557192443864835], [14.295387491583824, 46.557210311175254]]}, "properties": {"fillColor": "#1B7CBD", "executionState": "Documented", "externalID": "SDIRouteSection_143605902593_1729582755", "userLabel": "_Bankett"}}, {"type": "Feature", "geometry": {"type": "LineString", "coordinates": [[14.295400399714708, 46.55722114683164], [14.295404758304358, 46.55723705449344]]}, "properties": {"fillColor": "#1B7CBD", "executionState": "Documented", "externalID": "SDIRouteSection_143607058945_1729582753", "userLabel": "_Bankett"}}, {"type": "Feature", "geometry": {"type": "LineString", "coordinates": [[14.295217841863632, 46.557180224926555], [14.295305516570807, 46.557192443864835]]}, "properties": {"fillColor": "#1B7CBD", "executionState": "Documented", "externalID": "SDIRouteSection_143609964801_1729582756", "userLabel": "_Bankett"}}, {"type": "Feature", "geometry": {"type": "LineString", "coordinates": [[14.29517425596714, 46.557174115456405], [14.295217841863632, 46.557180224926555]]}, "properties": {"fillColor": "#1B7CBD", "executionState": "Documented", "externalID": "SDIRouteSection_143616265985_1729582756", "userLabel": "_Bankett"}}, {"type": "Feature", "geometry": {"type": "LineString", "coordinates": [[14.295068979263306, 46.557148409564974], [14.295125976204872, 46.557167429620335]]}, "properties": {"fillColor": "#1B7CBD", "executionState": "Documented", "externalID": "SDIRouteSection_143617474049_1729582758", "userLabel": "_Bankett"}}, {"type": "Feature", "geometry": {"type": "LineString", "coordinates": [[14.295125976204872, 46.557167429620335], [14.29517425596714, 46.557174115456405]]}, "properties": {"fillColor": "#1B7CBD", "executionState": "Documented", "externalID": "SDIRouteSection_143619099905_1729582758", "userLabel": "_Bankett"}}, {"type": "Feature", "geometry": {"type": "LineString", "coordinates": [[14.295028578490019, 46.55713065750726], [14.295068979263306, 46.557148409564974]]}, "properties": {"fillColor": "#1B7CBD", "executionState": "Documented", "externalID": "SDIRouteSection_143621003265_1729582759", "userLabel": "_Bankett"}}, {"type": "Feature", "geometry": {"type": "LineString", "coordinates": [[14.296831944957376, 46.555444934842484], [14.29690696299076, 46.55551121890551]]}, "properties": {"fillColor": "#3B3B3B", "executionState": "Documented", "externalID": "SDIRouteSection_143635284737_1734346651", "userLabel": "_Pressung"}}, {"type": "Feature", "geometry": {"type": "LineString", "coordinates": [[14.296955075114965, 46.555544533821376], [14.297011233866215, 46.55557318002164]]}, "properties": {"fillColor": "#3B3B3B", "executionState": "Documented", "externalID": "SDIRouteSection_143636039169_1734346653", "userLabel": "_Pressung"}}, {"type": "Feature", "geometry": {"type": "LineString", "coordinates": [[14.296755334362388, 46.55535749739377], [14.296831944957376, 46.555444934842484]]}, "properties": {"fillColor": "#3B3B3B", "executionState": "Documented", "externalID": "SDIRouteSection_143639553281_1734346650", "userLabel": "_Pressung"}}, {"type": "Feature", "geometry": {"type": "LineString", "coordinates": [[14.29690696299076, 46.55551121890551], [14.296955075114965, 46.555544533821376]]}, "properties": {"fillColor": "#3B3B3B", "executionState": "Documented", "externalID": "SDIRouteSection_143641885697_1734346652", "userLabel": "_Pressung"}}, {"type": "Feature", "geometry": {"type": "LineString", "coordinates": [[14.295481536537409, 46.557241550136126], [14.295512717217207, 46.55722863957146]]}, "properties": {"fillColor": "#0D15FF", "executionState": "Documented", "externalID": "SDIRouteSection_143687561729_1729582802", "userLabel": "_Gemeindestrasse Asphalt"}}, {"type": "Feature", "geometry": {"type": "LineString", "coordinates": [[14.295634254813194, 46.55722206901504], [14.295709859579802, 46.55722437447352]]}, "properties": {"fillColor": "#0D15FF", "executionState": "Documented", "externalID": "SDIRouteSection_143689993985_1729582805", "userLabel": "_Gemeindestrasse Asphalt"}}, {"type": "Feature", "geometry": {"type": "LineString", "coordinates": [[14.295451194047928, 46.55727716944597], [14.295444153249264, 46.557295152001274]]}, "properties": {"fillColor": "#1B7CBD", "executionState": "Documented", "externalID": "SDIRouteSection_143691261441_1729582811", "userLabel": "_Bankett"}}, {"type": "Feature", "geometry": {"type": "LineString", "coordinates": [[14.29594874382019, 46.55724247231922], [14.295970788225532, 46.55725578633556]]}, "properties": {"fillColor": "#0D15FF", "executionState": "Documented", "externalID": "SDIRouteSection_143697379329_1729582808", "userLabel": "_Gemeindestrasse Asphalt"}}, {"type": "Feature", "geometry": {"type": "LineString", "coordinates": [[14.295546244829893, 46.55722160792334], [14.295582622289658, 46.55722126210452]]}, "properties": {"fillColor": "#0D15FF", "executionState": "Documented", "externalID": "SDIRouteSection_143697532161_1729582804", "userLabel": "_Gemeindestrasse Asphalt"}}, {"type": "Feature", "geometry": {"type": "LineString", "coordinates": [[14.295801054686308, 46.55722737156941], [14.295852854847908, 46.557228870117285]]}, "properties": {"fillColor": "#0D15FF", "executionState": "Documented", "externalID": "SDIRouteSection_143698614273_1729582806", "userLabel": "_Gemeindestrasse Asphalt"}}, {"type": "Feature", "geometry": {"type": "LineString", "coordinates": [[14.295512717217207, 46.55722863957146], [14.295546244829893, 46.55722160792334]]}, "properties": {"fillColor": "#0D15FF", "executionState": "Documented", "externalID": "SDIRouteSection_143698749697_1729582803", "userLabel": "_Gemeindestrasse Asphalt"}}, {"type": "Feature", "geometry": {"type": "LineString", "coordinates": [[14.295875485986471, 46.55722771738817], [14.29594874382019, 46.55724247231922]]}, "properties": {"fillColor": "#0D15FF", "executionState": "Documented", "externalID": "SDIRouteSection_143707310081_1729582807", "userLabel": "_Gemeindestrasse Asphalt"}}, {"type": "Feature", "geometry": {"type": "LineString", "coordinates": [[14.295709859579802, 46.55722437447352], [14.295754954218864, 46.55722714102356]]}, "properties": {"fillColor": "#0D15FF", "executionState": "Documented", "externalID": "SDIRouteSection_143739521281_1729582831", "userLabel": "_Gemeindestrasse Asphalt"}}, {"type": "Feature", "geometry": {"type": "LineString", "coordinates": [[14.295754954218864, 46.55722714102356], [14.295801054686308, 46.55722737156941]]}, "properties": {"fillColor": "#0D15FF", "executionState": "Documented", "externalID": "SDIRouteSection_143739646977_1729582829", "userLabel": "_Gemeindestrasse Asphalt"}}, {"type": "Feature", "geometry": {"type": "LineString", "coordinates": [[14.295852854847908, 46.557228870117285], [14.295875485986471, 46.55722771738817]]}, "properties": {"fillColor": "#0D15FF", "executionState": "Documented", "externalID": "SDIRouteSection_143753466881_1729582832", "userLabel": "_Gemeindestrasse Asphalt"}}, {"type": "Feature", "geometry": {"type": "LineString", "coordinates": [[14.295582622289658, 46.55722126210452], [14.295634254813194, 46.55722206901504]]}, "properties": {"fillColor": "#0D15FF", "executionState": "Documented", "externalID": "SDIRouteSection_143765381889_1729582833", "userLabel": "_Gemeindestrasse Asphalt"}}, {"type": "Feature", "geometry": {"type": "LineString", "coordinates": [[14.291343055665493, 46.565495152559095], [14.291405249387026, 46.565495786463515]]}, "properties": {"fillColor": "#3B3B3B", "executionState": "Documented", "externalID": "SDIRouteSection_143768132865_1729496543", "userLabel": "_Sp\u00fclbohrung"}}, {"type": "Feature", "geometry": {"type": "LineString", "coordinates": [[14.291203580796719, 46.56549872547487], [14.291343055665493, 46.565495152559095]]}, "properties": {"fillColor": "#3B3B3B", "executionState": "Documented", "externalID": "SDIRouteSection_143796349441_1729496544", "userLabel": "_Sp\u00fclbohrung"}}, {"type": "Feature", "geometry": {"type": "LineString", "coordinates": [[14.291037451475859, 46.565501491603015], [14.291203580796719, 46.56549872547487]]}, "properties": {"fillColor": "#3B3B3B", "executionState": "Documented", "externalID": "SDIRouteSection_143802800641_1729496546", "userLabel": "_Sp\u00fclbohrung"}}, {"type": "Feature", "geometry": {"type": "LineString", "coordinates": [[14.291534163057804, 46.56541868058011], [14.291535839438438, 46.565403639733574]]}, "properties": {"fillColor": "#1B7CBD", "executionState": "Documented", "externalID": "SDIRouteSection_143857604609_1729496574", "userLabel": "_Bankett"}}, {"type": "Feature", "geometry": {"type": "LineString", "coordinates": [[14.296716023236513, 46.555283431942996], [14.296700432896614, 46.55528550692978]]}, "properties": {"fillColor": "#3B3B3B", "executionState": "Documented", "externalID": "SDIRouteSection_143866031617_1734346719", "userLabel": "_Sp\u00fclbohrung"}}, {"type": "Feature", "geometry": {"type": "LineString", "coordinates": [[14.296577218919992, 46.55536885216597], [14.296577302739024, 46.55533703574238]]}, "properties": {"fillColor": "#0D15FF", "executionState": "Documented", "externalID": "SDIRouteSection_143872025345_1734346747", "userLabel": "_Gemeindestrasse Asphalt"}}, {"type": "Feature", "geometry": {"type": "LineString", "coordinates": [[14.296836303547025, 46.55522020244706], [14.296802021563053, 46.55527236534556]]}, "properties": {"fillColor": "#3B3B3B", "executionState": "Documented", "externalID": "SDIRouteSection_143876545025_1734346734", "userLabel": "_Pressung"}}, {"type": "Feature", "geometry": {"type": "LineString", "coordinates": [[14.296530447900295, 46.557139072444414], [14.29659716784954, 46.5571244327584]]}, "properties": {"fillColor": "#0D15FF", "executionState": "Documented", "externalID": "SDIRouteSection_143878244609_1729582890", "userLabel": "_Gemeindestrasse Asphalt"}}, {"type": "Feature", "geometry": {"type": "LineString", "coordinates": [[14.296645112335682, 46.55711486508744], [14.296684172004461, 46.55710656541967]]}, "properties": {"fillColor": "#0D15FF", "executionState": "Documented", "externalID": "SDIRouteSection_143878386689_1729582888", "userLabel": "_Gemeindestrasse Asphalt"}}, {"type": "Feature", "geometry": {"type": "LineString", "coordinates": [[14.296802021563053, 46.55527236534556], [14.296746365725994, 46.55531824559938]]}, "properties": {"fillColor": "#3B3B3B", "executionState": "Documented", "externalID": "SDIRouteSection_143880148225_1734346733", "userLabel": "_Pressung"}}, {"type": "Feature", "geometry": {"type": "LineString", "coordinates": [[14.2965751234442, 46.55531132898065], [14.29656581953168, 46.55529617005496]]}, "properties": {"fillColor": "#0D15FF", "executionState": "Documented", "externalID": "SDIRouteSection_143881003521_1734346745", "userLabel": "_Gemeindestrasse Asphalt"}}, {"type": "Feature", "geometry": {"type": "LineString", "coordinates": [[14.29657713510096, 46.555384011071396], [14.296577218919992, 46.55536885216597]]}, "properties": {"fillColor": "#0D15FF", "executionState": "Documented", "externalID": "SDIRouteSection_143881823233_1734346748", "userLabel": "_Gemeindestrasse Asphalt"}}, {"type": "Feature", "geometry": {"type": "LineString", "coordinates": [[14.29657805711031, 46.555395020007666], [14.29657713510096, 46.555384011071396]]}, "properties": {"fillColor": "#0D15FF", "executionState": "Documented", "externalID": "SDIRouteSection_143883841793_1734346749", "userLabel": "_Gemeindestrasse Asphalt"}}, {"type": "Feature", "geometry": {"type": "LineString", "coordinates": [[14.29659716784954, 46.5571244327584], [14.296645112335682, 46.55711486508744]]}, "properties": {"fillColor": "#0D15FF", "executionState": "Documented", "externalID": "SDIRouteSection_143884943873_1729582889", "userLabel": "_Gemeindestrasse Asphalt"}}, {"type": "Feature", "geometry": {"type": "LineString", "coordinates": [[14.296604627743363, 46.55540810392378], [14.29657805711031, 46.555395020007666]]}, "properties": {"fillColor": "#0D15FF", "executionState": "Documented", "externalID": "SDIRouteSection_143884978433_1734346750", "userLabel": "_Gemeindestrasse Asphalt"}}, {"type": "Feature", "geometry": {"type": "LineString", "coordinates": [[14.296458195894957, 46.55715186775737], [14.296530447900295, 46.557139072444414]]}, "properties": {"fillColor": "#0D15FF", "executionState": "Documented", "externalID": "SDIRouteSection_143889353729_1729582891", "userLabel": "_Gemeindestrasse Asphalt"}}, {"type": "Feature", "geometry": {"type": "LineString", "coordinates": [[14.296350236982107, 46.55717342381823], [14.296392817050219, 46.55716616161686]]}, "properties": {"fillColor": "#0D15FF", "executionState": "Documented", "externalID": "SDIRouteSection_143893475841_1729582893", "userLabel": "_Gemeindestrasse Asphalt"}}, {"type": "Feature", "geometry": {"type": "LineString", "coordinates": [[14.291534163057804, 46.56541868058011], [14.291521506384015, 46.56541689411961]]}, "properties": {"fillColor": "#958CCF", "executionState": "Documented", "externalID": "SDIRouteSection_143893932289_1729496578", "userLabel": "_Querung offen"}}, {"type": "Feature", "geometry": {"type": "LineString", "coordinates": [[14.296577302739024, 46.55533703574238], [14.2965751234442, 46.55531132898065]]}, "properties": {"fillColor": "#0D15FF", "executionState": "Documented", "externalID": "SDIRouteSection_143893940993_1734346746", "userLabel": "_Gemeindestrasse Asphalt"}}, {"type": "Feature", "geometry": {"type": "LineString", "coordinates": [[14.296269603073597, 46.55718956204001], [14.296350236982107, 46.55717342381823]]}, "properties": {"fillColor": "#0D15FF", "executionState": "Documented", "externalID": "SDIRouteSection_143896346881_1729582894", "userLabel": "_Gemeindestrasse Asphalt"}}, {"type": "Feature", "geometry": {"type": "LineString", "coordinates": [[14.296392817050219, 46.55716616161686], [14.296458195894957, 46.55715186775737]]}, "properties": {"fillColor": "#0D15FF", "executionState": "Documented", "externalID": "SDIRouteSection_143896468993_1729582892", "userLabel": "_Gemeindestrasse Asphalt"}}, {"type": "Feature", "geometry": {"type": "LineString", "coordinates": [[14.29618226364255, 46.55720812098912], [14.296235740184784, 46.55719820751398]]}, "properties": {"fillColor": "#0D15FF", "executionState": "Documented", "externalID": "SDIRouteSection_143902198273_1729582896", "userLabel": "_Gemeindestrasse Asphalt"}}, {"type": "Feature", "geometry": {"type": "LineString", "coordinates": [[14.296235740184784, 46.55719820751398], [14.296269603073597, 46.55718956204001]]}, "properties": {"fillColor": "#0D15FF", "executionState": "Documented", "externalID": "SDIRouteSection_143903849985_1729582895", "userLabel": "_Gemeindestrasse Asphalt"}}, {"type": "Feature", "geometry": {"type": "LineString", "coordinates": [[14.291569869965315, 46.56527662797433], [14.291569869965315, 46.56527662797433]]}, "properties": {"fillColor": "#0D15FF", "executionState": "Documented", "externalID": "SDIRouteSection_143923079681_1729496590", "userLabel": "_Gemeindestrasse Asphalt"}}, {"type": "Feature", "geometry": {"type": "LineString", "coordinates": [[14.2968634609133, 46.55520106643195], [14.296836303547025, 46.55522020244706]]}, "properties": {"fillColor": "#3B3B3B", "executionState": "Documented", "externalID": "SDIRouteSection_143928673537_1734346784", "userLabel": "_Pressung"}}, {"type": "Feature", "geometry": {"type": "LineString", "coordinates": [[14.2968634609133, 46.55520106643195], [14.296811325475574, 46.55518953870876]]}, "properties": {"fillColor": "#3B3B3B", "executionState": "Documented", "externalID": "SDIRouteSection_143932112641_1734346791", "userLabel": "_Pressung"}}, {"type": "Feature", "geometry": {"type": "LineString", "coordinates": [[14.296811325475574, 46.55518953870876], [14.296796991862399, 46.55518446650976], [14.29673194883899, 46.55511253346504]]}, "properties": {"fillColor": "#FE0DFF", "executionState": "Documented", "externalID": "SDIRouteSection_143932999169_1734346794", "userLabel": "_Hausanschluss"}}, {"type": "Feature", "geometry": {"type": "LineString", "coordinates": [[14.290612485362843, 46.5649295916058], [14.290580302634359, 46.56492221518595], [14.290549452033567, 46.564896397708615]]}, "properties": {"fillColor": "#0D15FF", "executionState": "Documented", "externalID": "SDIRouteSection_143941747201_1773930961", "userLabel": "_Gemeindestrasse Asphalt"}}, {"type": "Feature", "geometry": {"type": "LineString", "coordinates": [[14.291569869965315, 46.56527662797433], [14.2916250214708, 46.56528596369449], [14.291624100878835, 46.56528233313685]]}, "properties": {"fillColor": "#958CCF", "executionState": "Documented", "externalID": "SDIRouteSection_143949755649_1729496594", "userLabel": "_Querung offen"}}, {"type": "Feature", "geometry": {"type": "LineString", "coordinates": [[14.29062221199274, 46.5655118069547], [14.290671329945326, 46.56551203746531]]}, "properties": {"fillColor": "#3B3B3B", "executionState": "Documented", "externalID": "SDIRouteSection_143967404289_1729496603", "userLabel": "_Sp\u00fclbohrung"}}, {"type": "Feature", "geometry": {"type": "LineString", "coordinates": [[14.296910483390093, 46.55509005435576], [14.29688491858542, 46.55514458056484]]}, "properties": {"fillColor": "#3B3B3B", "executionState": "Documented", "externalID": "SDIRouteSection_143993595137_1734346818", "userLabel": "_Pressung"}}, {"type": "Feature", "geometry": {"type": "LineString", "coordinates": [[14.296719878911972, 46.557098726843435], [14.296753071248531, 46.55709215627127]]}, "properties": {"fillColor": "#0D15FF", "executionState": "Documented", "externalID": "SDIRouteSection_144001497345_1729582952", "userLabel": "_Gemeindestrasse Asphalt"}}, {"type": "Feature", "geometry": {"type": "LineString", "coordinates": [[14.29062221199274, 46.5655118069547], [14.290620954707265, 46.5655022407627]]}, "properties": {"fillColor": "#3B3B3B", "executionState": "Documented", "externalID": "SDIRouteSection_144004281089_1729496606", "userLabel": "_Pressung"}}, {"type": "Feature", "geometry": {"type": "LineString", "coordinates": [[14.290620954707265, 46.5655022407627], [14.290621195297652, 46.56549388475023], [14.290438145299856, 46.56544686058025]]}, "properties": {"fillColor": "#FE0DFF", "executionState": "Documented", "externalID": "SDIRouteSection_144006798337_1729496613", "userLabel": "_Hausanschluss"}}, {"type": "Feature", "geometry": {"type": "LineString", "coordinates": [[14.296684172004461, 46.55710656541967], [14.296719878911972, 46.557098726843435]]}, "properties": {"fillColor": "#0D15FF", "executionState": "Documented", "externalID": "SDIRouteSection_144010560513_1729582951", "userLabel": "_Gemeindestrasse Asphalt"}}, {"type": "Feature", "geometry": {"type": "LineString", "coordinates": [[14.296910483390093, 46.55509005435576], [14.296926911920309, 46.55509351267929]]}, "properties": {"fillColor": "#3B3B3B", "executionState": "Documented", "externalID": "SDIRouteSection_144013459201_1734346823", "userLabel": "_Pressung"}}, {"type": "Feature", "geometry": {"type": "LineString", "coordinates": [[14.296926911920309, 46.55509351267929], [14.296935144177347, 46.55509270573716], [14.29711818688302, 46.55512544458034]]}, "properties": {"fillColor": "#FE0DFF", "executionState": "Documented", "externalID": "SDIRouteSection_144027322881_1734346830", "userLabel": "_Hausanschluss"}}, {"type": "Feature", "geometry": {"type": "LineString", "coordinates": [[14.296908304095268, 46.557060571404605], [14.296952225267887, 46.557051580088796]]}, "properties": {"fillColor": "#0D15FF", "executionState": "Documented", "externalID": "SDIRouteSection_144040126209_1729582965", "userLabel": "_Gemeindestrasse Asphalt"}}, {"type": "Feature", "geometry": {"type": "LineString", "coordinates": [[14.296867232769728, 46.55706760307359], [14.296908304095268, 46.557060571404605]]}, "properties": {"fillColor": "#0D15FF", "executionState": "Documented", "externalID": "SDIRouteSection_144040669441_1729582964", "userLabel": "_Gemeindestrasse Asphalt"}}, {"type": "Feature", "geometry": {"type": "LineString", "coordinates": [[14.296767488121986, 46.55708915916793], [14.296817947179079, 46.557078784578124]]}, "properties": {"fillColor": "#0D15FF", "executionState": "Documented", "externalID": "SDIRouteSection_144040791297_1729582962", "userLabel": "_Gemeindestrasse Asphalt"}}, {"type": "Feature", "geometry": {"type": "LineString", "coordinates": [[14.296817947179079, 46.557078784578124], [14.296867232769728, 46.55706760307359]]}, "properties": {"fillColor": "#0D15FF", "executionState": "Documented", "externalID": "SDIRouteSection_144045676801_1729582963", "userLabel": "_Gemeindestrasse Asphalt"}}, {"type": "Feature", "geometry": {"type": "LineString", "coordinates": [[14.296952225267887, 46.557051580088796], [14.296962283551693, 46.557048928803084]]}, "properties": {"fillColor": "#0D15FF", "executionState": "Documented", "externalID": "SDIRouteSection_144046514689_1729582966", "userLabel": "_Gemeindestrasse Asphalt"}}, {"type": "Feature", "geometry": {"type": "LineString", "coordinates": [[14.291521506384015, 46.56541689411961], [14.291508346874773, 46.56541274492087], [14.2913856357663, 46.56538139537853]]}, "properties": {"fillColor": "#FE0DFF", "executionState": "Documented", "externalID": "SDIRouteSection_144051052033_1729496615", "userLabel": "_Hausanschluss"}}, {"type": "Feature", "geometry": {"type": "LineString", "coordinates": [[14.296887684613466, 46.55515818328925], [14.2968634609133, 46.55520106643195]]}, "properties": {"fillColor": "#3B3B3B", "executionState": "Documented", "externalID": "SDIRouteSection_144056500225_1734346848", "userLabel": "_Pressung"}}, {"type": "Feature", "geometry": {"type": "LineString", "coordinates": [[14.29688491858542, 46.55514458056484], [14.296887684613466, 46.55515818328925]]}, "properties": {"fillColor": "#3B3B3B", "executionState": "Documented", "externalID": "SDIRouteSection_144064322817_1734346848", "userLabel": "_Pressung"}}, {"type": "Feature", "geometry": {"type": "LineString", "coordinates": [[14.29694551974535, 46.555044000992694], [14.296910483390093, 46.55509005435576]]}, "properties": {"fillColor": "#3B3B3B", "executionState": "Documented", "externalID": "SDIRouteSection_144076433153_1734346854", "userLabel": "_Pressung"}}, {"type": "Feature", "geometry": {"type": "LineString", "coordinates": [[14.291624100878835, 46.56528233313685], [14.29183088237932, 46.565346357725254]]}, "properties": {"fillColor": "#FE0DFF", "executionState": "Documented", "externalID": "SDIRouteSection_144079131905_1729496621", "userLabel": "_Hausanschluss"}}, {"type": "Feature", "geometry": {"type": "LineString", "coordinates": [[14.296970246359706, 46.55499264481833], [14.29694551974535, 46.555044000992694]]}, "properties": {"fillColor": "#3B3B3B", "executionState": "Documented", "externalID": "SDIRouteSection_144086133761_1734346855", "userLabel": "_Pressung"}}, {"type": "Feature", "geometry": {"type": "LineString", "coordinates": [[14.291582023724914, 46.565231793443814], [14.291580514982343, 46.5652253967404]]}, "properties": {"fillColor": "#0D15FF", "executionState": "Documented", "externalID": "SDIRouteSection_144089537281_1729496629", "userLabel": "_Gemeindestrasse Asphalt"}}, {"type": "Feature", "geometry": {"type": "LineString", "coordinates": [[14.291582023724914, 46.565231793443814], [14.291561739519238, 46.5652276442309]]}, "properties": {"fillColor": "#958CCF", "executionState": "Documented", "externalID": "SDIRouteSection_144121506817_1729496632", "userLabel": "_Querung offen"}}, {"type": "Feature", "geometry": {"type": "LineString", "coordinates": [[14.297003019601107, 46.55704385677791], [14.297060519456863, 46.557037747292384]]}, "properties": {"fillColor": "#0D15FF", "executionState": "Documented", "externalID": "SDIRouteSection_144172768769_1729583002", "userLabel": "_Gemeindestrasse Asphalt"}}, {"type": "Feature", "geometry": {"type": "LineString", "coordinates": [[14.296962283551693, 46.557048928803084], [14.297003019601107, 46.55704385677791]]}, "properties": {"fillColor": "#0D15FF", "executionState": "Documented", "externalID": "SDIRouteSection_144174920705_1729583000", "userLabel": "_Gemeindestrasse Asphalt"}}, {"type": "Feature", "geometry": {"type": "LineString", "coordinates": [[14.297325555235147, 46.557024375585854], [14.297370314598083, 46.55702737269277]]}, "properties": {"fillColor": "#1B7CBD", "executionState": "Documented", "externalID": "SDIRouteSection_144175010049_1729583006", "userLabel": "_Bankett"}}, {"type": "Feature", "geometry": {"type": "LineString", "coordinates": [[14.297131095081568, 46.55703394327276], [14.297195635735989, 46.55702875597282]]}, "properties": {"fillColor": "#0D15FF", "executionState": "Documented", "externalID": "SDIRouteSection_144175865345_1729583004", "userLabel": "_Gemeindestrasse Asphalt"}}, {"type": "Feature", "geometry": {"type": "LineString", "coordinates": [[14.297060519456863, 46.557037747292384], [14.297131095081568, 46.55703394327276]]}, "properties": {"fillColor": "#0D15FF", "executionState": "Documented", "externalID": "SDIRouteSection_144179026945_1729583003", "userLabel": "_Gemeindestrasse Asphalt"}}, {"type": "Feature", "geometry": {"type": "LineString", "coordinates": [[14.297195635735989, 46.55702875597282], [14.297257829457521, 46.5570289865195]]}, "properties": {"fillColor": "#0D15FF", "executionState": "Documented", "externalID": "SDIRouteSection_144183157505_1729583005", "userLabel": "_Gemeindestrasse Asphalt"}}, {"type": "Feature", "geometry": {"type": "LineString", "coordinates": [[14.297370314598083, 46.55702737269277], [14.297413229942322, 46.55703025452618]]}, "properties": {"fillColor": "#1B7CBD", "executionState": "Documented", "externalID": "SDIRouteSection_144184222209_1729583007", "userLabel": "_Bankett"}}, {"type": "Feature", "geometry": {"type": "LineString", "coordinates": [[14.297257829457521, 46.5570289865195], [14.297325555235147, 46.557024375585854]]}, "properties": {"fillColor": "#0D15FF", "executionState": "Documented", "externalID": "SDIRouteSection_144184355585_1729583005", "userLabel": "_Gemeindestrasse Asphalt"}}, {"type": "Feature", "geometry": {"type": "LineString", "coordinates": [[14.291561739519238, 46.5652276442309], [14.291551927022944, 46.56522741371906], [14.291470795970229, 46.565221881512066]]}, "properties": {"fillColor": "#FE0DFF", "executionState": "Documented", "externalID": "SDIRouteSection_144205486337_1729496641", "userLabel": "_Hausanschluss"}}, {"type": "Feature", "geometry": {"type": "LineString", "coordinates": [[14.296999666839838, 46.554927051788695], [14.296970246359706, 46.55499264481833]]}, "properties": {"fillColor": "#3B3B3B", "executionState": "Documented", "externalID": "SDIRouteSection_144214568705_1734346898", "userLabel": "_Pressung"}}, {"type": "Feature", "geometry": {"type": "LineString", "coordinates": [[14.297639708966017, 46.55707348200926], [14.297677595168352, 46.55708051367657]]}, "properties": {"fillColor": "#1B7CBD", "executionState": "Documented", "externalID": "SDIRouteSection_144233323009_1729583022", "userLabel": "_Bankett"}}, {"type": "Feature", "geometry": {"type": "LineString", "coordinates": [[14.297677595168352, 46.55708051367657], [14.297707937657833, 46.55708719952332]]}, "properties": {"fillColor": "#1B7CBD", "executionState": "Documented", "externalID": "SDIRouteSection_144236305409_1729583021", "userLabel": "_Bankett"}}, {"type": "Feature", "geometry": {"type": "LineString", "coordinates": [[14.297538790851831, 46.55705999503823], [14.29760467261076, 46.557073712555734]]}, "properties": {"fillColor": "#0D15FF", "executionState": "Documented", "externalID": "SDIRouteSection_144239210497_1729583023", "userLabel": "_Gemeindestrasse Asphalt"}}, {"type": "Feature", "geometry": {"type": "LineString", "coordinates": [[14.297502245754004, 46.55705296336825], [14.297538790851831, 46.55705999503823]]}, "properties": {"fillColor": "#0D15FF", "executionState": "Documented", "externalID": "SDIRouteSection_144241751553_1729583024", "userLabel": "_Gemeindestrasse Asphalt"}}, {"type": "Feature", "geometry": {"type": "LineString", "coordinates": [[14.29760467261076, 46.557073712555734], [14.297639708966017, 46.55707348200926]]}, "properties": {"fillColor": "#0D15FF", "executionState": "Documented", "externalID": "SDIRouteSection_144242751233_1729583022", "userLabel": "_Gemeindestrasse Asphalt"}}, {"type": "Feature", "geometry": {"type": "LineString", "coordinates": [[14.297198066487908, 46.554351985427104], [14.297211477532983, 46.554330428245464]]}, "properties": {"fillColor": "#3B3B3B", "executionState": "Documented", "externalID": "SDIRouteSection_144354921985_1734346939", "userLabel": "_Pressung"}}, {"type": "Feature", "geometry": {"type": "LineString", "coordinates": [[14.292963612824678, 46.56466888065833], [14.29300082847476, 46.564654473518175]]}, "properties": {"fillColor": "#3B3B3B", "executionState": "Documented", "externalID": "SDIRouteSection_144407036929_0", "userLabel": "_Sp\u00fclbohrung"}}, {"type": "Feature", "geometry": {"type": "LineString", "coordinates": [[14.29715221747756, 46.554297227863344], [14.297146338299738, 46.554295902153235], [14.296967983539098, 46.55438766428999]]}, "properties": {"fillColor": "#FE0DFF", "executionState": "Documented", "externalID": "SDIRouteSection_144416698625_1734346942", "userLabel": "_Hausanschluss"}}, {"type": "Feature", "geometry": {"type": "LineString", "coordinates": [[14.297889322042465, 46.557131810238474], [14.297924190759659, 46.55714137790642]]}, "properties": {"fillColor": "#1B7CBD", "executionState": "Documented", "externalID": "SDIRouteSection_144482976769_1729583073", "userLabel": "_Bankett"}}, {"type": "Feature", "geometry": {"type": "LineString", "coordinates": [[14.297839533537626, 46.557119360740245], [14.297889322042465, 46.557131810238474]]}, "properties": {"fillColor": "#1B7CBD", "executionState": "Documented", "externalID": "SDIRouteSection_144483153153_1729583072", "userLabel": "_Bankett"}}, {"type": "Feature", "geometry": {"type": "LineString", "coordinates": [[14.297924190759659, 46.55714137790642], [14.297985378652811, 46.5571563634071]]}, "properties": {"fillColor": "#1B7CBD", "executionState": "Documented", "externalID": "SDIRouteSection_144494387969_1729583073", "userLabel": "_Bankett"}}, {"type": "Feature", "geometry": {"type": "LineString", "coordinates": [[14.297985378652811, 46.5571563634071], [14.29805763065815, 46.557173077999124]]}, "properties": {"fillColor": "#1B7CBD", "executionState": "Documented", "externalID": "SDIRouteSection_144497772545_1729583075", "userLabel": "_Bankett"}}, {"type": "Feature", "geometry": {"type": "LineString", "coordinates": [[14.29805763065815, 46.557173077999124], [14.298135749995708, 46.557194057686644]]}, "properties": {"fillColor": "#1B7CBD", "executionState": "Documented", "externalID": "SDIRouteSection_144503779073_1729583076", "userLabel": "_Bankett"}}, {"type": "Feature", "geometry": {"type": "LineString", "coordinates": [[14.298135749995708, 46.557194057686644], [14.298199787735939, 46.55721088754001]]}, "properties": {"fillColor": "#1B7CBD", "executionState": "Documented", "externalID": "SDIRouteSection_144507811841_1729583077", "userLabel": "_Bankett"}}, {"type": "Feature", "geometry": {"type": "LineString", "coordinates": [[14.297211477532983, 46.554330428245464], [14.29715221747756, 46.554297227863344]]}, "properties": {"fillColor": "#3B3B3B", "executionState": "Documented", "externalID": "SDIRouteSection_144512821505_1734346960", "userLabel": "_Pressung"}}, {"type": "Feature", "geometry": {"type": "LineString", "coordinates": [[14.29773274809122, 46.55709215627127], [14.297839533537626, 46.557119360740245]]}, "properties": {"fillColor": "#1B7CBD", "executionState": "Documented", "externalID": "SDIRouteSection_144553737729_1729583097", "userLabel": "_Bankett"}}, {"type": "Feature", "geometry": {"type": "LineString", "coordinates": [[14.29769117385149, 46.557118669101385], [14.297681450843811, 46.55713526843189]]}, "properties": {"fillColor": "#958CCF", "executionState": "Documented", "externalID": "SDIRouteSection_144560538625_1729583109", "userLabel": "_Querung offen"}}, {"type": "Feature", "geometry": {"type": "LineString", "coordinates": [[14.298199787735939, 46.55721088754001], [14.298256952315569, 46.557223221744295]]}, "properties": {"fillColor": "#1B7CBD", "executionState": "Documented", "externalID": "SDIRouteSection_144581127425_1729583112", "userLabel": "_Bankett"}}, {"type": "Feature", "geometry": {"type": "LineString", "coordinates": [[14.297167053446174, 46.554435216818206], [14.297115923836827, 46.55458917149957]]}, "properties": {"fillColor": "#3B3B3B", "executionState": "Documented", "externalID": "SDIRouteSection_144591674625_1734346969", "userLabel": "_Pressung"}}, {"type": "Feature", "geometry": {"type": "LineString", "coordinates": [[14.297482715919614, 46.557045902879054], [14.297502245754004, 46.55705296336825]]}, "properties": {"fillColor": "#0D15FF", "executionState": "Documented", "externalID": "SDIRouteSection_144623005185_1729583120", "userLabel": "_Gemeindestrasse Asphalt"}}, {"type": "Feature", "geometry": {"type": "LineString", "coordinates": [[14.297413229942322, 46.55703025452618], [14.29741779807955, 46.557031695442845]]}, "properties": {"fillColor": "#1B7CBD", "executionState": "Documented", "externalID": "SDIRouteSection_144631767041_1729583121", "userLabel": "_Bankett"}}, {"type": "Feature", "geometry": {"type": "LineString", "coordinates": [[14.291549166664481, 46.5653575951238], [14.291569869965315, 46.56527662797433]]}, "properties": {"fillColor": "#1B7CBD", "executionState": "Documented", "externalID": "SDIRouteSection_144643742465_1729496758", "userLabel": "_Bankett"}}, {"type": "Feature", "geometry": {"type": "LineString", "coordinates": [[14.291535839438438, 46.565403639733574], [14.291549166664481, 46.5653575951238]]}, "properties": {"fillColor": "#1B7CBD", "executionState": "Documented", "externalID": "SDIRouteSection_144644361985_1729496756", "userLabel": "_Bankett"}}, {"type": "Feature", "geometry": {"type": "LineString", "coordinates": [[14.291600799188018, 46.56513855133241], [14.291611444205046, 46.56508674368703]]}, "properties": {"fillColor": "#0D15FF", "executionState": "Documented", "externalID": "SDIRouteSection_144797620993_1729496781", "userLabel": "_Gemeindestrasse Asphalt"}}, {"type": "Feature", "geometry": {"type": "LineString", "coordinates": [[14.291611444205046, 46.56508674368703], [14.291623262688518, 46.56502243067911]]}, "properties": {"fillColor": "#0D15FF", "executionState": "Documented", "externalID": "SDIRouteSection_144806822913_1729496780", "userLabel": "_Gemeindestrasse Asphalt"}}, {"type": "Feature", "geometry": {"type": "LineString", "coordinates": [[14.291587974876165, 46.56518718938827], [14.291600799188018, 46.56513855133241]]}, "properties": {"fillColor": "#0D15FF", "executionState": "Documented", "externalID": "SDIRouteSection_144811425537_1729496783", "userLabel": "_Gemeindestrasse Asphalt"}}, {"type": "Feature", "geometry": {"type": "LineString", "coordinates": [[14.297436405904591, 46.55703691156083], [14.297482715919614, 46.557045902879054]]}, "properties": {"fillColor": "#0D15FF", "executionState": "Documented", "externalID": "SDIRouteSection_144829921025_1729583153", "userLabel": "_Gemeindestrasse Asphalt"}}, {"type": "Feature", "geometry": {"type": "LineString", "coordinates": [[14.297426221892238, 46.55703449082105], [14.297436405904591, 46.55703691156083]]}, "properties": {"fillColor": "#1B7CBD", "executionState": "Documented", "externalID": "SDIRouteSection_144832896257_1729583152", "userLabel": "_Bankett"}}, {"type": "Feature", "geometry": {"type": "LineString", "coordinates": [[14.291543071332324, 46.564953564963346], [14.291467778384686, 46.56492682544845]]}, "properties": {"fillColor": "#0D15FF", "executionState": "Documented", "externalID": "SDIRouteSection_144979463681_1711366527", "userLabel": "_Gemeindestrasse Asphalt"}}, {"type": "Feature", "geometry": {"type": "LineString", "coordinates": [[14.284364214262324, 46.56306332541243], [14.284442275904272, 46.56306864661045]]}, "properties": {"fillColor": "#1B7CBD", "executionState": "Documented", "externalID": "SDIRouteSection_144995418113_1711366544", "userLabel": "_Bankett"}}, {"type": "Feature", "geometry": {"type": "LineString", "coordinates": [[14.291580514982343, 46.5652253967404], [14.291587974876165, 46.56518718938827]]}, "properties": {"fillColor": "#0D15FF", "executionState": "Documented", "externalID": "SDIRouteSection_145225860097_1729496852", "userLabel": "_Gemeindestrasse Asphalt"}}, {"type": "Feature", "geometry": {"type": "LineString", "coordinates": [[14.298328030854464, 46.557237515585], [14.298316044732928, 46.557268985075865]]}, "properties": {"fillColor": "#0D15FF", "executionState": "Documented", "externalID": "SDIRouteSection_145226867457_1729583249", "userLabel": "_Gemeindestrasse Asphalt"}}, {"type": "Feature", "geometry": {"type": "LineString", "coordinates": [[14.297011233866215, 46.55557318002164], [14.297053897753358, 46.555594102689525]]}, "properties": {"fillColor": "#3B3B3B", "executionState": "Documented", "externalID": "SDIRouteSection_145226938113_1734347106", "userLabel": "_Pressung"}}, {"type": "Feature", "geometry": {"type": "LineString", "coordinates": [[14.296627342700958, 46.5554472980148], [14.296628767624497, 46.555420035069176]]}, "properties": {"fillColor": "#0D15FF", "executionState": "Documented", "externalID": "SDIRouteSection_145230252801_1734347112", "userLabel": "_Gemeindestrasse Asphalt"}}, {"type": "Feature", "geometry": {"type": "LineString", "coordinates": [[14.296630192548037, 46.55554078733533], [14.296628348529339, 46.555495829482425]]}, "properties": {"fillColor": "#0D15FF", "executionState": "Documented", "externalID": "SDIRouteSection_145238839297_1734347114", "userLabel": "_Gemeindestrasse Asphalt"}}, {"type": "Feature", "geometry": {"type": "LineString", "coordinates": [[14.298316044732928, 46.557268985075865], [14.298314787447453, 46.55727849508327]]}, "properties": {"fillColor": "#0D15FF", "executionState": "Documented", "externalID": "SDIRouteSection_145241651969_1729583248", "userLabel": "_Gemeindestrasse Asphalt"}}, {"type": "Feature", "geometry": {"type": "LineString", "coordinates": [[14.296628348529339, 46.555495829482425], [14.296627342700958, 46.5554472980148]]}, "properties": {"fillColor": "#0D15FF", "executionState": "Documented", "externalID": "SDIRouteSection_145242572033_1734347113", "userLabel": "_Gemeindestrasse Asphalt"}}, {"type": "Feature", "geometry": {"type": "LineString", "coordinates": [[14.298256952315569, 46.557223221744295], [14.298328030854464, 46.557237515585]]}, "properties": {"fillColor": "#1B7CBD", "executionState": "Documented", "externalID": "SDIRouteSection_145262888961_1729583249", "userLabel": "_Bankett"}}, {"type": "Feature", "geometry": {"type": "LineString", "coordinates": [[14.2982760630548, 46.557396476672665], [14.298265082761645, 46.557428810614994]]}, "properties": {"fillColor": "#1B7CBD", "executionState": "Documented", "externalID": "SDIRouteSection_145276479233_1729583264", "userLabel": "_Bankett"}}, {"type": "Feature", "geometry": {"type": "LineString", "coordinates": [[14.29664896801114, 46.555708860209336], [14.29664209485054, 46.55566251918083]]}, "properties": {"fillColor": "#0D15FF", "executionState": "Documented", "externalID": "SDIRouteSection_145276859649_1734347126", "userLabel": "_Gemeindestrasse Asphalt"}}, {"type": "Feature", "geometry": {"type": "LineString", "coordinates": [[14.296671766787767, 46.55584500116123], [14.296662714332342, 46.555812608637154]]}, "properties": {"fillColor": "#0D15FF", "executionState": "Documented", "externalID": "SDIRouteSection_145287850753_1734347128", "userLabel": "_Gemeindestrasse Asphalt"}}, {"type": "Feature", "geometry": {"type": "LineString", "coordinates": [[14.296656008809805, 46.55576257886452], [14.29664896801114, 46.555708860209336]]}, "properties": {"fillColor": "#0D15FF", "executionState": "Documented", "externalID": "SDIRouteSection_145292986113_1734347126", "userLabel": "_Gemeindestrasse Asphalt"}}, {"type": "Feature", "geometry": {"type": "LineString", "coordinates": [[14.296633545309305, 46.5555934686694], [14.296632371842861, 46.55558171047673]]}, "properties": {"fillColor": "#0D15FF", "executionState": "Documented", "externalID": "SDIRouteSection_145293304833_1734347123", "userLabel": "_Gemeindestrasse Asphalt"}}, {"type": "Feature", "geometry": {"type": "LineString", "coordinates": [[14.296637568622828, 46.55563185569247], [14.296633545309305, 46.5555934686694]]}, "properties": {"fillColor": "#0D15FF", "executionState": "Documented", "externalID": "SDIRouteSection_145298266113_1734347124", "userLabel": "_Gemeindestrasse Asphalt"}}, {"type": "Feature", "geometry": {"type": "LineString", "coordinates": [[14.29834982380271, 46.55728281781336], [14.298314787447453, 46.55727849508327]]}, "properties": {"fillColor": "#0D15FF", "executionState": "Documented", "externalID": "SDIRouteSection_145326904065_1729583259", "userLabel": "_Gemeindestrasse Asphalt"}}, {"type": "Feature", "geometry": {"type": "LineString", "coordinates": [[14.296672102063894, 46.55585341629774], [14.296671766787767, 46.55584500116123]]}, "properties": {"fillColor": "#0D15FF", "executionState": "Documented", "externalID": "SDIRouteSection_145327708161_1734347129", "userLabel": "_Gemeindestrasse Asphalt"}}, {"type": "Feature", "geometry": {"type": "LineString", "coordinates": [[14.2983019631356, 46.557323509095625], [14.298290982842445, 46.557354805627654]]}, "properties": {"fillColor": "#1B7CBD", "executionState": "Documented", "externalID": "SDIRouteSection_145327752705_1729583261", "userLabel": "_Bankett"}}, {"type": "Feature", "geometry": {"type": "LineString", "coordinates": [[14.29664209485054, 46.55566251918083], [14.296637568622828, 46.55563185569247]]}, "properties": {"fillColor": "#0D15FF", "executionState": "Documented", "externalID": "SDIRouteSection_145328723713_1734347125", "userLabel": "_Gemeindestrasse Asphalt"}}, {"type": "Feature", "geometry": {"type": "LineString", "coordinates": [[14.298290982842445, 46.557354805627654], [14.2982760630548, 46.557396476672665]]}, "properties": {"fillColor": "#1B7CBD", "executionState": "Documented", "externalID": "SDIRouteSection_145328817409_1729583263", "userLabel": "_Bankett"}}, {"type": "Feature", "geometry": {"type": "LineString", "coordinates": [[14.298309339210391, 46.55729924418449], [14.2983019631356, 46.557323509095625]]}, "properties": {"fillColor": "#1B7CBD", "executionState": "Documented", "externalID": "SDIRouteSection_145334170881_1729583260", "userLabel": "_Bankett"}}, {"type": "Feature", "geometry": {"type": "LineString", "coordinates": [[14.298265082761645, 46.557428810614994], [14.298254270106554, 46.55746633179669]]}, "properties": {"fillColor": "#1B7CBD", "executionState": "Documented", "externalID": "SDIRouteSection_145334702593_1729583265", "userLabel": "_Bankett"}}, {"type": "Feature", "geometry": {"type": "LineString", "coordinates": [[14.296662714332342, 46.555812608637154], [14.296656008809805, 46.55576257886452]]}, "properties": {"fillColor": "#0D15FF", "executionState": "Documented", "externalID": "SDIRouteSection_145340172289_1734347127", "userLabel": "_Gemeindestrasse Asphalt"}}, {"type": "Feature", "geometry": {"type": "LineString", "coordinates": [[14.298237171024084, 46.557527714319065], [14.29823256097734, 46.55753987554294]]}, "properties": {"fillColor": "#1B7CBD", "executionState": "Documented", "externalID": "SDIRouteSection_145345934337_1729583276", "userLabel": "_Bankett"}}, {"type": "Feature", "geometry": {"type": "LineString", "coordinates": [[14.296672102063894, 46.55587497287442], [14.296672102063894, 46.55585341629774]]}, "properties": {"fillColor": "#0D15FF", "executionState": "Documented", "externalID": "SDIRouteSection_145347300865_1734347131", "userLabel": "_Gemeindestrasse Asphalt"}}, {"type": "Feature", "geometry": {"type": "LineString", "coordinates": [[14.298242535442114, 46.55749947260378], [14.298237171024084, 46.557527714319065]]}, "properties": {"fillColor": "#1B7CBD", "executionState": "Documented", "externalID": "SDIRouteSection_145349498881_1729583276", "userLabel": "_Bankett"}}, {"type": "Feature", "geometry": {"type": "LineString", "coordinates": [[14.298254270106554, 46.55746633179669], [14.298242535442114, 46.55749947260378]]}, "properties": {"fillColor": "#1B7CBD", "executionState": "Documented", "externalID": "SDIRouteSection_145357019649_1729583286", "userLabel": "_Bankett"}}, {"type": "Feature", "geometry": {"type": "LineString", "coordinates": [[14.298229543492198, 46.557550134772356], [14.298222083598375, 46.55757082613363]]}, "properties": {"fillColor": "#1B7CBD", "executionState": "Documented", "externalID": "SDIRouteSection_145461145089_1729583331", "userLabel": "_Bankett"}}, {"type": "Feature", "geometry": {"type": "LineString", "coordinates": [[14.298206828534603, 46.55761474481861], [14.298211606219411, 46.55762638729868]]}, "properties": {"fillColor": "#1B7CBD", "executionState": "Documented", "externalID": "SDIRouteSection_145469742081_1729583333", "userLabel": "_Bankett"}}, {"type": "Feature", "geometry": {"type": "LineString", "coordinates": [[14.298211606219411, 46.55762638729868], [14.298200374469161, 46.55766523397159]]}, "properties": {"fillColor": "#0D15FF", "executionState": "Documented", "externalID": "SDIRouteSection_145477591809_1729583334", "userLabel": "_Gemeindestrasse Asphalt"}}, {"type": "Feature", "geometry": {"type": "LineString", "coordinates": [[14.298222083598375, 46.55757082613363], [14.298206828534603, 46.55761474481861]]}, "properties": {"fillColor": "#1B7CBD", "executionState": "Documented", "externalID": "SDIRouteSection_145478220801_1729583332", "userLabel": "_Bankett"}}, {"type": "Feature", "geometry": {"type": "LineString", "coordinates": [[14.298200374469161, 46.55766523397159], [14.298192076385021, 46.5576925534252]]}, "properties": {"fillColor": "#0D15FF", "executionState": "Documented", "externalID": "SDIRouteSection_145487835649_1729583335", "userLabel": "_Gemeindestrasse Asphalt"}}, {"type": "Feature", "geometry": {"type": "LineString", "coordinates": [[14.298192076385021, 46.5576925534252], [14.29817983880639, 46.55773232222546]]}, "properties": {"fillColor": "#0D15FF", "executionState": "Documented", "externalID": "SDIRouteSection_145502653441_1729583336", "userLabel": "_Gemeindestrasse Asphalt"}}, {"type": "Feature", "geometry": {"type": "LineString", "coordinates": [[14.28761025890708, 46.56547351336272], [14.287562859244645, 46.565608563705496]]}, "properties": {"fillColor": "#3B3B3B", "executionState": "Documented", "externalID": "SDIRouteSection_145537277441_1729242603", "userLabel": "_Sp\u00fclbohrung"}}, {"type": "Feature", "geometry": {"type": "LineString", "coordinates": [[14.298076154664159, 46.55786131126405], [14.298049584031105, 46.55787641183747]]}, "properties": {"fillColor": "#1B7CBD", "executionState": "Documented", "externalID": "SDIRouteSection_145540721921_1729583359", "userLabel": "_Bankett"}}, {"type": "Feature", "geometry": {"type": "LineString", "coordinates": [[14.298076154664159, 46.55786131126405], [14.298109598457813, 46.55788920697648]]}, "properties": {"fillColor": "#958CCF", "executionState": "Documented", "externalID": "SDIRouteSection_145544143105_1729583363", "userLabel": "_Querung offen"}}, {"type": "Feature", "geometry": {"type": "LineString", "coordinates": [[14.298109598457813, 46.55788920697648], [14.29811328649521, 46.55789018678431], [14.298252804982004, 46.55800871047169]]}, "properties": {"fillColor": "#FE0DFF", "executionState": "Documented", "externalID": "SDIRouteSection_145549251329_1729583371", "userLabel": "_Hausanschluss"}}, {"type": "Feature", "geometry": {"type": "LineString", "coordinates": [[14.29813977330923, 46.55781773859363], [14.298132564872503, 46.557827767227224]]}, "properties": {"fillColor": "#0D15FF", "executionState": "Documented", "externalID": "SDIRouteSection_145622557697_1729583428", "userLabel": "_Gemeindestrasse Asphalt"}}, {"type": "Feature", "geometry": {"type": "LineString", "coordinates": [[14.298117058351636, 46.55783543279071], [14.298082692548633, 46.55785693094427]]}, "properties": {"fillColor": "#1B7CBD", "executionState": "Documented", "externalID": "SDIRouteSection_145632502273_1729583427", "userLabel": "_Bankett"}}, {"type": "Feature", "geometry": {"type": "LineString", "coordinates": [[14.295919155701995, 46.55396101521072], [14.29592871107161, 46.553958248494155]]}, "properties": {"fillColor": "#958CCF", "executionState": "Documented", "externalID": "SDIRouteSection_145635977729_1709039021", "userLabel": "_Querung offen"}}, {"type": "Feature", "geometry": {"type": "LineString", "coordinates": [[14.298132564872503, 46.557827767227224], [14.298117058351636, 46.55783543279071]]}, "properties": {"fillColor": "#1B7CBD", "executionState": "Documented", "externalID": "SDIRouteSection_145639545089_1729583428", "userLabel": "_Bankett"}}, {"type": "Feature", "geometry": {"type": "LineString", "coordinates": [[14.298154190182686, 46.557796470967986], [14.298141952604055, 46.55781468389452]]}, "properties": {"fillColor": "#0D15FF", "executionState": "Documented", "externalID": "SDIRouteSection_145691611137_1729583445", "userLabel": "_Gemeindestrasse Asphalt"}}, {"type": "Feature", "geometry": {"type": "LineString", "coordinates": [[14.298164332285523, 46.557776932410235], [14.298154190182686, 46.557796470967986]]}, "properties": {"fillColor": "#0D15FF", "executionState": "Documented", "externalID": "SDIRouteSection_145694887681_1729583449", "userLabel": "_Gemeindestrasse Asphalt"}}, {"type": "Feature", "geometry": {"type": "LineString", "coordinates": [[14.29817103780806, 46.557757105665985], [14.298167517408729, 46.55776955501784]]}, "properties": {"fillColor": "#0D15FF", "executionState": "Documented", "externalID": "SDIRouteSection_145788546305_1729583459", "userLabel": "_Gemeindestrasse Asphalt"}}, {"type": "Feature", "geometry": {"type": "LineString", "coordinates": [[14.298042207956314, 46.55788108033448], [14.29803617298603, 46.55786759356417]]}, "properties": {"fillColor": "#958CCF", "executionState": "Documented", "externalID": "SDIRouteSection_145789378049_1729583465", "userLabel": "_Querung offen"}}, {"type": "Feature", "geometry": {"type": "LineString", "coordinates": [[14.298042207956314, 46.55788108033448], [14.29799216799438, 46.55790759277912]]}, "properties": {"fillColor": "#1B7CBD", "executionState": "Documented", "externalID": "SDIRouteSection_145791597569_1729583462", "userLabel": "_Bankett"}}, {"type": "Feature", "geometry": {"type": "LineString", "coordinates": [[14.29592871107161, 46.553958248494155], [14.295931986271922, 46.553957210975405], [14.295984953612557, 46.553911790748]]}, "properties": {"fillColor": "#FE0DFF", "executionState": "Documented", "externalID": "SDIRouteSection_145793075713_0", "userLabel": "_Hausanschluss"}}, {"type": "Feature", "geometry": {"type": "LineString", "coordinates": [[14.29803617298603, 46.55786759356417], [14.298030808568004, 46.55786113835669], [14.29803550243378, 46.55772419555995]]}, "properties": {"fillColor": "#FE0DFF", "executionState": "Documented", "externalID": "SDIRouteSection_145805128449_1729583469", "userLabel": "_Hausanschluss"}}, {"type": "Feature", "geometry": {"type": "LineString", "coordinates": [[14.287657323293388, 46.56529930455113], [14.287656946107745, 46.56530238764279]]}, "properties": {"fillColor": "#0D15FF", "executionState": "Documented", "externalID": "SDIRouteSection_145919109121_1729242713", "userLabel": "_Gemeindestrasse Asphalt"}}, {"type": "Feature", "geometry": {"type": "LineString", "coordinates": [[14.287657323293388, 46.56529930455113], [14.287666040472686, 46.565300831689996]]}, "properties": {"fillColor": "#958CCF", "executionState": "Documented", "externalID": "SDIRouteSection_145923552001_1729242721", "userLabel": "_Querung offen"}}, {"type": "Feature", "geometry": {"type": "LineString", "coordinates": [[14.287666040472686, 46.565300831689996], [14.28767077624798, 46.56530002489966], [14.287910219761857, 46.56540887416514]]}, "properties": {"fillColor": "#FE0DFF", "executionState": "Documented", "externalID": "SDIRouteSection_145947668993_1729242725", "userLabel": "_Hausanschluss"}}, {"type": "Feature", "geometry": {"type": "LineString", "coordinates": [[14.298049584031105, 46.55787641183747], [14.298042207956314, 46.55788108033448]]}, "properties": {"fillColor": "#1B7CBD", "executionState": "Documented", "externalID": "SDIRouteSection_145968336385_1729583529", "userLabel": "_Bankett"}}, {"type": "Feature", "geometry": {"type": "LineString", "coordinates": [[14.298082692548633, 46.55785693094427], [14.298076154664159, 46.55786131126405]]}, "properties": {"fillColor": "#1B7CBD", "executionState": "Documented", "externalID": "SDIRouteSection_145986300929_1729583538", "userLabel": "_Bankett"}}, {"type": "Feature", "geometry": {"type": "LineString", "coordinates": [[14.298141952604055, 46.55781468389452], [14.29813977330923, 46.55781773859363]]}, "properties": {"fillColor": "#0D15FF", "executionState": "Documented", "externalID": "SDIRouteSection_145992406529_1729583542", "userLabel": "_Gemeindestrasse Asphalt"}}, {"type": "Feature", "geometry": {"type": "LineString", "coordinates": [[14.287656946107745, 46.56531457593806], [14.287624633871019, 46.565423463683686]]}, "properties": {"fillColor": "#3B3B3B", "executionState": "Documented", "externalID": "SDIRouteSection_145996128769_1729242768", "userLabel": "_Sp\u00fclbohrung"}}, {"type": "Feature", "geometry": {"type": "LineString", "coordinates": [[14.287624633871019, 46.565423463683686], [14.28761025890708, 46.56547351336272]]}, "properties": {"fillColor": "#3B3B3B", "executionState": "Documented", "externalID": "SDIRouteSection_145996300545_1729242763", "userLabel": "_Sp\u00fclbohrung"}}, {"type": "Feature", "geometry": {"type": "LineString", "coordinates": [[14.29757533594966, 46.558161881046715], [14.29756754077971, 46.55818418596712]]}, "properties": {"fillColor": "#0D15FF", "executionState": "Documented", "externalID": "SDIRouteSection_146021712641_1729583565", "userLabel": "_Gemeindestrasse Asphalt"}}, {"type": "Feature", "geometry": {"type": "LineString", "coordinates": [[14.297637026757002, 46.55814666528181], [14.297622358426452, 46.55817352340941]]}, "properties": {"fillColor": "#1B7CBD", "executionState": "Documented", "externalID": "SDIRouteSection_146032794369_1729583566", "userLabel": "_Bankett"}}, {"type": "Feature", "geometry": {"type": "LineString", "coordinates": [[14.297665189951658, 46.55811352486998], [14.297637026757002, 46.55814666528181]]}, "properties": {"fillColor": "#1B7CBD", "executionState": "Documented", "externalID": "SDIRouteSection_146034057729_1729583567", "userLabel": "_Bankett"}}, {"type": "Feature", "geometry": {"type": "LineString", "coordinates": [[14.297622358426452, 46.55817352340941], [14.29757533594966, 46.558161881046715]]}, "properties": {"fillColor": "#0D15FF", "executionState": "Documented", "externalID": "SDIRouteSection_146041201921_1729583568", "userLabel": "_Gemeindestrasse Asphalt"}}, {"type": "Feature", "geometry": {"type": "LineString", "coordinates": [[14.287539264187217, 46.5657042829896], [14.287537839263678, 46.5657094406464]]}, "properties": {"fillColor": "#0D15FF", "executionState": "Documented", "externalID": "SDIRouteSection_146066149121_1729242809", "userLabel": "_Gemeindestrasse Asphalt"}}, {"type": "Feature", "geometry": {"type": "LineString", "coordinates": [[14.297733083367348, 46.55807145092672], [14.29769310168922, 46.558090470658556]]}, "properties": {"fillColor": "#1B7CBD", "executionState": "Documented", "externalID": "SDIRouteSection_146071147777_1729583590", "userLabel": "_Bankett"}}, {"type": "Feature", "geometry": {"type": "LineString", "coordinates": [[14.29769310168922, 46.558090470658556], [14.297665189951658, 46.55811352486998]]}, "properties": {"fillColor": "#1B7CBD", "executionState": "Documented", "externalID": "SDIRouteSection_146078287105_1729583589", "userLabel": "_Bankett"}}, {"type": "Feature", "geometry": {"type": "LineString", "coordinates": [[14.297778764739633, 46.558045169104474], [14.297768203541636, 46.558050875027476]]}, "properties": {"fillColor": "#1B7CBD", "executionState": "Documented", "externalID": "SDIRouteSection_146082316289_1729583592", "userLabel": "_Bankett"}}, {"type": "Feature", "geometry": {"type": "LineString", "coordinates": [[14.297768203541636, 46.558050875027476], [14.297733083367348, 46.55807145092672]]}, "properties": {"fillColor": "#1B7CBD", "executionState": "Documented", "externalID": "SDIRouteSection_146082469633_1729583591", "userLabel": "_Bankett"}}, {"type": "Feature", "geometry": {"type": "LineString", "coordinates": [[14.28755703382194, 46.56568350828874], [14.287539264187217, 46.5657042829896]]}, "properties": {"fillColor": "#1B7CBD", "executionState": "Documented", "externalID": "SDIRouteSection_146083596289_1729242810", "userLabel": "_Bankett"}}, {"type": "Feature", "geometry": {"type": "LineString", "coordinates": [[14.287562859244645, 46.565608563705496], [14.28755875211209, 46.56562467060468]]}, "properties": {"fillColor": "#3B3B3B", "executionState": "Documented", "externalID": "SDIRouteSection_146084339457_1729242812", "userLabel": "_Sp\u00fclbohrung"}}, {"type": "Feature", "geometry": {"type": "LineString", "coordinates": [[14.28755875211209, 46.56562467060468], [14.28755703382194, 46.56568350828874]]}, "properties": {"fillColor": "#3B3B3B", "executionState": "Documented", "externalID": "SDIRouteSection_146085090049_1729242811", "userLabel": "_Sp\u00fclbohrung"}}, {"type": "Feature", "geometry": {"type": "LineString", "coordinates": [[14.297793684527278, 46.558038137562164], [14.297778764739633, 46.558045169104474]]}, "properties": {"fillColor": "#1B7CBD", "executionState": "Documented", "externalID": "SDIRouteSection_146085486337_1729583593", "userLabel": "_Bankett"}}, {"type": "Feature", "geometry": {"type": "LineString", "coordinates": [[14.29782603867352, 46.55802424738164], [14.297821847721934, 46.55802586117875]]}, "properties": {"fillColor": "#1B7CBD", "executionState": "Documented", "externalID": "SDIRouteSection_146107192065_1729583609", "userLabel": "_Bankett"}}, {"type": "Feature", "geometry": {"type": "LineString", "coordinates": [[14.29782947525382, 46.557982864997], [14.297795360907912, 46.55799715863762]]}, "properties": {"fillColor": "#1B7CBD", "executionState": "Documented", "externalID": "SDIRouteSection_146124872193_1729583625", "userLabel": "_Bankett"}}, {"type": "Feature", "geometry": {"type": "LineString", "coordinates": [[14.297795360907912, 46.55799715863762], [14.29782603867352, 46.55802424738164]]}, "properties": {"fillColor": "#0D15FF", "executionState": "Documented", "externalID": "SDIRouteSection_146125091585_1729583617", "userLabel": "_Gemeindestrasse Asphalt"}}, {"type": "Feature", "geometry": {"type": "LineString", "coordinates": [[14.29793793708086, 46.55793110815395], [14.29788907058537, 46.55795456588291]]}, "properties": {"fillColor": "#1B7CBD", "executionState": "Documented", "externalID": "SDIRouteSection_146139736833_1729583627", "userLabel": "_Bankett"}}, {"type": "Feature", "geometry": {"type": "LineString", "coordinates": [[14.29788907058537, 46.55795456588291], [14.29782947525382, 46.557982864997]]}, "properties": {"fillColor": "#1B7CBD", "executionState": "Documented", "externalID": "SDIRouteSection_146144161025_1729583626", "userLabel": "_Bankett"}}, {"type": "Feature", "geometry": {"type": "LineString", "coordinates": [[14.29799216799438, 46.55790759277912], [14.29793793708086, 46.55793110815395]]}, "properties": {"fillColor": "#1B7CBD", "executionState": "Documented", "externalID": "SDIRouteSection_146152764673_1729583629", "userLabel": "_Bankett"}}, {"type": "Feature", "geometry": {"type": "LineString", "coordinates": [[14.297375762835145, 46.55839714850498], [14.29732907563448, 46.55835928215541]]}, "properties": {"fillColor": "#1B7CBD", "executionState": "Documented", "externalID": "SDIRouteSection_146319975425_1729583700", "userLabel": "_Bankett"}}, {"type": "Feature", "geometry": {"type": "LineString", "coordinates": [[14.297487242147326, 46.5584486167277], [14.297462264075875, 46.558454841324675]]}, "properties": {"fillColor": "#1B7CBD", "executionState": "Documented", "externalID": "SDIRouteSection_146334731265_1729583697", "userLabel": "_Bankett"}}, {"type": "Feature", "geometry": {"type": "LineString", "coordinates": [[14.297503586858511, 46.55843363158391], [14.297487242147326, 46.5584486167277]]}, "properties": {"fillColor": "#1B7CBD", "executionState": "Documented", "externalID": "SDIRouteSection_146337251585_1729583696", "userLabel": "_Bankett"}}, {"type": "Feature", "geometry": {"type": "LineString", "coordinates": [[14.297439213842154, 46.55844406354984], [14.297395795583725, 46.55841167257725]]}, "properties": {"fillColor": "#1B7CBD", "executionState": "Documented", "externalID": "SDIRouteSection_146342262529_1729583698", "userLabel": "_Bankett"}}, {"type": "Feature", "geometry": {"type": "LineString", "coordinates": [[14.297395795583725, 46.55841167257725], [14.297375762835145, 46.55839714850498]]}, "properties": {"fillColor": "#1B7CBD", "executionState": "Documented", "externalID": "SDIRouteSection_146342726145_1729583699", "userLabel": "_Bankett"}}, {"type": "Feature", "geometry": {"type": "LineString", "coordinates": [[14.297510627657175, 46.55839835884447], [14.29750844836235, 46.558407580477905]]}, "properties": {"fillColor": "#1B7CBD", "executionState": "Documented", "externalID": "SDIRouteSection_146381733121_1729583723", "userLabel": "_Bankett"}}, {"type": "Feature", "geometry": {"type": "LineString", "coordinates": [[14.29751381278038, 46.55838089537184], [14.297510627657175, 46.55839835884447]]}, "properties": {"fillColor": "#1B7CBD", "executionState": "Documented", "externalID": "SDIRouteSection_146389401601_1729583724", "userLabel": "_Bankett"}}, {"type": "Feature", "geometry": {"type": "LineString", "coordinates": [[14.297309797257185, 46.5583445851633], [14.297288339585066, 46.55832936944964]]}, "properties": {"fillColor": "#1B7CBD", "executionState": "Documented", "externalID": "SDIRouteSection_146395364097_1729583732", "userLabel": "_Bankett"}}, {"type": "Feature", "geometry": {"type": "LineString", "coordinates": [[14.297528229653835, 46.55830458627051], [14.2975196801126, 46.55834965706691]]}, "properties": {"fillColor": "#0D15FF", "executionState": "Documented", "externalID": "SDIRouteSection_146395578369_1729583728", "userLabel": "_Gemeindestrasse Asphalt"}}, {"type": "Feature", "geometry": {"type": "LineString", "coordinates": [[14.297249279916286, 46.55829859219759], [14.297235114499927, 46.55828833310969]]}, "properties": {"fillColor": "#1B7CBD", "executionState": "Documented", "externalID": "SDIRouteSection_146396585217_1729583734", "userLabel": "_Bankett"}}, {"type": "Feature", "geometry": {"type": "LineString", "coordinates": [[14.2975196801126, 46.55834965706691], [14.29751381278038, 46.55838089537184]]}, "properties": {"fillColor": "#1B7CBD", "executionState": "Documented", "externalID": "SDIRouteSection_146397101825_1729583725", "userLabel": "_Bankett"}}, {"type": "Feature", "geometry": {"type": "LineString", "coordinates": [[14.297263529151678, 46.55831017689562], [14.297249279916286, 46.55829859219759]]}, "properties": {"fillColor": "#1B7CBD", "executionState": "Documented", "externalID": "SDIRouteSection_146403555585_1729583733", "userLabel": "_Bankett"}}, {"type": "Feature", "geometry": {"type": "LineString", "coordinates": [[14.297537114471197, 46.55826896763509], [14.297528229653835, 46.55830458627051]]}, "properties": {"fillColor": "#0D15FF", "executionState": "Documented", "externalID": "SDIRouteSection_146403832065_1729583727", "userLabel": "_Gemeindestrasse Asphalt"}}, {"type": "Feature", "geometry": {"type": "LineString", "coordinates": [[14.297096142545342, 46.558157788928554], [14.29706471040845, 46.55812620468214]]}, "properties": {"fillColor": "#1B7CBD", "executionState": "Documented", "externalID": "SDIRouteSection_146427435265_1729583739", "userLabel": "_Bankett"}}, {"type": "Feature", "geometry": {"type": "LineString", "coordinates": [[14.29720058105886, 46.558259169624506], [14.297159342095256, 46.55822118790783]]}, "properties": {"fillColor": "#1B7CBD", "executionState": "Documented", "externalID": "SDIRouteSection_146429755137_1729583736", "userLabel": "_Bankett"}}, {"type": "Feature", "geometry": {"type": "LineString", "coordinates": [[14.297235114499927, 46.55828833310969], [14.29720058105886, 46.558259169624506]]}, "properties": {"fillColor": "#1B7CBD", "executionState": "Documented", "externalID": "SDIRouteSection_146430528257_1729583735", "userLabel": "_Bankett"}}, {"type": "Feature", "geometry": {"type": "LineString", "coordinates": [[14.293893836438656, 46.55818574212398], [14.293715804801746, 46.55824522186938]]}, "properties": {"fillColor": "#CC6E84", "executionState": "Documented", "externalID": "SDIRouteSection_146431089153_0", "userLabel": "_Asphaltiert PrStr,IW"}}, {"type": "Feature", "geometry": {"type": "LineString", "coordinates": [[14.297288339585066, 46.55832936944964], [14.297263529151678, 46.55831017689562]]}, "properties": {"fillColor": "#1B7CBD", "executionState": "Documented", "externalID": "SDIRouteSection_146431150081_1729583733", "userLabel": "_Bankett"}}, {"type": "Feature", "geometry": {"type": "LineString", "coordinates": [[14.297047359868884, 46.55811012437442], [14.297038558870554, 46.55809825145599]]}, "properties": {"fillColor": "#0D15FF", "executionState": "Documented", "externalID": "SDIRouteSection_146431592961_1729583741", "userLabel": "_Gemeindestrasse Asphalt"}}, {"type": "Feature", "geometry": {"type": "LineString", "coordinates": [[14.297159342095256, 46.55822118790783], [14.297126568853855, 46.55818902734396]]}, "properties": {"fillColor": "#1B7CBD", "executionState": "Documented", "externalID": "SDIRouteSection_146431784961_1729583738", "userLabel": "_Bankett"}}, {"type": "Feature", "geometry": {"type": "LineString", "coordinates": [[14.297126568853855, 46.55818902734396], [14.297096142545342, 46.558157788928554]]}, "properties": {"fillColor": "#1B7CBD", "executionState": "Documented", "externalID": "SDIRouteSection_146433147649_1729583738", "userLabel": "_Bankett"}}, {"type": "Feature", "geometry": {"type": "LineString", "coordinates": [[14.297047359868884, 46.55811012437442], [14.29706571623683, 46.55810205540101]]}, "properties": {"fillColor": "#958CCF", "executionState": "Documented", "externalID": "SDIRouteSection_146449020929_1729583745", "userLabel": "_Querung offen"}}, {"type": "Feature", "geometry": {"type": "LineString", "coordinates": [[14.29706571623683, 46.55810205540101], [14.297071248292925, 46.55809813618495], [14.297248949679732, 46.558026144929215]]}, "properties": {"fillColor": "#FE0DFF", "executionState": "Documented", "externalID": "SDIRouteSection_146471451905_1729583754", "userLabel": "_Hausanschluss"}}, {"type": "Feature", "geometry": {"type": "LineString", "coordinates": [[14.29357155226171, 46.55378434854697], [14.293415900319815, 46.553711433752966]]}, "properties": {"fillColor": "#0D15FF", "executionState": "Documented", "externalID": "SDIRouteSection_146475654913_0", "userLabel": "_Gemeindestrasse Asphalt"}}, {"type": "Feature", "geometry": {"type": "LineString", "coordinates": [[14.293893836438656, 46.55818574212398], [14.2938593031115, 46.55816960418164], [14.293725863129556, 46.55817237068098]]}, "properties": {"fillColor": "#FE0DFF", "executionState": "Documented", "externalID": "SDIRouteSection_146512545793_1709120059", "userLabel": "_Hausanschluss"}}, {"type": "Feature", "geometry": {"type": "LineString", "coordinates": [[14.292951542884111, 46.55344282979323], [14.29293243214488, 46.55342715158113]]}, "properties": {"fillColor": "#0D15FF", "executionState": "Documented", "externalID": "SDIRouteSection_146541252097_0", "userLabel": "_Gemeindestrasse Asphalt"}}, {"type": "Feature", "geometry": {"type": "LineString", "coordinates": [[14.292951542884111, 46.55344282979323], [14.292933270335197, 46.55345136058321]]}, "properties": {"fillColor": "#958CCF", "executionState": "Documented", "externalID": "SDIRouteSection_146615679489_1709039920", "userLabel": "_Querung offen"}}, {"type": "Feature", "geometry": {"type": "LineString", "coordinates": [[14.292933270335197, 46.55345136058321], [14.292923212051392, 46.55345251339258], [14.292589277004218, 46.55350692607061]]}, "properties": {"fillColor": "#FE0DFF", "executionState": "Documented", "externalID": "SDIRouteSection_146708825345_0", "userLabel": "_Hausanschluss"}}, {"type": "Feature", "geometry": {"type": "LineString", "coordinates": [[14.29756754077971, 46.55818418596712], [14.297550106421113, 46.55822643272916]]}, "properties": {"fillColor": "#0D15FF", "executionState": "Documented", "externalID": "SDIRouteSection_146753213441_1729583800", "userLabel": "_Gemeindestrasse Asphalt"}}, {"type": "Feature", "geometry": {"type": "LineString", "coordinates": [[14.291405249387026, 46.565495786463515], [14.29141966626048, 46.56550460349703]]}, "properties": {"fillColor": "#0D15FF", "executionState": "Documented", "externalID": "SDIRouteSection_146819211009_1729497288", "userLabel": "_Gemeindestrasse Asphalt"}}, {"type": "Feature", "geometry": {"type": "LineString", "coordinates": [[14.291520207189023, 46.565468557380456], [14.291534163057804, 46.56541868058011]]}, "properties": {"fillColor": "#1B7CBD", "executionState": "Documented", "externalID": "SDIRouteSection_146931795969_1729497319", "userLabel": "_Bankett"}}, {"type": "Feature", "geometry": {"type": "LineString", "coordinates": [[14.298055954277515, 46.55599474428621], [14.2980913259089, 46.55601157451153]]}, "properties": {"fillColor": "#3B3B3B", "executionState": "Documented", "externalID": "SDIRouteSection_146935808001_1734347617", "userLabel": "_Pressung"}}, {"type": "Feature", "geometry": {"type": "LineString", "coordinates": [[14.29706471040845, 46.55812620468214], [14.297047359868884, 46.55811012437442]]}, "properties": {"fillColor": "#0D15FF", "executionState": "Documented", "externalID": "SDIRouteSection_146943240193_1729583890", "userLabel": "_Gemeindestrasse Asphalt"}}, {"type": "Feature", "geometry": {"type": "LineString", "coordinates": [[14.298165086656809, 46.555997280347896], [14.29817145690322, 46.555990363815766]]}, "properties": {"fillColor": "#3B3B3B", "executionState": "Documented", "externalID": "SDIRouteSection_146944239873_1734347608", "userLabel": "_Pressung"}}, {"type": "Feature", "geometry": {"type": "LineString", "coordinates": [[14.29817145690322, 46.555990363815766], [14.298180174082518, 46.55598379310939]]}, "properties": {"fillColor": "#3B3B3B", "executionState": "Documented", "externalID": "SDIRouteSection_146945369857_1734347610", "userLabel": "_Pressung"}}, {"type": "Feature", "geometry": {"type": "LineString", "coordinates": [[14.2980913259089, 46.55601157451153], [14.298129547387362, 46.5560129578175]]}, "properties": {"fillColor": "#3B3B3B", "executionState": "Documented", "externalID": "SDIRouteSection_146963526657_1734347616", "userLabel": "_Pressung"}}, {"type": "Feature", "geometry": {"type": "LineString", "coordinates": [[14.29800532758236, 46.55596892256048], [14.298055954277515, 46.55599474428621]]}, "properties": {"fillColor": "#3B3B3B", "executionState": "Documented", "externalID": "SDIRouteSection_146964468737_1734347618", "userLabel": "_Pressung"}}, {"type": "Feature", "geometry": {"type": "LineString", "coordinates": [[14.297038558870554, 46.55809825145599], [14.297007462009788, 46.5580682233352]]}, "properties": {"fillColor": "#1B7CBD", "executionState": "Documented", "externalID": "SDIRouteSection_146995265025_1729583921", "userLabel": "_Bankett"}}, {"type": "Feature", "geometry": {"type": "LineString", "coordinates": [[14.297007462009788, 46.5580682233352], [14.296978544443846, 46.55803606268066]]}, "properties": {"fillColor": "#1B7CBD", "executionState": "Documented", "externalID": "SDIRouteSection_147000281857_1729583922", "userLabel": "_Bankett"}}, {"type": "Feature", "geometry": {"type": "LineString", "coordinates": [[14.297889489680529, 46.55593526207818], [14.297959059476852, 46.55598413893608]]}, "properties": {"fillColor": "#3B3B3B", "executionState": "Documented", "externalID": "SDIRouteSection_147005602049_1734347642", "userLabel": "_Pressung"}}, {"type": "Feature", "geometry": {"type": "LineString", "coordinates": [[14.296793472021818, 46.55778016001909], [14.296760950237513, 46.557762235260384]]}, "properties": {"fillColor": "#3B3B3B", "executionState": "Documented", "externalID": "SDIRouteSection_147027361793_1729583946", "userLabel": "_Pressung"}}, {"type": "Feature", "geometry": {"type": "LineString", "coordinates": [[14.29683513008058, 46.55781572133952], [14.296793472021818, 46.55778016001909]]}, "properties": {"fillColor": "#3B3B3B", "executionState": "Documented", "externalID": "SDIRouteSection_147033516801_1729583947", "userLabel": "_Pressung"}}, {"type": "Feature", "geometry": {"type": "LineString", "coordinates": [[14.296760950237513, 46.557762235260384], [14.296773187816143, 46.55775589531217]]}, "properties": {"fillColor": "#0D15FF", "executionState": "Documented", "externalID": "SDIRouteSection_147038073345_1729583945", "userLabel": "_Gemeindestrasse Asphalt"}}, {"type": "Feature", "geometry": {"type": "LineString", "coordinates": [[14.296908723190427, 46.55794130967368], [14.296889109537005, 46.55790540262112]]}, "properties": {"fillColor": "#1B7CBD", "executionState": "Documented", "externalID": "SDIRouteSection_147050200321_1729583970", "userLabel": "_Bankett"}}, {"type": "Feature", "geometry": {"type": "LineString", "coordinates": [[14.296978544443846, 46.55803606268066], [14.296952057629824, 46.558003268015085]]}, "properties": {"fillColor": "#1B7CBD", "executionState": "Documented", "externalID": "SDIRouteSection_147050333441_1729583967", "userLabel": "_Bankett"}}, {"type": "Feature", "geometry": {"type": "LineString", "coordinates": [[14.296952057629824, 46.558003268015085], [14.296930013224483, 46.55797266348506]]}, "properties": {"fillColor": "#1B7CBD", "executionState": "Documented", "externalID": "SDIRouteSection_147073503233_1729583968", "userLabel": "_Bankett"}}, {"type": "Feature", "geometry": {"type": "LineString", "coordinates": [[14.296930013224483, 46.55797266348506], [14.296908723190427, 46.55794130967368]]}, "properties": {"fillColor": "#1B7CBD", "executionState": "Documented", "externalID": "SDIRouteSection_147074906881_1729583969", "userLabel": "_Bankett"}}, {"type": "Feature", "geometry": {"type": "LineString", "coordinates": [[14.296889109537005, 46.55790540262112], [14.296886092051864, 46.55789658435259]]}, "properties": {"fillColor": "#1B7CBD", "executionState": "Documented", "externalID": "SDIRouteSection_147078318593_1729583987", "userLabel": "_Bankett"}}, {"type": "Feature", "geometry": {"type": "LineString", "coordinates": [[14.296873854473233, 46.55785600877164], [14.296872848644853, 46.55785116736507]]}, "properties": {"fillColor": "#1B7CBD", "executionState": "Documented", "externalID": "SDIRouteSection_147101193217_1729583991", "userLabel": "_Bankett"}}, {"type": "Feature", "geometry": {"type": "LineString", "coordinates": [[14.296877961605787, 46.55787468276435], [14.296873854473233, 46.55785600877164]]}, "properties": {"fillColor": "#1B7CBD", "executionState": "Documented", "externalID": "SDIRouteSection_147104549889_1729583990", "userLabel": "_Bankett"}}, {"type": "Feature", "geometry": {"type": "LineString", "coordinates": [[14.296886092051864, 46.55789658435259], [14.296877961605787, 46.55787468276435]]}, "properties": {"fillColor": "#1B7CBD", "executionState": "Documented", "externalID": "SDIRouteSection_147106225409_1729583989", "userLabel": "_Bankett"}}, {"type": "Feature", "geometry": {"type": "LineString", "coordinates": [[14.295627381652594, 46.55878399469003], [14.295631907880306, 46.558779268635874]]}, "properties": {"fillColor": "#0D15FF", "executionState": "Documented", "externalID": "SDIRouteSection_147212056833_1729584050", "userLabel": "_Gemeindestrasse Asphalt"}}, {"type": "Feature", "geometry": {"type": "LineString", "coordinates": [[14.290343346074224, 46.565567359988194], [14.290354712324797, 46.565721356941665]]}, "properties": {"fillColor": "#FE0DFF", "executionState": "Documented", "externalID": "SDIRouteSection_147214304001_1729497418", "userLabel": "_Hausanschluss"}}, {"type": "Feature", "geometry": {"type": "LineString", "coordinates": [[14.29033094085753, 46.5655150917311], [14.290343346074224, 46.565567359988194]]}, "properties": {"fillColor": "#3B3B3B", "executionState": "Documented", "externalID": "SDIRouteSection_147219333889_1729497410", "userLabel": "_Pressung"}}, {"type": "Feature", "geometry": {"type": "LineString", "coordinates": [[14.295688569545746, 46.558684516926746], [14.295708183199167, 46.55865938810018]]}, "properties": {"fillColor": "#3B3B3B", "executionState": "Documented", "externalID": "SDIRouteSection_147227813633_1729584102", "userLabel": "_Sp\u00fclbohrung"}}, {"type": "Feature", "geometry": {"type": "LineString", "coordinates": [[14.290343346074224, 46.565567359988194], [14.290441498160364, 46.565566265063794], [14.290590081690278, 46.56575537686381]]}, "properties": {"fillColor": "#FE0DFF", "executionState": "Documented", "externalID": "SDIRouteSection_147251752705_1729497422", "userLabel": "_Hausanschluss"}}, {"type": "Feature", "geometry": {"type": "LineString", "coordinates": [[14.29558178409934, 46.55876393777447], [14.295631907880306, 46.558779268635874]]}, "properties": {"fillColor": "#3B3B3B", "executionState": "Documented", "externalID": "SDIRouteSection_147258959617_1729584065", "userLabel": "_Pressung"}}, {"type": "Feature", "geometry": {"type": "LineString", "coordinates": [[14.295584298670292, 46.558858112997655], [14.295599553734064, 46.55883183155646]]}, "properties": {"fillColor": "#3B3B3B", "executionState": "Documented", "externalID": "SDIRouteSection_147272184321_1729584079", "userLabel": "_Sp\u00fclbohrung"}}, {"type": "Feature", "geometry": {"type": "LineString", "coordinates": [[14.295612964779139, 46.55880923872843], [14.295627381652594, 46.55878399469003]]}, "properties": {"fillColor": "#3B3B3B", "executionState": "Documented", "externalID": "SDIRouteSection_147278299649_1729584075", "userLabel": "_Sp\u00fclbohrung"}}, {"type": "Feature", "geometry": {"type": "LineString", "coordinates": [[14.295599553734064, 46.55883183155646], [14.295612964779139, 46.55880923872843]]}, "properties": {"fillColor": "#3B3B3B", "executionState": "Documented", "externalID": "SDIRouteSection_147281733121_1729584078", "userLabel": "_Sp\u00fclbohrung"}}, {"type": "Feature", "geometry": {"type": "LineString", "coordinates": [[14.295573066920042, 46.55888335700155], [14.295584298670292, 46.558858112997655]]}, "properties": {"fillColor": "#3B3B3B", "executionState": "Documented", "externalID": "SDIRouteSection_147290790657_1729584080", "userLabel": "_Sp\u00fclbohrung"}}, {"type": "Feature", "geometry": {"type": "LineString", "coordinates": [[14.295560326427221, 46.558908255185685], [14.295573066920042, 46.55888335700155]]}, "properties": {"fillColor": "#3B3B3B", "executionState": "Documented", "externalID": "SDIRouteSection_147293918721_1729584082", "userLabel": "_Sp\u00fclbohrung"}}, {"type": "Feature", "geometry": {"type": "LineString", "coordinates": [[14.295714721083641, 46.55865258717722], [14.29573274217546, 46.558635008516546]]}, "properties": {"fillColor": "#3B3B3B", "executionState": "Documented", "externalID": "SDIRouteSection_147296995073_1729584104", "userLabel": "_Sp\u00fclbohrung"}}, {"type": "Feature", "geometry": {"type": "LineString", "coordinates": [[14.295708183199167, 46.55865938810018], [14.295714721083641, 46.55865258717722]]}, "properties": {"fillColor": "#3B3B3B", "executionState": "Documented", "externalID": "SDIRouteSection_147298782721_1729584104", "userLabel": "_Sp\u00fclbohrung"}}, {"type": "Feature", "geometry": {"type": "LineString", "coordinates": [[14.295640960335732, 46.55875990333652], [14.29565504193306, 46.558734889814616]]}, "properties": {"fillColor": "#3B3B3B", "executionState": "Documented", "externalID": "SDIRouteSection_147298923265_1729584100", "userLabel": "_Sp\u00fclbohrung"}}, {"type": "Feature", "geometry": {"type": "LineString", "coordinates": [[14.295774567872286, 46.558564290371464], [14.295789822936058, 46.55853109257967]]}, "properties": {"fillColor": "#3B3B3B", "executionState": "Documented", "externalID": "SDIRouteSection_147299488513_1729584107", "userLabel": "_Sp\u00fclbohrung"}}, {"type": "Feature", "geometry": {"type": "LineString", "coordinates": [[14.29565504193306, 46.558734889814616], [14.29567163810134, 46.55871010682068]]}, "properties": {"fillColor": "#3B3B3B", "executionState": "Documented", "externalID": "SDIRouteSection_147299682305_1729584101", "userLabel": "_Sp\u00fclbohrung"}}, {"type": "Feature", "geometry": {"type": "LineString", "coordinates": [[14.295789822936058, 46.55853109257967], [14.295806251466274, 46.55851420550067]]}, "properties": {"fillColor": "#3B3B3B", "executionState": "Documented", "externalID": "SDIRouteSection_147303039489_1729584108", "userLabel": "_Sp\u00fclbohrung"}}, {"type": "Feature", "geometry": {"type": "LineString", "coordinates": [[14.29567163810134, 46.55871010682068], [14.295688569545746, 46.558684516926746]]}, "properties": {"fillColor": "#3B3B3B", "executionState": "Documented", "externalID": "SDIRouteSection_147303216385_1729584102", "userLabel": "_Sp\u00fclbohrung"}}, {"type": "Feature", "geometry": {"type": "LineString", "coordinates": [[14.295745231211185, 46.55860959149214], [14.295761827379465, 46.55858365574065]]}, "properties": {"fillColor": "#3B3B3B", "executionState": "Documented", "externalID": "SDIRouteSection_147304221441_1729584106", "userLabel": "_Sp\u00fclbohrung"}}, {"type": "Feature", "geometry": {"type": "LineString", "coordinates": [[14.295761827379465, 46.55858365574065], [14.295774567872286, 46.558564290371464]]}, "properties": {"fillColor": "#3B3B3B", "executionState": "Documented", "externalID": "SDIRouteSection_147309039105_1729584106", "userLabel": "_Sp\u00fclbohrung"}}, {"type": "Feature", "geometry": {"type": "LineString", "coordinates": [[14.295812956988811, 46.558498932199484], [14.295827625319362, 46.558473399841034]]}, "properties": {"fillColor": "#1B7CBD", "executionState": "Documented", "externalID": "SDIRouteSection_147338014465_1729584146", "userLabel": "_Gr\u00fcnfl\u00e4che"}}, {"type": "Feature", "geometry": {"type": "LineString", "coordinates": [[14.295718995854259, 46.55848262146171], [14.295715375711076, 46.55848129585385], [14.295602068332077, 46.558419049917674]]}, "properties": {"fillColor": "#FE0DFF", "executionState": "Documented", "externalID": "SDIRouteSection_147354750977_1729584158", "userLabel": "_Hausanschluss"}}, {"type": "Feature", "geometry": {"type": "LineString", "coordinates": [[14.295812956988811, 46.558498932199484], [14.295718995854259, 46.55848262146171]]}, "properties": {"fillColor": "#958CCF", "executionState": "Documented", "externalID": "SDIRouteSection_147355702273_1729584150", "userLabel": "_Querung offen"}}, {"type": "Feature", "geometry": {"type": "LineString", "coordinates": [[14.295833995565772, 46.55846515801622], [14.295859560370445, 46.558430807460184]]}, "properties": {"fillColor": "#1B7CBD", "executionState": "Documented", "externalID": "SDIRouteSection_147382099969_1729584212", "userLabel": "_Gr\u00fcnfl\u00e4che"}}, {"type": "Feature", "geometry": {"type": "LineString", "coordinates": [[14.295806251466274, 46.55851420550067], [14.29580893367529, 46.55850625185758]]}, "properties": {"fillColor": "#3B3B3B", "executionState": "Documented", "externalID": "SDIRouteSection_147385146113_1729584197", "userLabel": "_Sp\u00fclbohrung"}}, {"type": "Feature", "geometry": {"type": "LineString", "coordinates": [[14.295827625319362, 46.558473399841034], [14.295833995565772, 46.55846515801622]]}, "properties": {"fillColor": "#1B7CBD", "executionState": "Documented", "externalID": "SDIRouteSection_147389296129_1729584211", "userLabel": "_Gr\u00fcnfl\u00e4che"}}, {"type": "Feature", "geometry": {"type": "LineString", "coordinates": [[14.29580893367529, 46.55850625185758], [14.295812956988811, 46.558498932199484]]}, "properties": {"fillColor": "#1B7CBD", "executionState": "Documented", "externalID": "SDIRouteSection_147392299009_1729584198", "userLabel": "_Gr\u00fcnfl\u00e4che"}}, {"type": "Feature", "geometry": {"type": "LineString", "coordinates": [[14.29589543491602, 46.55838625544823], [14.295908343046904, 46.55836833088975]]}, "properties": {"fillColor": "#1B7CBD", "executionState": "Documented", "externalID": "SDIRouteSection_147393239809_1729584216", "userLabel": "_Gr\u00fcnfl\u00e4che"}}, {"type": "Feature", "geometry": {"type": "LineString", "coordinates": [[14.29587883874774, 46.5584091366284], [14.29589543491602, 46.55838625544823]]}, "properties": {"fillColor": "#1B7CBD", "executionState": "Documented", "externalID": "SDIRouteSection_147394536705_1729584215", "userLabel": "_Gr\u00fcnfl\u00e4che"}}, {"type": "Feature", "geometry": {"type": "LineString", "coordinates": [[14.295859560370445, 46.558430807460184], [14.29587883874774, 46.5584091366284]]}, "properties": {"fillColor": "#1B7CBD", "executionState": "Documented", "externalID": "SDIRouteSection_147398051329_1729584213", "userLabel": "_Gr\u00fcnfl\u00e4che"}}, {"type": "Feature", "geometry": {"type": "LineString", "coordinates": [[14.29593357257545, 46.55832579606172], [14.295957377180457, 46.55828349174166]]}, "properties": {"fillColor": "#1B7CBD", "executionState": "Documented", "externalID": "SDIRouteSection_147398768641_1729584217", "userLabel": "_Gr\u00fcnfl\u00e4che"}}, {"type": "Feature", "geometry": {"type": "LineString", "coordinates": [[14.295908343046904, 46.55836833088975], [14.29593357257545, 46.55832579606172]]}, "properties": {"fillColor": "#1B7CBD", "executionState": "Documented", "externalID": "SDIRouteSection_147424230401_1729584216", "userLabel": "_Gr\u00fcnfl\u00e4che"}}, {"type": "Feature", "geometry": {"type": "LineString", "coordinates": [[14.295957377180457, 46.55828349174166], [14.295967854559422, 46.558266662221]]}, "properties": {"fillColor": "#1B7CBD", "executionState": "Documented", "externalID": "SDIRouteSection_147509979649_1729584248", "userLabel": "_Gr\u00fcnfl\u00e4che"}}, {"type": "Feature", "geometry": {"type": "LineString", "coordinates": [[14.295967854559422, 46.558266662221], [14.295977745205164, 46.55825052431953]]}, "properties": {"fillColor": "#1B7CBD", "executionState": "Documented", "externalID": "SDIRouteSection_147514832129_1729584248", "userLabel": "_Gr\u00fcnfl\u00e4che"}}, {"type": "Feature", "geometry": {"type": "LineString", "coordinates": [[14.295982690528035, 46.55823715291183], [14.295978834852576, 46.558228738144976]]}, "properties": {"fillColor": "#1B7CBD", "executionState": "Documented", "externalID": "SDIRouteSection_147516686337_1729584250", "userLabel": "_Gr\u00fcnfl\u00e4che"}}, {"type": "Feature", "geometry": {"type": "LineString", "coordinates": [[14.295977745205164, 46.55825052431953], [14.295982690528035, 46.55823715291183]]}, "properties": {"fillColor": "#1B7CBD", "executionState": "Documented", "externalID": "SDIRouteSection_147517340417_1729584249", "userLabel": "_Gr\u00fcnfl\u00e4che"}}, {"type": "Feature", "geometry": {"type": "LineString", "coordinates": [[14.295977242290974, 46.55822355095927], [14.295996269211173, 46.558167759863835]]}, "properties": {"fillColor": "#1B7CBD", "executionState": "Documented", "externalID": "SDIRouteSection_147518552321_1729584261", "userLabel": "_Bankett"}}, {"type": "Feature", "geometry": {"type": "LineString", "coordinates": [[14.29573274217546, 46.558635008516546], [14.295745231211185, 46.55860959149214]]}, "properties": {"fillColor": "#3B3B3B", "executionState": "Documented", "externalID": "SDIRouteSection_147521154305_1729584264", "userLabel": "_Sp\u00fclbohrung"}}, {"type": "Feature", "geometry": {"type": "LineString", "coordinates": [[14.295996269211173, 46.558167759863835], [14.29600247181952, 46.55812989335419]]}, "properties": {"fillColor": "#1B7CBD", "executionState": "Documented", "externalID": "SDIRouteSection_147539547905_1729584279", "userLabel": "_Bankett"}}, {"type": "Feature", "geometry": {"type": "LineString", "coordinates": [[14.29600247181952, 46.55812989335419], [14.296001382172108, 46.55808171005563]]}, "properties": {"fillColor": "#1B7CBD", "executionState": "Documented", "externalID": "SDIRouteSection_147551098625_1729584280", "userLabel": "_Bankett"}}, {"type": "Feature", "geometry": {"type": "LineString", "coordinates": [[14.296001382172108, 46.55808171005563], [14.295998029410839, 46.55804441984182]]}, "properties": {"fillColor": "#0D15FF", "executionState": "Documented", "externalID": "SDIRouteSection_147564352513_1729584281", "userLabel": "_Gemeindestrasse Asphalt"}}, {"type": "Feature", "geometry": {"type": "LineString", "coordinates": [[14.29591504856944, 46.55822072682463], [14.295896021649241, 46.558218075596045]]}, "properties": {"fillColor": "#958CCF", "executionState": "Documented", "externalID": "SDIRouteSection_147632822785_1729584305", "userLabel": "_Querung offen"}}, {"type": "Feature", "geometry": {"type": "LineString", "coordinates": [[14.290900574997067, 46.56550056956033], [14.290922787040472, 46.56550293229469]]}, "properties": {"fillColor": "#3B3B3B", "executionState": "Documented", "externalID": "SDIRouteSection_147666404609_1729497555", "userLabel": "_Sp\u00fclbohrung"}}, {"type": "Feature", "geometry": {"type": "LineString", "coordinates": [[14.29083963856101, 46.56550391196507], [14.290900574997067, 46.56550056956033]]}, "properties": {"fillColor": "#3B3B3B", "executionState": "Documented", "externalID": "SDIRouteSection_147691717121_1729497556", "userLabel": "_Sp\u00fclbohrung"}}, {"type": "Feature", "geometry": {"type": "LineString", "coordinates": [[14.290757160633802, 46.56550552553966], [14.29083963856101, 46.56550391196507]]}, "properties": {"fillColor": "#3B3B3B", "executionState": "Documented", "externalID": "SDIRouteSection_147701327105_1729497565", "userLabel": "_Sp\u00fclbohrung"}}, {"type": "Feature", "geometry": {"type": "LineString", "coordinates": [[14.2984090000391, 46.55729077163579], [14.29834982380271, 46.55728281781336]]}, "properties": {"fillColor": "#0D15FF", "executionState": "Documented", "externalID": "SDIRouteSection_147827922945_1729584365", "userLabel": "_Gemeindestrasse Asphalt"}}, {"type": "Feature", "geometry": {"type": "LineString", "coordinates": [[14.295744225382805, 46.55521524552813], [14.2957254499197, 46.55526919522609]]}, "properties": {"fillColor": "#3B3B3B", "executionState": "Documented", "externalID": "SDIRouteSection_148026662145_1729584483", "userLabel": "_Pressung"}}, {"type": "Feature", "geometry": {"type": "LineString", "coordinates": [[14.295685552060604, 46.555404760897034], [14.295668955892324, 46.55544879661184]]}, "properties": {"fillColor": "#3B3B3B", "executionState": "Documented", "externalID": "SDIRouteSection_148027012609_1729584478", "userLabel": "_Pressung"}}, {"type": "Feature", "geometry": {"type": "LineString", "coordinates": [[14.295704662799835, 46.55533605588843], [14.295698627829552, 46.55536625843649]]}, "properties": {"fillColor": "#3B3B3B", "executionState": "Documented", "externalID": "SDIRouteSection_148030497281_1729584480", "userLabel": "_Pressung"}}, {"type": "Feature", "geometry": {"type": "LineString", "coordinates": [[14.295668955892324, 46.55544879661184], [14.295658227056265, 46.55547554079817]]}, "properties": {"fillColor": "#3B3B3B", "executionState": "Documented", "externalID": "SDIRouteSection_148030874113_1729584477", "userLabel": "_Pressung"}}, {"type": "Feature", "geometry": {"type": "LineString", "coordinates": [[14.295698627829552, 46.55536625843649], [14.295685552060604, 46.555404760897034]]}, "properties": {"fillColor": "#3B3B3B", "executionState": "Documented", "externalID": "SDIRouteSection_148047821569_1729584479", "userLabel": "_Pressung"}}, {"type": "Feature", "geometry": {"type": "LineString", "coordinates": [[14.2957254499197, 46.55526919522609], [14.295717235654593, 46.5552998589194]]}, "properties": {"fillColor": "#3B3B3B", "executionState": "Documented", "externalID": "SDIRouteSection_148050241281_1729584482", "userLabel": "_Pressung"}}, {"type": "Feature", "geometry": {"type": "LineString", "coordinates": [[14.295717235654593, 46.5552998589194], [14.295704662799835, 46.55533605588843]]}, "properties": {"fillColor": "#3B3B3B", "executionState": "Documented", "externalID": "SDIRouteSection_148062065153_1729584481", "userLabel": "_Pressung"}}, {"type": "Feature", "geometry": {"type": "LineString", "coordinates": [[14.295763336122036, 46.55515922078504], [14.295744225382805, 46.55521524552813]]}, "properties": {"fillColor": "#3B3B3B", "executionState": "Documented", "externalID": "SDIRouteSection_148068298241_1729584485", "userLabel": "_Pressung"}}, {"type": "Feature", "geometry": {"type": "LineString", "coordinates": [[14.295787140727043, 46.55508682658689], [14.295779597014189, 46.55510746124875]]}, "properties": {"fillColor": "#3B3B3B", "executionState": "Documented", "externalID": "SDIRouteSection_148069403393_1729584487", "userLabel": "_Pressung"}}, {"type": "Feature", "geometry": {"type": "LineString", "coordinates": [[14.295779597014189, 46.55510746124875], [14.295763336122036, 46.55515922078504]]}, "properties": {"fillColor": "#3B3B3B", "executionState": "Documented", "externalID": "SDIRouteSection_148071445505_1729584486", "userLabel": "_Pressung"}}, {"type": "Feature", "geometry": {"type": "LineString", "coordinates": [[14.295804910361767, 46.555036680867545], [14.295795522630215, 46.55506815163474]]}, "properties": {"fillColor": "#3B3B3B", "executionState": "Documented", "externalID": "SDIRouteSection_148124616449_1729584515", "userLabel": "_Pressung"}}, {"type": "Feature", "geometry": {"type": "LineString", "coordinates": [[14.295795522630215, 46.55506815163474], [14.295787140727043, 46.55508682658689]]}, "properties": {"fillColor": "#3B3B3B", "executionState": "Documented", "externalID": "SDIRouteSection_148127640577_1729584514", "userLabel": "_Pressung"}}, {"type": "Feature", "geometry": {"type": "LineString", "coordinates": [[14.29581580683589, 46.55499287537364], [14.295804910361767, 46.555036680867545]]}, "properties": {"fillColor": "#3B3B3B", "executionState": "Documented", "externalID": "SDIRouteSection_148136893953_1729584516", "userLabel": "_Pressung"}}, {"type": "Feature", "geometry": {"type": "LineString", "coordinates": [[14.29148554801941, 46.565626370617025], [14.291475992649794, 46.565599977199156]]}, "properties": {"fillColor": "#1B7CBD", "executionState": "Documented", "externalID": "SDIRouteSection_148294443777_1729497726", "userLabel": "_Bankett"}}, {"type": "Feature", "geometry": {"type": "LineString", "coordinates": [[14.291492253541946, 46.56555295308661], [14.291502479463816, 46.56552258332559]]}, "properties": {"fillColor": "#1B7CBD", "executionState": "Documented", "externalID": "SDIRouteSection_148296323329_1729497723", "userLabel": "_Bankett"}}, {"type": "Feature", "geometry": {"type": "LineString", "coordinates": [[14.291501305997372, 46.565662099677525], [14.29148554801941, 46.565626370617025]]}, "properties": {"fillColor": "#0D15FF", "executionState": "Documented", "externalID": "SDIRouteSection_148300676865_1729497727", "userLabel": "_Gemeindestrasse Asphalt"}}, {"type": "Feature", "geometry": {"type": "LineString", "coordinates": [[14.291475992649794, 46.565599977199156], [14.291492253541946, 46.56555295308661]]}, "properties": {"fillColor": "#0D15FF", "executionState": "Documented", "externalID": "SDIRouteSection_148301581313_1729497724", "userLabel": "_Gemeindestrasse Asphalt"}}, {"type": "Feature", "geometry": {"type": "LineString", "coordinates": [[14.291502479463816, 46.56552258332559], [14.291504826396704, 46.56550177974134]]}, "properties": {"fillColor": "#0D15FF", "executionState": "Documented", "externalID": "SDIRouteSection_148331415041_1729497737", "userLabel": "_Gemeindestrasse Asphalt"}}, {"type": "Feature", "geometry": {"type": "LineString", "coordinates": [[14.294482748955488, 46.55614068291578], [14.294502530246973, 46.55610961623407]]}, "properties": {"fillColor": "#958CCF", "executionState": "Documented", "externalID": "SDIRouteSection_148377064705_1729584650", "userLabel": "_Querung offen"}}, {"type": "Feature", "geometry": {"type": "LineString", "coordinates": [[14.294128948822618, 46.556025177018626], [14.294133055955172, 46.556026848512886]]}, "properties": {"fillColor": "#0D15FF", "executionState": "Documented", "externalID": "SDIRouteSection_148414451457_1729584618", "userLabel": "_Gemeindestrasse Asphalt"}}, {"type": "Feature", "geometry": {"type": "LineString", "coordinates": [[14.294128948822618, 46.556025177018626], [14.294126350432634, 46.55603045087105]]}, "properties": {"fillColor": "#958CCF", "executionState": "Documented", "externalID": "SDIRouteSection_148423940353_1729584639", "userLabel": "_Querung offen"}}, {"type": "Feature", "geometry": {"type": "LineString", "coordinates": [[14.294482748955488, 46.55614068291578], [14.29449263960123, 46.556144285266384]]}, "properties": {"fillColor": "#0D15FF", "executionState": "Documented", "externalID": "SDIRouteSection_148429916161_1729584635", "userLabel": "_Gemeindestrasse Asphalt"}}, {"type": "Feature", "geometry": {"type": "LineString", "coordinates": [[14.294364312663674, 46.55610223861501], [14.294403791427612, 46.55611428488311]]}, "properties": {"fillColor": "#0D15FF", "executionState": "Documented", "externalID": "SDIRouteSection_148431002881_1729584624", "userLabel": "_Gemeindestrasse Asphalt"}}, {"type": "Feature", "geometry": {"type": "LineString", "coordinates": [[14.294506888836622, 46.55614863690562], [14.29451409727335, 46.55615062540289]]}, "properties": {"fillColor": "#0D15FF", "executionState": "Documented", "externalID": "SDIRouteSection_148493186561_1729584665", "userLabel": "_Gemeindestrasse Asphalt"}}, {"type": "Feature", "geometry": {"type": "LineString", "coordinates": [[14.294506888836622, 46.55614863690562], [14.294501524418592, 46.55615509231683]]}, "properties": {"fillColor": "#958CCF", "executionState": "Documented", "externalID": "SDIRouteSection_148494776065_1729584668", "userLabel": "_Querung offen"}}, {"type": "Feature", "geometry": {"type": "LineString", "coordinates": [[14.294511205516756, 46.55610065357956], [14.294513757895388, 46.55609745468965], [14.294517785254351, 46.555991862427256]]}, "properties": {"fillColor": "#FE0DFF", "executionState": "Documented", "externalID": "SDIRouteSection_148507813633_1729584677", "userLabel": "_Hausanschluss"}}, {"type": "Feature", "geometry": {"type": "LineString", "coordinates": [[14.294501524418592, 46.55615509231683], [14.294499020343569, 46.55615647561915], [14.294376969337463, 46.55626529528961]]}, "properties": {"fillColor": "#FE0DFF", "executionState": "Documented", "externalID": "SDIRouteSection_148508092417_1729584678", "userLabel": "_Hausanschluss"}}, {"type": "Feature", "geometry": {"type": "LineString", "coordinates": [[14.294126350432634, 46.55603045087105], [14.294125845829436, 46.55603151716904], [14.29416507494711, 46.55616385327796]]}, "properties": {"fillColor": "#FE0DFF", "executionState": "Documented", "externalID": "SDIRouteSection_148513184769_1729584675", "userLabel": "_Hausanschluss"}}, {"type": "Feature", "geometry": {"type": "LineString", "coordinates": [[14.291473645716906, 46.56579671734562], [14.291471298784018, 46.56581901912742]]}, "properties": {"fillColor": "#1B7CBD", "executionState": "Documented", "externalID": "SDIRouteSection_148549023489_1729497788", "userLabel": "_Bankett"}}, {"type": "Feature", "geometry": {"type": "LineString", "coordinates": [[14.291480854153633, 46.56578265626922], [14.291473645716906, 46.56579671734562]]}, "properties": {"fillColor": "#1B7CBD", "executionState": "Documented", "externalID": "SDIRouteSection_148571542273_1729497791", "userLabel": "_Bankett"}}, {"type": "Feature", "geometry": {"type": "LineString", "coordinates": [[14.291485296562314, 46.56577009350113], [14.291480854153633, 46.56578265626922]]}, "properties": {"fillColor": "#1B7CBD", "executionState": "Documented", "externalID": "SDIRouteSection_148587698177_1729497792", "userLabel": "_Bankett"}}, {"type": "Feature", "geometry": {"type": "LineString", "coordinates": [[14.28794838488102, 46.56498232145276], [14.287982834503055, 46.56499082161457]]}, "properties": {"fillColor": "#1B7CBD", "executionState": "Documented", "externalID": "SDIRouteSection_148690007809_1729243980", "userLabel": "_Bankett"}}, {"type": "Feature", "geometry": {"type": "LineString", "coordinates": [[14.29402886889875, 46.55599526302612], [14.294053092598915, 46.5560015167234]]}, "properties": {"fillColor": "#0D15FF", "executionState": "Documented", "externalID": "SDIRouteSection_148715726081_1729584747", "userLabel": "_Gemeindestrasse Asphalt"}}, {"type": "Feature", "geometry": {"type": "LineString", "coordinates": [[14.294053092598915, 46.5560015167234], [14.294105730950832, 46.55601779938809]]}, "properties": {"fillColor": "#0D15FF", "executionState": "Documented", "externalID": "SDIRouteSection_148716891905_1729584748", "userLabel": "_Gemeindestrasse Asphalt"}}, {"type": "Feature", "geometry": {"type": "LineString", "coordinates": [[14.294105730950832, 46.55601779938809], [14.294128948822618, 46.556025177018626]]}, "properties": {"fillColor": "#0D15FF", "executionState": "Documented", "externalID": "SDIRouteSection_148823589377_1729584749", "userLabel": "_Gemeindestrasse Asphalt"}}, {"type": "Feature", "geometry": {"type": "LineString", "coordinates": [[14.294244535267353, 46.55606310263471], [14.294272237457335, 46.55607042262139]]}, "properties": {"fillColor": "#0D15FF", "executionState": "Documented", "externalID": "SDIRouteSection_148824359425_1729584753", "userLabel": "_Gemeindestrasse Asphalt"}}, {"type": "Feature", "geometry": {"type": "LineString", "coordinates": [[14.294161973521113, 46.556036387556816], [14.294204008765519, 46.55605047997818]]}, "properties": {"fillColor": "#0D15FF", "executionState": "Documented", "externalID": "SDIRouteSection_148825261569_1729584751", "userLabel": "_Gemeindestrasse Asphalt"}}, {"type": "Feature", "geometry": {"type": "LineString", "coordinates": [[14.294272237457335, 46.55607042262139], [14.29432479199022, 46.556088434395434]]}, "properties": {"fillColor": "#0D15FF", "executionState": "Documented", "externalID": "SDIRouteSection_148829325057_1729584754", "userLabel": "_Gemeindestrasse Asphalt"}}, {"type": "Feature", "geometry": {"type": "LineString", "coordinates": [[14.294204008765519, 46.55605047997818], [14.294244535267353, 46.55606310263471]]}, "properties": {"fillColor": "#0D15FF", "executionState": "Documented", "externalID": "SDIRouteSection_148835812609_1729584752", "userLabel": "_Gemeindestrasse Asphalt"}}, {"type": "Feature", "geometry": {"type": "LineString", "coordinates": [[14.29432479199022, 46.556088434395434], [14.294364312663674, 46.55610223861501]]}, "properties": {"fillColor": "#0D15FF", "executionState": "Documented", "externalID": "SDIRouteSection_148843667201_1729584755", "userLabel": "_Gemeindestrasse Asphalt"}}, {"type": "Feature", "geometry": {"type": "LineString", "coordinates": [[14.294437486678362, 46.556126849887164], [14.294473067857325, 46.55613777221629]]}, "properties": {"fillColor": "#0D15FF", "executionState": "Documented", "externalID": "SDIRouteSection_148945704449_1729584846", "userLabel": "_Gemeindestrasse Asphalt"}}, {"type": "Feature", "geometry": {"type": "LineString", "coordinates": [[14.294473067857325, 46.55613777221629], [14.294482748955488, 46.55614068291578]]}, "properties": {"fillColor": "#0D15FF", "executionState": "Documented", "externalID": "SDIRouteSection_149040325121_1729584847", "userLabel": "_Gemeindestrasse Asphalt"}}, {"type": "Feature", "geometry": {"type": "LineString", "coordinates": [[14.294403791427612, 46.55611428488311], [14.294437486678362, 46.556126849887164]]}, "properties": {"fillColor": "#0D15FF", "executionState": "Documented", "externalID": "SDIRouteSection_149043445505_1729584845", "userLabel": "_Gemeindestrasse Asphalt"}}, {"type": "Feature", "geometry": {"type": "LineString", "coordinates": [[14.294502530246973, 46.55610961623407], [14.294511205516756, 46.55610065357956]]}, "properties": {"fillColor": "#958CCF", "executionState": "Documented", "externalID": "SDIRouteSection_149069188865_1729584861", "userLabel": "_Querung offen"}}, {"type": "Feature", "geometry": {"type": "LineString", "coordinates": [[14.29449263960123, 46.556144285266384], [14.294506888836622, 46.55614863690562]]}, "properties": {"fillColor": "#0D15FF", "executionState": "Documented", "externalID": "SDIRouteSection_149095140609_1729584876", "userLabel": "_Gemeindestrasse Asphalt"}}, {"type": "Feature", "geometry": {"type": "LineString", "coordinates": [[14.294703863561153, 46.556214257277446], [14.294745186343789, 46.556227946190006]]}, "properties": {"fillColor": "#0D15FF", "executionState": "Documented", "externalID": "SDIRouteSection_149096358145_1729584885", "userLabel": "_Gemeindestrasse Asphalt"}}, {"type": "Feature", "geometry": {"type": "LineString", "coordinates": [[14.294550349004567, 46.556162959848194], [14.294568495824933, 46.55616823368726]]}, "properties": {"fillColor": "#0D15FF", "executionState": "Documented", "externalID": "SDIRouteSection_149096495617_1729584882", "userLabel": "_Gemeindestrasse Asphalt"}}, {"type": "Feature", "geometry": {"type": "LineString", "coordinates": [[14.294661744497716, 46.55619944442927], [14.294703863561153, 46.556214257277446]]}, "properties": {"fillColor": "#0D15FF", "executionState": "Documented", "externalID": "SDIRouteSection_149104200705_1729584885", "userLabel": "_Gemeindestrasse Asphalt"}}, {"type": "Feature", "geometry": {"type": "LineString", "coordinates": [[14.29451409727335, 46.55615062540289], [14.294550349004567, 46.556162959848194]]}, "properties": {"fillColor": "#0D15FF", "executionState": "Documented", "externalID": "SDIRouteSection_149105060353_1729584879", "userLabel": "_Gemeindestrasse Asphalt"}}, {"type": "Feature", "geometry": {"type": "LineString", "coordinates": [[14.294630941003561, 46.55619065470228], [14.294661744497716, 46.55619944442927]]}, "properties": {"fillColor": "#0D15FF", "executionState": "Documented", "externalID": "SDIRouteSection_149106084609_1729584886", "userLabel": "_Gemeindestrasse Asphalt"}}, {"type": "Feature", "geometry": {"type": "LineString", "coordinates": [[14.287656946107745, 46.56530238764279], [14.287596344947817, 46.565301177457314]]}, "properties": {"fillColor": "#3B3B3B", "executionState": "Documented", "externalID": "SDIRouteSection_149135526913_1729244072", "userLabel": "_Pressung"}}, {"type": "Feature", "geometry": {"type": "LineString", "coordinates": [[14.287596344947817, 46.565301177457314], [14.287592321634294, 46.565297258761234], [14.287462739101093, 46.56517870378404]]}, "properties": {"fillColor": "#FE0DFF", "executionState": "Documented", "externalID": "SDIRouteSection_149221728257_1729244085", "userLabel": "_Hausanschluss"}}, {"type": "Feature", "geometry": {"type": "LineString", "coordinates": [[14.294568495824933, 46.55616823368726], [14.29458299651742, 46.55617215304272]]}, "properties": {"fillColor": "#0D15FF", "executionState": "Documented", "externalID": "SDIRouteSection_149252147713_1729584940", "userLabel": "_Gemeindestrasse Asphalt"}}, {"type": "Feature", "geometry": {"type": "LineString", "coordinates": [[14.294832777231932, 46.55621572703458], [14.294840998976898, 46.55620765777947], [14.294925481032529, 46.55613987601866]]}, "properties": {"fillColor": "#FE0DFF", "executionState": "Documented", "externalID": "SDIRouteSection_149254648577_1729584992", "userLabel": "_Hausanschluss"}}, {"type": "Feature", "geometry": {"type": "LineString", "coordinates": [[14.294808469712734, 46.55624644783052], [14.294832777231932, 46.55621572703458]]}, "properties": {"fillColor": "#958CCF", "executionState": "Documented", "externalID": "SDIRouteSection_149255151361_1729584988", "userLabel": "_Querung offen"}}, {"type": "Feature", "geometry": {"type": "LineString", "coordinates": [[14.294568495824933, 46.55616823368726], [14.294565813615918, 46.55617428563309]]}, "properties": {"fillColor": "#958CCF", "executionState": "Documented", "externalID": "SDIRouteSection_149268708353_1729584944", "userLabel": "_Querung offen"}}, {"type": "Feature", "geometry": {"type": "LineString", "coordinates": [[14.294565813615918, 46.55617428563309], [14.294564715523544, 46.55617676404882], [14.294578135013582, 46.55635382638595]]}, "properties": {"fillColor": "#FE0DFF", "executionState": "Documented", "externalID": "SDIRouteSection_149274873345_1729584953", "userLabel": "_Hausanschluss"}}, {"type": "Feature", "geometry": {"type": "LineString", "coordinates": [[14.294808469712734, 46.55624644783052], [14.29481266066432, 46.556247312393]]}, "properties": {"fillColor": "#0D15FF", "executionState": "Documented", "externalID": "SDIRouteSection_149312380673_1729584985", "userLabel": "_Gemeindestrasse Asphalt"}}, {"type": "Feature", "geometry": {"type": "LineString", "coordinates": [[14.287670608609915, 46.56525461410919], [14.287657323293388, 46.56529930455113]]}, "properties": {"fillColor": "#3B3B3B", "executionState": "Documented", "externalID": "SDIRouteSection_149330859521_1729244137", "userLabel": "_Sp\u00fclbohrung"}}, {"type": "Feature", "geometry": {"type": "LineString", "coordinates": [[14.287847466766834, 46.56505020745354], [14.287783177569509, 46.565077580816904]]}, "properties": {"fillColor": "#1B7CBD", "executionState": "Documented", "externalID": "SDIRouteSection_149334299649_1729244151", "userLabel": "_Bankett"}}, {"type": "Feature", "geometry": {"type": "LineString", "coordinates": [[14.287685360759497, 46.565208223605055], [14.287670608609915, 46.56525461410919]]}, "properties": {"fillColor": "#3B3B3B", "executionState": "Documented", "externalID": "SDIRouteSection_149335743745_1729244138", "userLabel": "_Sp\u00fclbohrung"}}, {"type": "Feature", "geometry": {"type": "LineString", "coordinates": [[14.294872591271996, 46.55627255761152], [14.294886253774166, 46.55627659223441]]}, "properties": {"fillColor": "#0D15FF", "executionState": "Documented", "externalID": "SDIRouteSection_149346590721_1729585045", "userLabel": "_Gemeindestrasse Asphalt"}}, {"type": "Feature", "geometry": {"type": "LineString", "coordinates": [[14.287783177569509, 46.565077580816904], [14.287744453176856, 46.565121435797636]]}, "properties": {"fillColor": "#3B3B3B", "executionState": "Documented", "externalID": "SDIRouteSection_149407184641_1729244150", "userLabel": "_Sp\u00fclbohrung"}}, {"type": "Feature", "geometry": {"type": "LineString", "coordinates": [[14.29458299651742, 46.55617215304272], [14.29461132735014, 46.5561833347318]]}, "properties": {"fillColor": "#0D15FF", "executionState": "Documented", "externalID": "SDIRouteSection_149413417473_1729585035", "userLabel": "_Gemeindestrasse Asphalt"}}, {"type": "Feature", "geometry": {"type": "LineString", "coordinates": [[14.287914354354143, 46.565030729136026], [14.287847466766834, 46.56505020745354]]}, "properties": {"fillColor": "#1B7CBD", "executionState": "Documented", "externalID": "SDIRouteSection_149416444673_1729244160", "userLabel": "_Bankett"}}, {"type": "Feature", "geometry": {"type": "LineString", "coordinates": [[14.294745186343789, 46.556227946190006], [14.294778881594539, 46.55623889731757]]}, "properties": {"fillColor": "#0D15FF", "executionState": "Documented", "externalID": "SDIRouteSection_149443605505_1729585029", "userLabel": "_Gemeindestrasse Asphalt"}}, {"type": "Feature", "geometry": {"type": "LineString", "coordinates": [[14.294778881594539, 46.55623889731757], [14.294808469712734, 46.55624644783052]]}, "properties": {"fillColor": "#0D15FF", "executionState": "Documented", "externalID": "SDIRouteSection_149447612161_1729585028", "userLabel": "_Gemeindestrasse Asphalt"}}, {"type": "Feature", "geometry": {"type": "LineString", "coordinates": [[14.294846775010228, 46.55626229814061], [14.294872591271996, 46.55627255761152]]}, "properties": {"fillColor": "#0D15FF", "executionState": "Documented", "externalID": "SDIRouteSection_149459318529_1729585045", "userLabel": "_Gemeindestrasse Asphalt"}}, {"type": "Feature", "geometry": {"type": "LineString", "coordinates": [[14.29461132735014, 46.5561833347318], [14.294630941003561, 46.55619065470228]]}, "properties": {"fillColor": "#0D15FF", "executionState": "Documented", "externalID": "SDIRouteSection_149463362561_1729585038", "userLabel": "_Gemeindestrasse Asphalt"}}, {"type": "Feature", "geometry": {"type": "LineString", "coordinates": [[14.29481266066432, 46.556247312393], [14.294846775010228, 46.55626229814061]]}, "properties": {"fillColor": "#0D15FF", "executionState": "Documented", "externalID": "SDIRouteSection_149469817857_1729585042", "userLabel": "_Gemeindestrasse Asphalt"}}, {"type": "Feature", "geometry": {"type": "LineString", "coordinates": [[14.295167634263635, 46.556355339367315], [14.295174444559962, 46.55635974862699]]}, "properties": {"fillColor": "#958CCF", "executionState": "Documented", "externalID": "SDIRouteSection_149612745217_1729585128", "userLabel": "_Querung offen"}}, {"type": "Feature", "geometry": {"type": "LineString", "coordinates": [[14.295167634263635, 46.556355339367315], [14.29517861455679, 46.55635382638596]]}, "properties": {"fillColor": "#958CCF", "executionState": "Documented", "externalID": "SDIRouteSection_149612869633_1729585124", "userLabel": "_Querung offen"}}, {"type": "Feature", "geometry": {"type": "LineString", "coordinates": [[14.295174444559962, 46.55635974862699], [14.295175595382643, 46.55636097342129], [14.295048862695696, 46.55645434589319]]}, "properties": {"fillColor": "#FE0DFF", "executionState": "Documented", "externalID": "SDIRouteSection_149700587009_1729585151", "userLabel": "_Hausanschluss"}}, {"type": "Feature", "geometry": {"type": "LineString", "coordinates": [[14.296654164791107, 46.55624592909305], [14.296654500067234, 46.55622091441222]]}, "properties": {"fillColor": "#0D15FF", "executionState": "Documented", "externalID": "SDIRouteSection_149711556865_1734348603", "userLabel": "_Gemeindestrasse Asphalt"}}, {"type": "Feature", "geometry": {"type": "LineString", "coordinates": [[14.287982834503055, 46.56499082161457], [14.2880651447922, 46.56499168603773]]}, "properties": {"fillColor": "#1B7CBD", "executionState": "Documented", "externalID": "SDIRouteSection_149725376001_1729244216", "userLabel": "_Bankett"}}, {"type": "Feature", "geometry": {"type": "LineString", "coordinates": [[14.288170379586518, 46.564990677544046], [14.288232615217566, 46.56498958260801]]}, "properties": {"fillColor": "#1B7CBD", "executionState": "Documented", "externalID": "SDIRouteSection_149732320001_1729244219", "userLabel": "_Bankett"}}, {"type": "Feature", "geometry": {"type": "LineString", "coordinates": [[14.2880651447922, 46.56499168603773], [14.28811501711607, 46.56498837241557]]}, "properties": {"fillColor": "#1B7CBD", "executionState": "Documented", "externalID": "SDIRouteSection_149734916097_1729244218", "userLabel": "_Bankett"}}, {"type": "Feature", "geometry": {"type": "LineString", "coordinates": [[14.29490846581757, 46.55628270180563], [14.29493143223226, 46.556286217690655]]}, "properties": {"fillColor": "#0D15FF", "executionState": "Documented", "externalID": "SDIRouteSection_149746357249_1729585183", "userLabel": "_Gemeindestrasse Asphalt"}}, {"type": "Feature", "geometry": {"type": "LineString", "coordinates": [[14.295028578490019, 46.556313307288804], [14.295045426115394, 46.55631768773321]]}, "properties": {"fillColor": "#0D15FF", "executionState": "Documented", "externalID": "SDIRouteSection_149749237505_1729585186", "userLabel": "_Gemeindestrasse Asphalt"}}, {"type": "Feature", "geometry": {"type": "LineString", "coordinates": [[14.29493143223226, 46.556286217690655], [14.294959930703044, 46.55629388347191]]}, "properties": {"fillColor": "#0D15FF", "executionState": "Documented", "externalID": "SDIRouteSection_149749354497_1729585184", "userLabel": "_Gemeindestrasse Asphalt"}}, {"type": "Feature", "geometry": {"type": "LineString", "coordinates": [[14.294959930703044, 46.55629388347191], [14.294995469972491, 46.55630293255069]]}, "properties": {"fillColor": "#0D15FF", "executionState": "Documented", "externalID": "SDIRouteSection_149764806401_1729585184", "userLabel": "_Gemeindestrasse Asphalt"}}, {"type": "Feature", "geometry": {"type": "LineString", "coordinates": [[14.294995469972491, 46.55630293255069], [14.295028578490019, 46.556313307288804]]}, "properties": {"fillColor": "#0D15FF", "executionState": "Documented", "externalID": "SDIRouteSection_149770345729_1729585185", "userLabel": "_Gemeindestrasse Asphalt"}}, {"type": "Feature", "geometry": {"type": "LineString", "coordinates": [[14.295079540461302, 46.55632875411746], [14.29513368755579, 46.55634535368961]]}, "properties": {"fillColor": "#0D15FF", "executionState": "Documented", "externalID": "SDIRouteSection_149858606337_1729585246", "userLabel": "_Gemeindestrasse Asphalt"}}, {"type": "Feature", "geometry": {"type": "LineString", "coordinates": [[14.291444979608059, 46.564919333771684], [14.291467694565654, 46.56491720152502]]}, "properties": {"fillColor": "#0D15FF", "executionState": "Documented", "externalID": "SDIRouteSection_149864543233_1729498066", "userLabel": "_Gemeindestrasse Asphalt"}}, {"type": "Feature", "geometry": {"type": "LineString", "coordinates": [[14.29506336338818, 46.55632180880886], [14.295079540461302, 46.55632875411746]]}, "properties": {"fillColor": "#0D15FF", "executionState": "Documented", "externalID": "SDIRouteSection_149891675393_1729585247", "userLabel": "_Gemeindestrasse Asphalt"}}, {"type": "Feature", "geometry": {"type": "LineString", "coordinates": [[14.29513368755579, 46.55634535368961], [14.295163967180997, 46.556354244256994]]}, "properties": {"fillColor": "#0D15FF", "executionState": "Documented", "externalID": "SDIRouteSection_149893955841_1729585245", "userLabel": "_Gemeindestrasse Asphalt"}}, {"type": "Feature", "geometry": {"type": "LineString", "coordinates": [[14.291444979608059, 46.564919333771684], [14.291431903839111, 46.56487150227241]]}, "properties": {"fillColor": "#0D15FF", "executionState": "Documented", "externalID": "SDIRouteSection_149911541761_1729498095", "userLabel": "_Gemeindestrasse Asphalt"}}, {"type": "Feature", "geometry": {"type": "LineString", "coordinates": [[14.295163967180997, 46.556354244256994], [14.295167634263635, 46.556355339367315]]}, "properties": {"fillColor": "#0D15FF", "executionState": "Documented", "externalID": "SDIRouteSection_149913055489_1729585254", "userLabel": "_Gemeindestrasse Asphalt"}}, {"type": "Feature", "geometry": {"type": "LineString", "coordinates": [[14.29667193442583, 46.55590448346817], [14.296672102063894, 46.55587497287442]]}, "properties": {"fillColor": "#0D15FF", "executionState": "Documented", "externalID": "SDIRouteSection_150021087745_1734348719", "userLabel": "_Gemeindestrasse Asphalt"}}, {"type": "Feature", "geometry": {"type": "LineString", "coordinates": [[14.288232615217566, 46.56498958260801], [14.28829065989703, 46.56498903514]]}, "properties": {"fillColor": "#1B7CBD", "executionState": "Documented", "externalID": "SDIRouteSection_150138395649_1729244402", "userLabel": "_Bankett"}}, {"type": "Feature", "geometry": {"type": "LineString", "coordinates": [[14.291392094479544, 46.56582477515953], [14.291503904387355, 46.56569892363618]]}, "properties": {"fillColor": "#CC6E84", "executionState": "Documented", "externalID": "SDIRouteSection_150356938241_0", "userLabel": "_Asphaltiert PrStr,IW"}}, {"type": "Feature", "geometry": {"type": "LineString", "coordinates": [[14.288343633525074, 46.564988516486096], [14.288409682922065, 46.564988948697675]]}, "properties": {"fillColor": "#1B7CBD", "executionState": "Documented", "externalID": "SDIRouteSection_150458546945_1729244537", "userLabel": "_Bankett"}}, {"type": "Feature", "geometry": {"type": "LineString", "coordinates": [[14.288409682922065, 46.564988948697675], [14.288499243557453, 46.56498840122964]]}, "properties": {"fillColor": "#1B7CBD", "executionState": "Documented", "externalID": "SDIRouteSection_150459371777_1729244538", "userLabel": "_Bankett"}}, {"type": "Feature", "geometry": {"type": "LineString", "coordinates": [[14.288544380106032, 46.56498701815249], [14.288667133077979, 46.5649839350429]]}, "properties": {"fillColor": "#1B7CBD", "executionState": "Documented", "externalID": "SDIRouteSection_150462444545_1729244541", "userLabel": "_Bankett"}}, {"type": "Feature", "geometry": {"type": "LineString", "coordinates": [[14.288499243557453, 46.56498840122964], [14.288544380106032, 46.56498701815249]]}, "properties": {"fillColor": "#1B7CBD", "executionState": "Documented", "externalID": "SDIRouteSection_150477436161_1729244539", "userLabel": "_Bankett"}}, {"type": "Feature", "geometry": {"type": "LineString", "coordinates": [[14.289022274315357, 46.56497707728448], [14.289049725048244, 46.564976760329245]]}, "properties": {"fillColor": "#1B7CBD", "executionState": "Documented", "externalID": "SDIRouteSection_150630295041_1729244609", "userLabel": "_Bankett"}}, {"type": "Feature", "geometry": {"type": "LineString", "coordinates": [[14.289088994264603, 46.564968433049984], [14.289102300535887, 46.5649622956426]]}, "properties": {"fillColor": "#1B7CBD", "executionState": "Documented", "externalID": "SDIRouteSection_150636748545_1729244610", "userLabel": "_Bankett"}}, {"type": "Feature", "geometry": {"type": "LineString", "coordinates": [[14.289088994264603, 46.564968433049984], [14.289084635674953, 46.56495402598935]]}, "properties": {"fillColor": "#3B3B3B", "executionState": "Documented", "externalID": "SDIRouteSection_150641879041_1729244617", "userLabel": "_Pressung"}}, {"type": "Feature", "geometry": {"type": "LineString", "coordinates": [[14.289022274315357, 46.56497707728448], [14.289023028686643, 46.56502064420559]]}, "properties": {"fillColor": "#958CCF", "executionState": "Documented", "externalID": "SDIRouteSection_150643718913_1729244614", "userLabel": "_Querung offen"}}, {"type": "Feature", "geometry": {"type": "LineString", "coordinates": [[14.294960182160139, 46.55709803520429], [14.295028578490019, 46.55713065750726]]}, "properties": {"fillColor": "#1B7CBD", "executionState": "Documented", "externalID": "SDIRouteSection_150643928833_1729585567", "userLabel": "_Bankett"}}, {"type": "Feature", "geometry": {"type": "LineString", "coordinates": [[14.29491626098752, 46.55707313618953], [14.294960182160139, 46.55709803520429]]}, "properties": {"fillColor": "#1B7CBD", "executionState": "Documented", "externalID": "SDIRouteSection_150650163457_1729585566", "userLabel": "_Bankett"}}, {"type": "Feature", "geometry": {"type": "LineString", "coordinates": [[14.294789023697376, 46.55699175321894], [14.294798579066992, 46.55699878489688]]}, "properties": {"fillColor": "#1B7CBD", "executionState": "Documented", "externalID": "SDIRouteSection_150677368065_1729585581", "userLabel": "_Bankett"}}, {"type": "Feature", "geometry": {"type": "LineString", "coordinates": [[14.289023028686643, 46.56502064420559], [14.289020597934725, 46.56502686804859], [14.288942813816895, 46.56514258513777]]}, "properties": {"fillColor": "#FE0DFF", "executionState": "Documented", "externalID": "SDIRouteSection_150682617089_1729244622", "userLabel": "_Hausanschluss"}}, {"type": "Feature", "geometry": {"type": "LineString", "coordinates": [[14.289084635674953, 46.56495402598935], [14.289067536592485, 46.56491068952795], [14.289021976816883, 46.564841875148836]]}, "properties": {"fillColor": "#FE0DFF", "executionState": "Documented", "externalID": "SDIRouteSection_150691288321_1729244624", "userLabel": "_Hausanschluss"}}, {"type": "Feature", "geometry": {"type": "LineString", "coordinates": [[14.294789023697376, 46.55699175321894], [14.29482439532876, 46.55696085993472]]}, "properties": {"fillColor": "#958CCF", "executionState": "Documented", "externalID": "SDIRouteSection_150711330561_1729585584", "userLabel": "_Querung offen"}}, {"type": "Feature", "geometry": {"type": "LineString", "coordinates": [[14.293313096277416, 46.56438500166334], [14.293343564495444, 46.564359875476896]]}, "properties": {"fillColor": "#3B3B3B", "executionState": "Documented", "externalID": "SDIRouteSection_150720321025_0", "userLabel": "_Sp\u00fclbohrung"}}, {"type": "Feature", "geometry": {"type": "LineString", "coordinates": [[14.293877072632313, 46.56392558248919], [14.293874557863, 46.56392719611337], [14.29362595074563, 46.56399277828464]]}, "properties": {"fillColor": "#FE0DFF", "executionState": "Documented", "externalID": "SDIRouteSection_150788524033_1709045840", "userLabel": "_Hausanschluss"}}, {"type": "Feature", "geometry": {"type": "LineString", "coordinates": [[14.29482439532876, 46.55696085993472], [14.294831620172886, 46.55695048532038], [14.29490536444573, 46.55677342485773]]}, "properties": {"fillColor": "#FE0DFF", "executionState": "Documented", "externalID": "SDIRouteSection_150854849025_1729585620", "userLabel": "_Hausanschluss"}}, {"type": "Feature", "geometry": {"type": "LineString", "coordinates": [[14.294296335428953, 46.556662300796404], [14.294344782829285, 46.55667959191098]]}, "properties": {"fillColor": "#1B7CBD", "executionState": "Documented", "externalID": "SDIRouteSection_150857599233_1729585696", "userLabel": "_Bankett"}}, {"type": "Feature", "geometry": {"type": "LineString", "coordinates": [[14.289075583219528, 46.56497506029655], [14.289088994264603, 46.564968433049984]]}, "properties": {"fillColor": "#1B7CBD", "executionState": "Documented", "externalID": "SDIRouteSection_150886620161_1729244677", "userLabel": "_Bankett"}}, {"type": "Feature", "geometry": {"type": "LineString", "coordinates": [[14.294823221862316, 46.557014577350486], [14.294856581836939, 46.557034750186034]]}, "properties": {"fillColor": "#1B7CBD", "executionState": "Documented", "externalID": "SDIRouteSection_150928867329_1729585657", "userLabel": "_Bankett"}}, {"type": "Feature", "geometry": {"type": "LineString", "coordinates": [[14.294798579066992, 46.55699878489688], [14.294823221862316, 46.557014577350486]]}, "properties": {"fillColor": "#1B7CBD", "executionState": "Documented", "externalID": "SDIRouteSection_150939935489_1729585658", "userLabel": "_Bankett"}}, {"type": "Feature", "geometry": {"type": "LineString", "coordinates": [[14.294884074479342, 46.557054000827804], [14.294893462210894, 46.55705780484601]]}, "properties": {"fillColor": "#1B7CBD", "executionState": "Documented", "externalID": "SDIRouteSection_150940058113_1729585655", "userLabel": "_Bankett"}}, {"type": "Feature", "geometry": {"type": "LineString", "coordinates": [[14.28895060904324, 46.56497938241347], [14.289011126384139, 46.56497681795747]]}, "properties": {"fillColor": "#1B7CBD", "executionState": "Documented", "externalID": "SDIRouteSection_150946272001_1729244699", "userLabel": "_Bankett"}}, {"type": "Feature", "geometry": {"type": "LineString", "coordinates": [[14.294856581836939, 46.557034750186034], [14.294884074479342, 46.557054000827804]]}, "properties": {"fillColor": "#1B7CBD", "executionState": "Documented", "externalID": "SDIRouteSection_150950888193_1729585656", "userLabel": "_Bankett"}}, {"type": "Feature", "geometry": {"type": "LineString", "coordinates": [[14.288667133077979, 46.5649839350429], [14.288747264072299, 46.56498335876074]]}, "properties": {"fillColor": "#1B7CBD", "executionState": "Documented", "externalID": "SDIRouteSection_150977970433_1729244713", "userLabel": "_Bankett"}}, {"type": "Feature", "geometry": {"type": "LineString", "coordinates": [[14.294690452516079, 46.55692766116189], [14.294729847460985, 46.55694725766219]]}, "properties": {"fillColor": "#1B7CBD", "executionState": "Documented", "externalID": "SDIRouteSection_150996539649_1729585675", "userLabel": "_Bankett"}}, {"type": "Feature", "geometry": {"type": "LineString", "coordinates": [[14.294729847460985, 46.55694725766219], [14.294789023697376, 46.55699175321894]]}, "properties": {"fillColor": "#1B7CBD", "executionState": "Documented", "externalID": "SDIRouteSection_151000206849_1729585674", "userLabel": "_Bankett"}}, {"type": "Feature", "geometry": {"type": "LineString", "coordinates": [[14.29465675726533, 46.55689722893564], [14.294690452516079, 46.55692766116189]]}, "properties": {"fillColor": "#0D15FF", "executionState": "Documented", "externalID": "SDIRouteSection_151019473153_1729585675", "userLabel": "_Gemeindestrasse Asphalt"}}, {"type": "Feature", "geometry": {"type": "LineString", "coordinates": [[14.294462632387877, 46.55674068713844], [14.294487610459328, 46.55675567274977]]}, "properties": {"fillColor": "#1B7CBD", "executionState": "Documented", "externalID": "SDIRouteSection_151033591297_1729585692", "userLabel": "_Bankett"}}, {"type": "Feature", "geometry": {"type": "LineString", "coordinates": [[14.294560365378857, 46.55680996673766], [14.29457763209939, 46.556831292386846], [14.29457863792777, 46.55682794944781]]}, "properties": {"fillColor": "#0D15FF", "executionState": "Documented", "externalID": "SDIRouteSection_151045634305_1729585689", "userLabel": "_Gemeindestrasse Asphalt"}}, {"type": "Feature", "geometry": {"type": "LineString", "coordinates": [[14.294526167213917, 46.55678368430446], [14.294560365378857, 46.55680996673766]]}, "properties": {"fillColor": "#1B7CBD", "executionState": "Documented", "externalID": "SDIRouteSection_151048152833_1729585690", "userLabel": "_Bankett"}}, {"type": "Feature", "geometry": {"type": "LineString", "coordinates": [[14.294259622693062, 46.556650081738724], [14.294296335428953, 46.556662300796404]]}, "properties": {"fillColor": "#1B7CBD", "executionState": "Documented", "externalID": "SDIRouteSection_151051382273_1729585697", "userLabel": "_Bankett"}}, {"type": "Feature", "geometry": {"type": "LineString", "coordinates": [[14.294013027101755, 46.556571695265774], [14.294060803949833, 46.55658852531218]]}, "properties": {"fillColor": "#1B7CBD", "executionState": "Documented", "externalID": "SDIRouteSection_151057374209_1729585701", "userLabel": "_Bankett"}}, {"type": "Feature", "geometry": {"type": "LineString", "coordinates": [[14.294515941292048, 46.55677377075176], [14.294526167213917, 46.55678368430446]]}, "properties": {"fillColor": "#1B7CBD", "executionState": "Documented", "externalID": "SDIRouteSection_151058508033_1729585691", "userLabel": "_Bankett"}}, {"type": "Feature", "geometry": {"type": "LineString", "coordinates": [[14.294344782829285, 46.55667959191098], [14.294390380382538, 46.55670011069316]]}, "properties": {"fillColor": "#1B7CBD", "executionState": "Documented", "externalID": "SDIRouteSection_151061344513_1729585695", "userLabel": "_Bankett"}}, {"type": "Feature", "geometry": {"type": "LineString", "coordinates": [[14.294420387595892, 46.55671405884965], [14.294442012906075, 46.55672720008471]]}, "properties": {"fillColor": "#1B7CBD", "executionState": "Documented", "externalID": "SDIRouteSection_151061482497_1729585693", "userLabel": "_Bankett"}}, {"type": "Feature", "geometry": {"type": "LineString", "coordinates": [[14.294487610459328, 46.55675567274977], [14.294515941292048, 46.55677377075176]]}, "properties": {"fillColor": "#1B7CBD", "executionState": "Documented", "externalID": "SDIRouteSection_151062133249_1729585692", "userLabel": "_Bankett"}}, {"type": "Feature", "geometry": {"type": "LineString", "coordinates": [[14.294390380382538, 46.55670011069316], [14.294420387595892, 46.55671405884965]]}, "properties": {"fillColor": "#1B7CBD", "executionState": "Documented", "externalID": "SDIRouteSection_151067805953_1729585694", "userLabel": "_Bankett"}}, {"type": "Feature", "geometry": {"type": "LineString", "coordinates": [[14.294060803949833, 46.55658852531218], [14.294109754264355, 46.55660201240036]]}, "properties": {"fillColor": "#1B7CBD", "executionState": "Documented", "externalID": "SDIRouteSection_151068988673_1729585700", "userLabel": "_Bankett"}}, {"type": "Feature", "geometry": {"type": "LineString", "coordinates": [[14.294155016541481, 46.556617113324194], [14.294212851673365, 46.55663601829164]]}, "properties": {"fillColor": "#1B7CBD", "executionState": "Documented", "externalID": "SDIRouteSection_151069927169_1729585698", "userLabel": "_Bankett"}}, {"type": "Feature", "geometry": {"type": "LineString", "coordinates": [[14.294109754264355, 46.55660201240036], [14.294155016541481, 46.556617113324194]]}, "properties": {"fillColor": "#1B7CBD", "executionState": "Documented", "externalID": "SDIRouteSection_151075661569_1729585699", "userLabel": "_Bankett"}}, {"type": "Feature", "geometry": {"type": "LineString", "coordinates": [[14.294212851673365, 46.55663601829164], [14.294259622693062, 46.556650081738724]]}, "properties": {"fillColor": "#1B7CBD", "executionState": "Documented", "externalID": "SDIRouteSection_151075847681_1729585697", "userLabel": "_Bankett"}}, {"type": "Feature", "geometry": {"type": "LineString", "coordinates": [[14.29388478398323, 46.556524317504454], [14.293934404850006, 46.556542069760496]]}, "properties": {"fillColor": "#1B7CBD", "executionState": "Documented", "externalID": "SDIRouteSection_151110970369_1729585704", "userLabel": "_Bankett"}}, {"type": "Feature", "geometry": {"type": "LineString", "coordinates": [[14.2939761467278, 46.55655832344439], [14.294013027101755, 46.556571695265774]]}, "properties": {"fillColor": "#1B7CBD", "executionState": "Documented", "externalID": "SDIRouteSection_151111209729_1729585702", "userLabel": "_Bankett"}}, {"type": "Feature", "geometry": {"type": "LineString", "coordinates": [[14.293934404850006, 46.556542069760496], [14.2939761467278, 46.55655832344439]]}, "properties": {"fillColor": "#1B7CBD", "executionState": "Documented", "externalID": "SDIRouteSection_151126814721_1729585703", "userLabel": "_Bankett"}}, {"type": "Feature", "geometry": {"type": "LineString", "coordinates": [[14.293698538094759, 46.55650391393024], [14.293721630237997, 46.55649771792807]]}, "properties": {"fillColor": "#0D15FF", "executionState": "Documented", "externalID": "SDIRouteSection_151354194177_1729585757", "userLabel": "_Gemeindestrasse Asphalt"}}, {"type": "Feature", "geometry": {"type": "LineString", "coordinates": [[14.293698538094759, 46.55650391393024], [14.293700843118131, 46.55650843845231]]}, "properties": {"fillColor": "#FE0DFF", "executionState": "Documented", "externalID": "SDIRouteSection_151356493057_1729585760", "userLabel": "_Hausanschluss"}}, {"type": "Feature", "geometry": {"type": "LineString", "coordinates": [[14.293700843118131, 46.55650843845231], [14.293703046949933, 46.55651129149468], [14.29378151893616, 46.55659800662025]]}, "properties": {"fillColor": "#FE0DFF", "executionState": "Documented", "externalID": "SDIRouteSection_151360034561_1729585765", "userLabel": "_Hausanschluss"}}, {"type": "Feature", "geometry": {"type": "LineString", "coordinates": [[14.28918878082186, 46.56496042272474], [14.28918938850984, 46.56499766496418]]}, "properties": {"fillColor": "#0D15FF", "executionState": "Documented", "externalID": "SDIRouteSection_151612269057_1729244854", "userLabel": "_Gemeindestrasse Asphalt"}}, {"type": "Feature", "geometry": {"type": "LineString", "coordinates": [[14.289302648976445, 46.56494520886636], [14.289334584027529, 46.56494797502276]]}, "properties": {"fillColor": "#1B7CBD", "executionState": "Documented", "externalID": "SDIRouteSection_151636828417_1729244855", "userLabel": "_Bankett"}}, {"type": "Feature", "geometry": {"type": "LineString", "coordinates": [[14.289302648976445, 46.56494520886636], [14.28918878082186, 46.56496042272474]]}, "properties": {"fillColor": "#0D15FF", "executionState": "Documented", "externalID": "SDIRouteSection_151658349825_1729244872", "userLabel": "_Gemeindestrasse Asphalt"}}, {"type": "Feature", "geometry": {"type": "LineString", "coordinates": [[14.289130149409175, 46.56496236767791], [14.28918878082186, 46.56496042272474]]}, "properties": {"fillColor": "#0D15FF", "executionState": "Documented", "externalID": "SDIRouteSection_151665242881_1729244868", "userLabel": "_Gemeindestrasse Asphalt"}}, {"type": "Feature", "geometry": {"type": "LineString", "coordinates": [[14.289102300535887, 46.5649622956426], [14.289130149409175, 46.56496236767791]]}, "properties": {"fillColor": "#0D15FF", "executionState": "Documented", "externalID": "SDIRouteSection_151679140353_1729244884", "userLabel": "_Gemeindestrasse Asphalt"}}, {"type": "Feature", "geometry": {"type": "LineString", "coordinates": [[14.293738100677729, 46.5564953836201], [14.293767982162535, 46.55649523952704]]}, "properties": {"fillColor": "#1B7CBD", "executionState": "Documented", "externalID": "SDIRouteSection_151708714497_1729585950", "userLabel": "_Bankett"}}, {"type": "Feature", "geometry": {"type": "LineString", "coordinates": [[14.293767982162535, 46.55649523952704], [14.293798031285405, 46.55649547007596]]}, "properties": {"fillColor": "#1B7CBD", "executionState": "Documented", "externalID": "SDIRouteSection_151722862593_1729585949", "userLabel": "_Bankett"}}, {"type": "Feature", "geometry": {"type": "LineString", "coordinates": [[14.293721630237997, 46.55649771792807], [14.293738100677729, 46.5564953836201]]}, "properties": {"fillColor": "#1B7CBD", "executionState": "Documented", "externalID": "SDIRouteSection_151725166081_1729585951", "userLabel": "_Bankett"}}, {"type": "Feature", "geometry": {"type": "LineString", "coordinates": [[14.29380658082664, 46.556497083918515], [14.29382904432714, 46.55650506667476]]}, "properties": {"fillColor": "#1B7CBD", "executionState": "Documented", "externalID": "SDIRouteSection_151746197249_1729585976", "userLabel": "_Bankett"}}, {"type": "Feature", "geometry": {"type": "LineString", "coordinates": [[14.29382904432714, 46.55650506667476], [14.29388478398323, 46.556524317504454]]}, "properties": {"fillColor": "#1B7CBD", "executionState": "Documented", "externalID": "SDIRouteSection_151768699137_1729585977", "userLabel": "_Bankett"}}, {"type": "Feature", "geometry": {"type": "LineString", "coordinates": [[14.293834660202265, 46.5564563055606], [14.29384199436754, 46.556446219036246]]}, "properties": {"fillColor": "#958CCF", "executionState": "Documented", "externalID": "SDIRouteSection_151791996673_1729585986", "userLabel": "_Querung offen"}}, {"type": "Feature", "geometry": {"type": "LineString", "coordinates": [[14.289334584027529, 46.56494797502276], [14.289352772757411, 46.564951086948525]]}, "properties": {"fillColor": "#1B7CBD", "executionState": "Documented", "externalID": "SDIRouteSection_151805571841_1729244942", "userLabel": "_Bankett"}}, {"type": "Feature", "geometry": {"type": "LineString", "coordinates": [[14.296667575836182, 46.55605664721256], [14.296671263873577, 46.556013188368496]]}, "properties": {"fillColor": "#0D15FF", "executionState": "Documented", "externalID": "SDIRouteSection_151908055809_1734349665", "userLabel": "_Gemeindestrasse Asphalt"}}, {"type": "Feature", "geometry": {"type": "LineString", "coordinates": [[14.296667575836182, 46.55605664721256], [14.296707641333342, 46.55605895272055]]}, "properties": {"fillColor": "#958CCF", "executionState": "Documented", "externalID": "SDIRouteSection_151962554625_1734349677", "userLabel": "_Querung offen"}}, {"type": "Feature", "geometry": {"type": "LineString", "coordinates": [[14.29667193442583, 46.55590448346817], [14.29661326110363, 46.55590609732832]]}, "properties": {"fillColor": "#958CCF", "executionState": "Documented", "externalID": "SDIRouteSection_151989461505_1734349704", "userLabel": "_Querung offen"}}, {"type": "Feature", "geometry": {"type": "LineString", "coordinates": [[14.289966579526663, 46.5613129509625], [14.289964567869902, 46.561280446438246]]}, "properties": {"fillColor": "#0D15FF", "executionState": "Documented", "externalID": "SDIRouteSection_152058793729_1732866171", "userLabel": "_Gemeindestrasse Asphalt"}}, {"type": "Feature", "geometry": {"type": "LineString", "coordinates": [[14.28918938850984, 46.56499766496418], [14.289170990232378, 46.56501359916021]]}, "properties": {"fillColor": "#0D15FF", "executionState": "Documented", "externalID": "SDIRouteSection_152071303425_1729245065", "userLabel": "_Gemeindestrasse Asphalt"}}, {"type": "Feature", "geometry": {"type": "LineString", "coordinates": [[14.289293554611504, 46.56485110183698], [14.289298164658248, 46.564897031620006]]}, "properties": {"fillColor": "#0D15FF", "executionState": "Documented", "externalID": "SDIRouteSection_152124067585_1729245098", "userLabel": "_Gemeindestrasse Asphalt"}}, {"type": "Feature", "geometry": {"type": "LineString", "coordinates": [[14.289302648976445, 46.56494520886636], [14.289298164658248, 46.564897031620006]]}, "properties": {"fillColor": "#0D15FF", "executionState": "Documented", "externalID": "SDIRouteSection_152183614465_1729245121", "userLabel": "_Gemeindestrasse Asphalt"}}, {"type": "Feature", "geometry": {"type": "LineString", "coordinates": [[14.289049725048244, 46.564976760329245], [14.289075583219528, 46.56497506029655]]}, "properties": {"fillColor": "#1B7CBD", "executionState": "Documented", "externalID": "SDIRouteSection_152481550337_1729245258", "userLabel": "_Bankett"}}, {"type": "Feature", "geometry": {"type": "LineString", "coordinates": [[14.289011126384139, 46.56497681795747], [14.289022274315357, 46.56497707728448]]}, "properties": {"fillColor": "#1B7CBD", "executionState": "Documented", "externalID": "SDIRouteSection_152491418881_1729245263", "userLabel": "_Bankett"}}, {"type": "Feature", "geometry": {"type": "LineString", "coordinates": [[14.2898472212255, 46.564951403903905], [14.28985451348126, 46.56495468871421]]}, "properties": {"fillColor": "#0D15FF", "executionState": "Documented", "externalID": "SDIRouteSection_152533169921_1729245304", "userLabel": "_Gemeindestrasse Asphalt"}}, {"type": "Feature", "geometry": {"type": "LineString", "coordinates": [[14.2898472212255, 46.564951403903905], [14.289922616444528, 46.56494281729354]]}, "properties": {"fillColor": "#3B3B3B", "executionState": "Documented", "externalID": "SDIRouteSection_152536732929_1729245307", "userLabel": "_Pressung"}}, {"type": "Feature", "geometry": {"type": "LineString", "coordinates": [[14.28985623177141, 46.56499762174303], [14.289853465743363, 46.56500231844146]]}, "properties": {"fillColor": "#958CCF", "executionState": "Documented", "externalID": "SDIRouteSection_152539906817_1729245311", "userLabel": "_Querung offen"}}, {"type": "Feature", "geometry": {"type": "LineString", "coordinates": [[14.28985451348126, 46.56495468871421], [14.28985623177141, 46.56499762174303]]}, "properties": {"fillColor": "#3B3B3B", "executionState": "Documented", "externalID": "SDIRouteSection_152585508097_1729245420", "userLabel": "_Pressung"}}, {"type": "Feature", "geometry": {"type": "LineString", "coordinates": [[14.296654500067234, 46.55622091441222], [14.296595323830843, 46.55622010748684]]}, "properties": {"fillColor": "#958CCF", "executionState": "Documented", "externalID": "SDIRouteSection_152620792833_1734350012", "userLabel": "_Querung offen"}}, {"type": "Feature", "geometry": {"type": "LineString", "coordinates": [[14.289853465743363, 46.56500231844146], [14.289772965343099, 46.56501995266743], [14.289639928952063, 46.5650719680506]]}, "properties": {"fillColor": "#FE0DFF", "executionState": "Documented", "externalID": "SDIRouteSection_152636353793_1729245384", "userLabel": "_Hausanschluss"}}, {"type": "Feature", "geometry": {"type": "LineString", "coordinates": [[14.289922616444528, 46.56494281729354], [14.289926849305632, 46.5649404257206], [14.290019720798409, 46.5648765736728]]}, "properties": {"fillColor": "#FE0DFF", "executionState": "Documented", "externalID": "SDIRouteSection_152642689281_1729245389", "userLabel": "_Hausanschluss"}}, {"type": "Feature", "geometry": {"type": "LineString", "coordinates": [[14.28987777326256, 46.56499704546101], [14.289922825992107, 46.56499620985201]]}, "properties": {"fillColor": "#1B7CBD", "executionState": "Documented", "externalID": "SDIRouteSection_152669530369_1729245424", "userLabel": "_Bankett"}}, {"type": "Feature", "geometry": {"type": "LineString", "coordinates": [[14.28966713603586, 46.5649531615656], [14.28977488540113, 46.56494883944657]]}, "properties": {"fillColor": "#1B7CBD", "executionState": "Documented", "externalID": "SDIRouteSection_152676705537_1729245441", "userLabel": "_Bankett"}}, {"type": "Feature", "geometry": {"type": "LineString", "coordinates": [[14.289829954504967, 46.56494760043907], [14.2898472212255, 46.564951403903905]]}, "properties": {"fillColor": "#1B7CBD", "executionState": "Documented", "externalID": "SDIRouteSection_152678677761_1729245443", "userLabel": "_Bankett"}}, {"type": "Feature", "geometry": {"type": "LineString", "coordinates": [[14.28977488540113, 46.56494883944657], [14.289829954504967, 46.56494760043907]]}, "properties": {"fillColor": "#1B7CBD", "executionState": "Documented", "externalID": "SDIRouteSection_152679377921_1729245442", "userLabel": "_Bankett"}}, {"type": "Feature", "geometry": {"type": "LineString", "coordinates": [[14.28953449241817, 46.564958463364405], [14.289600080810487, 46.5649557548368]]}, "properties": {"fillColor": "#1B7CBD", "executionState": "Documented", "externalID": "SDIRouteSection_152680714497_1729245438", "userLabel": "_Bankett"}}, {"type": "Feature", "geometry": {"type": "LineString", "coordinates": [[14.289600080810487, 46.5649557548368], [14.28966713603586, 46.5649531615656]]}, "properties": {"fillColor": "#1B7CBD", "executionState": "Documented", "externalID": "SDIRouteSection_152682179841_1729245439", "userLabel": "_Bankett"}}, {"type": "Feature", "geometry": {"type": "LineString", "coordinates": [[14.292904939502478, 46.56472339724209], [14.292920026928186, 46.56473999424617]]}, "properties": {"fillColor": "#1B7CBD", "executionState": "Documented", "externalID": "SDIRouteSection_152698635521_1729498774", "userLabel": "_Bankett"}}, {"type": "Feature", "geometry": {"type": "LineString", "coordinates": [[14.292963612824678, 46.56466888065833], [14.292904939502478, 46.56472339724209]]}, "properties": {"fillColor": "#3B3B3B", "executionState": "Documented", "externalID": "SDIRouteSection_152712777473_1729498783", "userLabel": "_Sp\u00fclbohrung"}}, {"type": "Feature", "geometry": {"type": "LineString", "coordinates": [[14.29661326110363, 46.55590609732832], [14.296604537309825, 46.55590286960801], [14.296508178205698, 46.55595431779526]]}, "properties": {"fillColor": "#FE0DFF", "executionState": "Documented", "externalID": "SDIRouteSection_152726280961_1734350091", "userLabel": "_Hausanschluss"}}, {"type": "Feature", "geometry": {"type": "LineString", "coordinates": [[14.296595323830843, 46.55622010748684], [14.296584416017552, 46.5562145742839], [14.296393686215824, 46.5561172048228]]}, "properties": {"fillColor": "#FE0DFF", "executionState": "Documented", "externalID": "SDIRouteSection_152727310081_1734350084", "userLabel": "_Hausanschluss"}}, {"type": "Feature", "geometry": {"type": "LineString", "coordinates": [[14.296707641333342, 46.55605895272055], [14.29671452362828, 46.55605779996656], [14.296903610229494, 46.55599970113395]]}, "properties": {"fillColor": "#FE0DFF", "executionState": "Documented", "externalID": "SDIRouteSection_152734441729_1734350089", "userLabel": "_Hausanschluss"}}, {"type": "Feature", "geometry": {"type": "LineString", "coordinates": [[14.289458091370761, 46.56495791589609], [14.28953449241817, 46.564958463364405]]}, "properties": {"fillColor": "#1B7CBD", "executionState": "Documented", "externalID": "SDIRouteSection_152741367553_1729245485", "userLabel": "_Bankett"}}, {"type": "Feature", "geometry": {"type": "LineString", "coordinates": [[14.289378798566759, 46.56495561076619], [14.289458091370761, 46.56495791589609]]}, "properties": {"fillColor": "#1B7CBD", "executionState": "Documented", "externalID": "SDIRouteSection_152741758977_1729245485", "userLabel": "_Bankett"}}, {"type": "Feature", "geometry": {"type": "LineString", "coordinates": [[14.293024633079767, 46.56463441877267], [14.293071907013655, 46.564590736284146]]}, "properties": {"fillColor": "#3B3B3B", "executionState": "Documented", "externalID": "SDIRouteSection_152770057729_1729498799", "userLabel": "_Sp\u00fclbohrung"}}, {"type": "Feature", "geometry": {"type": "LineString", "coordinates": [[14.296658020466566, 46.55617814735058], [14.296661708503962, 46.55614782997918]]}, "properties": {"fillColor": "#0D15FF", "executionState": "Documented", "externalID": "SDIRouteSection_152836478977_1734350181", "userLabel": "_Gemeindestrasse Asphalt"}}, {"type": "Feature", "geometry": {"type": "LineString", "coordinates": [[14.296663720160723, 46.55611117245047], [14.296667911112309, 46.55607935646205]]}, "properties": {"fillColor": "#0D15FF", "executionState": "Documented", "externalID": "SDIRouteSection_152849462785_1734350180", "userLabel": "_Gemeindestrasse Asphalt"}}, {"type": "Feature", "geometry": {"type": "LineString", "coordinates": [[14.296667911112309, 46.55607935646205], [14.296667575836182, 46.55605664721256]]}, "properties": {"fillColor": "#0D15FF", "executionState": "Documented", "externalID": "SDIRouteSection_152851283457_1734350178", "userLabel": "_Gemeindestrasse Asphalt"}}, {"type": "Feature", "geometry": {"type": "LineString", "coordinates": [[14.29664896801114, 46.55630345128765], [14.296650476753712, 46.55627278816141]]}, "properties": {"fillColor": "#0D15FF", "executionState": "Documented", "externalID": "SDIRouteSection_152859268609_1734350200", "userLabel": "_Gemeindestrasse Asphalt"}}, {"type": "Feature", "geometry": {"type": "LineString", "coordinates": [[14.296632707118988, 46.55639313506862], [14.29664058610797, 46.556359474849444]]}, "properties": {"fillColor": "#0D15FF", "executionState": "Documented", "externalID": "SDIRouteSection_152865678593_1734350202", "userLabel": "_Gemeindestrasse Asphalt"}}, {"type": "Feature", "geometry": {"type": "LineString", "coordinates": [[14.296650476753712, 46.55627278816141], [14.296654164791107, 46.55624592909305]]}, "properties": {"fillColor": "#0D15FF", "executionState": "Documented", "externalID": "SDIRouteSection_152866951681_1734350200", "userLabel": "_Gemeindestrasse Asphalt"}}, {"type": "Feature", "geometry": {"type": "LineString", "coordinates": [[14.296657014638186, 46.55620419952689], [14.296658020466566, 46.55617814735058]]}, "properties": {"fillColor": "#0D15FF", "executionState": "Documented", "externalID": "SDIRouteSection_152867377409_1734350199", "userLabel": "_Gemeindestrasse Asphalt"}}, {"type": "Feature", "geometry": {"type": "LineString", "coordinates": [[14.296661708503962, 46.55614782997918], [14.296663720160723, 46.55611117245047]]}, "properties": {"fillColor": "#0D15FF", "executionState": "Documented", "externalID": "SDIRouteSection_152869754369_1734350181", "userLabel": "_Gemeindestrasse Asphalt"}}, {"type": "Feature", "geometry": {"type": "LineString", "coordinates": [[14.296673443168402, 46.55598517641607], [14.29667193442583, 46.55590448346817]]}, "properties": {"fillColor": "#0D15FF", "executionState": "Documented", "externalID": "SDIRouteSection_152883136513_1734350175", "userLabel": "_Gemeindestrasse Asphalt"}}, {"type": "Feature", "geometry": {"type": "LineString", "coordinates": [[14.29664058610797, 46.556359474849444], [14.296646788716316, 46.55633203944984]]}, "properties": {"fillColor": "#0D15FF", "executionState": "Documented", "externalID": "SDIRouteSection_152886182145_1734350201", "userLabel": "_Gemeindestrasse Asphalt"}}, {"type": "Feature", "geometry": {"type": "LineString", "coordinates": [[14.296646788716316, 46.55633203944984], [14.29664896801114, 46.55630345128765]]}, "properties": {"fillColor": "#0D15FF", "executionState": "Documented", "externalID": "SDIRouteSection_152889540097_1734350201", "userLabel": "_Gemeindestrasse Asphalt"}}, {"type": "Feature", "geometry": {"type": "LineString", "coordinates": [[14.29662549868226, 46.55643843800192], [14.296628348529339, 46.55642229955674]]}, "properties": {"fillColor": "#0D15FF", "executionState": "Documented", "externalID": "SDIRouteSection_152891595265_1734350204", "userLabel": "_Gemeindestrasse Asphalt"}}, {"type": "Feature", "geometry": {"type": "LineString", "coordinates": [[14.29659616202116, 46.55651371225778], [14.29660253226757, 46.556503337557956]]}, "properties": {"fillColor": "#0D15FF", "executionState": "Documented", "externalID": "SDIRouteSection_152892601857_1734350205", "userLabel": "_Gemeindestrasse Asphalt"}}, {"type": "Feature", "geometry": {"type": "LineString", "coordinates": [[14.296628348529339, 46.55642229955674], [14.296632707118988, 46.55639313506862]]}, "properties": {"fillColor": "#0D15FF", "executionState": "Documented", "externalID": "SDIRouteSection_152893026817_1734350203", "userLabel": "_Gemeindestrasse Asphalt"}}, {"type": "Feature", "geometry": {"type": "LineString", "coordinates": [[14.29661275818944, 46.55651901488139], [14.296627351520344, 46.55651613302079], [14.29684728362136, 46.55659451943595]]}, "properties": {"fillColor": "#FE0DFF", "executionState": "Documented", "externalID": "SDIRouteSection_153024991233_1734350288", "userLabel": "_Hausanschluss"}}, {"type": "Feature", "geometry": {"type": "LineString", "coordinates": [[14.29661326110363, 46.556473366191824], [14.29662549868226, 46.55643843800192]]}, "properties": {"fillColor": "#0D15FF", "executionState": "Documented", "externalID": "SDIRouteSection_153052745985_1734350300", "userLabel": "_Gemeindestrasse Asphalt"}}, {"type": "Feature", "geometry": {"type": "LineString", "coordinates": [[14.29659616202116, 46.55651371225778], [14.29661275818944, 46.55651901488139]]}, "properties": {"fillColor": "#958CCF", "executionState": "Documented", "externalID": "SDIRouteSection_153058621953_1734350280", "userLabel": "_Querung offen"}}, {"type": "Feature", "geometry": {"type": "LineString", "coordinates": [[14.29660253226757, 46.556503337557956], [14.29661326110363, 46.556473366191824]]}, "properties": {"fillColor": "#0D15FF", "executionState": "Documented", "externalID": "SDIRouteSection_153060945665_1734350299", "userLabel": "_Gemeindestrasse Asphalt"}}, {"type": "Feature", "geometry": {"type": "LineString", "coordinates": [[14.296591132879257, 46.55652178146738], [14.29659616202116, 46.55651371225778]]}, "properties": {"fillColor": "#0D15FF", "executionState": "Documented", "externalID": "SDIRouteSection_153078664193_1734350312", "userLabel": "_Gemeindestrasse Asphalt"}}, {"type": "Feature", "geometry": {"type": "LineString", "coordinates": [[14.296559952199459, 46.55658472126103], [14.296591132879257, 46.55652178146738]]}, "properties": {"fillColor": "#0D15FF", "executionState": "Documented", "externalID": "SDIRouteSection_153080555265_1734350313", "userLabel": "_Gemeindestrasse Asphalt"}}, {"type": "Feature", "geometry": {"type": "LineString", "coordinates": [[14.296545619145036, 46.556596882696255], [14.296559952199459, 46.55658472126103]]}, "properties": {"fillColor": "#0D15FF", "executionState": "Documented", "externalID": "SDIRouteSection_153082804993_1734350313", "userLabel": "_Gemeindestrasse Asphalt"}}, {"type": "Feature", "geometry": {"type": "LineString", "coordinates": [[14.296539751812816, 46.556616998049975], [14.29654679261148, 46.55660708446686]]}, "properties": {"fillColor": "#0D15FF", "executionState": "Documented", "externalID": "SDIRouteSection_153169540097_1734350360", "userLabel": "_Gemeindestrasse Asphalt"}}, {"type": "Feature", "geometry": {"type": "LineString", "coordinates": [[14.296494238078594, 46.556603338054146], [14.296485849954639, 46.556601897126136], [14.29629715037234, 46.55655881335787]]}, "properties": {"fillColor": "#FE0DFF", "executionState": "Documented", "externalID": "SDIRouteSection_153187024897_1734350369", "userLabel": "_Hausanschluss"}}, {"type": "Feature", "geometry": {"type": "LineString", "coordinates": [[14.296539751812816, 46.556616998049975], [14.296494238078594, 46.556603338054146]]}, "properties": {"fillColor": "#958CCF", "executionState": "Documented", "externalID": "SDIRouteSection_153206541313_1734350366", "userLabel": "_Querung offen"}}, {"type": "Feature", "geometry": {"type": "LineString", "coordinates": [[14.29654679261148, 46.55660708446686], [14.296545619145036, 46.556596882696255]]}, "properties": {"fillColor": "#0D15FF", "executionState": "Documented", "externalID": "SDIRouteSection_153491600129_1734350389", "userLabel": "_Gemeindestrasse Asphalt"}}, {"type": "Feature", "geometry": {"type": "LineString", "coordinates": [[14.296237584203482, 46.55702103265867], [14.296194249764085, 46.5570035687428]]}, "properties": {"fillColor": "#958CCF", "executionState": "Documented", "externalID": "SDIRouteSection_153573139457_1734350420", "userLabel": "_Querung offen"}}, {"type": "Feature", "geometry": {"type": "LineString", "coordinates": [[14.296237584203482, 46.55702103265867], [14.296257700771093, 46.556997113432544]]}, "properties": {"fillColor": "#0D15FF", "executionState": "Documented", "externalID": "SDIRouteSection_153587386113_1734350413", "userLabel": "_Gemeindestrasse Asphalt"}}, {"type": "Feature", "geometry": {"type": "LineString", "coordinates": [[14.296194249764085, 46.5570035687428], [14.29618949971853, 46.55699982235747], [14.296253174678712, 46.55677065834852]]}, "properties": {"fillColor": "#FE0DFF", "executionState": "Documented", "externalID": "SDIRouteSection_153644283905_1734350423", "userLabel": "_Hausanschluss"}}, {"type": "Feature", "geometry": {"type": "LineString", "coordinates": [[14.296466326341033, 46.556733770701044], [14.296474875882268, 46.55672114820052]]}, "properties": {"fillColor": "#0D15FF", "executionState": "Documented", "externalID": "SDIRouteSection_153931576321_1734350462", "userLabel": "_Gemeindestrasse Asphalt"}}, {"type": "Feature", "geometry": {"type": "LineString", "coordinates": [[14.296324336901307, 46.55692593205859], [14.296342190355062, 46.55690218570092]]}, "properties": {"fillColor": "#0D15FF", "executionState": "Documented", "externalID": "SDIRouteSection_153941833985_1734350469", "userLabel": "_Gemeindestrasse Asphalt"}}, {"type": "Feature", "geometry": {"type": "LineString", "coordinates": [[14.296457776799798, 46.55673647963911], [14.296466326341033, 46.556733770701044]]}, "properties": {"fillColor": "#0D15FF", "executionState": "Documented", "externalID": "SDIRouteSection_153945094913_1734350464", "userLabel": "_Gemeindestrasse Asphalt"}}, {"type": "Feature", "geometry": {"type": "LineString", "coordinates": [[14.296491304412484, 46.5566953844575], [14.296493902802467, 46.55669129222872]]}, "properties": {"fillColor": "#0D15FF", "executionState": "Documented", "externalID": "SDIRouteSection_153945573377_1734350460", "userLabel": "_Gemeindestrasse Asphalt"}}, {"type": "Feature", "geometry": {"type": "LineString", "coordinates": [[14.296383177861571, 46.556842128118916], [14.296408575028181, 46.55680737307705]]}, "properties": {"fillColor": "#0D15FF", "executionState": "Documented", "externalID": "SDIRouteSection_153946189569_1734350467", "userLabel": "_Gemeindestrasse Asphalt"}}, {"type": "Feature", "geometry": {"type": "LineString", "coordinates": [[14.296474875882268, 46.55672114820052], [14.296491304412484, 46.5566953844575]]}, "properties": {"fillColor": "#0D15FF", "executionState": "Documented", "externalID": "SDIRouteSection_153948134657_1734350461", "userLabel": "_Gemeindestrasse Asphalt"}}, {"type": "Feature", "geometry": {"type": "LineString", "coordinates": [[14.296444281935692, 46.55675797822806], [14.296457776799798, 46.55673647963911]]}, "properties": {"fillColor": "#0D15FF", "executionState": "Documented", "externalID": "SDIRouteSection_153960453377_1734350465", "userLabel": "_Gemeindestrasse Asphalt"}}, {"type": "Feature", "geometry": {"type": "LineString", "coordinates": [[14.29642416536808, 46.55678466413224], [14.296444281935692, 46.55675797822806]]}, "properties": {"fillColor": "#0D15FF", "executionState": "Documented", "externalID": "SDIRouteSection_153965454849_1734350465", "userLabel": "_Gemeindestrasse Asphalt"}}, {"type": "Feature", "geometry": {"type": "LineString", "coordinates": [[14.296342190355062, 46.55690218570092], [14.29636406712234, 46.55687048544999]]}, "properties": {"fillColor": "#0D15FF", "executionState": "Documented", "externalID": "SDIRouteSection_153972048129_1734350469", "userLabel": "_Gemeindestrasse Asphalt"}}, {"type": "Feature", "geometry": {"type": "LineString", "coordinates": [[14.296408575028181, 46.55680737307705], [14.29642416536808, 46.55678466413224]]}, "properties": {"fillColor": "#0D15FF", "executionState": "Documented", "externalID": "SDIRouteSection_153973913345_1734350466", "userLabel": "_Gemeindestrasse Asphalt"}}, {"type": "Feature", "geometry": {"type": "LineString", "coordinates": [[14.296293491497636, 46.55695567262782], [14.29630832746625, 46.55693440466425]]}, "properties": {"fillColor": "#0D15FF", "executionState": "Documented", "externalID": "SDIRouteSection_153980174593_1734350471", "userLabel": "_Gemeindestrasse Asphalt"}}, {"type": "Feature", "geometry": {"type": "LineString", "coordinates": [[14.29636406712234, 46.55687048544999], [14.296383177861571, 46.556842128118916]]}, "properties": {"fillColor": "#0D15FF", "executionState": "Documented", "externalID": "SDIRouteSection_153993063169_1734350468", "userLabel": "_Gemeindestrasse Asphalt"}}, {"type": "Feature", "geometry": {"type": "LineString", "coordinates": [[14.29630832746625, 46.55693440466425], [14.296324336901307, 46.55692593205859]]}, "properties": {"fillColor": "#0D15FF", "executionState": "Documented", "externalID": "SDIRouteSection_154012216065_1734350470", "userLabel": "_Gemeindestrasse Asphalt"}}, {"type": "Feature", "geometry": {"type": "LineString", "coordinates": [[14.296274213120341, 46.556979130778444], [14.296293491497636, 46.55695567262782]]}, "properties": {"fillColor": "#0D15FF", "executionState": "Documented", "externalID": "SDIRouteSection_154012408321_1734350472", "userLabel": "_Gemeindestrasse Asphalt"}}, {"type": "Feature", "geometry": {"type": "LineString", "coordinates": [[14.296257700771093, 46.556997113432544], [14.296274213120341, 46.556979130778444]]}, "properties": {"fillColor": "#0D15FF", "executionState": "Documented", "externalID": "SDIRouteSection_154045379841_1734350473", "userLabel": "_Gemeindestrasse Asphalt"}}, {"type": "Feature", "geometry": {"type": "LineString", "coordinates": [[14.295351281762123, 46.5593868513933], [14.29536234587431, 46.55936103128175]]}, "properties": {"fillColor": "#3B3B3B", "executionState": "Documented", "externalID": "SDIRouteSection_154370142977_1729587178", "userLabel": "_Sp\u00fclbohrung"}}, {"type": "Feature", "geometry": {"type": "LineString", "coordinates": [[14.295290596783161, 46.55957381629884], [14.295294787734747, 46.559544768772554]]}, "properties": {"fillColor": "#3B3B3B", "executionState": "Documented", "externalID": "SDIRouteSection_154373925121_1729587173", "userLabel": "_Sp\u00fclbohrung"}}, {"type": "Feature", "geometry": {"type": "LineString", "coordinates": [[14.295316580682993, 46.55946338950895], [14.295327980071306, 46.55943756943384]]}, "properties": {"fillColor": "#3B3B3B", "executionState": "Documented", "externalID": "SDIRouteSection_154376034561_1729587176", "userLabel": "_Sp\u00fclbohrung"}}, {"type": "Feature", "geometry": {"type": "LineString", "coordinates": [[14.295294787734747, 46.559544768772554], [14.295304343104362, 46.55951629757098]]}, "properties": {"fillColor": "#3B3B3B", "executionState": "Documented", "externalID": "SDIRouteSection_154376189953_1729587174", "userLabel": "_Sp\u00fclbohrung"}}, {"type": "Feature", "geometry": {"type": "LineString", "coordinates": [[14.295395873486996, 46.55928449302169], [14.295425042510033, 46.559222247971604]]}, "properties": {"fillColor": "#3B3B3B", "executionState": "Documented", "externalID": "SDIRouteSection_154379968257_1729587182", "userLabel": "_Sp\u00fclbohrung"}}, {"type": "Feature", "geometry": {"type": "LineString", "coordinates": [[14.295304343104362, 46.55951629757098], [14.295316580682993, 46.55946338950895]]}, "properties": {"fillColor": "#3B3B3B", "executionState": "Documented", "externalID": "SDIRouteSection_154380217345_1729587176", "userLabel": "_Sp\u00fclbohrung"}}, {"type": "Feature", "geometry": {"type": "LineString", "coordinates": [[14.295327980071306, 46.55943756943384], [14.295351281762123, 46.5593868513933]]}, "properties": {"fillColor": "#3B3B3B", "executionState": "Documented", "externalID": "SDIRouteSection_154383877121_1729587177", "userLabel": "_Sp\u00fclbohrung"}}, {"type": "Feature", "geometry": {"type": "LineString", "coordinates": [[14.29536234587431, 46.55936103128175], [14.295372571796179, 46.55933555696322]]}, "properties": {"fillColor": "#3B3B3B", "executionState": "Documented", "externalID": "SDIRouteSection_154385760769_1729587179", "userLabel": "_Sp\u00fclbohrung"}}, {"type": "Feature", "geometry": {"type": "LineString", "coordinates": [[14.295425042510033, 46.559222247971604], [14.295426215976477, 46.55921902044852]]}, "properties": {"fillColor": "#3B3B3B", "executionState": "Documented", "externalID": "SDIRouteSection_154389587713_1729587184", "userLabel": "_Pressung"}}, {"type": "Feature", "geometry": {"type": "LineString", "coordinates": [[14.295372571796179, 46.55933555696322], [14.295383971184492, 46.55931181166005]]}, "properties": {"fillColor": "#3B3B3B", "executionState": "Documented", "externalID": "SDIRouteSection_154389751041_1729587180", "userLabel": "_Sp\u00fclbohrung"}}, {"type": "Feature", "geometry": {"type": "LineString", "coordinates": [[14.295383971184492, 46.55931181166005], [14.295395873486996, 46.55928449302169]]}, "properties": {"fillColor": "#3B3B3B", "executionState": "Documented", "externalID": "SDIRouteSection_154393092609_1729587181", "userLabel": "_Sp\u00fclbohrung"}}, {"type": "Feature", "geometry": {"type": "LineString", "coordinates": [[14.296528184786439, 46.5566361335658], [14.296539751812816, 46.556616998049975]]}, "properties": {"fillColor": "#0D15FF", "executionState": "Documented", "externalID": "SDIRouteSection_154464515841_1734350518", "userLabel": "_Gemeindestrasse Asphalt"}}, {"type": "Feature", "geometry": {"type": "LineString", "coordinates": [[14.295548927038908, 46.55893568928272], [14.295560326427221, 46.558908255185685]]}, "properties": {"fillColor": "#3B3B3B", "executionState": "Documented", "externalID": "SDIRouteSection_154469134849_1729587220", "userLabel": "_Sp\u00fclbohrung"}}, {"type": "Feature", "geometry": {"type": "LineString", "coordinates": [[14.296511085703969, 46.5566618396999], [14.296528184786439, 46.5566361335658]]}, "properties": {"fillColor": "#0D15FF", "executionState": "Documented", "externalID": "SDIRouteSection_154477677057_1734350517", "userLabel": "_Gemeindestrasse Asphalt"}}, {"type": "Feature", "geometry": {"type": "LineString", "coordinates": [[14.295510789379478, 46.55902853861335], [14.295516405254602, 46.55901144996821]]}, "properties": {"fillColor": "#3B3B3B", "executionState": "Documented", "externalID": "SDIRouteSection_154479559937_1729587217", "userLabel": "_Sp\u00fclbohrung"}}, {"type": "Feature", "geometry": {"type": "LineString", "coordinates": [[14.295525792986155, 46.558987906244255], [14.295537192374468, 46.558960933250546]]}, "properties": {"fillColor": "#3B3B3B", "executionState": "Documented", "externalID": "SDIRouteSection_154480245249_1729587219", "userLabel": "_Sp\u00fclbohrung"}}, {"type": "Feature", "geometry": {"type": "LineString", "coordinates": [[14.295537192374468, 46.558960933250546], [14.295548927038908, 46.55893568928272]]}, "properties": {"fillColor": "#3B3B3B", "executionState": "Documented", "externalID": "SDIRouteSection_154484879617_1729587219", "userLabel": "_Sp\u00fclbohrung"}}, {"type": "Feature", "geometry": {"type": "LineString", "coordinates": [[14.295069985091686, 46.55983074790777], [14.295068811625242, 46.55983397539441]]}, "properties": {"fillColor": "#0D15FF", "executionState": "Documented", "externalID": "SDIRouteSection_154776584193_1729587293", "userLabel": "_Landesstra\u00dfe Asphalt"}}, {"type": "Feature", "geometry": {"type": "LineString", "coordinates": [[14.29514391347766, 46.559716402541596], [14.295162856578827, 46.55969012151613]]}, "properties": {"fillColor": "#0D15FF", "executionState": "Documented", "externalID": "SDIRouteSection_154778671873_1729587300", "userLabel": "_Landesstra\u00dfe Asphalt"}}, {"type": "Feature", "geometry": {"type": "LineString", "coordinates": [[14.295097813010216, 46.55980619594925], [14.295105021446943, 46.55978083710721]]}, "properties": {"fillColor": "#0D15FF", "executionState": "Documented", "externalID": "SDIRouteSection_154794928385_1729587297", "userLabel": "_Landesstra\u00dfe Asphalt"}}, {"type": "Feature", "geometry": {"type": "LineString", "coordinates": [[14.295105021446943, 46.55978083710721], [14.295129161328077, 46.5597389949919]]}, "properties": {"fillColor": "#0D15FF", "executionState": "Documented", "externalID": "SDIRouteSection_154801449473_1729587298", "userLabel": "_Landesstra\u00dfe Asphalt"}}, {"type": "Feature", "geometry": {"type": "LineString", "coordinates": [[14.295068811625242, 46.55983397539441], [14.295097813010216, 46.55980619594925]]}, "properties": {"fillColor": "#0D15FF", "executionState": "Documented", "externalID": "SDIRouteSection_154801620481_1729587296", "userLabel": "_Landesstra\u00dfe Asphalt"}}, {"type": "Feature", "geometry": {"type": "LineString", "coordinates": [[14.295129161328077, 46.5597389949919], [14.29514391347766, 46.559716402541596]]}, "properties": {"fillColor": "#0D15FF", "executionState": "Documented", "externalID": "SDIRouteSection_154828612609_1729587299", "userLabel": "_Landesstra\u00dfe Asphalt"}}, {"type": "Feature", "geometry": {"type": "LineString", "coordinates": [[14.29518012329936, 46.559665454226234], [14.29518012329936, 46.559665454226234]]}, "properties": {"fillColor": "#0D15FF", "executionState": "Documented", "externalID": "SDIRouteSection_154834899713_1729587301", "userLabel": "_Landesstra\u00dfe Asphalt"}}, {"type": "Feature", "geometry": {"type": "LineString", "coordinates": [[14.295162856578827, 46.55969012151613], [14.29518012329936, 46.559665454226234]]}, "properties": {"fillColor": "#0D15FF", "executionState": "Documented", "externalID": "SDIRouteSection_154836327937_1729587302", "userLabel": "_Landesstra\u00dfe Asphalt"}}, {"type": "Feature", "geometry": {"type": "LineString", "coordinates": [[14.291467778384686, 46.56492682544845], [14.291467694565654, 46.56491720152502]]}, "properties": {"fillColor": "#0D15FF", "executionState": "Documented", "externalID": "SDIRouteSection_154997627393_1729499773", "userLabel": "_Gemeindestrasse Asphalt"}}, {"type": "Feature", "geometry": {"type": "LineString", "coordinates": [[14.29433086887002, 46.56087379244653], [14.29435919970274, 46.560860536950486]]}, "properties": {"fillColor": "#3B3B3B", "executionState": "Documented", "externalID": "SDIRouteSection_155007046657_1729587380", "userLabel": "_Sp\u00fclbohrung"}}, {"type": "Feature", "geometry": {"type": "LineString", "coordinates": [[14.294424913823605, 46.5608289542773], [14.294506888836622, 46.56079356782968]]}, "properties": {"fillColor": "#3B3B3B", "executionState": "Documented", "externalID": "SDIRouteSection_155013556225_1729587381", "userLabel": "_Sp\u00fclbohrung"}}, {"type": "Feature", "geometry": {"type": "LineString", "coordinates": [[14.294236488640308, 46.56091321311993], [14.294306728988886, 46.56088554949244]]}, "properties": {"fillColor": "#3B3B3B", "executionState": "Documented", "externalID": "SDIRouteSection_155014706177_1729587377", "userLabel": "_Sp\u00fclbohrung"}}, {"type": "Feature", "geometry": {"type": "LineString", "coordinates": [[14.294656589627266, 46.5607184147764], [14.294721633195877, 46.56067576652504]]}, "properties": {"fillColor": "#3B3B3B", "executionState": "Documented", "externalID": "SDIRouteSection_155016418817_1729587384", "userLabel": "_Sp\u00fclbohrung"}}, {"type": "Feature", "geometry": {"type": "LineString", "coordinates": [[14.29435919970274, 46.560860536950486], [14.294424913823605, 46.5608289542773]]}, "properties": {"fillColor": "#3B3B3B", "executionState": "Documented", "externalID": "SDIRouteSection_155017826305_1729587381", "userLabel": "_Sp\u00fclbohrung"}}, {"type": "Feature", "geometry": {"type": "LineString", "coordinates": [[14.294306728988886, 46.56088554949244], [14.29433086887002, 46.56087379244653]]}, "properties": {"fillColor": "#3B3B3B", "executionState": "Documented", "externalID": "SDIRouteSection_155017919233_1729587378", "userLabel": "_Sp\u00fclbohrung"}}, {"type": "Feature", "geometry": {"type": "LineString", "coordinates": [[14.294721633195877, 46.56067576652504], [14.294753819704056, 46.56063657621044]]}, "properties": {"fillColor": "#0D15FF", "executionState": "Documented", "externalID": "SDIRouteSection_155019938049_1729587385", "userLabel": "_Gemeindestrasse Asphalt"}}, {"type": "Feature", "geometry": {"type": "LineString", "coordinates": [[14.294567238539457, 46.56076325303698], [14.294656589627266, 46.5607184147764]]}, "properties": {"fillColor": "#3B3B3B", "executionState": "Documented", "externalID": "SDIRouteSection_155020075009_1729587383", "userLabel": "_Sp\u00fclbohrung"}}, {"type": "Feature", "geometry": {"type": "LineString", "coordinates": [[14.294506888836622, 46.56079356782968], [14.294567238539457, 46.56076325303698]]}, "properties": {"fillColor": "#3B3B3B", "executionState": "Documented", "externalID": "SDIRouteSection_155022582529_1729587382", "userLabel": "_Sp\u00fclbohrung"}}, {"type": "Feature", "geometry": {"type": "LineString", "coordinates": [[14.294825233519077, 46.56052476839261], [14.295071493834257, 46.56024559363951]]}, "properties": {"fillColor": "#0D15FF", "executionState": "Documented", "externalID": "SDIRouteSection_155024241665_1729587387", "userLabel": "_Gemeindestrasse Asphalt"}}, {"type": "Feature", "geometry": {"type": "LineString", "coordinates": [[14.294753819704056, 46.56063657621044], [14.294825233519077, 46.56052476839261]]}, "properties": {"fillColor": "#0D15FF", "executionState": "Documented", "externalID": "SDIRouteSection_155026029825_1729587386", "userLabel": "_Gemeindestrasse Asphalt"}}, {"type": "Feature", "geometry": {"type": "LineString", "coordinates": [[14.294476713985205, 46.5601970664199], [14.294393230229616, 46.56022392353253]]}, "properties": {"fillColor": "#0D15FF", "executionState": "Documented", "externalID": "SDIRouteSection_155062069249_1729587465", "userLabel": "_Gemeindestrasse Asphalt"}}, {"type": "Feature", "geometry": {"type": "LineString", "coordinates": [[14.291467694565654, 46.56491720152502], [14.291487350128591, 46.56491558793289]]}, "properties": {"fillColor": "#0D15FF", "executionState": "Documented", "externalID": "SDIRouteSection_155098419201_1729499764", "userLabel": "_Gemeindestrasse Asphalt"}}, {"type": "Feature", "geometry": {"type": "LineString", "coordinates": [[14.294965546578169, 46.559935525859316], [14.294969737529755, 46.55993114570697]]}, "properties": {"fillColor": "#0D15FF", "executionState": "Documented", "externalID": "SDIRouteSection_155137098753_1729587462", "userLabel": "_Gemeindestrasse Asphalt"}}, {"type": "Feature", "geometry": {"type": "LineString", "coordinates": [[14.294370263814926, 46.560230147925864], [14.294333215802908, 46.56024155931175]]}, "properties": {"fillColor": "#0D15FF", "executionState": "Documented", "externalID": "SDIRouteSection_155151111169_1729587467", "userLabel": "_Gemeindestrasse Asphalt"}}, {"type": "Feature", "geometry": {"type": "LineString", "coordinates": [[14.293941110372543, 46.561096138501625], [14.29399374872446, 46.56104438462819]]}, "properties": {"fillColor": "#3B3B3B", "executionState": "Documented", "externalID": "SDIRouteSection_155189588737_1729587498", "userLabel": "_Sp\u00fclbohrung"}}, {"type": "Feature", "geometry": {"type": "LineString", "coordinates": [[14.291601218283176, 46.564968836447605], [14.291574186645448, 46.56493642055608]]}, "properties": {"fillColor": "#0D15FF", "executionState": "Documented", "externalID": "SDIRouteSection_155280229121_1729499888", "userLabel": "_Gemeindestrasse Asphalt"}}, {"type": "Feature", "geometry": {"type": "LineString", "coordinates": [[14.291753517463803, 46.56490011473457], [14.291787212714553, 46.56487674645089]]}, "properties": {"fillColor": "#1B7CBD", "executionState": "Documented", "externalID": "SDIRouteSection_155321722369_1729499909", "userLabel": "_Bankett"}}, {"type": "Feature", "geometry": {"type": "LineString", "coordinates": [[14.291601218283176, 46.564968836447605], [14.29164539091289, 46.5649651770546]]}, "properties": {"fillColor": "#0D15FF", "executionState": "Documented", "externalID": "SDIRouteSection_155326549505_1729499913", "userLabel": "_Gemeindestrasse Asphalt"}}, {"type": "Feature", "geometry": {"type": "LineString", "coordinates": [[14.291787212714553, 46.56487674645089], [14.29183670785278, 46.56484144908592]]}, "properties": {"fillColor": "#1B7CBD", "executionState": "Documented", "externalID": "SDIRouteSection_155349753857_1729499921", "userLabel": "_Bankett"}}, {"type": "Feature", "geometry": {"type": "LineString", "coordinates": [[14.291787212714553, 46.56487674645089], [14.291745596565306, 46.564798141348774]]}, "properties": {"fillColor": "#3B3B3B", "executionState": "Documented", "externalID": "SDIRouteSection_155549315841_1729500023", "userLabel": "_Pressung"}}, {"type": "Feature", "geometry": {"type": "LineString", "coordinates": [[14.291725102812052, 46.56477192041331], [14.291745596565306, 46.564798141348774]]}, "properties": {"fillColor": "#1B7CBD", "executionState": "Documented", "externalID": "SDIRouteSection_155595205121_1729500041", "userLabel": "_Gr\u00fcnfl\u00e4che"}}, {"type": "Feature", "geometry": {"type": "LineString", "coordinates": [[14.288452137261629, 46.56121705103351], [14.288490526378155, 46.56122615692348]]}, "properties": {"fillColor": "#0D15FF", "executionState": "Documented", "externalID": "SDIRouteSection_155769843201_1729587754", "userLabel": "_Landesstra\u00dfe Asphalt"}}, {"type": "Feature", "geometry": {"type": "LineString", "coordinates": [[14.288672246038914, 46.56125796989414], [14.288731086999178, 46.56127468322268]]}, "properties": {"fillColor": "#3B3B3B", "executionState": "Documented", "externalID": "SDIRouteSection_155777997569_1729587758", "userLabel": "_Sp\u00fclbohrung"}}, {"type": "Feature", "geometry": {"type": "LineString", "coordinates": [[14.288371503353119, 46.56119284549578], [14.288452137261629, 46.56121705103351]]}, "properties": {"fillColor": "#3B3B3B", "executionState": "Documented", "externalID": "SDIRouteSection_155778138625_1729587753", "userLabel": "_Sp\u00fclbohrung"}}, {"type": "Feature", "geometry": {"type": "LineString", "coordinates": [[14.2885797098279, 46.56124794189452], [14.288634359836578, 46.56125612566447]]}, "properties": {"fillColor": "#3B3B3B", "executionState": "Documented", "externalID": "SDIRouteSection_155779860481_1729587756", "userLabel": "_Sp\u00fclbohrung"}}, {"type": "Feature", "geometry": {"type": "LineString", "coordinates": [[14.288634359836578, 46.56125612566447], [14.288672246038914, 46.56125796989414]]}, "properties": {"fillColor": "#3B3B3B", "executionState": "Documented", "externalID": "SDIRouteSection_155783044609_1729587757", "userLabel": "_Sp\u00fclbohrung"}}, {"type": "Feature", "geometry": {"type": "LineString", "coordinates": [[14.288490526378155, 46.56122615692348], [14.2885797098279, 46.56124794189452]]}, "properties": {"fillColor": "#3B3B3B", "executionState": "Documented", "externalID": "SDIRouteSection_155784302081_1729587755", "userLabel": "_Sp\u00fclbohrung"}}, {"type": "Feature", "geometry": {"type": "LineString", "coordinates": [[14.288731086999178, 46.56127468322268], [14.288767296820879, 46.5612812532884]]}, "properties": {"fillColor": "#3B3B3B", "executionState": "Documented", "externalID": "SDIRouteSection_155787019521_1729587759", "userLabel": "_Sp\u00fclbohrung"}}, {"type": "Feature", "geometry": {"type": "LineString", "coordinates": [[14.288821276277304, 46.561290128639], [14.288897886872292, 46.56130050242359]]}, "properties": {"fillColor": "#3B3B3B", "executionState": "Documented", "externalID": "SDIRouteSection_155788726017_1729587760", "userLabel": "_Sp\u00fclbohrung"}}, {"type": "Feature", "geometry": {"type": "LineString", "coordinates": [[14.288767296820879, 46.5612812532884], [14.288821276277304, 46.561290128639]]}, "properties": {"fillColor": "#3B3B3B", "executionState": "Documented", "externalID": "SDIRouteSection_155790785537_1729587760", "userLabel": "_Sp\u00fclbohrung"}}, {"type": "Feature", "geometry": {"type": "LineString", "coordinates": [[14.288932420313358, 46.56130615037216], [14.288970474153757, 46.56131087620622]]}, "properties": {"fillColor": "#3B3B3B", "executionState": "Documented", "externalID": "SDIRouteSection_155790986753_1729587762", "userLabel": "_Sp\u00fclbohrung"}}, {"type": "Feature", "geometry": {"type": "LineString", "coordinates": [[14.288897886872292, 46.56130050242359], [14.288932420313358, 46.56130615037216]]}, "properties": {"fillColor": "#3B3B3B", "executionState": "Documented", "externalID": "SDIRouteSection_155794075393_1729587761", "userLabel": "_Sp\u00fclbohrung"}}, {"type": "Feature", "geometry": {"type": "LineString", "coordinates": [[14.288970474153757, 46.56131087620622], [14.289006348699331, 46.561315947832554]]}, "properties": {"fillColor": "#3B3B3B", "executionState": "Documented", "externalID": "SDIRouteSection_155795589633_1729587762", "userLabel": "_Sp\u00fclbohrung"}}, {"type": "Feature", "geometry": {"type": "LineString", "coordinates": [[14.289006348699331, 46.561315947832554], [14.289099052548409, 46.56131721573905]]}, "properties": {"fillColor": "#3B3B3B", "executionState": "Documented", "externalID": "SDIRouteSection_155797724417_1729587764", "userLabel": "_Sp\u00fclbohrung"}}, {"type": "Feature", "geometry": {"type": "LineString", "coordinates": [[14.289124868810177, 46.56131940575935], [14.289951827377081, 46.56125082350377]]}, "properties": {"fillColor": "#3B3B3B", "executionState": "Documented", "externalID": "SDIRouteSection_155878302465_1729587804", "userLabel": "_Sp\u00fclbohrung"}}, {"type": "Feature", "geometry": {"type": "LineString", "coordinates": [[14.289964567869902, 46.561280446438246], [14.289957862347364, 46.56125186088309]]}, "properties": {"fillColor": "#0D15FF", "executionState": "Documented", "externalID": "SDIRouteSection_155956208385_1729587846", "userLabel": "_Gemeindestrasse Asphalt"}}, {"type": "Feature", "geometry": {"type": "LineString", "coordinates": [[14.289951827377081, 46.56125082350377], [14.289957862347364, 46.56125186088309]]}, "properties": {"fillColor": "#0D15FF", "executionState": "Documented", "externalID": "SDIRouteSection_155956507393_1729587842", "userLabel": "_Landesstra\u00dfe Asphalt"}}, {"type": "Feature", "geometry": {"type": "LineString", "coordinates": [[14.290056098252535, 46.561243216054976], [14.290121644735336, 46.5612269637744]]}, "properties": {"fillColor": "#3B3B3B", "executionState": "Documented", "externalID": "SDIRouteSection_155965397761_1729587850", "userLabel": "_Sp\u00fclbohrung"}}, {"type": "Feature", "geometry": {"type": "LineString", "coordinates": [[14.290121644735336, 46.5612269637744], [14.290160033851862, 46.56122535007253]]}, "properties": {"fillColor": "#3B3B3B", "executionState": "Documented", "externalID": "SDIRouteSection_155979649537_1729587851", "userLabel": "_Sp\u00fclbohrung"}}, {"type": "Feature", "geometry": {"type": "LineString", "coordinates": [[14.290469493716955, 46.56120275824111], [14.290506709367037, 46.561199069777956]]}, "properties": {"fillColor": "#3B3B3B", "executionState": "Documented", "externalID": "SDIRouteSection_155991618817_1729587856", "userLabel": "_Sp\u00fclbohrung"}}, {"type": "Feature", "geometry": {"type": "LineString", "coordinates": [[14.290213510394096, 46.56121843420678], [14.290286935865879, 46.56121566786021]]}, "properties": {"fillColor": "#3B3B3B", "executionState": "Documented", "externalID": "SDIRouteSection_155991767041_1729587853", "userLabel": "_Sp\u00fclbohrung"}}, {"type": "Feature", "geometry": {"type": "LineString", "coordinates": [[14.290391374379396, 46.56121209466238], [14.290431942790747, 46.5612055245883]]}, "properties": {"fillColor": "#3B3B3B", "executionState": "Documented", "externalID": "SDIRouteSection_156004188417_1729587855", "userLabel": "_Sp\u00fclbohrung"}}, {"type": "Feature", "geometry": {"type": "LineString", "coordinates": [[14.290160033851862, 46.56122535007253], [14.290213510394096, 46.56121843420678]]}, "properties": {"fillColor": "#3B3B3B", "executionState": "Documented", "externalID": "SDIRouteSection_156004323585_1729587852", "userLabel": "_Sp\u00fclbohrung"}}, {"type": "Feature", "geometry": {"type": "LineString", "coordinates": [[14.290657415986061, 46.56118097325191], [14.290691614151001, 46.56117716952272]]}, "properties": {"fillColor": "#3B3B3B", "executionState": "Documented", "externalID": "SDIRouteSection_156005208577_1729587858", "userLabel": "_Sp\u00fclbohrung"}}, {"type": "Feature", "geometry": {"type": "LineString", "coordinates": [[14.290506709367037, 46.561199069777956], [14.290583655238152, 46.561190655470426]]}, "properties": {"fillColor": "#3B3B3B", "executionState": "Documented", "externalID": "SDIRouteSection_156005331713_1729587857", "userLabel": "_Sp\u00fclbohrung"}}, {"type": "Feature", "geometry": {"type": "LineString", "coordinates": [[14.290431942790747, 46.5612055245883], [14.290469493716955, 46.56120275824111]]}, "properties": {"fillColor": "#3B3B3B", "executionState": "Documented", "externalID": "SDIRouteSection_156005454081_1729587855", "userLabel": "_Sp\u00fclbohrung"}}, {"type": "Feature", "geometry": {"type": "LineString", "coordinates": [[14.290358684957027, 46.56121082675341], [14.290391374379396, 46.56121209466238]]}, "properties": {"fillColor": "#3B3B3B", "executionState": "Documented", "externalID": "SDIRouteSection_156005575681_1729587854", "userLabel": "_Sp\u00fclbohrung"}}, {"type": "Feature", "geometry": {"type": "LineString", "coordinates": [[14.290771409869194, 46.56116702624365], [14.290849529206753, 46.56115573031698]]}, "properties": {"fillColor": "#3B3B3B", "executionState": "Documented", "externalID": "SDIRouteSection_156016204801_1729587860", "userLabel": "_Sp\u00fclbohrung"}}, {"type": "Feature", "geometry": {"type": "LineString", "coordinates": [[14.290583655238152, 46.561190655470426], [14.290657415986061, 46.56118097325191]]}, "properties": {"fillColor": "#3B3B3B", "executionState": "Documented", "externalID": "SDIRouteSection_156018488577_1729587857", "userLabel": "_Sp\u00fclbohrung"}}, {"type": "Feature", "geometry": {"type": "LineString", "coordinates": [[14.290849529206753, 46.56115573031698], [14.290929157286882, 46.56114593282766]]}, "properties": {"fillColor": "#3B3B3B", "executionState": "Documented", "externalID": "SDIRouteSection_156019052289_1729587861", "userLabel": "_Sp\u00fclbohrung"}}, {"type": "Feature", "geometry": {"type": "LineString", "coordinates": [[14.29108640179038, 46.56112956525331], [14.291126132011414, 46.561125761520515]]}, "properties": {"fillColor": "#3B3B3B", "executionState": "Documented", "externalID": "SDIRouteSection_156021053953_1729587862", "userLabel": "_Sp\u00fclbohrung"}}, {"type": "Feature", "geometry": {"type": "LineString", "coordinates": [[14.290691614151001, 46.56117716952272], [14.290731512010098, 46.56117209788343]]}, "properties": {"fillColor": "#3B3B3B", "executionState": "Documented", "externalID": "SDIRouteSection_156021206273_1729587859", "userLabel": "_Sp\u00fclbohrung"}}, {"type": "Feature", "geometry": {"type": "LineString", "coordinates": [[14.291163515299559, 46.56112126619965], [14.291198551654816, 46.56111469611457]]}, "properties": {"fillColor": "#3B3B3B", "executionState": "Documented", "externalID": "SDIRouteSection_156021236225_1729587864", "userLabel": "_Sp\u00fclbohrung"}}, {"type": "Feature", "geometry": {"type": "LineString", "coordinates": [[14.291198551654816, 46.56111469611457], [14.291237946599722, 46.56110754970538]]}, "properties": {"fillColor": "#3B3B3B", "executionState": "Documented", "externalID": "SDIRouteSection_156025976065_1729587865", "userLabel": "_Sp\u00fclbohrung"}}, {"type": "Feature", "geometry": {"type": "LineString", "coordinates": [[14.291697232984006, 46.56494428681418], [14.291711021214724, 46.564924549131405]]}, "properties": {"fillColor": "#0D15FF", "executionState": "Documented", "externalID": "SDIRouteSection_156029394177_1729500188", "userLabel": "_Gemeindestrasse Asphalt"}}, {"type": "Feature", "geometry": {"type": "LineString", "coordinates": [[14.29164539091289, 46.5649651770546], [14.291690778918564, 46.564962785482635]]}, "properties": {"fillColor": "#0D15FF", "executionState": "Documented", "externalID": "SDIRouteSection_156030733313_1729500187", "userLabel": "_Gemeindestrasse Asphalt"}}, {"type": "Feature", "geometry": {"type": "LineString", "coordinates": [[14.291690778918564, 46.564962785482635], [14.291697232984006, 46.56494428681418]]}, "properties": {"fillColor": "#0D15FF", "executionState": "Documented", "externalID": "SDIRouteSection_156045771521_1729500187", "userLabel": "_Gemeindestrasse Asphalt"}}, {"type": "Feature", "geometry": {"type": "LineString", "coordinates": [[14.291711021214724, 46.564924549131405], [14.291753517463803, 46.56490011473457]]}, "properties": {"fillColor": "#1B7CBD", "executionState": "Documented", "externalID": "SDIRouteSection_156046550017_1729500189", "userLabel": "_Bankett"}}, {"type": "Feature", "geometry": {"type": "LineString", "coordinates": [[14.290929157286882, 46.56114593282766], [14.291007779538631, 46.56113821009953]]}, "properties": {"fillColor": "#3B3B3B", "executionState": "Documented", "externalID": "SDIRouteSection_156126214657_1729587912", "userLabel": "_Sp\u00fclbohrung"}}, {"type": "Feature", "geometry": {"type": "LineString", "coordinates": [[14.29154321551323, 46.564925096600064], [14.29153248667717, 46.56491671168456]]}, "properties": {"fillColor": "#0D15FF", "executionState": "Documented", "externalID": "SDIRouteSection_156130562049_1729500212", "userLabel": "_Gemeindestrasse Asphalt"}}, {"type": "Feature", "geometry": {"type": "LineString", "coordinates": [[14.291566517204046, 46.56493157978127], [14.29154321551323, 46.564925096600064]]}, "properties": {"fillColor": "#0D15FF", "executionState": "Documented", "externalID": "SDIRouteSection_156131473921_1729500213", "userLabel": "_Gemeindestrasse Asphalt"}}, {"type": "Feature", "geometry": {"type": "LineString", "coordinates": [[14.291007779538631, 46.56113821009953], [14.29108640179038, 46.56112956525331]]}, "properties": {"fillColor": "#3B3B3B", "executionState": "Documented", "externalID": "SDIRouteSection_156132529665_1729587913", "userLabel": "_Sp\u00fclbohrung"}}, {"type": "Feature", "geometry": {"type": "LineString", "coordinates": [[14.291126132011414, 46.561125761520515], [14.291163515299559, 46.56112126619965]]}, "properties": {"fillColor": "#3B3B3B", "executionState": "Documented", "externalID": "SDIRouteSection_156136947201_1729587914", "userLabel": "_Sp\u00fclbohrung"}}, {"type": "Feature", "geometry": {"type": "LineString", "coordinates": [[14.291574186645448, 46.56493642055608], [14.291566517204046, 46.56493157978127]]}, "properties": {"fillColor": "#0D15FF", "executionState": "Documented", "externalID": "SDIRouteSection_156143651329_1729500220", "userLabel": "_Gemeindestrasse Asphalt"}}, {"type": "Feature", "geometry": {"type": "LineString", "coordinates": [[14.291487350128591, 46.56491558793289], [14.29153248667717, 46.56491671168456]]}, "properties": {"fillColor": "#0D15FF", "executionState": "Documented", "externalID": "SDIRouteSection_156152249857_1729500226", "userLabel": "_Gemeindestrasse Asphalt"}}, {"type": "Feature", "geometry": {"type": "LineString", "coordinates": [[14.291431903839111, 46.5649210914344], [14.291444979608059, 46.564919333771684]]}, "properties": {"fillColor": "#0D15FF", "executionState": "Documented", "externalID": "SDIRouteSection_156169819393_1729500234", "userLabel": "_Gemeindestrasse Asphalt"}}, {"type": "Feature", "geometry": {"type": "LineString", "coordinates": [[14.291237946599722, 46.56110754970538], [14.291311539709568, 46.56109544691344]]}, "properties": {"fillColor": "#3B3B3B", "executionState": "Documented", "externalID": "SDIRouteSection_156188104961_1729587931", "userLabel": "_Sp\u00fclbohrung"}}, {"type": "Feature", "geometry": {"type": "LineString", "coordinates": [[14.291888088919222, 46.56480690086727], [14.29192807059735, 46.56477955618152]]}, "properties": {"fillColor": "#1B7CBD", "executionState": "Documented", "externalID": "SDIRouteSection_156208180481_1729500260", "userLabel": "_Bankett"}}, {"type": "Feature", "geometry": {"type": "LineString", "coordinates": [[14.292138665914536, 46.56471115118552], [14.292193609289825, 46.56470048991048]]}, "properties": {"fillColor": "#0D15FF", "executionState": "Documented", "externalID": "SDIRouteSection_156219817729_1729500268", "userLabel": "_Gemeindestrasse Asphalt"}}, {"type": "Feature", "geometry": {"type": "LineString", "coordinates": [[14.292106856592, 46.564702852679716], [14.292138665914536, 46.56471115118552]]}, "properties": {"fillColor": "#0D15FF", "executionState": "Documented", "externalID": "SDIRouteSection_156220026369_1729500267", "userLabel": "_Gemeindestrasse Asphalt"}}, {"type": "Feature", "geometry": {"type": "LineString", "coordinates": [[14.292060839943588, 46.56471590553721], [14.292106856592, 46.564702852679716]]}, "properties": {"fillColor": "#1B7CBD", "executionState": "Documented", "externalID": "SDIRouteSection_156220230145_1729500264", "userLabel": "_Bankett"}}, {"type": "Feature", "geometry": {"type": "LineString", "coordinates": [[14.29183670785278, 46.56484144908592], [14.291888088919222, 46.56480690086727]]}, "properties": {"fillColor": "#1B7CBD", "executionState": "Documented", "externalID": "SDIRouteSection_156220448001_1729500259", "userLabel": "_Bankett"}}, {"type": "Feature", "geometry": {"type": "LineString", "coordinates": [[14.292001035064459, 46.56473927389021], [14.292060839943588, 46.56471590553721]]}, "properties": {"fillColor": "#1B7CBD", "executionState": "Documented", "externalID": "SDIRouteSection_156223327489_1729500262", "userLabel": "_Bankett"}}, {"type": "Feature", "geometry": {"type": "LineString", "coordinates": [[14.292257940396667, 46.56468740823496], [14.292369084432721, 46.56466525005939]]}, "properties": {"fillColor": "#1B7CBD", "executionState": "Documented", "externalID": "SDIRouteSection_156226610945_1729500269", "userLabel": "_Bankett"}}, {"type": "Feature", "geometry": {"type": "LineString", "coordinates": [[14.29192807059735, 46.56477955618152], [14.292001035064459, 46.56473927389021]]}, "properties": {"fillColor": "#1B7CBD", "executionState": "Documented", "externalID": "SDIRouteSection_156229813249_1729500262", "userLabel": "_Bankett"}}, {"type": "Feature", "geometry": {"type": "LineString", "coordinates": [[14.296193746849895, 46.55707094599785], [14.29621604271233, 46.55704420259781]]}, "properties": {"fillColor": "#0D15FF", "executionState": "Documented", "externalID": "SDIRouteSection_156311450369_1734351795", "userLabel": "_Gemeindestrasse Asphalt"}}, {"type": "Feature", "geometry": {"type": "LineString", "coordinates": [[14.296134822070599, 46.55713849607892], [14.296165416017175, 46.55710299195124]]}, "properties": {"fillColor": "#0D15FF", "executionState": "Documented", "externalID": "SDIRouteSection_156315082241_1734351797", "userLabel": "_Gemeindestrasse Asphalt"}}, {"type": "Feature", "geometry": {"type": "LineString", "coordinates": [[14.296081261709332, 46.55720005188158], [14.296104479581118, 46.55717359672775]]}, "properties": {"fillColor": "#0D15FF", "executionState": "Documented", "externalID": "SDIRouteSection_156320311553_1734351799", "userLabel": "_Gemeindestrasse Asphalt"}}, {"type": "Feature", "geometry": {"type": "LineString", "coordinates": [[14.296104479581118, 46.55717359672775], [14.296134822070599, 46.55713849607892]]}, "properties": {"fillColor": "#0D15FF", "executionState": "Documented", "externalID": "SDIRouteSection_156326807809_1734351798", "userLabel": "_Gemeindestrasse Asphalt"}}, {"type": "Feature", "geometry": {"type": "LineString", "coordinates": [[14.29621604271233, 46.55704420259781], [14.296237584203482, 46.55702103265867]]}, "properties": {"fillColor": "#0D15FF", "executionState": "Documented", "externalID": "SDIRouteSection_156328780801_1734351794", "userLabel": "_Gemeindestrasse Asphalt"}}, {"type": "Feature", "geometry": {"type": "LineString", "coordinates": [[14.296165416017175, 46.55710299195124], [14.296193746849895, 46.55707094599785]]}, "properties": {"fillColor": "#0D15FF", "executionState": "Documented", "externalID": "SDIRouteSection_156330872065_1734351796", "userLabel": "_Gemeindestrasse Asphalt"}}, {"type": "Feature", "geometry": {"type": "LineString", "coordinates": [[14.296051086857915, 46.55723572885515], [14.296057373285294, 46.55723399976165]]}, "properties": {"fillColor": "#0D15FF", "executionState": "Documented", "externalID": "SDIRouteSection_156352888833_1734351819", "userLabel": "_Gemeindestrasse Asphalt"}}, {"type": "Feature", "geometry": {"type": "LineString", "coordinates": [[14.296081261709332, 46.55720005188158], [14.29606550373137, 46.55721705464251]]}, "properties": {"fillColor": "#0D15FF", "executionState": "Documented", "externalID": "SDIRouteSection_156363803393_1734351825", "userLabel": "_Gemeindestrasse Asphalt"}}, {"type": "Feature", "geometry": {"type": "LineString", "coordinates": [[14.291779501363635, 46.56459563471799], [14.29175091907382, 46.56458802773818]]}, "properties": {"fillColor": "#958CCF", "executionState": "Documented", "externalID": "SDIRouteSection_156403245313_1729500356", "userLabel": "_Querung offen"}}, {"type": "Feature", "geometry": {"type": "LineString", "coordinates": [[14.291311539709568, 46.56109544691344], [14.29138982668519, 46.56108023197115]]}, "properties": {"fillColor": "#3B3B3B", "executionState": "Documented", "externalID": "SDIRouteSection_156452319489_1729588095", "userLabel": "_Sp\u00fclbohrung"}}, {"type": "Feature", "geometry": {"type": "LineString", "coordinates": [[14.29157992824912, 46.56103274288151], [14.29160725325346, 46.56102467434275]]}, "properties": {"fillColor": "#3B3B3B", "executionState": "Documented", "externalID": "SDIRouteSection_156453013761_1729588088", "userLabel": "_Sp\u00fclbohrung"}}, {"type": "Feature", "geometry": {"type": "LineString", "coordinates": [[14.291424695402384, 46.56107366188115], [14.29157992824912, 46.56103274288151]]}, "properties": {"fillColor": "#3B3B3B", "executionState": "Documented", "externalID": "SDIRouteSection_156455840513_1729588092", "userLabel": "_Sp\u00fclbohrung"}}, {"type": "Feature", "geometry": {"type": "LineString", "coordinates": [[14.29138982668519, 46.56108023197115], [14.291424695402384, 46.56107366188115]]}, "properties": {"fillColor": "#3B3B3B", "executionState": "Documented", "externalID": "SDIRouteSection_156468811009_1729588093", "userLabel": "_Sp\u00fclbohrung"}}, {"type": "Feature", "geometry": {"type": "LineString", "coordinates": [[14.296056535094976, 46.5572293888454], [14.296051086857915, 46.55723572885515]]}, "properties": {"fillColor": "#0D15FF", "executionState": "Documented", "externalID": "SDIRouteSection_156474515713_1734351898", "userLabel": "_Gemeindestrasse Asphalt"}}, {"type": "Feature", "geometry": {"type": "LineString", "coordinates": [[14.29606550373137, 46.55721705464251], [14.296056535094976, 46.5572293888454]]}, "properties": {"fillColor": "#0D15FF", "executionState": "Documented", "externalID": "SDIRouteSection_156477121537_1734351901", "userLabel": "_Gemeindestrasse Asphalt"}}, {"type": "Feature", "geometry": {"type": "LineString", "coordinates": [[14.2961554415524, 46.557211579177704], [14.29618226364255, 46.55720812098912]]}, "properties": {"fillColor": "#0D15FF", "executionState": "Documented", "externalID": "SDIRouteSection_156571589633_1734351929", "userLabel": "_Gemeindestrasse Asphalt"}}, {"type": "Feature", "geometry": {"type": "LineString", "coordinates": [[14.29607824422419, 46.557229043026666], [14.2961554415524, 46.557211579177704]]}, "properties": {"fillColor": "#0D15FF", "executionState": "Documented", "externalID": "SDIRouteSection_156573158145_1734351930", "userLabel": "_Gemeindestrasse Asphalt"}}, {"type": "Feature", "geometry": {"type": "LineString", "coordinates": [[14.296057373285294, 46.55723399976165], [14.29607824422419, 46.557229043026666]]}, "properties": {"fillColor": "#0D15FF", "executionState": "Documented", "externalID": "SDIRouteSection_156593897985_1734351932", "userLabel": "_Gemeindestrasse Asphalt"}}, {"type": "Feature", "geometry": {"type": "LineString", "coordinates": [[14.295986546203494, 46.5572528468777], [14.29599417373538, 46.557253019787]]}, "properties": {"fillColor": "#0D15FF", "executionState": "Documented", "externalID": "SDIRouteSection_156615014145_1734351973", "userLabel": "_Gemeindestrasse Asphalt"}}, {"type": "Feature", "geometry": {"type": "LineString", "coordinates": [[14.295984534546733, 46.55730270236728], [14.295970788225532, 46.55725578633556]]}, "properties": {"fillColor": "#0D15FF", "executionState": "Documented", "externalID": "SDIRouteSection_156615321089_1734351960", "userLabel": "_Gemeindestrasse Asphalt"}}, {"type": "Feature", "geometry": {"type": "LineString", "coordinates": [[14.29599417373538, 46.557253019787], [14.296012111008167, 46.55724737141651]]}, "properties": {"fillColor": "#0D15FF", "executionState": "Documented", "externalID": "SDIRouteSection_156616907777_1734351971", "userLabel": "_Gemeindestrasse Asphalt"}}, {"type": "Feature", "geometry": {"type": "LineString", "coordinates": [[14.295981097966433, 46.55732875400372], [14.295984534546733, 46.55730270236728]]}, "properties": {"fillColor": "#0D15FF", "executionState": "Documented", "externalID": "SDIRouteSection_156619166465_1734351960", "userLabel": "_Gemeindestrasse Asphalt"}}, {"type": "Feature", "geometry": {"type": "LineString", "coordinates": [[14.296012111008167, 46.55724737141651], [14.296025186777115, 46.55724293341075]]}, "properties": {"fillColor": "#0D15FF", "executionState": "Documented", "externalID": "SDIRouteSection_156619967489_1734351971", "userLabel": "_Gemeindestrasse Asphalt"}}, {"type": "Feature", "geometry": {"type": "LineString", "coordinates": [[14.296025186777115, 46.55724293341075], [14.296051086857915, 46.55723572885515]]}, "properties": {"fillColor": "#0D15FF", "executionState": "Documented", "externalID": "SDIRouteSection_156623107073_1734351970", "userLabel": "_Gemeindestrasse Asphalt"}}, {"type": "Feature", "geometry": {"type": "LineString", "coordinates": [[14.294575620442629, 46.55684235866639], [14.294569920748472, 46.55686183992378]]}, "properties": {"fillColor": "#1B7CBD", "executionState": "Documented", "externalID": "SDIRouteSection_156867436289_1734352131", "userLabel": "_Bankett"}}, {"type": "Feature", "geometry": {"type": "LineString", "coordinates": [[14.29455315694213, 46.55688593212005], [14.294533040374517, 46.55690080241763]]}, "properties": {"fillColor": "#1B7CBD", "executionState": "Documented", "externalID": "SDIRouteSection_156877798401_1734352132", "userLabel": "_Bankett"}}, {"type": "Feature", "geometry": {"type": "LineString", "coordinates": [[14.294569920748472, 46.55686183992378], [14.29455315694213, 46.55688593212005]]}, "properties": {"fillColor": "#1B7CBD", "executionState": "Documented", "externalID": "SDIRouteSection_156880694529_1734352132", "userLabel": "_Bankett"}}, {"type": "Feature", "geometry": {"type": "LineString", "coordinates": [[14.292552061378956, 46.5646551074324], [14.292552242598315, 46.56465655458425], [14.292599419131875, 46.56465677866083]]}, "properties": {"fillColor": "#1B7CBD", "executionState": "Documented", "externalID": "SDIRouteSection_156884983809_1729500485", "userLabel": "_Bankett"}}, {"type": "Feature", "geometry": {"type": "LineString", "coordinates": [[14.292454663664103, 46.56465879566062], [14.292552061378956, 46.5646551074324]]}, "properties": {"fillColor": "#1B7CBD", "executionState": "Documented", "externalID": "SDIRouteSection_156886979329_1729500483", "userLabel": "_Bankett"}}, {"type": "Feature", "geometry": {"type": "LineString", "coordinates": [[14.29522454738617, 46.55956666968666], [14.295290596783161, 46.55957381629884]]}, "properties": {"fillColor": "#0D15FF", "executionState": "Documented", "externalID": "SDIRouteSection_156908205057_1732781084", "userLabel": "_Gemeindestrasse Asphalt"}}, {"type": "Feature", "geometry": {"type": "LineString", "coordinates": [[14.294560365378857, 46.55680996673766], [14.294540416449308, 46.55682276212818]]}, "properties": {"fillColor": "#958CCF", "executionState": "Documented", "externalID": "SDIRouteSection_156911026177_1734352155", "userLabel": "_Querung offen"}}, {"type": "Feature", "geometry": {"type": "LineString", "coordinates": [[14.294540416449308, 46.55682276212818], [14.29452582248847, 46.5568259897938], [14.2944011092186, 46.55687578803872]]}, "properties": {"fillColor": "#FE0DFF", "executionState": "Documented", "externalID": "SDIRouteSection_156920838913_1734352163", "userLabel": "_Hausanschluss"}}, {"type": "Feature", "geometry": {"type": "LineString", "coordinates": [[14.291734155267477, 46.56474189598589], [14.291725102812052, 46.56477192041331]]}, "properties": {"fillColor": "#1B7CBD", "executionState": "Documented", "externalID": "SDIRouteSection_156928199425_1729500519", "userLabel": "_Bankett"}}, {"type": "Feature", "geometry": {"type": "LineString", "coordinates": [[14.291768353432417, 46.56467510454169], [14.291752092540264, 46.56470374592172]]}, "properties": {"fillColor": "#3B3B3B", "executionState": "Documented", "externalID": "SDIRouteSection_156932709633_1729500521", "userLabel": "_Sp\u00fclbohrung"}}, {"type": "Feature", "geometry": {"type": "LineString", "coordinates": [[14.291752092540264, 46.56470374592172], [14.291734155267477, 46.56474189598589]]}, "properties": {"fillColor": "#1B7CBD", "executionState": "Documented", "externalID": "SDIRouteSection_156934678785_1729500520", "userLabel": "_Bankett"}}, {"type": "Feature", "geometry": {"type": "LineString", "coordinates": [[14.291871199384332, 46.564514896946065], [14.29180950857699, 46.56460825538667]]}, "properties": {"fillColor": "#3B3B3B", "executionState": "Documented", "externalID": "SDIRouteSection_156940155649_1729500533", "userLabel": "_Sp\u00fclbohrung"}}, {"type": "Feature", "geometry": {"type": "LineString", "coordinates": [[14.294341430068016, 46.55699872726018], [14.29392889096354, 46.55722658921076]]}, "properties": {"fillColor": "#0D15FF", "executionState": "Gross planning", "externalID": "SDIRouteSection_156972419329_1734352228", "userLabel": "_Gemeindestrasse Asphalt"}}, {"type": "Feature", "geometry": {"type": "LineString", "coordinates": [[14.291904894635081, 46.56446706509021], [14.291871199384332, 46.564514896946065]]}, "properties": {"fillColor": "#3B3B3B", "executionState": "Documented", "externalID": "SDIRouteSection_156995129857_1729500534", "userLabel": "_Sp\u00fclbohrung"}}, {"type": "Feature", "geometry": {"type": "LineString", "coordinates": [[14.294341430068016, 46.55699872726018], [14.29433522745967, 46.55699774743627]]}, "properties": {"fillColor": "#958CCF", "executionState": "Documented", "externalID": "SDIRouteSection_156997043969_1734352233", "userLabel": "_Querung offen"}}, {"type": "Feature", "geometry": {"type": "LineString", "coordinates": [[14.29392889096354, 46.55722658921076], [14.29396391127527, 46.557252039967665]]}, "properties": {"fillColor": "#958CCF", "executionState": "Gross planning", "externalID": "SDIRouteSection_156998121217_1734352265", "userLabel": "_Querung offen"}}, {"type": "Feature", "geometry": {"type": "LineString", "coordinates": [[14.289912767708302, 46.558098481998144], [14.28993958979845, 46.55808557163735]]}, "properties": {"fillColor": "#3B3B3B", "executionState": "Documented", "externalID": "SDIRouteSection_157003331841_1729588273", "userLabel": "_Sp\u00fclbohrung"}}, {"type": "Feature", "geometry": {"type": "LineString", "coordinates": [[14.28993958979845, 46.55808557163735], [14.28995467722416, 46.55807946226912]]}, "properties": {"fillColor": "#3B3B3B", "executionState": "Documented", "externalID": "SDIRouteSection_157011699457_1729588274", "userLabel": "_Sp\u00fclbohrung"}}, {"type": "Feature", "geometry": {"type": "LineString", "coordinates": [[14.29392889096354, 46.55722658921076], [14.293916970563592, 46.55723313517193]]}, "properties": {"fillColor": "#0D15FF", "executionState": "Gross planning", "externalID": "SDIRouteSection_157022947329_1734352260", "userLabel": "_Gemeindestrasse Asphalt"}}, {"type": "Feature", "geometry": {"type": "LineString", "coordinates": [[14.292872082442045, 46.56469077950405], [14.292880799621344, 46.564695389786266]]}, "properties": {"fillColor": "#1B7CBD", "executionState": "Documented", "externalID": "SDIRouteSection_157027522049_1729500554", "userLabel": "_Bankett"}}, {"type": "Feature", "geometry": {"type": "LineString", "coordinates": [[14.292872082442045, 46.56469077950405], [14.292906951159239, 46.56463441877267]]}, "properties": {"fillColor": "#3B3B3B", "executionState": "Documented", "externalID": "SDIRouteSection_157033032961_1729500557", "userLabel": "_Pressung"}}, {"type": "Feature", "geometry": {"type": "LineString", "coordinates": [[14.29396391127527, 46.557252039967665], [14.293967264194015, 46.55725434542489], [14.293992072476922, 46.55740097250337]]}, "properties": {"fillColor": "#FE0DFF", "executionState": "Gross planning", "externalID": "SDIRouteSection_157033784833_1734352269", "userLabel": "_Hausanschluss"}}, {"type": "Feature", "geometry": {"type": "LineString", "coordinates": [[14.292906951159239, 46.56463441877267], [14.29291248337281, 46.56462346933953], [14.292944669500171, 46.56453126366076]]}, "properties": {"fillColor": "#FE0DFF", "executionState": "Documented", "externalID": "SDIRouteSection_157039587073_1729500565", "userLabel": "_Hausanschluss"}}, {"type": "Feature", "geometry": {"type": "LineString", "coordinates": [[14.289805814623833, 46.55814620419798], [14.28987119346857, 46.55811807807561]]}, "properties": {"fillColor": "#3B3B3B", "executionState": "Documented", "externalID": "SDIRouteSection_157044624385_1729588295", "userLabel": "_Sp\u00fclbohrung"}}, {"type": "Feature", "geometry": {"type": "LineString", "coordinates": [[14.28967958316207, 46.558195424877], [14.289750326424837, 46.55816822094749]]}, "properties": {"fillColor": "#3B3B3B", "executionState": "Documented", "externalID": "SDIRouteSection_157045782529_1729588297", "userLabel": "_Sp\u00fclbohrung"}}, {"type": "Feature", "geometry": {"type": "LineString", "coordinates": [[14.289750326424837, 46.55816822094749], [14.289805814623833, 46.55814620419798]]}, "properties": {"fillColor": "#3B3B3B", "executionState": "Documented", "externalID": "SDIRouteSection_157050207489_1729588296", "userLabel": "_Sp\u00fclbohrung"}}, {"type": "Feature", "geometry": {"type": "LineString", "coordinates": [[14.28987119346857, 46.55811807807561], [14.289898686110973, 46.558105167719475]]}, "properties": {"fillColor": "#3B3B3B", "executionState": "Documented", "externalID": "SDIRouteSection_157051703809_1729588294", "userLabel": "_Sp\u00fclbohrung"}}, {"type": "Feature", "geometry": {"type": "LineString", "coordinates": [[14.29433522745967, 46.55699774743627], [14.29433002288402, 46.556993828140406], [14.294181838533513, 46.55698230070626]]}, "properties": {"fillColor": "#FE0DFF", "executionState": "Documented", "externalID": "SDIRouteSection_157055339521_1734352292", "userLabel": "_Hausanschluss"}}, {"type": "Feature", "geometry": {"type": "LineString", "coordinates": [[14.289641696959734, 46.55820960319079], [14.28967958316207, 46.558195424877]]}, "properties": {"fillColor": "#3B3B3B", "executionState": "Documented", "externalID": "SDIRouteSection_157059794177_1729588298", "userLabel": "_Sp\u00fclbohrung"}}, {"type": "Feature", "geometry": {"type": "LineString", "coordinates": [[14.289603140205145, 46.558224818938044], [14.289641696959734, 46.55820960319079]]}, "properties": {"fillColor": "#3B3B3B", "executionState": "Documented", "externalID": "SDIRouteSection_157063061249_1729588299", "userLabel": "_Sp\u00fclbohrung"}}, {"type": "Feature", "geometry": {"type": "LineString", "coordinates": [[14.28955988958478, 46.558243723345356], [14.289603140205145, 46.558224818938044]]}, "properties": {"fillColor": "#3B3B3B", "executionState": "Documented", "externalID": "SDIRouteSection_157100031745_1729588317", "userLabel": "_Sp\u00fclbohrung"}}, {"type": "Feature", "geometry": {"type": "LineString", "coordinates": [[14.294386776164174, 46.55698016823942], [14.294424494728446, 46.557015384264076]]}, "properties": {"fillColor": "#3B3B3B", "executionState": "Documented", "externalID": "SDIRouteSection_157126330113_1734352370", "userLabel": "_Pressung"}}, {"type": "Feature", "geometry": {"type": "LineString", "coordinates": [[14.289465844631195, 46.558292943935925], [14.289474561810493, 46.55828706513239]]}, "properties": {"fillColor": "#1B7CBD", "executionState": "Documented", "externalID": "SDIRouteSection_157134452993_1729588341", "userLabel": "_Gr\u00fcnfl\u00e4che"}}, {"type": "Feature", "geometry": {"type": "LineString", "coordinates": [[14.289465844631195, 46.558292943935925], [14.289477244019508, 46.558297900573706]]}, "properties": {"fillColor": "#1B7CBD", "executionState": "Documented", "externalID": "SDIRouteSection_157145321473_1729588346", "userLabel": "_Gr\u00fcnfl\u00e4che"}}, {"type": "Feature", "geometry": {"type": "LineString", "coordinates": [[14.294620547443628, 46.55686368430281], [14.29465675726533, 46.55689722893564]]}, "properties": {"fillColor": "#0D15FF", "executionState": "Documented", "externalID": "SDIRouteSection_157161447937_1734352390", "userLabel": "_Gemeindestrasse Asphalt"}}, {"type": "Feature", "geometry": {"type": "LineString", "coordinates": [[14.289477244019508, 46.558297900573706], [14.28948326330626, 46.55829962963334], [14.289535582027256, 46.55852094889511]]}, "properties": {"fillColor": "#FE0DFF", "executionState": "Documented", "externalID": "SDIRouteSection_157163513345_1729588354", "userLabel": "_Hausanschluss"}}, {"type": "Feature", "geometry": {"type": "LineString", "coordinates": [[14.289495684206486, 46.55827657550091], [14.28955988958478, 46.558243723345356]]}, "properties": {"fillColor": "#3B3B3B", "executionState": "Documented", "externalID": "SDIRouteSection_157176786433_1729588371", "userLabel": "_Sp\u00fclbohrung"}}, {"type": "Feature", "geometry": {"type": "LineString", "coordinates": [[14.292771331965923, 46.56467337568526], [14.29282397031784, 46.5646831725376]]}, "properties": {"fillColor": "#1B7CBD", "executionState": "Documented", "externalID": "SDIRouteSection_157179245313_1729500622", "userLabel": "_Bankett"}}, {"type": "Feature", "geometry": {"type": "LineString", "coordinates": [[14.289474561810493, 46.55828706513239], [14.289495684206486, 46.55827657550091]]}, "properties": {"fillColor": "#3B3B3B", "executionState": "Documented", "externalID": "SDIRouteSection_157180256513_1729588371", "userLabel": "_Sp\u00fclbohrung"}}, {"type": "Feature", "geometry": {"type": "LineString", "coordinates": [[14.293071907013655, 46.564590736284146], [14.293097220361233, 46.56456641699427]]}, "properties": {"fillColor": "#3B3B3B", "executionState": "Documented", "externalID": "SDIRouteSection_157180747265_1729500644", "userLabel": "_Sp\u00fclbohrung"}}, {"type": "Feature", "geometry": {"type": "LineString", "coordinates": [[14.29282397031784, 46.5646831725376], [14.292872082442045, 46.56469077950405]]}, "properties": {"fillColor": "#1B7CBD", "executionState": "Documented", "externalID": "SDIRouteSection_157184614913_1729500621", "userLabel": "_Bankett"}}, {"type": "Feature", "geometry": {"type": "LineString", "coordinates": [[14.292704612016678, 46.56466473140236], [14.292771331965923, 46.56467337568526]]}, "properties": {"fillColor": "#1B7CBD", "executionState": "Documented", "externalID": "SDIRouteSection_157188593921_1729500623", "userLabel": "_Bankett"}}, {"type": "Feature", "geometry": {"type": "LineString", "coordinates": [[14.293186403810978, 46.5644938048317], [14.293211549520493, 46.56446752612035]]}, "properties": {"fillColor": "#3B3B3B", "executionState": "Documented", "externalID": "SDIRouteSection_157218248449_1729500646", "userLabel": "_Sp\u00fclbohrung"}}, {"type": "Feature", "geometry": {"type": "LineString", "coordinates": [[14.29300082847476, 46.564654473518175], [14.293024633079767, 46.56463441877267]]}, "properties": {"fillColor": "#3B3B3B", "executionState": "Documented", "externalID": "SDIRouteSection_157221429761_1729500642", "userLabel": "_Sp\u00fclbohrung"}}, {"type": "Feature", "geometry": {"type": "LineString", "coordinates": [[14.293097220361233, 46.56456641699427], [14.293162263929844, 46.564515012203515]]}, "properties": {"fillColor": "#3B3B3B", "executionState": "Documented", "externalID": "SDIRouteSection_157231444993_1729500645", "userLabel": "_Sp\u00fclbohrung"}}, {"type": "Feature", "geometry": {"type": "LineString", "coordinates": [[14.293162263929844, 46.564515012203515], [14.293186403810978, 46.5644938048317]]}, "properties": {"fillColor": "#3B3B3B", "executionState": "Documented", "externalID": "SDIRouteSection_157254292993_1729500658", "userLabel": "_Sp\u00fclbohrung"}}, {"type": "Feature", "geometry": {"type": "LineString", "coordinates": [[14.293299056589603, 46.56439678676281], [14.293313096277416, 46.56438500166334]]}, "properties": {"fillColor": "#3B3B3B", "executionState": "Documented", "externalID": "SDIRouteSection_157261769729_1729500669", "userLabel": "_Sp\u00fclbohrung"}}, {"type": "Feature", "geometry": {"type": "LineString", "coordinates": [[14.297369308769703, 46.555720906564716], [14.297391856089234, 46.55572655509411]]}, "properties": {"fillColor": "#3B3B3B", "executionState": "Documented", "externalID": "SDIRouteSection_157347487489_1734352542", "userLabel": "_Pressung"}}, {"type": "Feature", "geometry": {"type": "LineString", "coordinates": [[14.297369308769703, 46.555720906564716], [14.2973901797086, 46.55568436402385]]}, "properties": {"fillColor": "#958CCF", "executionState": "Documented", "externalID": "SDIRouteSection_157363028737_1734352547", "userLabel": "_Querung offen"}}, {"type": "Feature", "geometry": {"type": "LineString", "coordinates": [[14.2973901797086, 46.55568436402385], [14.297392435814224, 46.55567923423298], [14.297419264830271, 46.55558240210742]]}, "properties": {"fillColor": "#FE0DFF", "executionState": "Documented", "externalID": "SDIRouteSection_157367681793_1734352553", "userLabel": "_Hausanschluss"}}, {"type": "Feature", "geometry": {"type": "LineString", "coordinates": [[14.29710385389626, 46.55565024225993], [14.297115253284574, 46.555664305962495]]}, "properties": {"fillColor": "#958CCF", "executionState": "Documented", "externalID": "SDIRouteSection_157402030849_1734352591", "userLabel": "_Querung offen"}}, {"type": "Feature", "geometry": {"type": "LineString", "coordinates": [[14.29710385389626, 46.55565024225993], [14.29721130989492, 46.55568384528095]]}, "properties": {"fillColor": "#3B3B3B", "executionState": "Documented", "externalID": "SDIRouteSection_157421066497_1734352583", "userLabel": "_Pressung"}}, {"type": "Feature", "geometry": {"type": "LineString", "coordinates": [[14.297115253284574, 46.555664305962495], [14.297146399999999, 46.5559102], [14.297317686435928, 46.55601049001492]]}, "properties": {"fillColor": "#FE0DFF", "executionState": "Documented", "externalID": "SDIRouteSection_157444674049_1734352603", "userLabel": "_Hausanschluss"}}, {"type": "Feature", "geometry": {"type": "LineString", "coordinates": [[14.297807766124606, 46.555878834613196], [14.297889489680529, 46.55593526207818]]}, "properties": {"fillColor": "#3B3B3B", "executionState": "Documented", "externalID": "SDIRouteSection_157454834177_1734352621", "userLabel": "_Pressung"}}, {"type": "Feature", "geometry": {"type": "LineString", "coordinates": [[14.297807766124606, 46.555878834613196], [14.297844814136624, 46.55584961219509]]}, "properties": {"fillColor": "#958CCF", "executionState": "Documented", "externalID": "SDIRouteSection_157466237185_1734352626", "userLabel": "_Querung offen"}}, {"type": "Feature", "geometry": {"type": "LineString", "coordinates": [[14.297844814136624, 46.55584961219509], [14.297852421509956, 46.55583462633355], [14.297819584564074, 46.55566355669898]]}, "properties": {"fillColor": "#FE0DFF", "executionState": "Documented", "externalID": "SDIRouteSection_157473019393_1734352637", "userLabel": "_Hausanschluss"}}, {"type": "Feature", "geometry": {"type": "LineString", "coordinates": [[14.297308707609773, 46.55570499845848], [14.297369308769703, 46.555720906564716]]}, "properties": {"fillColor": "#3B3B3B", "executionState": "Documented", "externalID": "SDIRouteSection_157502390529_1734352668", "userLabel": "_Pressung"}}, {"type": "Feature", "geometry": {"type": "LineString", "coordinates": [[14.29721130989492, 46.55568384528095], [14.297308707609773, 46.55570499845848]]}, "properties": {"fillColor": "#3B3B3B", "executionState": "Documented", "externalID": "SDIRouteSection_157504237313_1734352669", "userLabel": "_Pressung"}}, {"type": "Feature", "geometry": {"type": "LineString", "coordinates": [[14.297391856089234, 46.55572655509411], [14.297464359551668, 46.555746094390145]]}, "properties": {"fillColor": "#3B3B3B", "executionState": "Documented", "externalID": "SDIRouteSection_157554822401_1734352720", "userLabel": "_Pressung"}}, {"type": "Feature", "geometry": {"type": "LineString", "coordinates": [[14.297554213553667, 46.55576206012236], [14.297607941552997, 46.555783443821355]]}, "properties": {"fillColor": "#3B3B3B", "executionState": "Documented", "externalID": "SDIRouteSection_157566142465_1734352719", "userLabel": "_Pressung"}}, {"type": "Feature", "geometry": {"type": "LineString", "coordinates": [[14.297464359551668, 46.555746094390145], [14.297554213553667, 46.55576206012236]]}, "properties": {"fillColor": "#3B3B3B", "executionState": "Documented", "externalID": "SDIRouteSection_157571901953_1734352720", "userLabel": "_Pressung"}}, {"type": "Feature", "geometry": {"type": "LineString", "coordinates": [[14.297079294919968, 46.55564038613832], [14.29710385389626, 46.55565024225993]]}, "properties": {"fillColor": "#3B3B3B", "executionState": "Documented", "externalID": "SDIRouteSection_157577995521_1734352737", "userLabel": "_Pressung"}}, {"type": "Feature", "geometry": {"type": "LineString", "coordinates": [[14.297060603275895, 46.55560176856855], [14.297079294919968, 46.55564038613832]]}, "properties": {"fillColor": "#3B3B3B", "executionState": "Documented", "externalID": "SDIRouteSection_157587235073_1734352738", "userLabel": "_Pressung"}}, {"type": "Feature", "geometry": {"type": "LineString", "coordinates": [[14.297726461663842, 46.55583347357478], [14.297807766124606, 46.555878834613196]]}, "properties": {"fillColor": "#3B3B3B", "executionState": "Documented", "externalID": "SDIRouteSection_157613593601_1734352749", "userLabel": "_Pressung"}}, {"type": "Feature", "geometry": {"type": "LineString", "coordinates": [[14.293822925537825, 46.5639881102899], [14.29389358498156, 46.56392604352391]]}, "properties": {"fillColor": "#3B3B3B", "executionState": "Documented", "externalID": "SDIRouteSection_157689456129_1729500895", "userLabel": "_Sp\u00fclbohrung"}}, {"type": "Feature", "geometry": {"type": "LineString", "coordinates": [[14.293776825070381, 46.564024820126406], [14.293822925537825, 46.5639881102899]]}, "properties": {"fillColor": "#3B3B3B", "executionState": "Documented", "externalID": "SDIRouteSection_157696212481_1729500897", "userLabel": "_Sp\u00fclbohrung"}}, {"type": "Feature", "geometry": {"type": "LineString", "coordinates": [[14.293715972453356, 46.56406977091282], [14.293776825070381, 46.564024820126406]]}, "properties": {"fillColor": "#3B3B3B", "executionState": "Documented", "externalID": "SDIRouteSection_157711014913_1729500904", "userLabel": "_Sp\u00fclbohrung"}}, {"type": "Feature", "geometry": {"type": "LineString", "coordinates": [[14.293621340766549, 46.564142037868294], [14.293715972453356, 46.56406977091282]]}, "properties": {"fillColor": "#3B3B3B", "executionState": "Documented", "externalID": "SDIRouteSection_157720353281_1729500909", "userLabel": "_Sp\u00fclbohrung"}}, {"type": "Feature", "geometry": {"type": "LineString", "coordinates": [[14.293502233922482, 46.56423551220854], [14.293621340766549, 46.564142037868294]]}, "properties": {"fillColor": "#3B3B3B", "executionState": "Documented", "externalID": "SDIRouteSection_157726898689_1729500914", "userLabel": "_Sp\u00fclbohrung"}}, {"type": "Feature", "geometry": {"type": "LineString", "coordinates": [[14.293502233922482, 46.56423551220854], [14.293499300256371, 46.56423372570913]]}, "properties": {"fillColor": "#958CCF", "executionState": "Documented", "externalID": "SDIRouteSection_157779188225_1729500926", "userLabel": "_Querung offen"}}, {"type": "Feature", "geometry": {"type": "LineString", "coordinates": [[14.293499300256371, 46.56423372570913], [14.293493177451111, 46.56422790517826], [14.29345026619728, 46.56416428276689]]}, "properties": {"fillColor": "#FE0DFF", "executionState": "Documented", "externalID": "SDIRouteSection_157789488129_1729500936", "userLabel": "_Hausanschluss"}}, {"type": "Feature", "geometry": {"type": "LineString", "coordinates": [[14.293343564495444, 46.564359875476896], [14.293394777923822, 46.564319074213614]]}, "properties": {"fillColor": "#CC6E84", "executionState": "Documented", "externalID": "SDIRouteSection_158064582913_1729501062", "userLabel": "_Asphaltiert PrStr,IW"}}, {"type": "Feature", "geometry": {"type": "LineString", "coordinates": [[14.293394777923822, 46.564319074213614], [14.293417828157544, 46.564304695795016]]}, "properties": {"fillColor": "#3B3B3B", "executionState": "Documented", "externalID": "SDIRouteSection_158078482433_1729501063", "userLabel": "_Sp\u00fclbohrung"}}, {"type": "Feature", "geometry": {"type": "LineString", "coordinates": [[14.293417828157544, 46.564304695795016], [14.293502233922482, 46.56423551220854]]}, "properties": {"fillColor": "#3B3B3B", "executionState": "Documented", "externalID": "SDIRouteSection_158087322113_1729501070", "userLabel": "_Sp\u00fclbohrung"}}, {"type": "Feature", "geometry": {"type": "LineString", "coordinates": [[14.292460698634386, 46.55430662311244], [14.29246187134184, 46.5543018966683], [14.29259665306774, 46.55426869631844]]}, "properties": {"fillColor": "#FE0DFF", "executionState": "Documented", "externalID": "SDIRouteSection_158118578689_1734352999", "userLabel": "_Hausanschluss"}}, {"type": "Feature", "geometry": {"type": "LineString", "coordinates": [[14.292880799621344, 46.564695389786266], [14.292904939502478, 46.56472339724209]]}, "properties": {"fillColor": "#1B7CBD", "executionState": "Documented", "externalID": "SDIRouteSection_158159979777_1729501141", "userLabel": "_Bankett"}}, {"type": "Feature", "geometry": {"type": "LineString", "coordinates": [[14.292930839583278, 46.56478240878903], [14.293004013597965, 46.56479168696586]]}, "properties": {"fillColor": "#0D15FF", "executionState": "Documented", "externalID": "SDIRouteSection_158179418625_1729501150", "userLabel": "_Gemeindestrasse Asphalt"}}, {"type": "Feature", "geometry": {"type": "LineString", "coordinates": [[14.292914997786283, 46.56479064965424], [14.292930839583278, 46.56478240878903]]}, "properties": {"fillColor": "#0D15FF", "executionState": "Documented", "externalID": "SDIRouteSection_158197041153_1729501160", "userLabel": "_Gemeindestrasse Asphalt"}}, {"type": "Feature", "geometry": {"type": "LineString", "coordinates": [[14.292991692200303, 46.56485127472206], [14.293000994616705, 46.56485398325488], [14.293141812101894, 46.565019029573946]]}, "properties": {"fillColor": "#FE0DFF", "executionState": "Documented", "externalID": "SDIRouteSection_158297266177_1729501256", "userLabel": "_Hausanschluss"}}, {"type": "Feature", "geometry": {"type": "LineString", "coordinates": [[14.293004013597965, 46.56479168696586], [14.29302622564137, 46.56479047676896]]}, "properties": {"fillColor": "#1B7CBD", "executionState": "Documented", "externalID": "SDIRouteSection_158313556737_1729501248", "userLabel": "_Bankett"}}, {"type": "Feature", "geometry": {"type": "LineString", "coordinates": [[14.293004013597965, 46.56479168696586], [14.292998062446713, 46.56483490826557]]}, "properties": {"fillColor": "#958CCF", "executionState": "Documented", "externalID": "SDIRouteSection_158320448513_1729501253", "userLabel": "_Querung offen"}}, {"type": "Feature", "geometry": {"type": "LineString", "coordinates": [[14.293163940310478, 46.56478557835271], [14.293236611410975, 46.564816755323875]]}, "properties": {"fillColor": "#0D15FF", "executionState": "Documented", "externalID": "SDIRouteSection_158365827329_1729501297", "userLabel": "_Gemeindestrasse Asphalt"}}, {"type": "Feature", "geometry": {"type": "LineString", "coordinates": [[14.293236611410975, 46.564816755323875], [14.293321100994945, 46.5648571528144]]}, "properties": {"fillColor": "#0D15FF", "executionState": "Documented", "externalID": "SDIRouteSection_158367784449_1729501296", "userLabel": "_Gemeindestrasse Asphalt"}}, {"type": "Feature", "geometry": {"type": "LineString", "coordinates": [[14.293067632243037, 46.56477065258753], [14.293112559244037, 46.56476569654103]]}, "properties": {"fillColor": "#0D15FF", "executionState": "Documented", "externalID": "SDIRouteSection_158368633345_1729501299", "userLabel": "_Gemeindestrasse Asphalt"}}, {"type": "Feature", "geometry": {"type": "LineString", "coordinates": [[14.293112559244037, 46.56476569654103], [14.293163940310478, 46.56478557835271]]}, "properties": {"fillColor": "#0D15FF", "executionState": "Documented", "externalID": "SDIRouteSection_158371629569_1729501298", "userLabel": "_Gemeindestrasse Asphalt"}}, {"type": "Feature", "geometry": {"type": "LineString", "coordinates": [[14.292998062446713, 46.56483490826557], [14.292991692200303, 46.56485127472206]]}, "properties": {"fillColor": "#958CCF", "executionState": "Documented", "externalID": "SDIRouteSection_158397444865_1729501321", "userLabel": "_Querung offen"}}, {"type": "Feature", "geometry": {"type": "LineString", "coordinates": [[14.292889181524515, 46.56498814190269], [14.292890690267086, 46.56500387440278]]}, "properties": {"fillColor": "#3B3B3B", "executionState": "Documented", "externalID": "SDIRouteSection_158411359489_1729501332", "userLabel": "_Sp\u00fclbohrung"}}, {"type": "Feature", "geometry": {"type": "LineString", "coordinates": [[14.292882811278105, 46.56505816013737], [14.292872669175267, 46.565135151277104]]}, "properties": {"fillColor": "#3B3B3B", "executionState": "Documented", "externalID": "SDIRouteSection_158431590145_1729501356", "userLabel": "_Sp\u00fclbohrung"}}, {"type": "Feature", "geometry": {"type": "LineString", "coordinates": [[14.292838471010327, 46.56528705862456], [14.292799746617675, 46.565309360615856]]}, "properties": {"fillColor": "#1B7CBD", "executionState": "Documented", "externalID": "SDIRouteSection_158437856769_1729501363", "userLabel": "_Gr\u00fcnfl\u00e4che"}}, {"type": "Feature", "geometry": {"type": "LineString", "coordinates": [[14.292856911197305, 46.56524810215265], [14.292848696932197, 46.56526199048386]]}, "properties": {"fillColor": "#3B3B3B", "executionState": "Documented", "externalID": "SDIRouteSection_158437999105_1729501360", "userLabel": "_Sp\u00fclbohrung"}}, {"type": "Feature", "geometry": {"type": "LineString", "coordinates": [[14.292872669175267, 46.565135151277104], [14.292867220938206, 46.56518419273206]]}, "properties": {"fillColor": "#3B3B3B", "executionState": "Documented", "externalID": "SDIRouteSection_158450431489_1729501358", "userLabel": "_Sp\u00fclbohrung"}}, {"type": "Feature", "geometry": {"type": "LineString", "coordinates": [[14.292867220938206, 46.56518419273206], [14.292856911197305, 46.56524810215265]]}, "properties": {"fillColor": "#3B3B3B", "executionState": "Documented", "externalID": "SDIRouteSection_158451106305_1729501359", "userLabel": "_Sp\u00fclbohrung"}}, {"type": "Feature", "geometry": {"type": "LineString", "coordinates": [[14.292848696932197, 46.56526199048386], [14.292838471010327, 46.56528705862456]]}, "properties": {"fillColor": "#3B3B3B", "executionState": "Documented", "externalID": "SDIRouteSection_158454711041_1729501361", "userLabel": "_Sp\u00fclbohrung"}}, {"type": "Feature", "geometry": {"type": "LineString", "coordinates": [[14.292795304208994, 46.56535425271005], [14.292751885950565, 46.56535552052222]]}, "properties": {"fillColor": "#1B7CBD", "executionState": "Documented", "externalID": "SDIRouteSection_158455790337_1729501364", "userLabel": "_Bankett"}}, {"type": "Feature", "geometry": {"type": "LineString", "coordinates": [[14.292799746617675, 46.565309360615856], [14.292795304208994, 46.56535425271005]]}, "properties": {"fillColor": "#3B3B3B", "executionState": "Documented", "externalID": "SDIRouteSection_158457336321_1729501364", "userLabel": "_Pressung"}}, {"type": "Feature", "geometry": {"type": "LineString", "coordinates": [[14.292890690267086, 46.56500387440278], [14.292882811278105, 46.56505816013737]]}, "properties": {"fillColor": "#3B3B3B", "executionState": "Documented", "externalID": "SDIRouteSection_158470220289_1729501390", "userLabel": "_Sp\u00fclbohrung"}}, {"type": "Feature", "geometry": {"type": "LineString", "coordinates": [[14.292751885950565, 46.56535552052222], [14.29272330366075, 46.56535206285267]]}, "properties": {"fillColor": "#1B7CBD", "executionState": "Documented", "externalID": "SDIRouteSection_158487245569_1729501401", "userLabel": "_Bankett"}}, {"type": "Feature", "geometry": {"type": "LineString", "coordinates": [[14.29272330366075, 46.56535206285267], [14.292689776048064, 46.56535442559354]]}, "properties": {"fillColor": "#1B7CBD", "executionState": "Documented", "externalID": "SDIRouteSection_158509399297_1729501415", "userLabel": "_Bankett"}}, {"type": "Feature", "geometry": {"type": "LineString", "coordinates": [[14.293691162019968, 46.561469594832914], [14.29378118366003, 46.56144688783925]]}, "properties": {"fillColor": "#1B7CBD", "executionState": "Documented", "externalID": "SDIRouteSection_158552815617_1734353208", "userLabel": "_Gr\u00fcnfl\u00e4che"}}, {"type": "Feature", "geometry": {"type": "LineString", "coordinates": [[14.293652269989252, 46.56149483762184], [14.293691162019968, 46.561469594832914]]}, "properties": {"fillColor": "#1B7CBD", "executionState": "Documented", "externalID": "SDIRouteSection_158572875009_1734353208", "userLabel": "_Gr\u00fcnfl\u00e4che"}}, {"type": "Feature", "geometry": {"type": "LineString", "coordinates": [[14.29272087290883, 46.56536093753735], [14.292723389133425, 46.56536157144335], [14.2927864190352, 46.56550126115802]]}, "properties": {"fillColor": "#FE0DFF", "executionState": "Documented", "externalID": "SDIRouteSection_158769916417_1729501551", "userLabel": "_Hausanschluss"}}, {"type": "Feature", "geometry": {"type": "LineString", "coordinates": [[14.29272330366075, 46.56535206285267], [14.29272087290883, 46.56536093753735]]}, "properties": {"fillColor": "#1B7CBD", "executionState": "Documented", "externalID": "SDIRouteSection_158770633985_1729501544", "userLabel": "_Bankett"}}, {"type": "Feature", "geometry": {"type": "LineString", "coordinates": [[14.293652269989252, 46.56149483762184], [14.293488815716852, 46.56074744215554]]}, "properties": {"fillColor": "#FE0DFF", "executionState": "Documented", "externalID": "SDIRouteSection_158805462273_1734353312", "userLabel": "_Hausanschluss"}}, {"type": "Feature", "geometry": {"type": "LineString", "coordinates": [[14.293652269989252, 46.56149483762184], [14.293805663226966, 46.56068982892512]]}, "properties": {"fillColor": "#FE0DFF", "executionState": "Documented", "externalID": "SDIRouteSection_158824394497_1734353319", "userLabel": "_Hausanschluss"}}, {"type": "Feature", "geometry": {"type": "LineString", "coordinates": [[14.293652269989252, 46.56149483762184], [14.293947812115347, 46.56050540371622]]}, "properties": {"fillColor": "#FE0DFF", "executionState": "Documented", "externalID": "SDIRouteSection_158839150849_1734353324", "userLabel": "_Hausanschluss"}}, {"type": "Feature", "geometry": {"type": "LineString", "coordinates": [[14.293652269989252, 46.56149483762184], [14.29366839180154, 46.561018104246]]}, "properties": {"fillColor": "#FE0DFF", "executionState": "Documented", "externalID": "SDIRouteSection_158908907265_1734353365", "userLabel": "_Hausanschluss"}}, {"type": "Feature", "geometry": {"type": "LineString", "coordinates": [[14.293032512068748, 46.56478422408463], [14.293067632243037, 46.56477065258753]]}, "properties": {"fillColor": "#1B7CBD", "executionState": "Documented", "externalID": "SDIRouteSection_159007384321_1729501712", "userLabel": "_Bankett"}}, {"type": "Feature", "geometry": {"type": "LineString", "coordinates": [[14.29302622564137, 46.56479047676896], [14.29302987176925, 46.56479234969271]]}, "properties": {"fillColor": "#0D15FF", "executionState": "Documented", "externalID": "SDIRouteSection_159025359105_1729501718", "userLabel": "_Gemeindestrasse Asphalt"}}, {"type": "Feature", "geometry": {"type": "LineString", "coordinates": [[14.29341958835721, 46.56490083508842], [14.293458836618811, 46.56493924434116]]}, "properties": {"fillColor": "#0D15FF", "executionState": "Documented", "externalID": "SDIRouteSection_159060375553_1729501747", "userLabel": "_Gemeindestrasse Asphalt"}}, {"type": "Feature", "geometry": {"type": "LineString", "coordinates": [[14.293374577537179, 46.5648019448241], [14.293405045755208, 46.5647767035739]]}, "properties": {"fillColor": "#1B7CBD", "executionState": "Documented", "externalID": "SDIRouteSection_159060585729_1729501739", "userLabel": "_Gr\u00fcnfl\u00e4che"}}, {"type": "Feature", "geometry": {"type": "LineString", "coordinates": [[14.293405045755208, 46.5647767035739], [14.293488319963217, 46.56471060371467]]}, "properties": {"fillColor": "#1B7CBD", "executionState": "Documented", "externalID": "SDIRouteSection_159060872961_1729501743", "userLabel": "_Gr\u00fcnfl\u00e4che"}}, {"type": "Feature", "geometry": {"type": "LineString", "coordinates": [[14.293390586972237, 46.56488498730175], [14.29341958835721, 46.56490083508842]]}, "properties": {"fillColor": "#0D15FF", "executionState": "Documented", "externalID": "SDIRouteSection_159062130689_1729501746", "userLabel": "_Gemeindestrasse Asphalt"}}, {"type": "Feature", "geometry": {"type": "LineString", "coordinates": [[14.293854273855686, 46.564422690921134], [14.293891238048673, 46.56439520196966]]}, "properties": {"fillColor": "#1B7CBD", "executionState": "Documented", "externalID": "SDIRouteSection_159166348033_1729501852", "userLabel": "_Gr\u00fcnfl\u00e4che"}}, {"type": "Feature", "geometry": {"type": "LineString", "coordinates": [[14.293991569429636, 46.564313887610155], [14.294024929404259, 46.564287839327505]]}, "properties": {"fillColor": "#1B7CBD", "executionState": "Documented", "externalID": "SDIRouteSection_159172079361_1729501848", "userLabel": "_Gr\u00fcnfl\u00e4che"}}, {"type": "Feature", "geometry": {"type": "LineString", "coordinates": [[14.293955359607935, 46.56434051216934], [14.293991569429636, 46.564313887610155]]}, "properties": {"fillColor": "#1B7CBD", "executionState": "Documented", "externalID": "SDIRouteSection_159172770305_1729501849", "userLabel": "_Gr\u00fcnfl\u00e4che"}}, {"type": "Feature", "geometry": {"type": "LineString", "coordinates": [[14.293808676302433, 46.564455654593075], [14.293854273855686, 46.564422690921134]]}, "properties": {"fillColor": "#1B7CBD", "executionState": "Documented", "externalID": "SDIRouteSection_159173277953_1729501853", "userLabel": "_Gr\u00fcnfl\u00e4che"}}, {"type": "Feature", "geometry": {"type": "LineString", "coordinates": [[14.293924095109105, 46.56436673331336], [14.293955359607935, 46.56434051216934]]}, "properties": {"fillColor": "#1B7CBD", "executionState": "Documented", "externalID": "SDIRouteSection_159173399297_1729501850", "userLabel": "_Gr\u00fcnfl\u00e4che"}}, {"type": "Feature", "geometry": {"type": "LineString", "coordinates": [[14.293891238048673, 46.56439520196966], [14.293924095109105, 46.56436673331336]]}, "properties": {"fillColor": "#1B7CBD", "executionState": "Documented", "externalID": "SDIRouteSection_159178634753_1729501851", "userLabel": "_Gr\u00fcnfl\u00e4che"}}, {"type": "Feature", "geometry": {"type": "LineString", "coordinates": [[14.294406305998564, 46.56397456740831], [14.294462716206908, 46.56392074162417]]}, "properties": {"fillColor": "#1B7CBD", "executionState": "Documented", "externalID": "SDIRouteSection_159178661377_1729501896", "userLabel": "_Gr\u00fcnfl\u00e4che"}}, {"type": "Feature", "geometry": {"type": "LineString", "coordinates": [[14.293777327984571, 46.564478360327456], [14.293808676302433, 46.564455654593075]]}, "properties": {"fillColor": "#1B7CBD", "executionState": "Documented", "externalID": "SDIRouteSection_159181774081_1729501854", "userLabel": "_Gr\u00fcnfl\u00e4che"}}, {"type": "Feature", "geometry": {"type": "LineString", "coordinates": [[14.294120902195573, 46.56421511153397], [14.294159458950162, 46.56418600886346]]}, "properties": {"fillColor": "#1B7CBD", "executionState": "Documented", "externalID": "SDIRouteSection_159217161985_1729501883", "userLabel": "_Gr\u00fcnfl\u00e4che"}}, {"type": "Feature", "geometry": {"type": "LineString", "coordinates": [[14.294024929404259, 46.564287839327505], [14.294053260236979, 46.564263174127916]]}, "properties": {"fillColor": "#1B7CBD", "executionState": "Documented", "externalID": "SDIRouteSection_159220140289_1729501876", "userLabel": "_Gr\u00fcnfl\u00e4che"}}, {"type": "Feature", "geometry": {"type": "LineString", "coordinates": [[14.294159458950162, 46.56418600886346], [14.294202206656337, 46.56415042290354]]}, "properties": {"fillColor": "#1B7CBD", "executionState": "Documented", "externalID": "SDIRouteSection_159220698369_1729501888", "userLabel": "_Gr\u00fcnfl\u00e4che"}}, {"type": "Feature", "geometry": {"type": "LineString", "coordinates": [[14.294104725122452, 46.564228193323345], [14.294120902195573, 46.56421511153397]]}, "properties": {"fillColor": "#1B7CBD", "executionState": "Documented", "externalID": "SDIRouteSection_159224900609_1729501881", "userLabel": "_Gr\u00fcnfl\u00e4che"}}, {"type": "Feature", "geometry": {"type": "LineString", "coordinates": [[14.294369341805577, 46.564009029713134], [14.294406305998564, 46.56397456740831]]}, "properties": {"fillColor": "#1B7CBD", "executionState": "Documented", "externalID": "SDIRouteSection_159235665665_1729501895", "userLabel": "_Gr\u00fcnfl\u00e4che"}}, {"type": "Feature", "geometry": {"type": "LineString", "coordinates": [[14.294288456439972, 46.56408008653676], [14.294326133094728, 46.564045278501766]]}, "properties": {"fillColor": "#1B7CBD", "executionState": "Documented", "externalID": "SDIRouteSection_159239048193_1729501894", "userLabel": "_Gr\u00fcnfl\u00e4che"}}, {"type": "Feature", "geometry": {"type": "LineString", "coordinates": [[14.294202206656337, 46.56415042290354], [14.294244702905416, 46.56411293515856]]}, "properties": {"fillColor": "#1B7CBD", "executionState": "Documented", "externalID": "SDIRouteSection_159279454465_1729501935", "userLabel": "_Gr\u00fcnfl\u00e4che"}}, {"type": "Feature", "geometry": {"type": "LineString", "coordinates": [[14.294326133094728, 46.564045278501766], [14.294369341805577, 46.564009029713134]]}, "properties": {"fillColor": "#1B7CBD", "executionState": "Documented", "externalID": "SDIRouteSection_159292068865_1729501930", "userLabel": "_Gr\u00fcnfl\u00e4che"}}, {"type": "Feature", "geometry": {"type": "LineString", "coordinates": [[14.294477719813585, 46.56390938864149], [14.294517785310745, 46.56387285161503]]}, "properties": {"fillColor": "#1B7CBD", "executionState": "Documented", "externalID": "SDIRouteSection_159352990721_1729501983", "userLabel": "_Gr\u00fcnfl\u00e4che"}}, {"type": "Feature", "geometry": {"type": "LineString", "coordinates": [[14.294517785310745, 46.56387285161503], [14.29454980418086, 46.56384178936028]]}, "properties": {"fillColor": "#1B7CBD", "executionState": "Documented", "externalID": "SDIRouteSection_159375996673_1729502009", "userLabel": "_Gr\u00fcnfl\u00e4che"}}, {"type": "Feature", "geometry": {"type": "LineString", "coordinates": [[14.293658472597599, 46.56457206460283], [14.293777327984571, 46.564478360327456]]}, "properties": {"fillColor": "#1B7CBD", "executionState": "Documented", "externalID": "SDIRouteSection_159429457153_1729502067", "userLabel": "_Gr\u00fcnfl\u00e4che"}}, {"type": "Feature", "geometry": {"type": "LineString", "coordinates": [[14.292920026928186, 46.56473999424617], [14.292930839583278, 46.56478240878903]]}, "properties": {"fillColor": "#1B7CBD", "executionState": "Documented", "externalID": "SDIRouteSection_159438035201_1729502081", "userLabel": "_Bankett"}}, {"type": "Feature", "geometry": {"type": "LineString", "coordinates": [[14.29362092167139, 46.56460203149561], [14.293658472597599, 46.56457206460283]]}, "properties": {"fillColor": "#1B7CBD", "executionState": "Documented", "externalID": "SDIRouteSection_159443324161_1729502067", "userLabel": "_Gr\u00fcnfl\u00e4che"}}, {"type": "Feature", "geometry": {"type": "LineString", "coordinates": [[14.29162535816431, 46.564992636903185], [14.291601218283176, 46.564968836447605]]}, "properties": {"fillColor": "#0D15FF", "executionState": "Documented", "externalID": "SDIRouteSection_159558119681_1729502116", "userLabel": "_Gemeindestrasse Asphalt"}}, {"type": "Feature", "geometry": {"type": "LineString", "coordinates": [[14.291383624076843, 46.5645422129509], [14.291385551914573, 46.564589180310946]]}, "properties": {"fillColor": "#0D15FF", "executionState": "Documented", "externalID": "SDIRouteSection_159601478145_1729502135", "userLabel": "_Gemeindestrasse Asphalt"}}, {"type": "Feature", "geometry": {"type": "LineString", "coordinates": [[14.29202701896429, 46.564299710891504], [14.292008075863123, 46.5643344035054]]}, "properties": {"fillColor": "#3B3B3B", "executionState": "Documented", "externalID": "SDIRouteSection_159626387969_1729502159", "userLabel": "_Sp\u00fclbohrung"}}, {"type": "Feature", "geometry": {"type": "LineString", "coordinates": [[14.292097510769963, 46.56420525696808], [14.292056187987328, 46.564260523194605]]}, "properties": {"fillColor": "#3B3B3B", "executionState": "Documented", "externalID": "SDIRouteSection_159633731329_1729502160", "userLabel": "_Sp\u00fclbohrung"}}, {"type": "Feature", "geometry": {"type": "LineString", "coordinates": [[14.29197572171688, 46.56432564391062], [14.291953928768635, 46.56432114885487]]}, "properties": {"fillColor": "#958CCF", "executionState": "Documented", "externalID": "SDIRouteSection_159661381377_1729502187", "userLabel": "_Querung offen"}}, {"type": "Feature", "geometry": {"type": "LineString", "coordinates": [[14.292141431942582, 46.56414486169473], [14.292097510769963, 46.56420525696808]]}, "properties": {"fillColor": "#3B3B3B", "executionState": "Documented", "externalID": "SDIRouteSection_159665585665_1729502195", "userLabel": "_Sp\u00fclbohrung"}}, {"type": "Feature", "geometry": {"type": "LineString", "coordinates": [[14.292165571823716, 46.564126362747345], [14.292141431942582, 46.56414486169473]]}, "properties": {"fillColor": "#3B3B3B", "executionState": "Documented", "externalID": "SDIRouteSection_159668726785_1729502199", "userLabel": "_Sp\u00fclbohrung"}}, {"type": "Feature", "geometry": {"type": "LineString", "coordinates": [[14.292056187987328, 46.564260523194605], [14.29202701896429, 46.564299710891504]]}, "properties": {"fillColor": "#3B3B3B", "executionState": "Documented", "externalID": "SDIRouteSection_159700059137_1729502216", "userLabel": "_Sp\u00fclbohrung"}}, {"type": "Feature", "geometry": {"type": "LineString", "coordinates": [[14.292588187381625, 46.56348558067384], [14.292571926489472, 46.563494628553286]]}, "properties": {"fillColor": "#1B7CBD", "executionState": "Documented", "externalID": "SDIRouteSection_159833903873_1729502309", "userLabel": "_Bankett"}}, {"type": "Feature", "geometry": {"type": "LineString", "coordinates": [[14.292298424988985, 46.56394503238883], [14.29218870587647, 46.56409409042533]]}, "properties": {"fillColor": "#3B3B3B", "executionState": "Documented", "externalID": "SDIRouteSection_159872812289_1729502333", "userLabel": "_Sp\u00fclbohrung"}}, {"type": "Feature", "geometry": {"type": "LineString", "coordinates": [[14.292571926489472, 46.563494628553286], [14.292587684467435, 46.56349975760526]]}, "properties": {"fillColor": "#3B3B3B", "executionState": "Documented", "externalID": "SDIRouteSection_160047353601_1729502415", "userLabel": "_Pressung"}}, {"type": "Feature", "geometry": {"type": "LineString", "coordinates": [[14.292571926489472, 46.563494628553286], [14.292557928711176, 46.56348535015462]]}, "properties": {"fillColor": "#958CCF", "executionState": "Documented", "externalID": "SDIRouteSection_160066835969_1729502418", "userLabel": "_Querung offen"}}, {"type": "Feature", "geometry": {"type": "LineString", "coordinates": [[14.292557928711176, 46.56348535015462], [14.292548354757908, 46.56348148895718], [14.292267411920195, 46.56349762541055]]}, "properties": {"fillColor": "#FE0DFF", "executionState": "Documented", "externalID": "SDIRouteSection_160075740929_1729502424", "userLabel": "_Hausanschluss"}}, {"type": "Feature", "geometry": {"type": "LineString", "coordinates": [[14.292616685852408, 46.56344420245446], [14.292599083855748, 46.56346592890506]]}, "properties": {"fillColor": "#0D15FF", "executionState": "Documented", "externalID": "SDIRouteSection_160112959233_1729502460", "userLabel": "_Gemeindestrasse Asphalt"}}, {"type": "Feature", "geometry": {"type": "LineString", "coordinates": [[14.292599083855748, 46.56346592890506], [14.292588187381625, 46.56348558067384]]}, "properties": {"fillColor": "#3B3B3B", "executionState": "Documented", "externalID": "SDIRouteSection_160115934977_1729502459", "userLabel": "_Sp\u00fclbohrung"}}, {"type": "Feature", "geometry": {"type": "LineString", "coordinates": [[14.29251509718597, 46.563643659012484], [14.292482491582632, 46.56368290478457]]}, "properties": {"fillColor": "#3B3B3B", "executionState": "Documented", "externalID": "SDIRouteSection_160130828545_1729502482", "userLabel": "_Sp\u00fclbohrung"}}, {"type": "Feature", "geometry": {"type": "LineString", "coordinates": [[14.292396996170282, 46.5638053099178], [14.2923684976995, 46.56383959944182]]}, "properties": {"fillColor": "#3B3B3B", "executionState": "Documented", "externalID": "SDIRouteSection_160144528385_1729502485", "userLabel": "_Sp\u00fclbohrung"}}, {"type": "Feature", "geometry": {"type": "LineString", "coordinates": [[14.292432116344571, 46.5637548264782], [14.292396996170282, 46.5638053099178]]}, "properties": {"fillColor": "#3B3B3B", "executionState": "Documented", "externalID": "SDIRouteSection_160148452609_1729502484", "userLabel": "_Sp\u00fclbohrung"}}, {"type": "Feature", "geometry": {"type": "LineString", "coordinates": [[14.292482491582632, 46.56368290478457], [14.29245893843472, 46.563715580758185]]}, "properties": {"fillColor": "#3B3B3B", "executionState": "Documented", "externalID": "SDIRouteSection_160155174657_1729502483", "userLabel": "_Sp\u00fclbohrung"}}, {"type": "Feature", "geometry": {"type": "LineString", "coordinates": [[14.292548205703497, 46.56359986046678], [14.29251509718597, 46.563643659012484]]}, "properties": {"fillColor": "#3B3B3B", "executionState": "Documented", "externalID": "SDIRouteSection_160262455553_1729502546", "userLabel": "_Sp\u00fclbohrung"}}, {"type": "Feature", "geometry": {"type": "LineString", "coordinates": [[14.292571633122861, 46.56357026761361], [14.292548205703497, 46.56359986046678]]}, "properties": {"fillColor": "#3B3B3B", "executionState": "Documented", "externalID": "SDIRouteSection_160266400513_1729502547", "userLabel": "_Sp\u00fclbohrung"}}, {"type": "Feature", "geometry": {"type": "LineString", "coordinates": [[14.29259795229882, 46.563541251041784], [14.292571633122861, 46.56357026761361]]}, "properties": {"fillColor": "#3B3B3B", "executionState": "Documented", "externalID": "SDIRouteSection_160313703169_1729502581", "userLabel": "_Sp\u00fclbohrung"}}, {"type": "Feature", "geometry": {"type": "LineString", "coordinates": [[14.292587684467435, 46.56349975760526], [14.292623768560588, 46.56351652787302]]}, "properties": {"fillColor": "#3B3B3B", "executionState": "Documented", "externalID": "SDIRouteSection_160327781889_1729502586", "userLabel": "_Pressung"}}, {"type": "Feature", "geometry": {"type": "LineString", "coordinates": [[14.292733361944556, 46.56330174126833], [14.292711736634374, 46.56332629164504]]}, "properties": {"fillColor": "#3B3B3B", "executionState": "Documented", "externalID": "SDIRouteSection_160626060801_1729502744", "userLabel": "_Sp\u00fclbohrung"}}, {"type": "Feature", "geometry": {"type": "LineString", "coordinates": [[14.292768985033035, 46.56325465753355], [14.292748281732202, 46.563277363770595]]}, "properties": {"fillColor": "#3B3B3B", "executionState": "Documented", "externalID": "SDIRouteSection_160638134273_1729502742", "userLabel": "_Sp\u00fclbohrung"}}, {"type": "Feature", "geometry": {"type": "LineString", "coordinates": [[14.292748281732202, 46.563277363770595], [14.292733361944556, 46.56330174126833]]}, "properties": {"fillColor": "#3B3B3B", "executionState": "Documented", "externalID": "SDIRouteSection_160641464833_1729502743", "userLabel": "_Sp\u00fclbohrung"}}, {"type": "Feature", "geometry": {"type": "LineString", "coordinates": [[14.292657421901822, 46.56339821381147], [14.29263873025775, 46.56342328281343]]}, "properties": {"fillColor": "#3B3B3B", "executionState": "Documented", "externalID": "SDIRouteSection_160645498881_1729502747", "userLabel": "_Sp\u00fclbohrung"}}, {"type": "Feature", "geometry": {"type": "LineString", "coordinates": [[14.292694218456745, 46.56334894022217], [14.292657421901822, 46.56339821381147]]}, "properties": {"fillColor": "#3B3B3B", "executionState": "Documented", "externalID": "SDIRouteSection_160645619969_1729502746", "userLabel": "_Sp\u00fclbohrung"}}, {"type": "Feature", "geometry": {"type": "LineString", "coordinates": [[14.292711736634374, 46.56332629164504], [14.292694218456745, 46.56334894022217]]}, "properties": {"fillColor": "#3B3B3B", "executionState": "Documented", "externalID": "SDIRouteSection_160645747457_1729502745", "userLabel": "_Sp\u00fclbohrung"}}, {"type": "Feature", "geometry": {"type": "LineString", "coordinates": [[14.292915416881442, 46.563081536571076], [14.292874848470092, 46.56313363428234]]}, "properties": {"fillColor": "#3B3B3B", "executionState": "Documented", "externalID": "SDIRouteSection_160715331073_1729502772", "userLabel": "_Sp\u00fclbohrung"}}, {"type": "Feature", "geometry": {"type": "LineString", "coordinates": [[14.292835690873488, 46.56318940900953], [14.292820449918509, 46.563206709306314]]}, "properties": {"fillColor": "#3B3B3B", "executionState": "Documented", "externalID": "SDIRouteSection_160721140993_1729502770", "userLabel": "_Sp\u00fclbohrung"}}, {"type": "Feature", "geometry": {"type": "LineString", "coordinates": [[14.292874848470092, 46.56313363428234], [14.292835690873488, 46.56318940900953]]}, "properties": {"fillColor": "#3B3B3B", "executionState": "Documented", "externalID": "SDIRouteSection_160724334081_1729502771", "userLabel": "_Sp\u00fclbohrung"}}, {"type": "Feature", "geometry": {"type": "LineString", "coordinates": [[14.293774645775557, 46.56147777856941], [14.293767772614956, 46.561555927427634]]}, "properties": {"fillColor": "#3B3B3B", "executionState": "Documented", "externalID": "SDIRouteSection_160733027329_1734354092", "userLabel": "_Sp\u00fclbohrung"}}, {"type": "Feature", "geometry": {"type": "LineString", "coordinates": [[14.29263873025775, 46.56342328281343], [14.292616685852408, 46.56344420245446]]}, "properties": {"fillColor": "#3B3B3B", "executionState": "Documented", "externalID": "SDIRouteSection_160764642817_1729502783", "userLabel": "_Sp\u00fclbohrung"}}, {"type": "Feature", "geometry": {"type": "LineString", "coordinates": [[14.293109625577927, 46.56284824886103], [14.293088335543871, 46.56287176209469]]}, "properties": {"fillColor": "#3B3B3B", "executionState": "Documented", "externalID": "SDIRouteSection_160795692289_1729502805", "userLabel": "_Sp\u00fclbohrung"}}, {"type": "Feature", "geometry": {"type": "LineString", "coordinates": [[14.293065033853054, 46.56289366166581], [14.293026812374592, 46.562949563162675]]}, "properties": {"fillColor": "#3B3B3B", "executionState": "Documented", "externalID": "SDIRouteSection_160798131457_1729502803", "userLabel": "_Sp\u00fclbohrung"}}, {"type": "Feature", "geometry": {"type": "LineString", "coordinates": [[14.293088335543871, 46.56287176209469], [14.293065033853054, 46.56289366166581]]}, "properties": {"fillColor": "#3B3B3B", "executionState": "Documented", "externalID": "SDIRouteSection_160799165441_1729502804", "userLabel": "_Sp\u00fclbohrung"}}, {"type": "Feature", "geometry": {"type": "LineString", "coordinates": [[14.29315622895956, 46.56280986694307], [14.293109625577927, 46.56284824886103]]}, "properties": {"fillColor": "#3B3B3B", "executionState": "Documented", "externalID": "SDIRouteSection_160805728769_1729502806", "userLabel": "_Sp\u00fclbohrung"}}, {"type": "Feature", "geometry": {"type": "LineString", "coordinates": [[14.293383210897446, 46.56259720987862], [14.293335434049368, 46.562647002826964]]}, "properties": {"fillColor": "#3B3B3B", "executionState": "Documented", "externalID": "SDIRouteSection_160806308097_1729502810", "userLabel": "_Sp\u00fclbohrung"}}, {"type": "Feature", "geometry": {"type": "LineString", "coordinates": [[14.293415062129498, 46.56256055670684], [14.293383210897446, 46.56259720987862]]}, "properties": {"fillColor": "#3B3B3B", "executionState": "Documented", "externalID": "SDIRouteSection_160810205953_1729502811", "userLabel": "_Sp\u00fclbohrung"}}, {"type": "Feature", "geometry": {"type": "LineString", "coordinates": [[14.293273240327835, 46.56270774555162], [14.293210878968239, 46.56276076571115]]}, "properties": {"fillColor": "#3B3B3B", "executionState": "Documented", "externalID": "SDIRouteSection_160810434817_1729502808", "userLabel": "_Sp\u00fclbohrung"}}, {"type": "Feature", "geometry": {"type": "LineString", "coordinates": [[14.289257302880287, 46.564433179364386], [14.289283454418184, 46.564432833591574], [14.28956244488711, 46.5644334483641]]}, "properties": {"fillColor": "#FE0DFF", "executionState": "Plan released", "externalID": "SDIRouteSection_160811470081_1776410022", "userLabel": ""}}, {"type": "Feature", "geometry": {"type": "LineString", "coordinates": [[14.293210878968239, 46.56276076571115], [14.29315622895956, 46.56280986694307]]}, "properties": {"fillColor": "#3B3B3B", "executionState": "Documented", "externalID": "SDIRouteSection_160818531585_1729502807", "userLabel": "_Sp\u00fclbohrung"}}, {"type": "Feature", "geometry": {"type": "LineString", "coordinates": [[14.293477926403284, 46.56247929722835], [14.293415062129498, 46.56256055670684]]}, "properties": {"fillColor": "#3B3B3B", "executionState": "Documented", "externalID": "SDIRouteSection_160825202689_1729502812", "userLabel": "_Sp\u00fclbohrung"}}, {"type": "Feature", "geometry": {"type": "LineString", "coordinates": [[14.293623771518469, 46.56220093936872], [14.293599966913462, 46.56224093538924]]}, "properties": {"fillColor": "#3B3B3B", "executionState": "Documented", "externalID": "SDIRouteSection_160837310465_1729502816", "userLabel": "_Sp\u00fclbohrung"}}, {"type": "Feature", "geometry": {"type": "LineString", "coordinates": [[14.293554034084082, 46.562354007552756], [14.293517488986254, 46.56242074422369]]}, "properties": {"fillColor": "#3B3B3B", "executionState": "Documented", "externalID": "SDIRouteSection_160838614273_1729502814", "userLabel": "_Sp\u00fclbohrung"}}, {"type": "Feature", "geometry": {"type": "LineString", "coordinates": [[14.293335434049368, 46.562647002826964], [14.293273240327835, 46.56270774555162]]}, "properties": {"fillColor": "#3B3B3B", "executionState": "Documented", "externalID": "SDIRouteSection_160842699009_1729502809", "userLabel": "_Sp\u00fclbohrung"}}, {"type": "Feature", "geometry": {"type": "LineString", "coordinates": [[14.293580017983913, 46.56229810544224], [14.293554034084082, 46.562354007552756]]}, "properties": {"fillColor": "#3B3B3B", "executionState": "Documented", "externalID": "SDIRouteSection_160843283457_1729502815", "userLabel": "_Sp\u00fclbohrung"}}, {"type": "Feature", "geometry": {"type": "LineString", "coordinates": [[14.293646570295095, 46.562150108648865], [14.293634500354528, 46.56217615795799]]}, "properties": {"fillColor": "#3B3B3B", "executionState": "Documented", "externalID": "SDIRouteSection_160846337281_1729502818", "userLabel": "_Sp\u00fclbohrung"}}, {"type": "Feature", "geometry": {"type": "LineString", "coordinates": [[14.293517488986254, 46.56242074422369], [14.293477926403284, 46.56247929722835]]}, "properties": {"fillColor": "#3B3B3B", "executionState": "Documented", "externalID": "SDIRouteSection_160846516737_1729502813", "userLabel": "_Sp\u00fclbohrung"}}, {"type": "Feature", "geometry": {"type": "LineString", "coordinates": [[14.293667022138834, 46.562081066393006], [14.293650090694427, 46.56212866982759]]}, "properties": {"fillColor": "#3B3B3B", "executionState": "Documented", "externalID": "SDIRouteSection_160852717825_1729502820", "userLabel": "_Sp\u00fclbohrung"}}, {"type": "Feature", "geometry": {"type": "LineString", "coordinates": [[14.293634500354528, 46.56217615795799], [14.293623771518469, 46.56220093936872]]}, "properties": {"fillColor": "#3B3B3B", "executionState": "Documented", "externalID": "SDIRouteSection_160853977601_1729502817", "userLabel": "_Sp\u00fclbohrung"}}, {"type": "Feature", "geometry": {"type": "LineString", "coordinates": [[14.293680097907782, 46.56203438501828], [14.293667022138834, 46.562081066393006]]}, "properties": {"fillColor": "#3B3B3B", "executionState": "Documented", "externalID": "SDIRouteSection_160860520705_1729502820", "userLabel": "_Sp\u00fclbohrung"}}, {"type": "Feature", "geometry": {"type": "LineString", "coordinates": [[14.293650090694427, 46.56212866982759], [14.293646570295095, 46.562150108648865]]}, "properties": {"fillColor": "#3B3B3B", "executionState": "Documented", "externalID": "SDIRouteSection_160865244161_1729502819", "userLabel": "_Sp\u00fclbohrung"}}, {"type": "Feature", "geometry": {"type": "LineString", "coordinates": [[14.293692000210285, 46.56199219885255], [14.293680097907782, 46.56203438501828]]}, "properties": {"fillColor": "#3B3B3B", "executionState": "Documented", "externalID": "SDIRouteSection_160873587969_1729502821", "userLabel": "_Sp\u00fclbohrung"}}, {"type": "Feature", "geometry": {"type": "LineString", "coordinates": [[14.293026812374592, 46.562949563162675], [14.292974844574928, 46.56301895009517]]}, "properties": {"fillColor": "#3B3B3B", "executionState": "Documented", "externalID": "SDIRouteSection_161025046017_1729502899", "userLabel": "_Sp\u00fclbohrung"}}, {"type": "Feature", "geometry": {"type": "LineString", "coordinates": [[14.293599966913462, 46.56224093538924], [14.293580017983913, 46.56229810544224]]}, "properties": {"fillColor": "#3B3B3B", "executionState": "Documented", "externalID": "SDIRouteSection_161050341377_1729502906", "userLabel": "_Sp\u00fclbohrung"}}, {"type": "Feature", "geometry": {"type": "LineString", "coordinates": [[14.293748997151852, 46.56169286055382], [14.293737262487411, 46.56177585015902]]}, "properties": {"fillColor": "#3B3B3B", "executionState": "Documented", "externalID": "SDIRouteSection_161086655489_1729502939", "userLabel": "_Sp\u00fclbohrung"}}, {"type": "Feature", "geometry": {"type": "LineString", "coordinates": [[14.29378118366003, 46.56144688783925], [14.293774645775557, 46.56147777856941]]}, "properties": {"fillColor": "#3B3B3B", "executionState": "Documented", "externalID": "SDIRouteSection_161092750849_1729502941", "userLabel": "_Sp\u00fclbohrung"}}, {"type": "Feature", "geometry": {"type": "LineString", "coordinates": [[14.293703399598598, 46.56194805318489], [14.293692000210285, 46.56199219885255]]}, "properties": {"fillColor": "#3B3B3B", "executionState": "Documented", "externalID": "SDIRouteSection_161098247681_1729502935", "userLabel": "_Sp\u00fclbohrung"}}, {"type": "Feature", "geometry": {"type": "LineString", "coordinates": [[14.293711446225643, 46.56191324378199], [14.293703399598598, 46.56194805318489]]}, "properties": {"fillColor": "#3B3B3B", "executionState": "Documented", "externalID": "SDIRouteSection_161098801409_1729502936", "userLabel": "_Sp\u00fclbohrung"}}, {"type": "Feature", "geometry": {"type": "LineString", "coordinates": [[14.293737262487411, 46.56177585015902], [14.293752788, 46.561828526], [14.293728210031986, 46.56182403017718]]}, "properties": {"fillColor": "#3B3B3B", "executionState": "Documented", "externalID": "SDIRouteSection_161099325953_1729502938", "userLabel": "_Sp\u00fclbohrung"}}, {"type": "Feature", "geometry": {"type": "LineString", "coordinates": [[14.293789230287075, 46.56140147382342], [14.29378118366003, 46.56144688783925]]}, "properties": {"fillColor": "#3B3B3B", "executionState": "Documented", "externalID": "SDIRouteSection_161100726529_1729502942", "userLabel": "_Sp\u00fclbohrung"}}, {"type": "Feature", "geometry": {"type": "LineString", "coordinates": [[14.293728210031986, 46.56182403017718], [14.293711446225643, 46.56191324378199]]}, "properties": {"fillColor": "#3B3B3B", "executionState": "Documented", "externalID": "SDIRouteSection_161100883457_1729502937", "userLabel": "_Sp\u00fclbohrung"}}, {"type": "Feature", "geometry": {"type": "LineString", "coordinates": [[14.293767772614956, 46.561555927427634], [14.293748997151852, 46.56169286055382]]}, "properties": {"fillColor": "#3B3B3B", "executionState": "Documented", "externalID": "SDIRouteSection_161103439361_1729502940", "userLabel": "_Sp\u00fclbohrung"}}, {"type": "Feature", "geometry": {"type": "LineString", "coordinates": [[14.293856956064701, 46.56120736881971], [14.293789230287075, 46.56140147382342]]}, "properties": {"fillColor": "#3B3B3B", "executionState": "Documented", "externalID": "SDIRouteSection_161103449089_1729502943", "userLabel": "_Sp\u00fclbohrung"}}, {"type": "Feature", "geometry": {"type": "LineString", "coordinates": [[14.29399374872446, 46.56104438462819], [14.294073712080717, 46.56098606060482]]}, "properties": {"fillColor": "#3B3B3B", "executionState": "Documented", "externalID": "SDIRouteSection_161269091585_1729502999", "userLabel": "_Sp\u00fclbohrung"}}, {"type": "Feature", "geometry": {"type": "LineString", "coordinates": [[14.294073712080717, 46.56098606060482], [14.294135067611933, 46.560956206979625]]}, "properties": {"fillColor": "#3B3B3B", "executionState": "Documented", "externalID": "SDIRouteSection_161352102145_1729503007", "userLabel": "_Sp\u00fclbohrung"}}, {"type": "Feature", "geometry": {"type": "LineString", "coordinates": [[14.294135067611933, 46.560956206979625], [14.294185758, 46.560934749], [14.294236488640308, 46.56091321311993]]}, "properties": {"fillColor": "#3B3B3B", "executionState": "Documented", "externalID": "SDIRouteSection_161353018369_1729503008", "userLabel": "_Sp\u00fclbohrung"}}, {"type": "Feature", "geometry": {"type": "LineString", "coordinates": [[14.295071493834257, 46.56024559363951], [14.294965546578169, 46.559935525859316]]}, "properties": {"fillColor": "#0D15FF", "executionState": "Documented", "externalID": "SDIRouteSection_161838958849_1734354519", "userLabel": "_Gemeindestrasse Asphalt"}}, {"type": "Feature", "geometry": {"type": "LineString", "coordinates": [[14.294830933213234, 46.5600407646763], [14.294804781675339, 46.56005897684955]]}, "properties": {"fillColor": "#0D15FF", "executionState": "Documented", "externalID": "SDIRouteSection_161879975681_1734354536", "userLabel": "_Gemeindestrasse Asphalt"}}, {"type": "Feature", "geometry": {"type": "LineString", "coordinates": [[14.294830933213234, 46.5600407646763], [14.294849708676338, 46.560073269943246]]}, "properties": {"fillColor": "#958CCF", "executionState": "Documented", "externalID": "SDIRouteSection_161904611841_1734354546", "userLabel": "_Querung offen"}}, {"type": "Feature", "geometry": {"type": "LineString", "coordinates": [[14.294849708676338, 46.560073269943246], [14.294851703954283, 46.56008030122185], [14.2947980739371, 46.56029567976863]]}, "properties": {"fillColor": "#FE0DFF", "executionState": "Documented", "externalID": "SDIRouteSection_161919980545_1734354552", "userLabel": "_Hausanschluss"}}, {"type": "Feature", "geometry": {"type": "LineString", "coordinates": [[14.290658589452505, 46.56277010186429], [14.290710054337978, 46.56268596116675]]}, "properties": {"fillColor": "#0D15FF", "executionState": "Documented", "externalID": "SDIRouteSection_162141885441_1729503441", "userLabel": "_Gemeindestrasse Asphalt"}}, {"type": "Feature", "geometry": {"type": "LineString", "coordinates": [[14.290710054337978, 46.56268596116675], [14.29075313732028, 46.56261772642304]]}, "properties": {"fillColor": "#0D15FF", "executionState": "Documented", "externalID": "SDIRouteSection_162152681985_1729503440", "userLabel": "_Gemeindestrasse Asphalt"}}, {"type": "Feature", "geometry": {"type": "LineString", "coordinates": [[14.290777780115604, 46.56256781818624], [14.290796555578709, 46.56252528665024]]}, "properties": {"fillColor": "#0D15FF", "executionState": "Documented", "externalID": "SDIRouteSection_162156708353_1729503454", "userLabel": "_Gemeindestrasse Asphalt"}}, {"type": "Feature", "geometry": {"type": "LineString", "coordinates": [[14.29075313732028, 46.56261772642304], [14.290777780115604, 46.56256781818624]]}, "properties": {"fillColor": "#0D15FF", "executionState": "Documented", "externalID": "SDIRouteSection_162157965825_1729503453", "userLabel": "_Gemeindestrasse Asphalt"}}, {"type": "Feature", "geometry": {"type": "LineString", "coordinates": [[14.290800578892231, 46.56251203155773], [14.290812145918608, 46.562484945054166]]}, "properties": {"fillColor": "#0D15FF", "executionState": "Documented", "externalID": "SDIRouteSection_162166432513_1729503459", "userLabel": "_Gemeindestrasse Asphalt"}}, {"type": "Feature", "geometry": {"type": "LineString", "coordinates": [[14.290847349911928, 46.5623614995838], [14.290866125375032, 46.56224911900938]]}, "properties": {"fillColor": "#0D15FF", "executionState": "Documented", "externalID": "SDIRouteSection_162170012161_1729503473", "userLabel": "_Gemeindestrasse Asphalt"}}, {"type": "Feature", "geometry": {"type": "LineString", "coordinates": [[14.290847349911928, 46.56237752100057], [14.290847349911928, 46.5623614995838]]}, "properties": {"fillColor": "#0D15FF", "executionState": "Documented", "externalID": "SDIRouteSection_162176683009_1729503472", "userLabel": "_Gemeindestrasse Asphalt"}}, {"type": "Feature", "geometry": {"type": "LineString", "coordinates": [[14.290828239172697, 46.56243584352819], [14.290837794542313, 46.5623913524357]]}, "properties": {"fillColor": "#0D15FF", "executionState": "Documented", "externalID": "SDIRouteSection_162176799489_1729503471", "userLabel": "_Gemeindestrasse Asphalt"}}, {"type": "Feature", "geometry": {"type": "LineString", "coordinates": [[14.290812145918608, 46.562484945054166], [14.290828239172697, 46.56243584352819]]}, "properties": {"fillColor": "#0D15FF", "executionState": "Documented", "externalID": "SDIRouteSection_162182356225_1729503470", "userLabel": "_Gemeindestrasse Asphalt"}}, {"type": "Feature", "geometry": {"type": "LineString", "coordinates": [[14.294856414198875, 46.56002358989974], [14.294830933213234, 46.5600407646763]]}, "properties": {"fillColor": "#0D15FF", "executionState": "Documented", "externalID": "SDIRouteSection_162183945729_1734354649", "userLabel": "_Gemeindestrasse Asphalt"}}, {"type": "Feature", "geometry": {"type": "LineString", "coordinates": [[14.290866125375032, 46.56224911900938], [14.290800578892231, 46.56224623745314]]}, "properties": {"fillColor": "#958CCF", "executionState": "Documented", "externalID": "SDIRouteSection_162185220609_1729503488", "userLabel": "_Querung offen"}}, {"type": "Feature", "geometry": {"type": "LineString", "coordinates": [[14.290837794542313, 46.5623913524357], [14.290847349911928, 46.56237752100057]]}, "properties": {"fillColor": "#0D15FF", "executionState": "Documented", "externalID": "SDIRouteSection_162185467137_1729503472", "userLabel": "_Gemeindestrasse Asphalt"}}, {"type": "Feature", "geometry": {"type": "LineString", "coordinates": [[14.290866125375032, 46.56224911900938], [14.29086746647954, 46.5621928710037]]}, "properties": {"fillColor": "#0D15FF", "executionState": "Documented", "externalID": "SDIRouteSection_162195901697_1729503484", "userLabel": "_Gemeindestrasse Asphalt"}}, {"type": "Feature", "geometry": {"type": "LineString", "coordinates": [[14.294914584606886, 46.55997114340073], [14.294856414198875, 46.56002358989974]]}, "properties": {"fillColor": "#0D15FF", "executionState": "Documented", "externalID": "SDIRouteSection_162200374529_1734354650", "userLabel": "_Gemeindestrasse Asphalt"}}, {"type": "Feature", "geometry": {"type": "LineString", "coordinates": [[14.290800578892231, 46.56224623745314], [14.290785489104174, 46.56224450851932], [14.29065880632664, 46.56223741844587]]}, "properties": {"fillColor": "#FE0DFF", "executionState": "Documented", "externalID": "SDIRouteSection_162216728065_1729503501", "userLabel": "_Hausanschluss"}}, {"type": "Feature", "geometry": {"type": "LineString", "coordinates": [[14.294694475829601, 46.56008721723268], [14.29464753717184, 46.56011983773854]]}, "properties": {"fillColor": "#0D15FF", "executionState": "Documented", "externalID": "SDIRouteSection_162238795009_1734354670", "userLabel": "_Gemeindestrasse Asphalt"}}, {"type": "Feature", "geometry": {"type": "LineString", "coordinates": [[14.294546451419592, 46.56017239936048], [14.294476713985205, 46.5601970664199]]}, "properties": {"fillColor": "#0D15FF", "executionState": "Documented", "externalID": "SDIRouteSection_162244096257_1734354672", "userLabel": "_Gemeindestrasse Asphalt"}}, {"type": "Feature", "geometry": {"type": "LineString", "coordinates": [[14.29477158933878, 46.56003523186297], [14.294694475829601, 46.56008721723268]]}, "properties": {"fillColor": "#0D15FF", "executionState": "Documented", "externalID": "SDIRouteSection_162245939969_1734354669", "userLabel": "_Gemeindestrasse Asphalt"}}, {"type": "Feature", "geometry": {"type": "LineString", "coordinates": [[14.29464753717184, 46.56011983773854], [14.29458986967802, 46.560155339892276]]}, "properties": {"fillColor": "#0D15FF", "executionState": "Documented", "externalID": "SDIRouteSection_162250785281_1734354671", "userLabel": "_Gemeindestrasse Asphalt"}}, {"type": "Feature", "geometry": {"type": "LineString", "coordinates": [[14.29458986967802, 46.560155339892276], [14.294546451419592, 46.56017239936048]]}, "properties": {"fillColor": "#0D15FF", "executionState": "Documented", "externalID": "SDIRouteSection_162251348993_1734354671", "userLabel": "_Gemeindestrasse Asphalt"}}, {"type": "Feature", "geometry": {"type": "LineString", "coordinates": [[14.29086746647954, 46.5621928710037], [14.290870316326618, 46.56213950450177]]}, "properties": {"fillColor": "#0D15FF", "executionState": "Documented", "externalID": "SDIRouteSection_162280193025_1729503531", "userLabel": "_Gemeindestrasse Asphalt"}}, {"type": "Feature", "geometry": {"type": "LineString", "coordinates": [[14.294804781675339, 46.56005897684955], [14.29477158933878, 46.56003523186297]]}, "properties": {"fillColor": "#0D15FF", "executionState": "Documented", "externalID": "SDIRouteSection_162287212545_1734354686", "userLabel": "_Gemeindestrasse Asphalt"}}, {"type": "Feature", "geometry": {"type": "LineString", "coordinates": [[14.290870316326618, 46.56213950450177], [14.290874507278204, 46.562089480562435]]}, "properties": {"fillColor": "#0D15FF", "executionState": "Documented", "externalID": "SDIRouteSection_162314945281_1729503546", "userLabel": "_Gemeindestrasse Asphalt"}}, {"type": "Feature", "geometry": {"type": "LineString", "coordinates": [[14.290875345468521, 46.562038073424674], [14.290875177830458, 46.56200810511561]]}, "properties": {"fillColor": "#0D15FF", "executionState": "Documented", "externalID": "SDIRouteSection_162380681985_1729503594", "userLabel": "_Gemeindestrasse Asphalt"}}, {"type": "Feature", "geometry": {"type": "LineString", "coordinates": [[14.290875177830458, 46.56200810511561], [14.29087232798338, 46.56197779100151]]}, "properties": {"fillColor": "#0D15FF", "executionState": "Documented", "externalID": "SDIRouteSection_162383236609_1729503595", "userLabel": "_Gemeindestrasse Asphalt"}}, {"type": "Feature", "geometry": {"type": "LineString", "coordinates": [[14.29087232798338, 46.56197779100151], [14.290862940251827, 46.561898029069084]]}, "properties": {"fillColor": "#0D15FF", "executionState": "Documented", "externalID": "SDIRouteSection_162388220673_1729503596", "userLabel": "_Gemeindestrasse Asphalt"}}, {"type": "Feature", "geometry": {"type": "LineString", "coordinates": [[14.290864281356335, 46.561824952282365], [14.290853217244148, 46.561779884372726]]}, "properties": {"fillColor": "#0D15FF", "executionState": "Documented", "externalID": "SDIRouteSection_162392310017_1729503599", "userLabel": "_Gemeindestrasse Asphalt"}}, {"type": "Feature", "geometry": {"type": "LineString", "coordinates": [[14.290862940251827, 46.561898029069084], [14.290872495621443, 46.56186990489152]]}, "properties": {"fillColor": "#0D15FF", "executionState": "Documented", "externalID": "SDIRouteSection_162392433921_1729503597", "userLabel": "_Gemeindestrasse Asphalt"}}, {"type": "Feature", "geometry": {"type": "LineString", "coordinates": [[14.294370263814926, 46.560230147925864], [14.294395577162504, 46.560270491198565]]}, "properties": {"fillColor": "#958CCF", "executionState": "Documented", "externalID": "SDIRouteSection_162395144705_1734354733", "userLabel": "_Querung offen"}}, {"type": "Feature", "geometry": {"type": "LineString", "coordinates": [[14.290853217244148, 46.561779884372726], [14.290850702673197, 46.561726056411146]]}, "properties": {"fillColor": "#0D15FF", "executionState": "Documented", "externalID": "SDIRouteSection_162397998849_1729503600", "userLabel": "_Gemeindestrasse Asphalt"}}, {"type": "Feature", "geometry": {"type": "LineString", "coordinates": [[14.29084550589323, 46.561669577336204], [14.290848355740309, 46.561648714642644]]}, "properties": {"fillColor": "#0D15FF", "executionState": "Documented", "externalID": "SDIRouteSection_162399816961_1729503602", "userLabel": "_Gemeindestrasse Asphalt"}}, {"type": "Feature", "geometry": {"type": "LineString", "coordinates": [[14.290872495621443, 46.56186990489152], [14.290864281356335, 46.561824952282365]]}, "properties": {"fillColor": "#0D15FF", "executionState": "Documented", "externalID": "SDIRouteSection_162401690625_1729503598", "userLabel": "_Gemeindestrasse Asphalt"}}, {"type": "Feature", "geometry": {"type": "LineString", "coordinates": [[14.290840812027454, 46.561632347219984], [14.29083569906652, 46.56157183381862]]}, "properties": {"fillColor": "#0D15FF", "executionState": "Documented", "externalID": "SDIRouteSection_162410645761_1729503605", "userLabel": "_Gemeindestrasse Asphalt"}}, {"type": "Feature", "geometry": {"type": "LineString", "coordinates": [[14.290848355740309, 46.561648714642644], [14.290840812027454, 46.561632347219984]]}, "properties": {"fillColor": "#0D15FF", "executionState": "Documented", "externalID": "SDIRouteSection_162410774529_1729503604", "userLabel": "_Gemeindestrasse Asphalt"}}, {"type": "Feature", "geometry": {"type": "LineString", "coordinates": [[14.290850702673197, 46.561726056411146], [14.29084550589323, 46.561669577336204]]}, "properties": {"fillColor": "#0D15FF", "executionState": "Documented", "externalID": "SDIRouteSection_162410929153_1729503602", "userLabel": "_Gemeindestrasse Asphalt"}}, {"type": "Feature", "geometry": {"type": "LineString", "coordinates": [[14.294395577162504, 46.560270491198565], [14.294405127964934, 46.56027118279727], [14.294633120341231, 46.56054044450534]]}, "properties": {"fillColor": "#FE0DFF", "executionState": "Documented", "externalID": "SDIRouteSection_162411144193_1734354743", "userLabel": "_Hausanschluss"}}, {"type": "Feature", "geometry": {"type": "LineString", "coordinates": [[14.294142946600914, 46.56029769407405], [14.29410807788372, 46.56030714591742]]}, "properties": {"fillColor": "#0D15FF", "executionState": "Documented", "externalID": "SDIRouteSection_162464867073_1734354781", "userLabel": "_Gemeindestrasse Asphalt"}}, {"type": "Feature", "geometry": {"type": "LineString", "coordinates": [[14.294215366244316, 46.56027579345502], [14.294142946600914, 46.56029769407405]]}, "properties": {"fillColor": "#0D15FF", "executionState": "Documented", "externalID": "SDIRouteSection_162467305729_1734354783", "userLabel": "_Gemeindestrasse Asphalt"}}, {"type": "Feature", "geometry": {"type": "LineString", "coordinates": [[14.294333215802908, 46.56024155931175], [14.294215366244316, 46.56027579345502]]}, "properties": {"fillColor": "#0D15FF", "executionState": "Documented", "externalID": "SDIRouteSection_162474892545_1734354790", "userLabel": "_Gemeindestrasse Asphalt"}}, {"type": "Feature", "geometry": {"type": "LineString", "coordinates": [[14.294393230229616, 46.56022392353253], [14.294370263814926, 46.560230147925864]]}, "properties": {"fillColor": "#0D15FF", "executionState": "Documented", "externalID": "SDIRouteSection_162479529473_1734354803", "userLabel": "_Gemeindestrasse Asphalt"}}, {"type": "Feature", "geometry": {"type": "LineString", "coordinates": [[14.29083569906652, 46.56157183381862], [14.290833519771695, 46.56156232456371]]}, "properties": {"fillColor": "#0D15FF", "executionState": "Documented", "externalID": "SDIRouteSection_162534445825_1729503665", "userLabel": "_Gemeindestrasse Asphalt"}}, {"type": "Feature", "geometry": {"type": "LineString", "coordinates": [[14.288616254925728, 46.56220624143657], [14.288570322096348, 46.56210043050703]]}, "properties": {"fillColor": "#0D15FF", "executionState": "Documented", "externalID": "SDIRouteSection_162616868609_1729503726", "userLabel": "_Gemeindestrasse Asphalt"}}, {"type": "Feature", "geometry": {"type": "LineString", "coordinates": [[14.289709087461233, 46.56244483395176], [14.289738424122334, 46.5623813246456]]}, "properties": {"fillColor": "#0D15FF", "executionState": "Documented", "externalID": "SDIRouteSection_162696905729_1729503776", "userLabel": "_Gemeindestrasse Asphalt"}}, {"type": "Feature", "geometry": {"type": "LineString", "coordinates": [[14.289778908714652, 46.56226024181507], [14.289787961170077, 46.5622400132911]]}, "properties": {"fillColor": "#0D15FF", "executionState": "Documented", "externalID": "SDIRouteSection_162702116353_1729503766", "userLabel": "_Gemeindestrasse Asphalt"}}, {"type": "Feature", "geometry": {"type": "LineString", "coordinates": [[14.289687294512987, 46.56248459926891], [14.289709087461233, 46.56244483395176]]}, "properties": {"fillColor": "#0D15FF", "executionState": "Documented", "externalID": "SDIRouteSection_162707738113_1729503773", "userLabel": "_Gemeindestrasse Asphalt"}}, {"type": "Feature", "geometry": {"type": "LineString", "coordinates": [[14.289662316441536, 46.56252643926686], [14.289687294512987, 46.56248459926891]]}, "properties": {"fillColor": "#0D15FF", "executionState": "Documented", "externalID": "SDIRouteSection_162707889409_1729503770", "userLabel": "_Gemeindestrasse Asphalt"}}, {"type": "Feature", "geometry": {"type": "LineString", "coordinates": [[14.289709087461233, 46.56244483395176], [14.289687126874924, 46.56244356607161]]}, "properties": {"fillColor": "#958CCF", "executionState": "Documented", "externalID": "SDIRouteSection_162726329089_1729503781", "userLabel": "_Querung offen"}}, {"type": "Feature", "geometry": {"type": "LineString", "coordinates": [[14.289687126874924, 46.56244356607161], [14.28962276378035, 46.56243446038596], [14.289511442288209, 46.56246212319]]}, "properties": {"fillColor": "#FE0DFF", "executionState": "Documented", "externalID": "SDIRouteSection_162747267073_1729503791", "userLabel": "_Hausanschluss"}}, {"type": "Feature", "geometry": {"type": "LineString", "coordinates": [[14.289778908714652, 46.56226024181507], [14.289827859029174, 46.5622698662099]]}, "properties": {"fillColor": "#958CCF", "executionState": "Documented", "externalID": "SDIRouteSection_162769808897_1729503818", "userLabel": "_Querung offen"}}, {"type": "Feature", "geometry": {"type": "LineString", "coordinates": [[14.289827859029174, 46.5622698662099], [14.289832630335686, 46.5622707883075], [14.289956370270904, 46.56234223206913]]}, "properties": {"fillColor": "#FE0DFF", "executionState": "Documented", "externalID": "SDIRouteSection_162785380353_1729503821", "userLabel": "_Hausanschluss"}}, {"type": "Feature", "geometry": {"type": "LineString", "coordinates": [[14.289827859029174, 46.5622698662099], [14.289824422448874, 46.562262777583925]]}, "properties": {"fillColor": "#FE0DFF", "executionState": "Documented", "externalID": "SDIRouteSection_163057186561_1729503920", "userLabel": "_Hausanschluss"}}, {"type": "Feature", "geometry": {"type": "LineString", "coordinates": [[14.289824422448874, 46.562262777583925], [14.289834229275584, 46.5622260665551]]}, "properties": {"fillColor": "#FE0DFF", "executionState": "Documented", "externalID": "SDIRouteSection_163080626177_1729503933", "userLabel": "_Hausanschluss"}}, {"type": "Feature", "geometry": {"type": "LineString", "coordinates": [[14.28983448073268, 46.562210448511735], [14.289847556501627, 46.562210333249396]]}, "properties": {"fillColor": "#FE0DFF", "executionState": "Documented", "externalID": "SDIRouteSection_163089444353_1729503935", "userLabel": "_Hausanschluss"}}, {"type": "Feature", "geometry": {"type": "LineString", "coordinates": [[14.289834229275584, 46.5622260665551], [14.28983448073268, 46.562210448511735]]}, "properties": {"fillColor": "#FE0DFF", "executionState": "Documented", "externalID": "SDIRouteSection_163089569537_1729503934", "userLabel": "_Hausanschluss"}}, {"type": "Feature", "geometry": {"type": "LineString", "coordinates": [[14.289847556501627, 46.562210333249396], [14.289860139356907, 46.56220070884407], [14.290017787886798, 46.56212581902373]]}, "properties": {"fillColor": "#FE0DFF", "executionState": "Documented", "externalID": "SDIRouteSection_163093916673_1729503943", "userLabel": "_Hausanschluss"}}, {"type": "Feature", "geometry": {"type": "LineString", "coordinates": [[14.2898022942245, 46.56222099501383], [14.289820985868573, 46.56217379507871]]}, "properties": {"fillColor": "#0D15FF", "executionState": "Documented", "externalID": "SDIRouteSection_163133411329_1729503954", "userLabel": "_Gemeindestrasse Asphalt"}}, {"type": "Feature", "geometry": {"type": "LineString", "coordinates": [[14.289787961170077, 46.5622400132911], [14.2898022942245, 46.56222099501383]]}, "properties": {"fillColor": "#0D15FF", "executionState": "Documented", "externalID": "SDIRouteSection_163135466497_1729503953", "userLabel": "_Gemeindestrasse Asphalt"}}, {"type": "Feature", "geometry": {"type": "LineString", "coordinates": [[14.289835570380092, 46.56213927397681], [14.289841018617153, 46.56212475090231]]}, "properties": {"fillColor": "#0D15FF", "executionState": "Documented", "externalID": "SDIRouteSection_163136546049_1729503960", "userLabel": "_Gemeindestrasse Asphalt"}}, {"type": "Feature", "geometry": {"type": "LineString", "coordinates": [[14.289841018617153, 46.56212475090231], [14.289845041930676, 46.56210872941091]]}, "properties": {"fillColor": "#0D15FF", "executionState": "Documented", "externalID": "SDIRouteSection_163138149121_1729503961", "userLabel": "_Gemeindestrasse Asphalt"}}, {"type": "Feature", "geometry": {"type": "LineString", "coordinates": [[14.289820985868573, 46.56217379507871], [14.289835570380092, 46.56213927397681]]}, "properties": {"fillColor": "#0D15FF", "executionState": "Documented", "externalID": "SDIRouteSection_163144905217_1729503959", "userLabel": "_Gemeindestrasse Asphalt"}}, {"type": "Feature", "geometry": {"type": "LineString", "coordinates": [[14.291992485523224, 46.55268957880784], [14.29198645055294, 46.552672978117414]]}, "properties": {"fillColor": "#0D15FF", "executionState": "Documented", "externalID": "SDIRouteSection_163196814593_1734355299", "userLabel": "_Gemeindestrasse Asphalt"}}, {"type": "Feature", "geometry": {"type": "LineString", "coordinates": [[14.29198645055294, 46.552672978117414], [14.29197907447815, 46.55265464818251]]}, "properties": {"fillColor": "#0D15FF", "executionState": "Documented", "externalID": "SDIRouteSection_163201790977_1734355298", "userLabel": "_Gemeindestrasse Asphalt"}}, {"type": "Feature", "geometry": {"type": "LineString", "coordinates": [[14.289861093275249, 46.56204717917683], [14.289862937293947, 46.56202833372603]]}, "properties": {"fillColor": "#0D15FF", "executionState": "Documented", "externalID": "SDIRouteSection_163334655745_1729504046", "userLabel": "_Gemeindestrasse Asphalt"}}, {"type": "Feature", "geometry": {"type": "LineString", "coordinates": [[14.289862937293947, 46.56202833372603], [14.289871277287602, 46.56196292209523]]}, "properties": {"fillColor": "#0D15FF", "executionState": "Documented", "externalID": "SDIRouteSection_163344835585_1729504047", "userLabel": "_Gemeindestrasse Asphalt"}}, {"type": "Feature", "geometry": {"type": "LineString", "coordinates": [[14.289881000295281, 46.561900507223356], [14.28988728672266, 46.561844604645586]]}, "properties": {"fillColor": "#0D15FF", "executionState": "Documented", "externalID": "SDIRouteSection_163410992385_1729504099", "userLabel": "_Gemeindestrasse Asphalt"}}, {"type": "Feature", "geometry": {"type": "LineString", "coordinates": [[14.292394984513521, 46.55641365395914], [14.292352739721537, 46.55642921603382]]}, "properties": {"fillColor": "#0D15FF", "executionState": "Documented", "externalID": "SDIRouteSection_163418333697_1734355421", "userLabel": "_Gemeindestrasse Asphalt"}}, {"type": "Feature", "geometry": {"type": "LineString", "coordinates": [[14.292352739721537, 46.55642921603382], [14.29227621294558, 46.55644627667354]]}, "properties": {"fillColor": "#0D15FF", "executionState": "Documented", "externalID": "SDIRouteSection_163433413633_1734355427", "userLabel": "_Gemeindestrasse Asphalt"}}, {"type": "Feature", "geometry": {"type": "LineString", "coordinates": [[14.289910085499287, 46.56180714412304], [14.289933638647199, 46.56180489649091]]}, "properties": {"fillColor": "#0D15FF", "executionState": "Documented", "externalID": "SDIRouteSection_163436801025_1729504097", "userLabel": "_Gemeindestrasse Asphalt"}}, {"type": "Feature", "geometry": {"type": "LineString", "coordinates": [[14.289886867627501, 46.56181175465031], [14.289910085499287, 46.56180714412304]]}, "properties": {"fillColor": "#0D15FF", "executionState": "Documented", "externalID": "SDIRouteSection_163439435265_1729504098", "userLabel": "_Gemeindestrasse Asphalt"}}, {"type": "Feature", "geometry": {"type": "LineString", "coordinates": [[14.292481318116188, 46.55641941769102], [14.292482659220695, 46.55640927352246]]}, "properties": {"fillColor": "#0D15FF", "executionState": "Documented", "externalID": "SDIRouteSection_163446799361_1734355434", "userLabel": "_Gemeindestrasse Asphalt"}}, {"type": "Feature", "geometry": {"type": "LineString", "coordinates": [[14.289875803515315, 46.561931512958154], [14.289881000295281, 46.561900507223356]]}, "properties": {"fillColor": "#0D15FF", "executionState": "Documented", "externalID": "SDIRouteSection_163448992001_1729504099", "userLabel": "_Gemeindestrasse Asphalt"}}, {"type": "Feature", "geometry": {"type": "LineString", "coordinates": [[14.289871277287602, 46.56196292209523], [14.289875803515315, 46.561931512958154]]}, "properties": {"fillColor": "#0D15FF", "executionState": "Documented", "externalID": "SDIRouteSection_163449500929_1729504100", "userLabel": "_Gemeindestrasse Asphalt"}}, {"type": "Feature", "geometry": {"type": "LineString", "coordinates": [[14.292482659220695, 46.55640927352246], [14.292423650622368, 46.55639532528764]]}, "properties": {"fillColor": "#0D15FF", "executionState": "Documented", "externalID": "SDIRouteSection_163449519105_1734355433", "userLabel": "_Gemeindestrasse Asphalt"}}, {"type": "Feature", "geometry": {"type": "LineString", "coordinates": [[14.28988728672266, 46.561844604645586], [14.289887957274914, 46.56182080280888]]}, "properties": {"fillColor": "#0D15FF", "executionState": "Documented", "externalID": "SDIRouteSection_163489081857_1729504113", "userLabel": "_Gemeindestrasse Asphalt"}}, {"type": "Feature", "geometry": {"type": "LineString", "coordinates": [[14.289933471009135, 46.56174789881311], [14.289938416332006, 46.56171470296917]]}, "properties": {"fillColor": "#0D15FF", "executionState": "Documented", "externalID": "SDIRouteSection_163511636225_1729504124", "userLabel": "_Gemeindestrasse Asphalt"}}, {"type": "Feature", "geometry": {"type": "LineString", "coordinates": [[14.289938416332006, 46.56171470296917], [14.289942355826497, 46.56167286234523]]}, "properties": {"fillColor": "#0D15FF", "executionState": "Documented", "externalID": "SDIRouteSection_163525352961_1729504125", "userLabel": "_Gemeindestrasse Asphalt"}}, {"type": "Feature", "geometry": {"type": "LineString", "coordinates": [[14.289942355826497, 46.56167286234523], [14.289944786578417, 46.561655054136]]}, "properties": {"fillColor": "#0D15FF", "executionState": "Documented", "externalID": "SDIRouteSection_163526626305_1729504126", "userLabel": "_Gemeindestrasse Asphalt"}}, {"type": "Feature", "geometry": {"type": "LineString", "coordinates": [[14.295988641679287, 46.55795105010603], [14.295983277261257, 46.557912088366265]]}, "properties": {"fillColor": "#0D15FF", "executionState": "Documented", "externalID": "SDIRouteSection_163546373121_1734355534", "userLabel": "_Gemeindestrasse Asphalt"}}, {"type": "Feature", "geometry": {"type": "LineString", "coordinates": [[14.295995011925697, 46.558002922201325], [14.295988641679287, 46.55795105010603]]}, "properties": {"fillColor": "#0D15FF", "executionState": "Documented", "externalID": "SDIRouteSection_163549867777_1734355533", "userLabel": "_Gemeindestrasse Asphalt"}}, {"type": "Feature", "geometry": {"type": "LineString", "coordinates": [[14.295998029410839, 46.55804441984182], [14.295995011925697, 46.558002922201325]]}, "properties": {"fillColor": "#0D15FF", "executionState": "Documented", "externalID": "SDIRouteSection_163552204289_1734355532", "userLabel": "_Gemeindestrasse Asphalt"}}, {"type": "Feature", "geometry": {"type": "LineString", "coordinates": [[14.295975901186466, 46.55780050547756], [14.29597556591034, 46.55776638504429]]}, "properties": {"fillColor": "#0D15FF", "executionState": "Documented", "externalID": "SDIRouteSection_163556369921_1734355537", "userLabel": "_Gemeindestrasse Asphalt"}}, {"type": "Feature", "geometry": {"type": "LineString", "coordinates": [[14.295983277261257, 46.557912088366265], [14.295977242290974, 46.55786690193483]]}, "properties": {"fillColor": "#0D15FF", "executionState": "Documented", "externalID": "SDIRouteSection_163557354241_1734355535", "userLabel": "_Gemeindestrasse Asphalt"}}, {"type": "Feature", "geometry": {"type": "LineString", "coordinates": [[14.295977242290974, 46.55786690193483], [14.29597556591034, 46.55782517361527]]}, "properties": {"fillColor": "#0D15FF", "executionState": "Documented", "externalID": "SDIRouteSection_163557688577_1734355536", "userLabel": "_Gemeindestrasse Asphalt"}}, {"type": "Feature", "geometry": {"type": "LineString", "coordinates": [[14.29597556591034, 46.55776638504429], [14.29597120732069, 46.557724656647395]]}, "properties": {"fillColor": "#0D15FF", "executionState": "Documented", "externalID": "SDIRouteSection_163561705217_1734355537", "userLabel": "_Gemeindestrasse Asphalt"}}, {"type": "Feature", "geometry": {"type": "LineString", "coordinates": [[14.29597120732069, 46.557724656647395], [14.29591454565525, 46.55772603990971]]}, "properties": {"fillColor": "#0D15FF", "executionState": "Documented", "externalID": "SDIRouteSection_163564591617_1734355538", "userLabel": "_Gemeindestrasse Asphalt"}}, {"type": "Feature", "geometry": {"type": "LineString", "coordinates": [[14.296042285859585, 46.55840613959782], [14.296117722988129, 46.558403373107865]]}, "properties": {"fillColor": "#1B7CBD", "executionState": "Documented", "externalID": "SDIRouteSection_163640890369_1734355585", "userLabel": "_Gr\u00fcnfl\u00e4che"}}, {"type": "Feature", "geometry": {"type": "LineString", "coordinates": [[14.295897781848907, 46.55854077527101], [14.295944049954414, 46.55848175693484]]}, "properties": {"fillColor": "#1B7CBD", "executionState": "Documented", "externalID": "SDIRouteSection_163641878017_1734355583", "userLabel": "_Gr\u00fcnfl\u00e4che"}}, {"type": "Feature", "geometry": {"type": "LineString", "coordinates": [[14.295944049954414, 46.55848175693484], [14.296003058552742, 46.55842319961596]]}, "properties": {"fillColor": "#1B7CBD", "executionState": "Documented", "externalID": "SDIRouteSection_163644580865_1734355584", "userLabel": "_Gr\u00fcnfl\u00e4che"}}, {"type": "Feature", "geometry": {"type": "LineString", "coordinates": [[14.29597556591034, 46.55782517361527], [14.295975901186466, 46.55780050547756]]}, "properties": {"fillColor": "#0D15FF", "executionState": "Documented", "externalID": "SDIRouteSection_163646036481_1734355572", "userLabel": "_Gemeindestrasse Asphalt"}}, {"type": "Feature", "geometry": {"type": "LineString", "coordinates": [[14.296169020235538, 46.55842435231969], [14.296269603073597, 46.558483485988575]]}, "properties": {"fillColor": "#1B7CBD", "executionState": "Documented", "externalID": "SDIRouteSection_163647006209_1734355587", "userLabel": "_Gr\u00fcnfl\u00e4che"}}, {"type": "Feature", "geometry": {"type": "LineString", "coordinates": [[14.296003058552742, 46.55842319961596], [14.296042285859585, 46.55840613959782]]}, "properties": {"fillColor": "#1B7CBD", "executionState": "Documented", "externalID": "SDIRouteSection_163648757249_1734355585", "userLabel": "_Gr\u00fcnfl\u00e4che"}}, {"type": "Feature", "geometry": {"type": "LineString", "coordinates": [[14.296117722988129, 46.558403373107865], [14.296169020235538, 46.55842435231969]]}, "properties": {"fillColor": "#1B7CBD", "executionState": "Documented", "externalID": "SDIRouteSection_163649800193_1734355586", "userLabel": "_Gr\u00fcnfl\u00e4che"}}, {"type": "Feature", "geometry": {"type": "LineString", "coordinates": [[14.295812747441232, 46.55877941272291], [14.295817326681421, 46.55877869228778], [14.296026527782384, 46.55874918336403]]}, "properties": {"fillColor": "#FE0DFF", "executionState": "Documented", "externalID": "SDIRouteSection_163719750401_1734355677", "userLabel": "_Hausanschluss"}}, {"type": "Feature", "geometry": {"type": "LineString", "coordinates": [[14.295794181525707, 46.55880537719821], [14.295795857591356, 46.5588079707633], [14.295884402963582, 46.55903614394026]]}, "properties": {"fillColor": "#FE0DFF", "executionState": "Documented", "externalID": "SDIRouteSection_163720380673_1734355676", "userLabel": "_Hausanschluss"}}, {"type": "Feature", "geometry": {"type": "LineString", "coordinates": [[14.289954090490937, 46.56180564570161], [14.289959371562398, 46.56179636701411], [14.290154134735157, 46.561719867746014]]}, "properties": {"fillColor": "#FE0DFF", "executionState": "Documented", "externalID": "SDIRouteSection_163748397825_1729504215", "userLabel": "_Hausanschluss"}}, {"type": "Feature", "geometry": {"type": "LineString", "coordinates": [[14.295720630325377, 46.55882125557818], [14.295749254524708, 46.55877615635609]]}, "properties": {"fillColor": "#1B7CBD", "executionState": "Documented", "externalID": "SDIRouteSection_163751653121_1734355731", "userLabel": "_Gr\u00fcnfl\u00e4che"}}, {"type": "Feature", "geometry": {"type": "LineString", "coordinates": [[14.29570026230067, 46.55884353141016], [14.295720630325377, 46.55882125557818]]}, "properties": {"fillColor": "#1B7CBD", "executionState": "Documented", "externalID": "SDIRouteSection_163757109761_1734355730", "userLabel": "_Gr\u00fcnfl\u00e4che"}}, {"type": "Feature", "geometry": {"type": "LineString", "coordinates": [[14.289944786578417, 46.561655054136], [14.289954844862223, 46.56152203988347]]}, "properties": {"fillColor": "#0D15FF", "executionState": "Documented", "externalID": "SDIRouteSection_163812141569_1729504235", "userLabel": "_Gemeindestrasse Asphalt"}}, {"type": "Feature", "geometry": {"type": "LineString", "coordinates": [[14.28996255621314, 46.56145968213636], [14.28996691480279, 46.561395134300426]]}, "properties": {"fillColor": "#0D15FF", "executionState": "Documented", "externalID": "SDIRouteSection_163869056257_1729504256", "userLabel": "_Gemeindestrasse Asphalt"}}, {"type": "Feature", "geometry": {"type": "LineString", "coordinates": [[14.28996691480279, 46.561395134300426], [14.289969429373741, 46.56136712512631]]}, "properties": {"fillColor": "#0D15FF", "executionState": "Documented", "externalID": "SDIRouteSection_163874801921_1729504255", "userLabel": "_Gemeindestrasse Asphalt"}}, {"type": "Feature", "geometry": {"type": "LineString", "coordinates": [[14.289969429373741, 46.56136712512631], [14.28996934555471, 46.5613423433347]]}, "properties": {"fillColor": "#0D15FF", "executionState": "Documented", "externalID": "SDIRouteSection_163884194049_1729504254", "userLabel": "_Gemeindestrasse Asphalt"}}, {"type": "Feature", "geometry": {"type": "LineString", "coordinates": [[14.295472484081984, 46.55912850563868], [14.295489750802517, 46.55908608667551]]}, "properties": {"fillColor": "#3B3B3B", "executionState": "Documented", "externalID": "SDIRouteSection_163907041025_1734355861", "userLabel": "_Pressung"}}, {"type": "Feature", "geometry": {"type": "LineString", "coordinates": [[14.295489750802517, 46.55908608667551], [14.295506053604186, 46.55904130466345]]}, "properties": {"fillColor": "#3B3B3B", "executionState": "Documented", "externalID": "SDIRouteSection_163912644353_1734355861", "userLabel": "_Pressung"}}, {"type": "Feature", "geometry": {"type": "LineString", "coordinates": [[14.289957694709301, 46.56149080338693], [14.28996255621314, 46.56145968213636]]}, "properties": {"fillColor": "#0D15FF", "executionState": "Documented", "externalID": "SDIRouteSection_163920252161_1729504257", "userLabel": "_Gemeindestrasse Asphalt"}}, {"type": "Feature", "geometry": {"type": "LineString", "coordinates": [[14.295448553748429, 46.55918400757437], [14.295472484081984, 46.55912850563868]]}, "properties": {"fillColor": "#3B3B3B", "executionState": "Documented", "externalID": "SDIRouteSection_163929449729_1734355862", "userLabel": "_Pressung"}}, {"type": "Feature", "geometry": {"type": "LineString", "coordinates": [[14.295506053604186, 46.55904130466345], [14.295510789379478, 46.55902853861335]]}, "properties": {"fillColor": "#3B3B3B", "executionState": "Documented", "externalID": "SDIRouteSection_163938255617_1734355894", "userLabel": "_Pressung"}}, {"type": "Feature", "geometry": {"type": "LineString", "coordinates": [[14.295533294789493, 46.55901928826816], [14.29570026230067, 46.55884353141016]]}, "properties": {"fillColor": "#1B7CBD", "executionState": "Documented", "externalID": "SDIRouteSection_163947422209_1734355883", "userLabel": "_Gr\u00fcnfl\u00e4che"}}, {"type": "Feature", "geometry": {"type": "LineString", "coordinates": [[14.295426215976477, 46.55921902044852], [14.295448553748429, 46.55918400757437]]}, "properties": {"fillColor": "#3B3B3B", "executionState": "Documented", "externalID": "SDIRouteSection_163949993985_1734355907", "userLabel": "_Pressung"}}, {"type": "Feature", "geometry": {"type": "LineString", "coordinates": [[14.295516405254602, 46.55901144996821], [14.295525792986155, 46.558987906244255]]}, "properties": {"fillColor": "#3B3B3B", "executionState": "Documented", "externalID": "SDIRouteSection_163953003265_1734355898", "userLabel": "_Sp\u00fclbohrung"}}, {"type": "Feature", "geometry": {"type": "LineString", "coordinates": [[14.28996934555471, 46.5613423433347], [14.289966579526663, 46.5613129509625]]}, "properties": {"fillColor": "#0D15FF", "executionState": "Documented", "externalID": "SDIRouteSection_163956866561_1729504271", "userLabel": "_Gemeindestrasse Asphalt"}}, {"type": "Feature", "geometry": {"type": "LineString", "coordinates": [[14.289988372474909, 46.56124874874513], [14.290056098252535, 46.561243216054976]]}, "properties": {"fillColor": "#3B3B3B", "executionState": "Documented", "externalID": "SDIRouteSection_163978247937_1729504278", "userLabel": "_Sp\u00fclbohrung"}}, {"type": "Feature", "geometry": {"type": "LineString", "coordinates": [[14.296529442071915, 46.55862400023756], [14.296536985784769, 46.55861431756105]]}, "properties": {"fillColor": "#958CCF", "executionState": "Documented", "externalID": "SDIRouteSection_163996405249_1734355974", "userLabel": "_Querung offen"}}, {"type": "Feature", "geometry": {"type": "LineString", "coordinates": [[14.296536985784769, 46.55861431756105], [14.296544189339365, 46.55860670974257], [14.296620637122029, 46.55857305076767]]}, "properties": {"fillColor": "#FE0DFF", "executionState": "Documented", "externalID": "SDIRouteSection_164035934209_1734355986", "userLabel": "_Hausanschluss"}}, {"type": "Feature", "geometry": {"type": "LineString", "coordinates": [[14.296391140669584, 46.55854285013325], [14.296529442071915, 46.55862400023756]]}, "properties": {"fillColor": "#1B7CBD", "executionState": "Documented", "externalID": "SDIRouteSection_164071413249_1734356029", "userLabel": "_Gr\u00fcnfl\u00e4che"}}, {"type": "Feature", "geometry": {"type": "LineString", "coordinates": [[14.284113580361009, 46.56159142864169], [14.284125571320596, 46.56167925946752]]}, "properties": {"fillColor": "#3B3B3B", "executionState": "Documented", "externalID": "SDIRouteSection_164347757825_1734356333", "userLabel": "_Pressung"}}, {"type": "Feature", "geometry": {"type": "LineString", "coordinates": [[14.285021089017391, 46.562944145906755], [14.285057466477156, 46.56290461144812]]}, "properties": {"fillColor": "#0D15FF", "executionState": "Documented", "externalID": "SDIRouteSection_164751195393_1729504603", "userLabel": "_Gemeindestrasse Asphalt"}}, {"type": "Feature", "geometry": {"type": "LineString", "coordinates": [[14.285104740411043, 46.56285850708676], [14.285141117870808, 46.56282727135971]]}, "properties": {"fillColor": "#0D15FF", "executionState": "Documented", "externalID": "SDIRouteSection_164752673537_1729504606", "userLabel": "_Gemeindestrasse Asphalt"}}, {"type": "Feature", "geometry": {"type": "LineString", "coordinates": [[14.285057466477156, 46.56290461144812], [14.285079259425402, 46.56287660305324]]}, "properties": {"fillColor": "#0D15FF", "executionState": "Documented", "externalID": "SDIRouteSection_164752930817_1729504604", "userLabel": "_Gemeindestrasse Asphalt"}}, {"type": "Feature", "geometry": {"type": "LineString", "coordinates": [[14.284977838397026, 46.56299094175935], [14.285021089017391, 46.562944145906755]]}, "properties": {"fillColor": "#0D15FF", "executionState": "Documented", "externalID": "SDIRouteSection_164763921921_1729504602", "userLabel": "_Gemeindestrasse Asphalt"}}, {"type": "Feature", "geometry": {"type": "LineString", "coordinates": [[14.285079259425402, 46.56287660305324], [14.285104740411043, 46.56285850708676]]}, "properties": {"fillColor": "#0D15FF", "executionState": "Documented", "externalID": "SDIRouteSection_164778146049_1729504605", "userLabel": "_Gemeindestrasse Asphalt"}}, {"type": "Feature", "geometry": {"type": "LineString", "coordinates": [[14.285141117870808, 46.56282727135971], [14.285195600241423, 46.56277770909901]]}, "properties": {"fillColor": "#0D15FF", "executionState": "Documented", "externalID": "SDIRouteSection_164780663809_1729504607", "userLabel": "_Gemeindestrasse Asphalt"}}, {"type": "Feature", "geometry": {"type": "LineString", "coordinates": [[14.285195600241423, 46.56277770909901], [14.285270869731903, 46.562704864019736]]}, "properties": {"fillColor": "#0D15FF", "executionState": "Documented", "externalID": "SDIRouteSection_164782049793_1729504608", "userLabel": "_Gemeindestrasse Asphalt"}}, {"type": "Feature", "geometry": {"type": "LineString", "coordinates": [[14.285270869731903, 46.562704864019736], [14.285319317132235, 46.562664983602644]]}, "properties": {"fillColor": "#0D15FF", "executionState": "Documented", "externalID": "SDIRouteSection_164825546497_1729504633", "userLabel": "_Gemeindestrasse Asphalt"}}, {"type": "Feature", "geometry": {"type": "LineString", "coordinates": [[14.285431634634733, 46.56256021092207], [14.285468515008688, 46.56252805293005]]}, "properties": {"fillColor": "#0D15FF", "executionState": "Documented", "externalID": "SDIRouteSection_164851515905_1729504646", "userLabel": "_Gemeindestrasse Asphalt"}}, {"type": "Feature", "geometry": {"type": "LineString", "coordinates": [[14.285394586622715, 46.56259340624871], [14.285431634634733, 46.56256021092207]]}, "properties": {"fillColor": "#0D15FF", "executionState": "Documented", "externalID": "SDIRouteSection_164858341121_1729504645", "userLabel": "_Gemeindestrasse Asphalt"}}, {"type": "Feature", "geometry": {"type": "LineString", "coordinates": [[14.285539090633392, 46.56246615738635], [14.285570103675127, 46.56243837928881]]}, "properties": {"fillColor": "#0D15FF", "executionState": "Documented", "externalID": "SDIRouteSection_164861939713_1729504648", "userLabel": "_Gemeindestrasse Asphalt"}}, {"type": "Feature", "geometry": {"type": "LineString", "coordinates": [[14.285468515008688, 46.56252805293005], [14.285539090633392, 46.56246615738635]]}, "properties": {"fillColor": "#0D15FF", "executionState": "Documented", "externalID": "SDIRouteSection_164863919361_1729504647", "userLabel": "_Gemeindestrasse Asphalt"}}, {"type": "Feature", "geometry": {"type": "LineString", "coordinates": [[14.285555686801672, 46.56238143990757], [14.285559710115194, 46.56237648364282]]}, "properties": {"fillColor": "#1B7CBD", "executionState": "Documented", "externalID": "SDIRouteSection_164912460033_1729504666", "userLabel": "_Bankett"}}, {"type": "Feature", "geometry": {"type": "LineString", "coordinates": [[14.285612516105175, 46.56239815289004], [14.285555686801672, 46.56238143990757]]}, "properties": {"fillColor": "#1B7CBD", "executionState": "Documented", "externalID": "SDIRouteSection_164932434177_1729504673", "userLabel": "_Bankett"}}, {"type": "Feature", "geometry": {"type": "LineString", "coordinates": [[14.285559710115194, 46.56237648364282], [14.285567253828049, 46.562369913709745]]}, "properties": {"fillColor": "#1B7CBD", "executionState": "Documented", "externalID": "SDIRouteSection_164956886017_1729504679", "userLabel": "_Bankett"}}, {"type": "Feature", "geometry": {"type": "LineString", "coordinates": [[14.285559710115194, 46.56237648364282], [14.285542275756598, 46.562371412115596]]}, "properties": {"fillColor": "#958CCF", "executionState": "Documented", "externalID": "SDIRouteSection_164962663937_1729504684", "userLabel": "_Querung offen"}}, {"type": "Feature", "geometry": {"type": "LineString", "coordinates": [[14.285542275756598, 46.562371412115596], [14.28553372637284, 46.56236806951787], [14.285079091906884, 46.5622684831452]]}, "properties": {"fillColor": "#FE0DFF", "executionState": "Documented", "externalID": "SDIRouteSection_164972527105_1729504694", "userLabel": "_Hausanschluss"}}, {"type": "Feature", "geometry": {"type": "LineString", "coordinates": [[14.285591393709183, 46.562343518707536], [14.285617209970951, 46.56232058155544]]}, "properties": {"fillColor": "#1B7CBD", "executionState": "Documented", "externalID": "SDIRouteSection_164994029313_1729504715", "userLabel": "_Bankett"}}, {"type": "Feature", "geometry": {"type": "LineString", "coordinates": [[14.285567253828049, 46.562369913709745], [14.285591393709183, 46.562343518707536]]}, "properties": {"fillColor": "#1B7CBD", "executionState": "Documented", "externalID": "SDIRouteSection_164998693633_1729504715", "userLabel": "_Bankett"}}, {"type": "Feature", "geometry": {"type": "LineString", "coordinates": [[14.285617209970951, 46.56232058155544], [14.285647636279464, 46.562294013636006]]}, "properties": {"fillColor": "#1B7CBD", "executionState": "Documented", "externalID": "SDIRouteSection_165001538305_1729504716", "userLabel": "_Bankett"}}, {"type": "Feature", "geometry": {"type": "LineString", "coordinates": [[14.285773364827037, 46.56219707807992], [14.285798510536551, 46.56216451645412]]}, "properties": {"fillColor": "#1B7CBD", "executionState": "Documented", "externalID": "SDIRouteSection_165090509313_1729504782", "userLabel": "_Bankett"}}, {"type": "Feature", "geometry": {"type": "LineString", "coordinates": [[14.285878641530871, 46.56208694478548], [14.28591770119965, 46.56205565098287]]}, "properties": {"fillColor": "#1B7CBD", "executionState": "Documented", "externalID": "SDIRouteSection_165092761857_1729504784", "userLabel": "_Bankett"}}, {"type": "Feature", "geometry": {"type": "LineString", "coordinates": [[14.28591770119965, 46.56205565098287], [14.285936309024692, 46.562043548402414]]}, "properties": {"fillColor": "#1B7CBD", "executionState": "Documented", "externalID": "SDIRouteSection_165096034561_1729504785", "userLabel": "_Bankett"}}, {"type": "Feature", "geometry": {"type": "LineString", "coordinates": [[14.285822315141559, 46.56214405736952], [14.285861207172275, 46.56210953624873]]}, "properties": {"fillColor": "#1B7CBD", "executionState": "Documented", "externalID": "SDIRouteSection_165096162049_1729504783", "userLabel": "_Bankett"}}, {"type": "Feature", "geometry": {"type": "LineString", "coordinates": [[14.285936309024692, 46.562043548402414], [14.286000933498144, 46.56198620518697]]}, "properties": {"fillColor": "#1B7CBD", "executionState": "Documented", "externalID": "SDIRouteSection_165155038209_1729504830", "userLabel": "_Bankett"}}, {"type": "Feature", "geometry": {"type": "LineString", "coordinates": [[14.285798510536551, 46.56216451645412], [14.285822315141559, 46.56214405736952]]}, "properties": {"fillColor": "#1B7CBD", "executionState": "Documented", "externalID": "SDIRouteSection_165208797697_1729504850", "userLabel": "_Bankett"}}, {"type": "Feature", "geometry": {"type": "LineString", "coordinates": [[14.285647636279464, 46.562294013636006], [14.285696502774954, 46.56226087575732]]}, "properties": {"fillColor": "#1B7CBD", "executionState": "Documented", "externalID": "SDIRouteSection_165211377409_1729504858", "userLabel": "_Bankett"}}, {"type": "Feature", "geometry": {"type": "LineString", "coordinates": [[14.285861207172275, 46.56210953624873], [14.285878641530871, 46.56208694478548]]}, "properties": {"fillColor": "#1B7CBD", "executionState": "Documented", "externalID": "SDIRouteSection_165211624961_1729504854", "userLabel": "_Bankett"}}, {"type": "Feature", "geometry": {"type": "LineString", "coordinates": [[14.28615658544004, 46.56184506569798], [14.286208301782608, 46.56179348543381]]}, "properties": {"fillColor": "#1B7CBD", "executionState": "Documented", "externalID": "SDIRouteSection_165229927937_1729504873", "userLabel": "_Bankett"}}, {"type": "Feature", "geometry": {"type": "LineString", "coordinates": [[14.28605935536325, 46.561932838481766], [14.286104533821344, 46.56189364907516]]}, "properties": {"fillColor": "#1B7CBD", "executionState": "Documented", "externalID": "SDIRouteSection_165235685377_1729504871", "userLabel": "_Bankett"}}, {"type": "Feature", "geometry": {"type": "LineString", "coordinates": [[14.286104533821344, 46.56189364907516], [14.28615658544004, 46.56184506569798]]}, "properties": {"fillColor": "#1B7CBD", "executionState": "Documented", "externalID": "SDIRouteSection_165240340993_1729504872", "userLabel": "_Bankett"}}, {"type": "Feature", "geometry": {"type": "LineString", "coordinates": [[14.286368060857058, 46.56164145304021], [14.286407120525837, 46.56160468395916]]}, "properties": {"fillColor": "#1B7CBD", "executionState": "Documented", "externalID": "SDIRouteSection_165683363585_1729505059", "userLabel": "_Bankett"}}, {"type": "Feature", "geometry": {"type": "LineString", "coordinates": [[14.286314751952887, 46.561693667397805], [14.286368060857058, 46.56164145304021]]}, "properties": {"fillColor": "#1B7CBD", "executionState": "Documented", "externalID": "SDIRouteSection_165683485953_1729505057", "userLabel": "_Bankett"}}, {"type": "Feature", "geometry": {"type": "LineString", "coordinates": [[14.286267645657063, 46.561739081169065], [14.286314751952887, 46.561693667397805]]}, "properties": {"fillColor": "#1B7CBD", "executionState": "Documented", "externalID": "SDIRouteSection_165689213441_1729505055", "userLabel": "_Bankett"}}, {"type": "Feature", "geometry": {"type": "LineString", "coordinates": [[14.286407120525837, 46.56160468395916], [14.28643511608243, 46.56157782752996]]}, "properties": {"fillColor": "#1B7CBD", "executionState": "Documented", "externalID": "SDIRouteSection_165693219329_1729505061", "userLabel": "_Bankett"}}, {"type": "Feature", "geometry": {"type": "LineString", "coordinates": [[14.286208301782608, 46.56179348543381], [14.286267645657063, 46.561739081169065]]}, "properties": {"fillColor": "#1B7CBD", "executionState": "Documented", "externalID": "SDIRouteSection_165693743873_1729505066", "userLabel": "_Bankett"}}, {"type": "Feature", "geometry": {"type": "LineString", "coordinates": [[14.286461602896452, 46.56155154740614], [14.286474511027336, 46.56154924213149]]}, "properties": {"fillColor": "#1B7CBD", "executionState": "Documented", "externalID": "SDIRouteSection_165694394881_1729505064", "userLabel": "_Bankett"}}, {"type": "Feature", "geometry": {"type": "LineString", "coordinates": [[14.28643511608243, 46.56157782752996], [14.286461602896452, 46.56155154740614]]}, "properties": {"fillColor": "#1B7CBD", "executionState": "Documented", "externalID": "SDIRouteSection_165696468481_1729505062", "userLabel": "_Bankett"}}, {"type": "Feature", "geometry": {"type": "LineString", "coordinates": [[14.286474511027336, 46.56154924213149], [14.286487083882093, 46.56153713943809]]}, "properties": {"fillColor": "#1B7CBD", "executionState": "Documented", "externalID": "SDIRouteSection_165715719425_1729505100", "userLabel": "_Bankett"}}, {"type": "Feature", "geometry": {"type": "LineString", "coordinates": [[14.286559000611305, 46.56146544533226], [14.286583811044693, 46.56143824304223]]}, "properties": {"fillColor": "#1B7CBD", "executionState": "Documented", "externalID": "SDIRouteSection_165724896513_1729505108", "userLabel": "_Bankett"}}, {"type": "Feature", "geometry": {"type": "LineString", "coordinates": [[14.286487083882093, 46.56153713943809], [14.286519773304462, 46.56150198398001]]}, "properties": {"fillColor": "#1B7CBD", "executionState": "Documented", "externalID": "SDIRouteSection_165725778433_1729505104", "userLabel": "_Bankett"}}, {"type": "Feature", "geometry": {"type": "LineString", "coordinates": [[14.286519773304462, 46.56150198398001], [14.286559000611305, 46.56146544533226]]}, "properties": {"fillColor": "#1B7CBD", "executionState": "Documented", "externalID": "SDIRouteSection_165726901505_1729505107", "userLabel": "_Bankett"}}, {"type": "Feature", "geometry": {"type": "LineString", "coordinates": [[14.286607280373573, 46.561413346019066], [14.286622703075409, 46.561395480092614]]}, "properties": {"fillColor": "#0D15FF", "executionState": "Documented", "externalID": "SDIRouteSection_165727827201_1729505115", "userLabel": "_Gemeindestrasse Asphalt"}}, {"type": "Feature", "geometry": {"type": "LineString", "coordinates": [[14.286667127162218, 46.561333006935826], [14.286700319498777, 46.561291742338966]]}, "properties": {"fillColor": "#0D15FF", "executionState": "Documented", "externalID": "SDIRouteSection_165746340097_1729505138", "userLabel": "_Gemeindestrasse Asphalt"}}, {"type": "Feature", "geometry": {"type": "LineString", "coordinates": [[14.28665891289711, 46.56135444607153], [14.286658577620983, 46.561342573863016]]}, "properties": {"fillColor": "#0D15FF", "executionState": "Documented", "externalID": "SDIRouteSection_165749921025_1729505135", "userLabel": "_Gemeindestrasse Asphalt"}}, {"type": "Feature", "geometry": {"type": "LineString", "coordinates": [[14.286815319210291, 46.561317676795966], [14.286778271198273, 46.56131410360484]]}, "properties": {"fillColor": "#0D15FF", "executionState": "Documented", "externalID": "SDIRouteSection_165752216833_1729505155", "userLabel": "_Gemeindestrasse Asphalt"}}, {"type": "Feature", "geometry": {"type": "LineString", "coordinates": [[14.286658577620983, 46.561342573863016], [14.286667127162218, 46.561333006935826]]}, "properties": {"fillColor": "#0D15FF", "executionState": "Documented", "externalID": "SDIRouteSection_165753901825_1729505138", "userLabel": "_Gemeindestrasse Asphalt"}}, {"type": "Feature", "geometry": {"type": "LineString", "coordinates": [[14.286778271198273, 46.56131410360484], [14.286728650331497, 46.56130050242359]]}, "properties": {"fillColor": "#0D15FF", "executionState": "Documented", "externalID": "SDIRouteSection_165756792065_1729505154", "userLabel": "_Gemeindestrasse Asphalt"}}, {"type": "Feature", "geometry": {"type": "LineString", "coordinates": [[14.286703001707792, 46.56125128456125], [14.286710545420647, 46.56120091400956]]}, "properties": {"fillColor": "#1B7CBD", "executionState": "Documented", "externalID": "SDIRouteSection_165757409281_1729505149", "userLabel": "_Bankett"}}, {"type": "Feature", "geometry": {"type": "LineString", "coordinates": [[14.286696296185255, 46.561265807869546], [14.286703001707792, 46.56125128456125]]}, "properties": {"fillColor": "#0D15FF", "executionState": "Documented", "externalID": "SDIRouteSection_165758669313_1729505148", "userLabel": "_Gemeindestrasse Asphalt"}}, {"type": "Feature", "geometry": {"type": "LineString", "coordinates": [[14.286728650331497, 46.56130050242359], [14.286700319498777, 46.561291742338966]]}, "properties": {"fillColor": "#0D15FF", "executionState": "Documented", "externalID": "SDIRouteSection_165761304065_1729505154", "userLabel": "_Gemeindestrasse Asphalt"}}, {"type": "Feature", "geometry": {"type": "LineString", "coordinates": [[14.28686410188675, 46.561331047444526], [14.286815319210291, 46.561317676795966]]}, "properties": {"fillColor": "#0D15FF", "executionState": "Documented", "externalID": "SDIRouteSection_165763486465_1729505156", "userLabel": "_Gemeindestrasse Asphalt"}}, {"type": "Feature", "geometry": {"type": "LineString", "coordinates": [[14.287068117409945, 46.56138303157266], [14.286915734410286, 46.56134557073145]]}, "properties": {"fillColor": "#0D15FF", "executionState": "Documented", "externalID": "SDIRouteSection_165788117249_1729505187", "userLabel": "_Gemeindestrasse Asphalt"}}, {"type": "Feature", "geometry": {"type": "LineString", "coordinates": [[14.287161156535149, 46.56140009065487], [14.287068117409945, 46.56138303157266]]}, "properties": {"fillColor": "#0D15FF", "executionState": "Documented", "externalID": "SDIRouteSection_165801547521_1729505187", "userLabel": "_Gemeindestrasse Asphalt"}}, {"type": "Feature", "geometry": {"type": "LineString", "coordinates": [[14.287760546430945, 46.5614910915466], [14.287710506469011, 46.56148008384707]]}, "properties": {"fillColor": "#0D15FF", "executionState": "Documented", "externalID": "SDIRouteSection_165814756609_1729505201", "userLabel": "_Gemeindestrasse Asphalt"}}, {"type": "Feature", "geometry": {"type": "LineString", "coordinates": [[14.287886023521423, 46.561483772291155], [14.287876635002425, 46.56147270695822], [14.287627860926282, 46.56123526338947]]}, "properties": {"fillColor": "#FE0DFF", "executionState": "Documented", "externalID": "SDIRouteSection_165844238593_1729505245", "userLabel": "_Hausanschluss"}}, {"type": "Feature", "geometry": {"type": "LineString", "coordinates": [[14.287710506469011, 46.56148008384707], [14.28758142516017, 46.56145968213636]]}, "properties": {"fillColor": "#0D15FF", "executionState": "Documented", "externalID": "SDIRouteSection_165884960257_1729505285", "userLabel": "_Gemeindestrasse Asphalt"}}, {"type": "Feature", "geometry": {"type": "LineString", "coordinates": [[14.288147203624249, 46.56158376360878], [14.288044022396207, 46.561557022432964]]}, "properties": {"fillColor": "#0D15FF", "executionState": "Documented", "externalID": "SDIRouteSection_165929137665_1729505320", "userLabel": "_Gemeindestrasse Asphalt"}}, {"type": "Feature", "geometry": {"type": "LineString", "coordinates": [[14.288044022396207, 46.561557022432964], [14.287866912782192, 46.56151420194507]]}, "properties": {"fillColor": "#0D15FF", "executionState": "Documented", "externalID": "SDIRouteSection_165941177857_1729505319", "userLabel": "_Gemeindestrasse Asphalt"}}, {"type": "Feature", "geometry": {"type": "LineString", "coordinates": [[14.288252647966146, 46.56162001401793], [14.288147203624249, 46.56158376360878]]}, "properties": {"fillColor": "#0D15FF", "executionState": "Documented", "externalID": "SDIRouteSection_165943194625_1729505322", "userLabel": "_Gemeindestrasse Asphalt"}}, {"type": "Feature", "geometry": {"type": "LineString", "coordinates": [[14.288337137550116, 46.561678106832915], [14.288295228034258, 46.56164617884508]]}, "properties": {"fillColor": "#0D15FF", "executionState": "Documented", "externalID": "SDIRouteSection_165948796929_1729505344", "userLabel": "_Gemeindestrasse Asphalt"}}, {"type": "Feature", "geometry": {"type": "LineString", "coordinates": [[14.288375526666641, 46.56171798797544], [14.288337137550116, 46.561678106832915]]}, "properties": {"fillColor": "#0D15FF", "executionState": "Documented", "externalID": "SDIRouteSection_165951291905_1729505345", "userLabel": "_Gemeindestrasse Asphalt"}}, {"type": "Feature", "geometry": {"type": "LineString", "coordinates": [[14.288425650447607, 46.56179377359183], [14.288375526666641, 46.56171798797544]]}, "properties": {"fillColor": "#0D15FF", "executionState": "Documented", "externalID": "SDIRouteSection_166004591617_1729505395", "userLabel": "_Gemeindestrasse Asphalt"}}, {"type": "Feature", "geometry": {"type": "LineString", "coordinates": [[14.288542494177818, 46.56204239577556], [14.288469068706036, 46.56188546540139]]}, "properties": {"fillColor": "#0D15FF", "executionState": "Documented", "externalID": "SDIRouteSection_166012737537_1729505400", "userLabel": "_Gemeindestrasse Asphalt"}}]}